game_id,sport,league,season,week,game_date,home_team,away_team,home_score,away_score,result,home_odds_decimal,away_odds_decimal,draw_odds_decimal,spread_line,total_line,source,ingested_at
soccer_E0_1920_2019-08-09_Liverpool_Norwich,soccer,EPL,2019-20,,2019-08-09,Liverpool,Norwich,4,1,H,1.14,19.83,8.75,,,football-data.co.uk,2026-09-10T16:48:43.497953+00:00
soccer_E0_1920_2019-08-10_Bournemouth_SheffieldUnited,soccer,EPL,2019-20,,2019-08-10,Bournemouth,Sheffield United,1,1,D,2.01,3.83,3.53,,,football-data.co.uk,2026-09-10T16:48:43.497953+00:00
soccer_E0_1920_2019-08-10_Burnley_Southampton,soccer,EPL,2019-20,,2019-08-10,Burnley,Southampton,3,0,H,2.68,2.78,3.22,,,football-data.co.uk,2026-09-10T16:48:43.497953+00:00
soccer_E0_1920_2019-08-10_CrystalPalace_Everton,soccer,EPL,2019-20,,2019-08-10,Crystal Palace,Everton,0,0,D,3.13,2.4,3.27,,,football-data.co.uk,2026-09-10T16:48:43.497953+00:00
soccer_E0_1920_2019-08-10_Tottenham_AstonVilla,soccer,EPL,2019-20,,2019-08-10,Tottenham,Aston Villa,3,1,H,1.3,10.51,5.53,,,football-data.co.uk,2026-09-10T16:48:43.497953+00:00
soccer_E0_1920_2019-08-10_Watford_Brighton,soccer,EPL,2019-20,,2019-08-10,Watford,Brighton,0,3,A,1.94,4.26,3.41,,,football-data.co.uk,2026-09-10T16:48:43.497953+00:00
soccer_E0_1920_2019-08-10_WestHam_ManCity,soccer,EPL,2019-20,,2019-08-10,West Ham,Man City,0,5,A,11.84,1.25,6.28,,,football-data.co.uk,2026-09-10T16:48:43.497953+00:00
soccer_E0_1920_2019-08-11_Leicester_Wolves,soccer,EPL,2019-20,,2019-08-11,Leicester,Wolves,0,0,D,2.22,3.48,3.28,,,football-data.co.uk,2026-09-10T16:48:43.497953+00:00
soccer_E0_1920_2019-08-11_ManUnited_Chelsea,soccer,EPL,2019-20,,2019-08-11,Man United,Chelsea,4,0,H,2.19,3.49,3.32,,,football-data.co.uk,2026-09-10T16:48:43.497953+00:00
soccer_E0_1920_2019-08-11_Newcastle_Arsenal,soccer,EPL,2019-20,,2019-08-11,Newcastle,Arsenal,0,1,A,4.49,1.79,3.82,,,football-data.co.uk,2026-09-10T16:48:43.497953+00:00
soccer_E0_1920_2019-08-17_Arsenal_Burnley,soccer,EPL,2019-20,,2019-08-17,Arsenal,Burnley,2,1,H,1.33,9.48,5.49,,,football-data.co.uk,2026-09-10T16:48:43.497953+00:00
soccer_E0_1920_2019-08-17_AstonVilla_Bournemouth,soccer,EPL,2019-20,,2019-08-17,Aston Villa,Bournemouth,1,2,A,2.33,3.08,3.49,,,football-data.co.uk,2026-09-10T16:48:43.497953+00:00
soccer_E0_1920_2019-08-17_Brighton_WestHam,soccer,EPL,2019-20,,2019-08-17,Brighton,West Ham,1,1,D,2.52,2.9,3.33,,,football-data.co.uk,2026-09-10T16:48:43.497953+00:00
soccer_E0_1920_2019-08-17_Everton_Watford,soccer,EPL,2019-20,,2019-08-17,Everton,Watford,1,0,H,1.73,4.86,3.9,,,football-data.co.uk,2026-09-10T16:48:43.497953+00:00
soccer_E0_1920_2019-08-17_ManCity_Tottenham,soccer,EPL,2019-20,,2019-08-17,Man City,Tottenham,2,2,D,1.36,8.46,5.32,,,football-data.co.uk,2026-09-10T16:48:43.497953+00:00
soccer_E0_1920_2019-08-17_Norwich_Newcastle,soccer,EPL,2019-20,,2019-08-17,Norwich,Newcastle,3,1,H,2.23,3.38,3.38,,,football-data.co.uk,2026-09-10T16:48:43.497953+00:00
soccer_E0_1920_2019-08-17_Southampton_Liverpool,soccer,EPL,2019-20,,2019-08-17,Southampton,Liverpool,1,2,A,6.77,1.47,4.67,,,football-data.co.uk,2026-09-10T16:48:43.497953+00:00
soccer_E0_1920_2019-08-18_Chelsea_Leicester,soccer,EPL,2019-20,,2019-08-18,Chelsea,Leicester,1,1,D,1.73,5.07,3.77,,,football-data.co.uk,2026-09-10T16:48:43.497953+00:00
soccer_E0_1920_2019-08-18_SheffieldUnited_CrystalPalace,soccer,EPL,2019-20,,2019-08-18,Sheffield United,Crystal Palace,1,0,H,2.57,2.95,3.19,,,football-data.co.uk,2026-09-10T16:48:43.497953+00:00
soccer_E0_1920_2019-08-19_Wolves_ManUnited,soccer,EPL,2019-20,,2019-08-19,Wolves,Man United,1,1,D,3.32,2.3,3.28,,,football-data.co.uk,2026-09-10T16:48:43.497953+00:00
soccer_E0_1920_2019-08-23_AstonVilla_Everton,soccer,EPL,2019-20,,2019-08-23,Aston Villa,Everton,2,0,H,3.16,2.27,3.5,,,football-data.co.uk,2026-09-10T16:48:43.497953+00:00
soccer_E0_1920_2019-08-24_Brighton_Southampton,soccer,EPL,2019-20,,2019-08-24,Brighton,Southampton,0,2,A,2.43,3.08,3.25,,,football-data.co.uk,2026-09-10T16:48:43.497953+00:00
soccer_E0_1920_2019-08-24_Liverpool_Arsenal,soccer,EPL,2019-20,,2019-08-24,Liverpool,Arsenal,3,1,H,1.5,6.09,4.76,,,football-data.co.uk,2026-09-10T16:48:43.497953+00:00
soccer_E0_1920_2019-08-24_ManUnited_CrystalPalace,soccer,EPL,2019-20,,2019-08-24,Man United,Crystal Palace,1,2,A,1.36,9.16,5.06,,,football-data.co.uk,2026-09-10T16:48:43.497953+00:00
soccer_E0_1920_2019-08-24_Norwich_Chelsea,soccer,EPL,2019-20,,2019-08-24,Norwich,Chelsea,2,3,A,4.18,1.83,3.92,,,football-data.co.uk,2026-09-10T16:48:43.497953+00:00
soccer_E0_1920_2019-08-24_SheffieldUnited_Leicester,soccer,EPL,2019-20,,2019-08-24,Sheffield United,Leicester,1,2,A,3.45,2.26,3.23,,,football-data.co.uk,2026-09-10T16:48:43.497953+00:00
soccer_E0_1920_2019-08-24_Watford_WestHam,soccer,EPL,2019-20,,2019-08-24,Watford,West Ham,1,3,A,2.13,3.47,3.53,,,football-data.co.uk,2026-09-10T16:48:43.497953+00:00
soccer_E0_1920_2019-08-25_Bournemouth_ManCity,soccer,EPL,2019-20,,2019-08-25,Bournemouth,Man City,1,3,A,14.52,1.19,7.28,,,football-data.co.uk,2026-09-10T16:48:43.497953+00:00
soccer_E0_1920_2019-08-25_Tottenham_Newcastle,soccer,EPL,2019-20,,2019-08-25,Tottenham,Newcastle,0,1,A,1.24,12.35,6.26,,,football-data.co.uk,2026-09-10T16:48:43.497953+00:00
soccer_E0_1920_2019-08-25_Wolves_Burnley,soccer,EPL,2019-20,,2019-08-25,Wolves,Burnley,1,1,D,1.85,4.78,3.43,,,football-data.co.uk,2026-09-10T16:48:43.497953+00:00
soccer_E0_1920_2019-08-31_Burnley_Liverpool,soccer,EPL,2019-20,,2019-08-31,Burnley,Liverpool,0,3,A,9.45,1.33,5.43,,,football-data.co.uk,2026-09-10T16:48:43.497953+00:00
soccer_E0_1920_2019-08-31_Chelsea_SheffieldUnited,soccer,EPL,2019-20,,2019-08-31,Chelsea,Sheffield United,2,2,D,1.36,9.53,4.98,,,football-data.co.uk,2026-09-10T16:48:43.497953+00:00
soccer_E0_1920_2019-08-31_CrystalPalace_AstonVilla,soccer,EPL,2019-20,,2019-08-31,Crystal Palace,Aston Villa,1,0,H,2.21,3.43,3.38,,,football-data.co.uk,2026-09-10T16:48:43.497953+00:00
soccer_E0_1920_2019-08-31_Leicester_Bournemouth,soccer,EPL,2019-20,,2019-08-31,Leicester,Bournemouth,3,1,H,1.72,4.81,4.02,,,football-data.co.uk,2026-09-10T16:48:43.497953+00:00
soccer_E0_1920_2019-08-31_ManCity_Brighton,soccer,EPL,2019-20,,2019-08-31,Man City,Brighton,4,0,H,1.09,30.92,11.73,,,football-data.co.uk,2026-09-10T16:48:43.497953+00:00
soccer_E0_1920_2019-08-31_Newcastle_Watford,soccer,EPL,2019-20,,2019-08-31,Newcastle,Watford,1,1,D,2.63,2.86,3.24,,,football-data.co.uk,2026-09-10T16:48:43.497953+00:00
soccer_E0_1920_2019-08-31_Southampton_ManUnited,soccer,EPL,2019-20,,2019-08-31,Southampton,Man United,1,1,D,3.75,2.1,3.38,,,football-data.co.uk,2026-09-10T16:48:43.497953+00:00
soccer_E0_1920_2019-08-31_WestHam_Norwich,soccer,EPL,2019-20,,2019-08-31,West Ham,Norwich,2,0,H,1.89,3.92,3.91,,,football-data.co.uk,2026-09-10T16:48:43.497953+00:00
soccer_E0_1920_2019-09-01_Arsenal_Tottenham,soccer,EPL,2019-20,,2019-09-01,Arsenal,Tottenham,2,2,D,2.38,2.9,3.63,,,football-data.co.uk,2026-09-10T16:48:43.497953+00:00
soccer_E0_1920_2019-09-01_Everton_Wolves,soccer,EPL,2019-20,,2019-09-01,Everton,Wolves,3,2,H,2.17,3.65,3.29,,,football-data.co.uk,2026-09-10T16:48:43.497953+00:00
soccer_E0_1920_2019-09-14_Brighton_Burnley,soccer,EPL,2019-20,,2019-09-14,Brighton,Burnley,1,1,D,2.15,3.62,3.34,,,football-data.co.uk,2026-09-10T16:48:43.497953+00:00
soccer_E0_1920_2019-09-14_Liverpool_Newcastle,soccer,EPL,2019-20,,2019-09-14,Liverpool,Newcastle,3,1,H,1.15,19.45,8.27,,,football-data.co.uk,2026-09-10T16:48:43.497953+00:00
soccer_E0_1920_2019-09-14_ManUnited_Leicester,soccer,EPL,2019-20,,2019-09-14,Man United,Leicester,1,0,H,1.94,4.12,3.55,,,football-data.co.uk,2026-09-10T16:48:43.497953+00:00
soccer_E0_1920_2019-09-14_Norwich_ManCity,soccer,EPL,2019-20,,2019-09-14,Norwich,Man City,3,2,H,17.04,1.15,9.03,,,football-data.co.uk,2026-09-10T16:48:43.497953+00:00
soccer_E0_1920_2019-09-14_SheffieldUnited_Southampton,soccer,EPL,2019-20,,2019-09-14,Sheffield United,Southampton,0,1,A,2.46,3.06,3.26,,,football-data.co.uk,2026-09-10T16:48:43.497953+00:00
soccer_E0_1920_2019-09-14_Tottenham_CrystalPalace,soccer,EPL,2019-20,,2019-09-14,Tottenham,Crystal Palace,4,0,H,1.39,8.24,5.0,,,football-data.co.uk,2026-09-10T16:48:43.497953+00:00
soccer_E0_1920_2019-09-14_Wolves_Chelsea,soccer,EPL,2019-20,,2019-09-14,Wolves,Chelsea,2,5,A,2.97,2.46,3.36,,,football-data.co.uk,2026-09-10T16:48:43.497953+00:00
soccer_E0_1920_2019-09-15_Bournemouth_Everton,soccer,EPL,2019-20,,2019-09-15,Bournemouth,Everton,3,1,H,3.01,2.37,3.48,,,football-data.co.uk,2026-09-10T16:48:43.497953+00:00
soccer_E0_1920_2019-09-15_Watford_Arsenal,soccer,EPL,2019-20,,2019-09-15,Watford,Arsenal,2,2,D,3.64,2.01,3.74,,,football-data.co.uk,2026-09-10T16:48:43.497953+00:00
soccer_E0_1920_2019-09-16_AstonVilla_WestHam,soccer,EPL,2019-20,,2019-09-16,Aston Villa,West Ham,0,0,D,2.64,2.63,3.56,,,football-data.co.uk,2026-09-10T16:48:43.497953+00:00
soccer_E0_1920_2019-09-20_Southampton_Bournemouth,soccer,EPL,2019-20,,2019-09-20,Southampton,Bournemouth,1,3,A,2.1,3.5,3.62,,,football-data.co.uk,2026-09-10T16:48:43.497953+00:00
soccer_E0_1920_2019-09-21_Burnley_Norwich,soccer,EPL,2019-20,,2019-09-21,Burnley,Norwich,2,0,H,1.99,3.67,3.76,,,football-data.co.uk,2026-09-10T16:48:43.497953+00:00
soccer_E0_1920_2019-09-21_Everton_SheffieldUnited,soccer,EPL,2019-20,,2019-09-21,Everton,Sheffield United,0,2,A,1.67,5.58,3.8,,,football-data.co.uk,2026-09-10T16:48:43.497953+00:00
soccer_E0_1920_2019-09-21_Leicester_Tottenham,soccer,EPL,2019-20,,2019-09-21,Leicester,Tottenham,2,1,H,2.87,2.45,3.5,,,football-data.co.uk,2026-09-10T16:48:43.497953+00:00
soccer_E0_1920_2019-09-21_ManCity_Watford,soccer,EPL,2019-20,,2019-09-21,Man City,Watford,8,0,H,1.11,23.21,10.24,,,football-data.co.uk,2026-09-10T16:48:43.497953+00:00
soccer_E0_1920_2019-09-21_Newcastle_Brighton,soccer,EPL,2019-20,,2019-09-21,Newcastle,Brighton,0,0,D,2.5,3.07,3.16,,,football-data.co.uk,2026-09-10T16:48:43.497953+00:00
soccer_E0_1920_2019-09-22_Arsenal_AstonVilla,soccer,EPL,2019-20,,2019-09-22,Arsenal,Aston Villa,3,2,H,1.42,7.49,4.9,,,football-data.co.uk,2026-09-10T16:48:43.497953+00:00
soccer_E0_1920_2019-09-22_Chelsea_Liverpool,soccer,EPL,2019-20,,2019-09-22,Chelsea,Liverpool,1,2,A,3.58,2.04,3.69,,,football-data.co.uk,2026-09-10T16:48:43.497953+00:00
soccer_E0_1920_2019-09-22_CrystalPalace_Wolves,soccer,EPL,2019-20,,2019-09-22,Crystal Palace,Wolves,1,1,D,2.64,2.93,3.11,,,football-data.co.uk,2026-09-10T16:48:43.497953+00:00
soccer_E0_1920_2019-09-22_WestHam_ManUnited,soccer,EPL,2019-20,,2019-09-22,West Ham,Man United,2,0,H,3.24,2.21,3.59,,,football-data.co.uk,2026-09-10T16:48:43.497953+00:00
soccer_E0_1920_2019-09-28_AstonVilla_Burnley,soccer,EPL,2019-20,,2019-09-28,Aston Villa,Burnley,2,2,D,2.38,3.08,3.38,,,football-data.co.uk,2026-09-10T16:48:43.497953+00:00
soccer_E0_1920_2019-09-28_Bournemouth_WestHam,soccer,EPL,2019-20,,2019-09-28,Bournemouth,West Ham,2,2,D,2.48,2.79,3.56,,,football-data.co.uk,2026-09-10T16:48:43.497953+00:00
soccer_E0_1920_2019-09-28_Chelsea_Brighton,soccer,EPL,2019-20,,2019-09-28,Chelsea,Brighton,2,0,H,1.44,7.64,4.64,,,football-data.co.uk,2026-09-10T16:48:43.497953+00:00
soccer_E0_1920_2019-09-28_CrystalPalace_Norwich,soccer,EPL,2019-20,,2019-09-28,Crystal Palace,Norwich,2,0,H,1.94,3.88,3.75,,,football-data.co.uk,2026-09-10T16:48:43.497953+00:00
soccer_E0_1920_2019-09-28_Everton_ManCity,soccer,EPL,2019-20,,2019-09-28,Everton,Man City,1,3,A,9.84,1.3,5.86,,,football-data.co.uk,2026-09-10T16:48:43.497953+00:00
soccer_E0_1920_2019-09-28_SheffieldUnited_Liverpool,soccer,EPL,2019-20,,2019-09-28,Sheffield United,Liverpool,0,1,A,8.9,1.36,5.17,,,football-data.co.uk,2026-09-10T16:48:43.497953+00:00
soccer_E0_1920_2019-09-28_Tottenham_Southampton,soccer,EPL,2019-20,,2019-09-28,Tottenham,Southampton,2,1,H,1.44,7.61,4.67,,,football-data.co.uk,2026-09-10T16:48:43.497953+00:00
soccer_E0_1920_2019-09-28_Wolves_Watford,soccer,EPL,2019-20,,2019-09-28,Wolves,Watford,2,0,H,1.89,4.46,3.49,,,football-data.co.uk,2026-09-10T16:48:43.497953+00:00
soccer_E0_1920_2019-09-29_Leicester_Newcastle,soccer,EPL,2019-20,,2019-09-29,Leicester,Newcastle,5,0,H,1.53,7.06,4.09,,,football-data.co.uk,2026-09-10T16:48:43.497953+00:00
soccer_E0_1920_2019-09-30_ManUnited_Arsenal,soccer,EPL,2019-20,,2019-09-30,Man United,Arsenal,1,1,D,2.36,2.99,3.53,,,football-data.co.uk,2026-09-10T16:48:43.497953+00:00
soccer_E0_1920_2019-10-05_Brighton_Tottenham,soccer,EPL,2019-20,,2019-10-05,Brighton,Tottenham,3,0,H,3.9,1.96,3.63,,,football-data.co.uk,2026-09-10T16:48:43.497953+00:00
soccer_E0_1920_2019-10-05_Burnley_Everton,soccer,EPL,2019-20,,2019-10-05,Burnley,Everton,1,0,H,2.93,2.52,3.3,,,football-data.co.uk,2026-09-10T16:48:43.497953+00:00
soccer_E0_1920_2019-10-05_Liverpool_Leicester,soccer,EPL,2019-20,,2019-10-05,Liverpool,Leicester,2,1,H,1.46,7.0,4.66,,,football-data.co.uk,2026-09-10T16:48:43.497953+00:00
soccer_E0_1920_2019-10-05_Norwich_AstonVilla,soccer,EPL,2019-20,,2019-10-05,Norwich,Aston Villa,1,5,A,2.41,2.85,3.6,,,football-data.co.uk,2026-09-10T16:48:43.497953+00:00
soccer_E0_1920_2019-10-05_Watford_SheffieldUnited,soccer,EPL,2019-20,,2019-10-05,Watford,Sheffield United,0,0,D,2.14,3.58,3.38,,,football-data.co.uk,2026-09-10T16:48:43.497953+00:00
soccer_E0_1920_2019-10-05_WestHam_CrystalPalace,soccer,EPL,2019-20,,2019-10-05,West Ham,Crystal Palace,1,2,A,2.0,3.8,3.58,,,football-data.co.uk,2026-09-10T16:48:43.497953+00:00
soccer_E0_1920_2019-10-06_Arsenal_Bournemouth,soccer,EPL,2019-20,,2019-10-06,Arsenal,Bournemouth,1,0,H,1.45,6.68,4.97,,,football-data.co.uk,2026-09-10T16:48:43.497953+00:00
soccer_E0_1920_2019-10-06_ManCity_Wolves,soccer,EPL,2019-20,,2019-10-06,Man City,Wolves,0,2,A,1.13,21.61,9.26,,,football-data.co.uk,2026-09-10T16:48:43.497953+00:00
soccer_E0_1920_2019-10-06_Newcastle_ManUnited,soccer,EPL,2019-20,,2019-10-06,Newcastle,Man United,1,0,H,4.42,1.9,3.44,,,football-data.co.uk,2026-09-10T16:48:43.497953+00:00
soccer_E0_1920_2019-10-06_Southampton_Chelsea,soccer,EPL,2019-20,,2019-10-06,Southampton,Chelsea,1,4,A,4.02,1.87,3.84,,,football-data.co.uk,2026-09-10T16:48:43.497953+00:00
soccer_E0_1920_2019-10-19_AstonVilla_Brighton,soccer,EPL,2019-20,,2019-10-19,Aston Villa,Brighton,2,1,H,2.38,3.05,3.43,,,football-data.co.uk,2026-09-10T16:48:43.497953+00:00
soccer_E0_1920_2019-10-19_Bournemouth_Norwich,soccer,EPL,2019-20,,2019-10-19,Bournemouth,Norwich,0,0,D,1.73,4.35,4.33,,,football-data.co.uk,2026-09-10T16:48:43.497953+00:00
soccer_E0_1920_2019-10-19_Chelsea_Newcastle,soccer,EPL,2019-20,,2019-10-19,Chelsea,Newcastle,1,0,H,1.31,10.38,5.62,,,football-data.co.uk,2026-09-10T16:48:43.497953+00:00
soccer_E0_1920_2019-10-19_CrystalPalace_ManCity,soccer,EPL,2019-20,,2019-10-19,Crystal Palace,Man City,0,2,A,11.88,1.24,6.72,,,football-data.co.uk,2026-09-10T16:48:43.497953+00:00
soccer_E0_1920_2019-10-19_Everton_WestHam,soccer,EPL,2019-20,,2019-10-19,Everton,West Ham,2,0,H,1.97,3.81,3.71,,,football-data.co.uk,2026-09-10T16:48:43.497953+00:00
soccer_E0_1920_2019-10-19_Leicester_Burnley,soccer,EPL,2019-20,,2019-10-19,Leicester,Burnley,2,1,H,1.57,6.37,4.09,,,football-data.co.uk,2026-09-10T16:48:43.497953+00:00
soccer_E0_1920_2019-10-19_Tottenham_Watford,soccer,EPL,2019-20,,2019-10-19,Tottenham,Watford,1,1,D,1.42,7.48,4.9,,,football-data.co.uk,2026-09-10T16:48:43.497953+00:00
soccer_E0_1920_2019-10-19_Wolves_Southampton,soccer,EPL,2019-20,,2019-10-19,Wolves,Southampton,1,1,D,1.85,4.52,3.58,,,football-data.co.uk,2026-09-10T16:48:43.497953+00:00
soccer_E0_1920_2019-10-20_ManUnited_Liverpool,soccer,EPL,2019-20,,2019-10-20,Man United,Liverpool,1,1,D,5.03,1.7,3.96,,,football-data.co.uk,2026-09-10T16:48:43.497953+00:00
soccer_E0_1920_2019-10-21_SheffieldUnited_Arsenal,soccer,EPL,2019-20,,2019-10-21,Sheffield United,Arsenal,1,0,H,3.88,1.93,3.79,,,football-data.co.uk,2026-09-10T16:48:43.497953+00:00
soccer_E0_1920_2019-10-25_Southampton_Leicester,soccer,EPL,2019-20,,2019-10-25,Southampton,Leicester,0,9,A,3.2,2.36,3.34,,,football-data.co.uk,2026-09-10T16:48:43.497953+00:00
soccer_E0_1920_2019-10-26_Brighton_Everton,soccer,EPL,2019-20,,2019-10-26,Brighton,Everton,3,2,H,2.87,2.58,3.3,,,football-data.co.uk,2026-09-10T16:48:43.497953+00:00
soccer_E0_1920_2019-10-26_Burnley_Chelsea,soccer,EPL,2019-20,,2019-10-26,Burnley,Chelsea,2,4,A,4.53,1.75,4.02,,,football-data.co.uk,2026-09-10T16:48:43.497953+00:00
soccer_E0_1920_2019-10-26_ManCity_AstonVilla,soccer,EPL,2019-20,,2019-10-26,Man City,Aston Villa,3,0,H,1.09,28.3,11.64,,,football-data.co.uk,2026-09-10T16:48:43.497953+00:00
soccer_E0_1920_2019-10-26_Watford_Bournemouth,soccer,EPL,2019-20,,2019-10-26,Watford,Bournemouth,0,0,D,2.19,3.31,3.53,,,football-data.co.uk,2026-09-10T16:48:43.497953+00:00
soccer_E0_1920_2019-10-26_WestHam_SheffieldUnited,soccer,EPL,2019-20,,2019-10-26,West Ham,Sheffield United,1,1,D,2.11,3.6,3.46,,,football-data.co.uk,2026-09-10T16:48:43.497953+00:00
soccer_E0_1920_2019-10-27_Arsenal_CrystalPalace,soccer,EPL,2019-20,,2019-10-27,Arsenal,Crystal Palace,2,2,D,1.49,6.49,4.63,,,football-data.co.uk,2026-09-10T16:48:43.497953+00:00
soccer_E0_1920_2019-10-27_Liverpool_Tottenham,soccer,EPL,2019-20,,2019-10-27,Liverpool,Tottenham,2,1,H,1.54,6.11,4.45,,,football-data.co.uk,2026-09-10T16:48:43.497953+00:00
soccer_E0_1920_2019-10-27_Newcastle_Wolves,soccer,EPL,2019-20,,2019-10-27,Newcastle,Wolves,1,1,D,3.02,2.59,3.09,,,football-data.co.uk,2026-09-10T16:48:43.497953+00:00
soccer_E0_1920_2019-10-27_Norwich_ManUnited,soccer,EPL,2019-20,,2019-10-27,Norwich,Man United,1,3,A,4.36,1.8,3.91,,,football-data.co.uk,2026-09-10T16:48:43.497953+00:00
soccer_E0_1920_2019-11-02_Arsenal_Wolves,soccer,EPL,2019-20,,2019-11-02,Arsenal,Wolves,1,1,D,1.78,4.65,3.8,,,football-data.co.uk,2026-09-10T16:48:43.497953+00:00
soccer_E0_1920_2019-11-02_AstonVilla_Liverpool,soccer,EPL,2019-20,,2019-11-02,Aston Villa,Liverpool,1,2,A,8.4,1.36,5.37,,,football-data.co.uk,2026-09-10T16:48:43.497953+00:00
soccer_E0_1920_2019-11-02_Bournemouth_ManUnited,soccer,EPL,2019-20,,2019-11-02,Bournemouth,Man United,1,0,H,3.33,2.19,3.55,,,football-data.co.uk,2026-09-10T16:48:43.497953+00:00
soccer_E0_1920_2019-11-02_Brighton_Norwich,soccer,EPL,2019-20,,2019-11-02,Brighton,Norwich,2,0,H,1.71,4.65,4.17,,,football-data.co.uk,2026-09-10T16:48:43.497953+00:00
soccer_E0_1920_2019-11-02_ManCity_Southampton,soccer,EPL,2019-20,,2019-11-02,Man City,Southampton,2,1,H,1.08,29.72,11.99,,,football-data.co.uk,2026-09-10T16:48:43.497953+00:00
soccer_E0_1920_2019-11-02_SheffieldUnited_Burnley,soccer,EPL,2019-20,,2019-11-02,Sheffield United,Burnley,3,0,H,2.26,3.46,3.22,,,football-data.co.uk,2026-09-10T16:48:43.497953+00:00
soccer_E0_1920_2019-11-02_Watford_Chelsea,soccer,EPL,2019-20,,2019-11-02,Watford,Chelsea,1,2,A,4.99,1.65,4.24,,,football-data.co.uk,2026-09-10T16:48:43.497953+00:00
soccer_E0_1920_2019-11-02_WestHam_Newcastle,soccer,EPL,2019-20,,2019-11-02,West Ham,Newcastle,2,3,A,1.79,4.55,3.82,,,football-data.co.uk,2026-09-10T16:48:43.497953+00:00
soccer_E0_1920_2019-11-03_CrystalPalace_Leicester,soccer,EPL,2019-20,,2019-11-03,Crystal Palace,Leicester,0,2,A,3.5,2.17,3.38,,,football-data.co.uk,2026-09-10T16:48:43.497953+00:00
soccer_E0_1920_2019-11-03_Everton_Tottenham,soccer,EPL,2019-20,,2019-11-03,Everton,Tottenham,1,1,D,2.73,2.57,3.49,,,football-data.co.uk,2026-09-10T16:48:43.497953+00:00
soccer_E0_1920_2019-11-08_Norwich_Watford,soccer,EPL,2019-20,,2019-11-08,Norwich,Watford,0,2,A,2.68,2.6,3.57,,,football-data.co.uk,2026-09-10T16:48:43.497953+00:00
soccer_E0_1920_2019-11-09_Burnley_WestHam,soccer,EPL,2019-20,,2019-11-09,Burnley,West Ham,3,0,H,2.27,3.13,3.55,,,football-data.co.uk,2026-09-10T16:48:43.497953+00:00
soccer_E0_1920_2019-11-09_Chelsea_CrystalPalace,soccer,EPL,2019-20,,2019-11-09,Chelsea,Crystal Palace,2,0,H,1.34,9.29,5.35,,,football-data.co.uk,2026-09-10T16:48:43.497953+00:00
soccer_E0_1920_2019-11-09_Leicester_Arsenal,soccer,EPL,2019-20,,2019-11-09,Leicester,Arsenal,2,0,H,1.99,3.62,3.78,,,football-data.co.uk,2026-09-10T16:48:43.497953+00:00
soccer_E0_1920_2019-11-09_Newcastle_Bournemouth,soccer,EPL,2019-20,,2019-11-09,Newcastle,Bournemouth,2,1,H,2.64,2.84,3.21,,,football-data.co.uk,2026-09-10T16:48:43.497953+00:00
soccer_E0_1920_2019-11-09_Southampton_Everton,soccer,EPL,2019-20,,2019-11-09,Southampton,Everton,1,2,A,2.96,2.44,3.37,,,football-data.co.uk,2026-09-10T16:48:43.497953+00:00
soccer_E0_1920_2019-11-09_Tottenham_SheffieldUnited,soccer,EPL,2019-20,,2019-11-09,Tottenham,Sheffield United,1,1,D,1.58,6.02,4.14,,,football-data.co.uk,2026-09-10T16:48:43.497953+00:00
soccer_E0_1920_2019-11-10_Liverpool_ManCity,soccer,EPL,2019-20,,2019-11-10,Liverpool,Man City,3,1,H,2.56,2.68,3.58,,,football-data.co.uk,2026-09-10T16:48:43.497953+00:00
soccer_E0_1920_2019-11-10_ManUnited_Brighton,soccer,EPL,2019-20,,2019-11-10,Man United,Brighton,3,1,H,1.67,5.82,3.67,,,football-data.co.uk,2026-09-10T16:48:43.497953+00:00
soccer_E0_1920_2019-11-10_Wolves_AstonVilla,soccer,EPL,2019-20,,2019-11-10,Wolves,Aston Villa,2,1,H,1.9,4.24,3.6,,,football-data.co.uk,2026-09-10T16:48:43.497953+00:00
soccer_E0_1920_2019-11-23_Arsenal_Southampton,soccer,EPL,2019-20,,2019-11-23,Arsenal,Southampton,2,2,D,1.47,6.55,4.75,,,football-data.co.uk,2026-09-10T16:48:43.497953+00:00
soccer_E0_1920_2019-11-23_Bournemouth_Wolves,soccer,EPL,2019-20,,2019-11-23,Bournemouth,Wolves,1,2,A,2.82,2.59,3.3,,,football-data.co.uk,2026-09-10T16:48:43.497953+00:00
soccer_E0_1920_2019-11-23_Brighton_Leicester,soccer,EPL,2019-20,,2019-11-23,Brighton,Leicester,0,2,A,3.69,2.04,3.53,,,football-data.co.uk,2026-09-10T16:48:43.497953+00:00
soccer_E0_1920_2019-11-23_CrystalPalace_Liverpool,soccer,EPL,2019-20,,2019-11-23,Crystal Palace,Liverpool,1,2,A,7.33,1.45,4.62,,,football-data.co.uk,2026-09-10T16:48:43.497953+00:00
soccer_E0_1920_2019-11-23_Everton_Norwich,soccer,EPL,2019-20,,2019-11-23,Everton,Norwich,0,2,A,1.4,7.73,5.0,,,football-data.co.uk,2026-09-10T16:48:43.497953+00:00
soccer_E0_1920_2019-11-23_ManCity_Chelsea,soccer,EPL,2019-20,,2019-11-23,Man City,Chelsea,2,1,H,1.45,6.64,4.96,,,football-data.co.uk,2026-09-10T16:48:43.497953+00:00
soccer_E0_1920_2019-11-23_Watford_Burnley,soccer,EPL,2019-20,,2019-11-23,Watford,Burnley,0,3,A,2.33,3.2,3.31,,,football-data.co.uk,2026-09-10T16:48:43.497953+00:00
soccer_E0_1920_2019-11-23_WestHam_Tottenham,soccer,EPL,2019-20,,2019-11-23,West Ham,Tottenham,2,3,A,4.32,1.75,4.14,,,football-data.co.uk,2026-09-10T16:48:43.497953+00:00
soccer_E0_1920_2019-11-24_SheffieldUnited_ManUnited,soccer,EPL,2019-20,,2019-11-24,Sheffield United,Man United,3,3,D,3.55,2.18,3.28,,,football-data.co.uk,2026-09-10T16:48:43.497953+00:00
soccer_E0_1920_2019-11-25_AstonVilla_Newcastle,soccer,EPL,2019-20,,2019-11-25,Aston Villa,Newcastle,2,0,H,2.11,3.55,3.46,,,football-data.co.uk,2026-09-10T16:48:43.497953+00:00
soccer_E0_1920_2019-11-30_Burnley_CrystalPalace,soccer,EPL,2019-20,,2019-11-30,Burnley,Crystal Palace,0,2,A,2.31,3.3,3.26,,,football-data.co.uk,2026-09-10T16:48:43.497953+00:00
soccer_E0_1920_2019-11-30_Chelsea_WestHam,soccer,EPL,2019-20,,2019-11-30,Chelsea,West Ham,0,1,A,1.3,9.63,5.94,,,football-data.co.uk,2026-09-10T16:48:43.497953+00:00
soccer_E0_1920_2019-11-30_Liverpool_Brighton,soccer,EPL,2019-20,,2019-11-30,Liverpool,Brighton,2,1,H,1.21,14.67,6.85,,,football-data.co.uk,2026-09-10T16:48:43.497953+00:00
soccer_E0_1920_2019-11-30_Newcastle_ManCity,soccer,EPL,2019-20,,2019-11-30,Newcastle,Man City,2,2,D,15.11,1.18,7.59,,,football-data.co.uk,2026-09-10T16:48:43.497953+00:00
soccer_E0_1920_2019-11-30_Southampton_Watford,soccer,EPL,2019-20,,2019-11-30,Southampton,Watford,2,1,H,2.12,3.51,3.5,,,football-data.co.uk,2026-09-10T16:48:43.497953+00:00
soccer_E0_1920_2019-11-30_Tottenham_Bournemouth,soccer,EPL,2019-20,,2019-11-30,Tottenham,Bournemouth,3,2,H,1.38,7.86,5.19,,,football-data.co.uk,2026-09-10T16:48:43.497953+00:00
soccer_E0_1920_2019-12-01_Leicester_Everton,soccer,EPL,2019-20,,2019-12-01,Leicester,Everton,2,1,H,1.64,5.33,4.08,,,football-data.co.uk,2026-09-10T16:48:43.497953+00:00
soccer_E0_1920_2019-12-01_ManUnited_AstonVilla,soccer,EPL,2019-20,,2019-12-01,Man United,Aston Villa,2,2,D,1.49,7.08,4.38,,,football-data.co.uk,2026-09-10T16:48:43.497953+00:00
soccer_E0_1920_2019-12-01_Norwich_Arsenal,soccer,EPL,2019-20,,2019-12-01,Norwich,Arsenal,2,2,D,4.14,1.77,4.22,,,football-data.co.uk,2026-09-10T16:48:43.497953+00:00
soccer_E0_1920_2019-12-01_Wolves_SheffieldUnited,soccer,EPL,2019-20,,2019-12-01,Wolves,Sheffield United,1,1,D,1.92,4.35,3.43,,,football-data.co.uk,2026-09-10T16:48:43.497953+00:00
soccer_E0_1920_2019-12-03_Burnley_ManCity,soccer,EPL,2019-20,,2019-12-03,Burnley,Man City,1,4,A,11.59,1.25,6.41,,,football-data.co.uk,2026-09-10T16:48:43.497953+00:00
soccer_E0_1920_2019-12-03_CrystalPalace_Bournemouth,soccer,EPL,2019-20,,2019-12-03,Crystal Palace,Bournemouth,1,0,H,2.24,3.34,3.38,,,football-data.co.uk,2026-09-10T16:48:43.497953+00:00
soccer_E0_1920_2019-12-04_Chelsea_AstonVilla,soccer,EPL,2019-20,,2019-12-04,Chelsea,Aston Villa,2,1,H,1.3,9.89,5.85,,,football-data.co.uk,2026-09-10T16:48:43.497953+00:00
soccer_E0_1920_2019-12-04_Leicester_Watford,soccer,EPL,2019-20,,2019-12-04,Leicester,Watford,2,0,H,1.36,8.81,5.13,,,football-data.co.uk,2026-09-10T16:48:43.497953+00:00
soccer_E0_1920_2019-12-04_Liverpool_Everton,soccer,EPL,2019-20,,2019-12-04,Liverpool,Everton,5,2,H,1.39,8.28,4.99,,,football-data.co.uk,2026-09-10T16:48:43.497953+00:00
soccer_E0_1920_2019-12-04_ManUnited_Tottenham,soccer,EPL,2019-20,,2019-12-04,Man United,Tottenham,2,1,H,2.69,2.61,3.47,,,football-data.co.uk,2026-09-10T16:48:43.497953+00:00
soccer_E0_1920_2019-12-04_Southampton_Norwich,soccer,EPL,2019-20,,2019-12-04,Southampton,Norwich,2,1,H,1.78,4.35,3.99,,,football-data.co.uk,2026-09-10T16:48:43.497953+00:00
soccer_E0_1920_2019-12-04_Wolves_WestHam,soccer,EPL,2019-20,,2019-12-04,Wolves,West Ham,2,0,H,1.77,4.74,3.73,,,football-data.co.uk,2026-09-10T16:48:43.497953+00:00
soccer_E0_1920_2019-12-05_Arsenal_Brighton,soccer,EPL,2019-20,,2019-12-05,Arsenal,Brighton,1,2,A,1.61,5.41,4.23,,,football-data.co.uk,2026-09-10T16:48:43.497953+00:00
soccer_E0_1920_2019-12-05_SheffieldUnited_Newcastle,soccer,EPL,2019-20,,2019-12-05,Sheffield United,Newcastle,0,2,A,1.86,4.62,3.45,,,football-data.co.uk,2026-09-10T16:48:43.497953+00:00
soccer_E0_1920_2019-12-07_Bournemouth_Liverpool,soccer,EPL,2019-20,,2019-12-07,Bournemouth,Liverpool,0,3,A,7.01,1.42,5.03,,,football-data.co.uk,2026-09-10T16:48:43.497953+00:00
soccer_E0_1920_2019-12-07_Everton_Chelsea,soccer,EPL,2019-20,,2019-12-07,Everton,Chelsea,3,1,H,3.52,2.02,3.8,,,football-data.co.uk,2026-09-10T16:48:43.497953+00:00
soccer_E0_1920_2019-12-07_ManCity_ManUnited,soccer,EPL,2019-20,,2019-12-07,Man City,Man United,1,2,A,1.31,9.9,5.67,,,football-data.co.uk,2026-09-10T16:48:43.497953+00:00
soccer_E0_1920_2019-12-07_Tottenham_Burnley,soccer,EPL,2019-20,,2019-12-07,Tottenham,Burnley,5,0,H,1.41,7.98,4.82,,,football-data.co.uk,2026-09-10T16:48:43.497953+00:00
soccer_E0_1920_2019-12-07_Watford_CrystalPalace,soccer,EPL,2019-20,,2019-12-07,Watford,Crystal Palace,0,0,D,2.37,3.12,3.34,,,football-data.co.uk,2026-09-10T16:48:43.497953+00:00
soccer_E0_1920_2019-12-08_AstonVilla_Leicester,soccer,EPL,2019-20,,2019-12-08,Aston Villa,Leicester,1,4,A,4.27,1.82,3.88,,,football-data.co.uk,2026-09-10T16:48:43.497953+00:00
soccer_E0_1920_2019-12-08_Brighton_Wolves,soccer,EPL,2019-20,,2019-12-08,Brighton,Wolves,2,2,D,2.69,2.81,3.16,,,football-data.co.uk,2026-09-10T16:48:43.497953+00:00
soccer_E0_1920_2019-12-08_Newcastle_Southampton,soccer,EPL,2019-20,,2019-12-08,Newcastle,Southampton,2,1,H,2.59,2.87,3.23,,,football-data.co.uk,2026-09-10T16:48:43.497953+00:00
soccer_E0_1920_2019-12-08_Norwich_SheffieldUnited,soccer,EPL,2019-20,,2019-12-08,Norwich,Sheffield United,1,2,A,2.98,2.4,3.45,,,football-data.co.uk,2026-09-10T16:48:43.497953+00:00
soccer_E0_1920_2019-12-09_WestHam_Arsenal,soccer,EPL,2019-20,,2019-12-09,West Ham,Arsenal,1,3,A,3.43,1.98,4.02,,,football-data.co.uk,2026-09-10T16:48:43.497953+00:00
soccer_E0_1920_2019-12-14_Burnley_Newcastle,soccer,EPL,2019-20,,2019-12-14,Burnley,Newcastle,1,0,H,1.96,4.07,3.5,,,football-data.co.uk,2026-09-10T16:48:43.497953+00:00
soccer_E0_1920_2019-12-14_Chelsea_Bournemouth,soccer,EPL,2019-20,,2019-12-14,Chelsea,Bournemouth,0,1,A,1.25,11.64,6.48,,,football-data.co.uk,2026-09-10T16:48:43.497953+00:00
soccer_E0_1920_2019-12-14_Leicester_Norwich,soccer,EPL,2019-20,,2019-12-14,Leicester,Norwich,1,1,D,1.22,13.29,6.73,,,football-data.co.uk,2026-09-10T16:48:43.497953+00:00
soccer_E0_1920_2019-12-14_Liverpool_Watford,soccer,EPL,2019-20,,2019-12-14,Liverpool,Watford,2,0,H,1.17,16.32,7.72,,,football-data.co.uk,2026-09-10T16:48:43.497953+00:00
soccer_E0_1920_2019-12-14_SheffieldUnited_AstonVilla,soccer,EPL,2019-20,,2019-12-14,Sheffield United,Aston Villa,2,0,H,1.86,4.17,3.75,,,football-data.co.uk,2026-09-10T16:48:43.497953+00:00
soccer_E0_1920_2019-12-14_Southampton_WestHam,soccer,EPL,2019-20,,2019-12-14,Southampton,West Ham,0,1,A,1.92,3.83,3.86,,,football-data.co.uk,2026-09-10T16:48:43.497953+00:00
soccer_E0_1920_2019-12-15_Arsenal_ManCity,soccer,EPL,2019-20,,2019-12-15,Arsenal,Man City,0,3,A,6.03,1.45,5.33,,,football-data.co.uk,2026-09-10T16:48:43.497953+00:00
soccer_E0_1920_2019-12-15_ManUnited_Everton,soccer,EPL,2019-20,,2019-12-15,Man United,Everton,1,1,D,1.78,4.76,3.71,,,football-data.co.uk,2026-09-10T16:48:43.497953+00:00
soccer_E0_1920_2019-12-15_Wolves_Tottenham,soccer,EPL,2019-20,,2019-12-15,Wolves,Tottenham,1,2,A,3.22,2.26,3.45,,,football-data.co.uk,2026-09-10T16:48:43.497953+00:00
soccer_E0_1920_2019-12-16_CrystalPalace_Brighton,soccer,EPL,2019-20,,2019-12-16,Crystal Palace,Brighton,1,1,D,2.55,2.91,3.22,,,football-data.co.uk,2026-09-10T16:48:43.497953+00:00
soccer_E0_1920_2019-12-21_AstonVilla_Southampton,soccer,EPL,2019-20,,2019-12-21,Aston Villa,Southampton,1,3,A,2.43,2.87,3.54,,,football-data.co.uk,2026-09-10T16:48:43.497953+00:00
soccer_E0_1920_2019-12-21_Bournemouth_Burnley,soccer,EPL,2019-20,,2019-12-21,Bournemouth,Burnley,0,1,A,2.43,2.97,3.38,,,football-data.co.uk,2026-09-10T16:48:43.497953+00:00
soccer_E0_1920_2019-12-21_Brighton_SheffieldUnited,soccer,EPL,2019-20,,2019-12-21,Brighton,Sheffield United,0,1,A,2.21,3.52,3.27,,,football-data.co.uk,2026-09-10T16:48:43.497953+00:00
soccer_E0_1920_2019-12-21_Everton_Arsenal,soccer,EPL,2019-20,,2019-12-21,Everton,Arsenal,0,0,D,2.33,2.9,3.75,,,football-data.co.uk,2026-09-10T16:48:43.497953+00:00
soccer_E0_1920_2019-12-21_ManCity_Leicester,soccer,EPL,2019-20,,2019-12-21,Man City,Leicester,3,1,H,1.37,7.72,5.41,,,football-data.co.uk,2026-09-10T16:48:43.497953+00:00
soccer_E0_1920_2019-12-21_Newcastle_CrystalPalace,soccer,EPL,2019-20,,2019-12-21,Newcastle,Crystal Palace,1,0,H,2.43,3.22,3.11,,,football-data.co.uk,2026-09-10T16:48:43.497953+00:00
soccer_E0_1920_2019-12-21_Norwich_Wolves,soccer,EPL,2019-20,,2019-12-21,Norwich,Wolves,1,2,A,3.71,1.97,3.75,,,football-data.co.uk,2026-09-10T16:48:43.497953+00:00
soccer_E0_1920_2019-12-22_Tottenham_Chelsea,soccer,EPL,2019-20,,2019-12-22,Tottenham,Chelsea,0,2,A,2.37,2.88,3.65,,,football-data.co.uk,2026-09-10T16:48:43.497953+00:00
soccer_E0_1920_2019-12-22_Watford_ManUnited,soccer,EPL,2019-20,,2019-12-22,Watford,Man United,2,0,H,4.39,1.8,3.89,,,football-data.co.uk,2026-09-10T16:48:43.497953+00:00
soccer_E0_1920_2019-12-26_AstonVilla_Norwich,soccer,EPL,2019-20,,2019-12-26,Aston Villa,Norwich,1,0,H,2.11,3.28,3.77,,,football-data.co.uk,2026-09-10T16:48:43.497953+00:00
soccer_E0_1920_2019-12-26_Bournemouth_Arsenal,soccer,EPL,2019-20,,2019-12-26,Bournemouth,Arsenal,1,1,D,3.5,2.01,3.85,,,football-data.co.uk,2026-09-10T16:48:43.497953+00:00
soccer_E0_1920_2019-12-26_Chelsea_Southampton,soccer,EPL,2019-20,,2019-12-26,Chelsea,Southampton,0,2,A,1.35,8.58,5.31,,,football-data.co.uk,2026-09-10T16:48:43.497953+00:00
soccer_E0_1920_2019-12-26_CrystalPalace_WestHam,soccer,EPL,2019-20,,2019-12-26,Crystal Palace,West Ham,2,1,H,2.32,3.12,3.42,,,football-data.co.uk,2026-09-10T16:48:43.497953+00:00
soccer_E0_1920_2019-12-26_Everton_Burnley,soccer,EPL,2019-20,,2019-12-26,Everton,Burnley,1,0,H,1.71,5.15,3.76,,,football-data.co.uk,2026-09-10T16:48:43.497953+00:00
soccer_E0_1920_2019-12-26_Leicester_Liverpool,soccer,EPL,2019-20,,2019-12-26,Leicester,Liverpool,0,4,A,3.38,2.08,3.72,,,football-data.co.uk,2026-09-10T16:48:43.497953+00:00
soccer_E0_1920_2019-12-26_ManUnited_Newcastle,soccer,EPL,2019-20,,2019-12-26,Man United,Newcastle,4,1,H,1.35,9.18,5.19,,,football-data.co.uk,2026-09-10T16:48:43.497953+00:00
soccer_E0_1920_2019-12-26_SheffieldUnited_Watford,soccer,EPL,2019-20,,2019-12-26,Sheffield United,Watford,1,1,D,1.86,4.46,3.54,,,football-data.co.uk,2026-09-10T16:48:43.497953+00:00
soccer_E0_1920_2019-12-26_Tottenham_Brighton,soccer,EPL,2019-20,,2019-12-26,Tottenham,Brighton,2,1,H,1.55,5.73,4.41,,,football-data.co.uk,2026-09-10T16:48:43.497953+00:00
soccer_E0_1920_2019-12-27_Wolves_ManCity,soccer,EPL,2019-20,,2019-12-27,Wolves,Man City,3,2,H,7.73,1.4,4.95,,,football-data.co.uk,2026-09-10T16:48:43.497953+00:00
soccer_E0_1920_2019-12-28_Brighton_Bournemouth,soccer,EPL,2019-20,,2019-12-28,Brighton,Bournemouth,2,0,H,1.79,4.43,3.85,,,football-data.co.uk,2026-09-10T16:48:43.497953+00:00
soccer_E0_1920_2019-12-28_Burnley_ManUnited,soccer,EPL,2019-20,,2019-12-28,Burnley,Man United,0,2,A,4.31,1.85,3.7,,,football-data.co.uk,2026-09-10T16:48:43.497953+00:00
soccer_E0_1920_2019-12-28_Newcastle_Everton,soccer,EPL,2019-20,,2019-12-28,Newcastle,Everton,1,2,A,3.55,2.14,3.4,,,football-data.co.uk,2026-09-10T16:48:43.497953+00:00
soccer_E0_1920_2019-12-28_Norwich_Tottenham,soccer,EPL,2019-20,,2019-12-28,Norwich,Tottenham,2,2,D,4.93,1.69,4.07,,,football-data.co.uk,2026-09-10T16:48:43.497953+00:00
soccer_E0_1920_2019-12-28_Southampton_CrystalPalace,soccer,EPL,2019-20,,2019-12-28,Southampton,Crystal Palace,1,1,D,1.98,3.91,3.57,,,football-data.co.uk,2026-09-10T16:48:43.497953+00:00
soccer_E0_1920_2019-12-28_Watford_AstonVilla,soccer,EPL,2019-20,,2019-12-28,Watford,Aston Villa,3,0,H,1.99,3.65,3.77,,,football-data.co.uk,2026-09-10T16:48:43.497953+00:00
soccer_E0_1920_2019-12-28_WestHam_Leicester,soccer,EPL,2019-20,,2019-12-28,West Ham,Leicester,1,2,A,4.03,1.86,3.87,,,football-data.co.uk,2026-09-10T16:48:43.497953+00:00
soccer_E0_1920_2019-12-29_Arsenal_Chelsea,soccer,EPL,2019-20,,2019-12-29,Arsenal,Chelsea,1,2,A,2.86,2.35,3.73,,,football-data.co.uk,2026-09-10T16:48:43.497953+00:00
soccer_E0_1920_2019-12-29_Liverpool_Wolves,soccer,EPL,2019-20,,2019-12-29,Liverpool,Wolves,1,0,H,1.28,10.92,5.84,,,football-data.co.uk,2026-09-10T16:48:43.497953+00:00
soccer_E0_1920_2019-12-29_ManCity_SheffieldUnited,soccer,EPL,2019-20,,2019-12-29,Man City,Sheffield United,2,0,H,1.18,14.91,7.62,,,football-data.co.uk,2026-09-10T16:48:43.497953+00:00
soccer_E0_1920_2020-01-01_Arsenal_ManUnited,soccer,EPL,2019-20,,2020-01-01,Arsenal,Man United,2,0,H,2.58,2.61,3.64,,,football-data.co.uk,2026-09-10T16:48:43.497953+00:00
soccer_E0_1920_2020-01-01_Brighton_Chelsea,soccer,EPL,2019-20,,2020-01-01,Brighton,Chelsea,1,1,D,3.7,2.01,3.64,,,football-data.co.uk,2026-09-10T16:48:43.497953+00:00
soccer_E0_1920_2020-01-01_Burnley_AstonVilla,soccer,EPL,2019-20,,2020-01-01,Burnley,Aston Villa,1,2,A,1.81,4.37,3.81,,,football-data.co.uk,2026-09-10T16:48:43.497953+00:00
soccer_E0_1920_2020-01-01_ManCity_Everton,soccer,EPL,2019-20,,2020-01-01,Man City,Everton,2,1,H,1.27,10.49,6.19,,,football-data.co.uk,2026-09-10T16:48:43.497953+00:00
soccer_E0_1920_2020-01-01_Newcastle_Leicester,soccer,EPL,2019-20,,2020-01-01,Newcastle,Leicester,0,3,A,5.26,1.67,3.9,,,football-data.co.uk,2026-09-10T16:48:43.497953+00:00
soccer_E0_1920_2020-01-01_Norwich_CrystalPalace,soccer,EPL,2019-20,,2020-01-01,Norwich,Crystal Palace,1,1,D,2.53,2.77,3.46,,,football-data.co.uk,2026-09-10T16:48:43.497953+00:00
soccer_E0_1920_2020-01-01_Southampton_Tottenham,soccer,EPL,2019-20,,2020-01-01,Southampton,Tottenham,1,0,H,3.34,2.16,3.54,,,football-data.co.uk,2026-09-10T16:48:43.497953+00:00
soccer_E0_1920_2020-01-01_Watford_Wolves,soccer,EPL,2019-20,,2020-01-01,Watford,Wolves,2,1,H,3.16,2.32,3.37,,,football-data.co.uk,2026-09-10T16:48:43.497953+00:00
soccer_E0_1920_2020-01-01_WestHam_Bournemouth,soccer,EPL,2019-20,,2020-01-01,West Ham,Bournemouth,4,0,H,1.95,3.68,3.84,,,football-data.co.uk,2026-09-10T16:48:43.497953+00:00
soccer_E0_1920_2020-01-02_Liverpool_SheffieldUnited,soccer,EPL,2019-20,,2020-01-02,Liverpool,Sheffield United,2,0,H,1.23,13.64,6.32,,,football-data.co.uk,2026-09-10T16:48:43.497953+00:00
soccer_E0_1920_2020-01-10_SheffieldUnited_WestHam,soccer,EPL,2019-20,,2020-01-10,Sheffield United,West Ham,1,0,H,2.02,3.94,3.43,,,football-data.co.uk,2026-09-10T16:48:43.497953+00:00
soccer_E0_1920_2020-01-11_Chelsea_Burnley,soccer,EPL,2019-20,,2020-01-11,Chelsea,Burnley,3,0,H,1.29,11.06,5.61,,,football-data.co.uk,2026-09-10T16:48:43.497953+00:00
soccer_E0_1920_2020-01-11_CrystalPalace_Arsenal,soccer,EPL,2019-20,,2020-01-11,Crystal Palace,Arsenal,1,1,D,4.19,1.83,3.87,,,football-data.co.uk,2026-09-10T16:48:43.497953+00:00
soccer_E0_1920_2020-01-11_Everton_Brighton,soccer,EPL,2019-20,,2020-01-11,Everton,Brighton,1,0,H,1.9,4.16,3.63,,,football-data.co.uk,2026-09-10T16:48:43.497953+00:00
soccer_E0_1920_2020-01-11_Leicester_Southampton,soccer,EPL,2019-20,,2020-01-11,Leicester,Southampton,1,2,A,1.64,5.46,4.02,,,football-data.co.uk,2026-09-10T16:48:43.497953+00:00
soccer_E0_1920_2020-01-11_ManUnited_Norwich,soccer,EPL,2019-20,,2020-01-11,Man United,Norwich,4,0,H,1.36,8.82,5.16,,,football-data.co.uk,2026-09-10T16:48:43.497953+00:00
soccer_E0_1920_2020-01-11_Tottenham_Liverpool,soccer,EPL,2019-20,,2020-01-11,Tottenham,Liverpool,0,1,A,4.59,1.7,4.22,,,football-data.co.uk,2026-09-10T16:48:43.497953+00:00
soccer_E0_1920_2020-01-11_Wolves_Newcastle,soccer,EPL,2019-20,,2020-01-11,Wolves,Newcastle,1,1,D,1.46,7.91,4.35,,,football-data.co.uk,2026-09-10T16:48:43.497953+00:00
soccer_E0_1920_2020-01-12_AstonVilla_ManCity,soccer,EPL,2019-20,,2020-01-12,Aston Villa,Man City,1,6,A,14.5,1.17,8.39,,,football-data.co.uk,2026-09-10T16:48:43.497953+00:00
soccer_E0_1920_2020-01-12_Bournemouth_Watford,soccer,EPL,2019-20,,2020-01-12,Bournemouth,Watford,0,3,A,2.61,2.75,3.37,,,football-data.co.uk,2026-09-10T16:48:43.497953+00:00
soccer_E0_1920_2020-01-18_Arsenal_SheffieldUnited,soccer,EPL,2019-20,,2020-01-18,Arsenal,Sheffield United,1,1,D,1.85,4.46,3.61,,,football-data.co.uk,2026-09-10T16:48:43.497953+00:00
soccer_E0_1920_2020-01-18_Brighton_AstonVilla,soccer,EPL,2019-20,,2020-01-18,Brighton,Aston Villa,1,1,D,1.65,4.94,4.29,,,football-data.co.uk,2026-09-10T16:48:43.497953+00:00
soccer_E0_1920_2020-01-18_ManCity_CrystalPalace,soccer,EPL,2019-20,,2020-01-18,Man City,Crystal Palace,2,2,D,1.1,24.53,10.64,,,football-data.co.uk,2026-09-10T16:48:43.497953+00:00
soccer_E0_1920_2020-01-18_Newcastle_Chelsea,soccer,EPL,2019-20,,2020-01-18,Newcastle,Chelsea,1,0,H,6.02,1.52,4.53,,,football-data.co.uk,2026-09-10T16:48:43.497953+00:00
soccer_E0_1920_2020-01-18_Norwich_Bournemouth,soccer,EPL,2019-20,,2020-01-18,Norwich,Bournemouth,1,0,H,2.22,3.19,3.56,,,football-data.co.uk,2026-09-10T16:48:43.497953+00:00
soccer_E0_1920_2020-01-18_Southampton_Wolves,soccer,EPL,2019-20,,2020-01-18,Southampton,Wolves,2,3,A,2.39,3.05,3.37,,,football-data.co.uk,2026-09-10T16:48:43.497953+00:00
soccer_E0_1920_2020-01-18_Watford_Tottenham,soccer,EPL,2019-20,,2020-01-18,Watford,Tottenham,0,0,D,3.18,2.25,3.52,,,football-data.co.uk,2026-09-10T16:48:43.497953+00:00
soccer_E0_1920_2020-01-18_WestHam_Everton,soccer,EPL,2019-20,,2020-01-18,West Ham,Everton,1,1,D,2.96,2.4,3.46,,,football-data.co.uk,2026-09-10T16:48:43.497953+00:00
soccer_E0_1920_2020-01-19_Burnley_Leicester,soccer,EPL,2019-20,,2020-01-19,Burnley,Leicester,2,1,H,4.19,1.87,3.71,,,football-data.co.uk,2026-09-10T16:48:43.497953+00:00
soccer_E0_1920_2020-01-19_Liverpool_ManUnited,soccer,EPL,2019-20,,2020-01-19,Liverpool,Man United,2,0,H,1.37,8.31,5.12,,,football-data.co.uk,2026-09-10T16:48:43.497953+00:00
soccer_E0_1920_2020-01-21_AstonVilla_Watford,soccer,EPL,2019-20,,2020-01-21,Aston Villa,Watford,2,1,H,2.86,2.49,3.46,,,football-data.co.uk,2026-09-10T16:48:43.497953+00:00
soccer_E0_1920_2020-01-21_Bournemouth_Brighton,soccer,EPL,2019-20,,2020-01-21,Bournemouth,Brighton,3,1,H,2.94,2.47,3.35,,,football-data.co.uk,2026-09-10T16:48:43.497953+00:00
soccer_E0_1920_2020-01-21_Chelsea_Arsenal,soccer,EPL,2019-20,,2020-01-21,Chelsea,Arsenal,2,2,D,1.74,4.71,3.95,,,football-data.co.uk,2026-09-10T16:48:43.497953+00:00
soccer_E0_1920_2020-01-21_CrystalPalace_Southampton,soccer,EPL,2019-20,,2020-01-21,Crystal Palace,Southampton,0,2,A,2.73,2.72,3.26,,,football-data.co.uk,2026-09-10T16:48:43.497953+00:00
soccer_E0_1920_2020-01-21_Everton_Newcastle,soccer,EPL,2019-20,,2020-01-21,Everton,Newcastle,2,2,D,1.6,6.06,3.99,,,football-data.co.uk,2026-09-10T16:48:43.497953+00:00
soccer_E0_1920_2020-01-21_SheffieldUnited_ManCity,soccer,EPL,2019-20,,2020-01-21,Sheffield United,Man City,0,1,A,7.41,1.43,4.82,,,football-data.co.uk,2026-09-10T16:48:43.497953+00:00
soccer_E0_1920_2020-01-22_Leicester_WestHam,soccer,EPL,2019-20,,2020-01-22,Leicester,West Ham,4,1,H,1.53,5.97,4.49,,,football-data.co.uk,2026-09-10T16:48:43.497953+00:00
soccer_E0_1920_2020-01-22_ManUnited_Burnley,soccer,EPL,2019-20,,2020-01-22,Man United,Burnley,0,2,A,1.41,8.43,4.65,,,football-data.co.uk,2026-09-10T16:48:43.497953+00:00
soccer_E0_1920_2020-01-22_Tottenham_Norwich,soccer,EPL,2019-20,,2020-01-22,Tottenham,Norwich,2,1,H,1.42,7.5,4.89,,,football-data.co.uk,2026-09-10T16:48:43.497953+00:00
soccer_E0_1920_2020-01-23_Wolves_Liverpool,soccer,EPL,2019-20,,2020-01-23,Wolves,Liverpool,1,2,A,5.63,1.64,3.92,,,football-data.co.uk,2026-09-10T16:48:43.497953+00:00
soccer_E0_1920_2020-01-29_WestHam_Liverpool,soccer,EPL,2019-20,,2020-01-29,West Ham,Liverpool,0,2,A,8.76,1.33,5.55,,,football-data.co.uk,2026-09-10T16:48:43.497953+00:00
soccer_E0_1920_2020-02-01_Bournemouth_AstonVilla,soccer,EPL,2019-20,,2020-02-01,Bournemouth,Aston Villa,2,1,H,2.13,3.39,3.57,,,football-data.co.uk,2026-09-10T16:48:43.497953+00:00
soccer_E0_1920_2020-02-01_CrystalPalace_SheffieldUnited,soccer,EPL,2019-20,,2020-02-01,Crystal Palace,Sheffield United,0,1,A,3.11,2.52,3.06,,,football-data.co.uk,2026-09-10T16:48:43.497953+00:00
soccer_E0_1920_2020-02-01_Leicester_Chelsea,soccer,EPL,2019-20,,2020-02-01,Leicester,Chelsea,2,2,D,2.52,2.72,3.59,,,football-data.co.uk,2026-09-10T16:48:43.497953+00:00
soccer_E0_1920_2020-02-01_Liverpool_Southampton,soccer,EPL,2019-20,,2020-02-01,Liverpool,Southampton,4,0,H,1.28,10.73,5.86,,,football-data.co.uk,2026-09-10T16:48:43.497953+00:00
soccer_E0_1920_2020-02-01_ManUnited_Wolves,soccer,EPL,2019-20,,2020-02-01,Man United,Wolves,0,0,D,2.23,3.48,3.24,,,football-data.co.uk,2026-09-10T16:48:43.497953+00:00
soccer_E0_1920_2020-02-01_Newcastle_Norwich,soccer,EPL,2019-20,,2020-02-01,Newcastle,Norwich,0,0,D,2.24,3.31,3.39,,,football-data.co.uk,2026-09-10T16:48:43.497953+00:00
soccer_E0_1920_2020-02-01_Watford_Everton,soccer,EPL,2019-20,,2020-02-01,Watford,Everton,2,3,A,2.75,2.64,3.31,,,football-data.co.uk,2026-09-10T16:48:43.497953+00:00
soccer_E0_1920_2020-02-01_WestHam_Brighton,soccer,EPL,2019-20,,2020-02-01,West Ham,Brighton,3,3,D,2.56,2.8,3.37,,,football-data.co.uk,2026-09-10T16:48:43.497953+00:00
soccer_E0_1920_2020-02-02_Burnley_Arsenal,soccer,EPL,2019-20,,2020-02-02,Burnley,Arsenal,0,0,D,3.75,2.02,3.53,,,football-data.co.uk,2026-09-10T16:48:43.497953+00:00
soccer_E0_1920_2020-02-02_Tottenham_ManCity,soccer,EPL,2019-20,,2020-02-02,Tottenham,Man City,2,0,H,5.64,1.56,4.45,,,football-data.co.uk,2026-09-10T16:48:43.497953+00:00
soccer_E0_1920_2020-02-08_Brighton_Watford,soccer,EPL,2019-20,,2020-02-08,Brighton,Watford,1,1,D,2.15,3.53,3.37,,,football-data.co.uk,2026-09-10T16:48:43.497953+00:00
soccer_E0_1920_2020-02-08_Everton_CrystalPalace,soccer,EPL,2019-20,,2020-02-08,Everton,Crystal Palace,3,1,H,1.63,6.02,3.77,,,football-data.co.uk,2026-09-10T16:48:43.497953+00:00
soccer_E0_1920_2020-02-09_SheffieldUnited_Bournemouth,soccer,EPL,2019-20,,2020-02-09,Sheffield United,Bournemouth,2,1,H,1.72,5.58,3.54,,,football-data.co.uk,2026-09-10T16:48:43.497953+00:00
soccer_E0_1920_2020-02-14_Wolves_Leicester,soccer,EPL,2019-20,,2020-02-14,Wolves,Leicester,0,0,D,2.55,2.91,3.29,,,football-data.co.uk,2026-09-10T16:48:43.497953+00:00
soccer_E0_1920_2020-02-15_Norwich_Liverpool,soccer,EPL,2019-20,,2020-02-15,Norwich,Liverpool,0,1,A,10.02,1.29,6.0,,,football-data.co.uk,2026-09-10T16:48:43.497953+00:00
soccer_E0_1920_2020-02-15_Southampton_Burnley,soccer,EPL,2019-20,,2020-02-15,Southampton,Burnley,1,2,A,1.79,4.7,3.69,,,football-data.co.uk,2026-09-10T16:48:43.497953+00:00
soccer_E0_1920_2020-02-16_Arsenal_Newcastle,soccer,EPL,2019-20,,2020-02-16,Arsenal,Newcastle,4,0,H,1.43,7.72,4.6,,,football-data.co.uk,2026-09-10T16:48:43.497953+00:00
soccer_E0_1920_2020-02-16_AstonVilla_Tottenham,soccer,EPL,2019-20,,2020-02-16,Aston Villa,Tottenham,2,3,A,4.01,1.89,3.78,,,football-data.co.uk,2026-09-10T16:48:43.497953+00:00
soccer_E0_1920_2020-02-17_Chelsea_ManUnited,soccer,EPL,2019-20,,2020-02-17,Chelsea,Man United,0,2,A,1.86,4.35,3.6,,,football-data.co.uk,2026-09-10T16:48:43.497953+00:00
soccer_E0_1920_2020-02-19_ManCity_WestHam,soccer,EPL,2019-20,,2020-02-19,Man City,West Ham,2,0,H,1.13,18.28,9.37,,,football-data.co.uk,2026-09-10T16:48:43.497953+00:00
soccer_E0_1920_2020-02-22_Burnley_Bournemouth,soccer,EPL,2019-20,,2020-02-22,Burnley,Bournemouth,3,0,H,2.15,3.65,3.28,,,football-data.co.uk,2026-09-10T16:48:43.497953+00:00
soccer_E0_1920_2020-02-22_Chelsea_Tottenham,soccer,EPL,2019-20,,2020-02-22,Chelsea,Tottenham,2,1,H,1.73,4.72,3.94,,,football-data.co.uk,2026-09-10T16:48:43.497953+00:00
soccer_E0_1920_2020-02-22_CrystalPalace_Newcastle,soccer,EPL,2019-20,,2020-02-22,Crystal Palace,Newcastle,1,0,H,1.96,4.35,3.3,,,football-data.co.uk,2026-09-10T16:48:43.497953+00:00
soccer_E0_1920_2020-02-22_Leicester_ManCity,soccer,EPL,2019-20,,2020-02-22,Leicester,Man City,0,1,A,4.49,1.73,4.15,,,football-data.co.uk,2026-09-10T16:48:43.497953+00:00
soccer_E0_1920_2020-02-22_SheffieldUnited_Brighton,soccer,EPL,2019-20,,2020-02-22,Sheffield United,Brighton,1,1,D,1.96,4.31,3.34,,,football-data.co.uk,2026-09-10T16:48:43.497953+00:00
soccer_E0_1920_2020-02-22_Southampton_AstonVilla,soccer,EPL,2019-20,,2020-02-22,Southampton,Aston Villa,2,0,H,1.64,5.1,4.23,,,football-data.co.uk,2026-09-10T16:48:43.497953+00:00
soccer_E0_1920_2020-02-23_Arsenal_Everton,soccer,EPL,2019-20,,2020-02-23,Arsenal,Everton,3,2,H,2.04,3.63,3.6,,,football-data.co.uk,2026-09-10T16:48:43.497953+00:00
soccer_E0_1920_2020-02-23_ManUnited_Watford,soccer,EPL,2019-20,,2020-02-23,Man United,Watford,3,0,H,1.6,5.98,3.97,,,football-data.co.uk,2026-09-10T16:48:43.497953+00:00
soccer_E0_1920_2020-02-23_Wolves_Norwich,soccer,EPL,2019-20,,2020-02-23,Wolves,Norwich,3,0,H,1.52,6.55,4.27,,,football-data.co.uk,2026-09-10T16:48:43.497953+00:00
soccer_E0_1920_2020-02-24_Liverpool_WestHam,soccer,EPL,2019-20,,2020-02-24,Liverpool,West Ham,3,2,H,1.17,16.2,7.81,,,football-data.co.uk,2026-09-10T16:48:43.497953+00:00
soccer_E0_1920_2020-02-28_Norwich_Leicester,soccer,EPL,2019-20,,2020-02-28,Norwich,Leicester,1,0,H,4.66,1.74,4.02,,,football-data.co.uk,2026-09-10T16:48:43.497953+00:00
soccer_E0_1920_2020-02-29_Bournemouth_Chelsea,soccer,EPL,2019-20,,2020-02-29,Bournemouth,Chelsea,2,2,D,4.68,1.76,3.84,,,football-data.co.uk,2026-09-10T16:48:43.497953+00:00
soccer_E0_1920_2020-02-29_Brighton_CrystalPalace,soccer,EPL,2019-20,,2020-02-29,Brighton,Crystal Palace,0,1,A,2.08,3.93,3.24,,,football-data.co.uk,2026-09-10T16:48:43.497953+00:00
soccer_E0_1920_2020-02-29_Newcastle_Burnley,soccer,EPL,2019-20,,2020-02-29,Newcastle,Burnley,0,0,D,2.64,2.9,3.11,,,football-data.co.uk,2026-09-10T16:48:43.497953+00:00
soccer_E0_1920_2020-02-29_Watford_Liverpool,soccer,EPL,2019-20,,2020-02-29,Watford,Liverpool,3,0,H,7.52,1.42,4.84,,,football-data.co.uk,2026-09-10T16:48:43.497953+00:00
soccer_E0_1920_2020-02-29_WestHam_Southampton,soccer,EPL,2019-20,,2020-02-29,West Ham,Southampton,3,1,H,2.71,2.55,3.54,,,football-data.co.uk,2026-09-10T16:48:43.497953+00:00
soccer_E0_1920_2020-03-01_Everton_ManUnited,soccer,EPL,2019-20,,2020-03-01,Everton,Man United,1,1,D,2.54,2.85,3.33,,,football-data.co.uk,2026-09-10T16:48:43.497953+00:00
soccer_E0_1920_2020-03-01_Tottenham_Wolves,soccer,EPL,2019-20,,2020-03-01,Tottenham,Wolves,2,3,A,2.44,3.13,3.17,,,football-data.co.uk,2026-09-10T16:48:43.497953+00:00
soccer_E0_1920_2020-03-07_Arsenal_WestHam,soccer,EPL,2019-20,,2020-03-07,Arsenal,West Ham,1,0,H,1.56,5.78,4.37,,,football-data.co.uk,2026-09-10T16:48:43.497953+00:00
soccer_E0_1920_2020-03-07_Burnley_Tottenham,soccer,EPL,2019-20,,2020-03-07,Burnley,Tottenham,1,1,D,2.72,2.69,3.3,,,football-data.co.uk,2026-09-10T16:48:43.497953+00:00
soccer_E0_1920_2020-03-07_CrystalPalace_Watford,soccer,EPL,2019-20,,2020-03-07,Crystal Palace,Watford,1,0,H,2.57,2.95,3.19,,,football-data.co.uk,2026-09-10T16:48:43.497953+00:00
soccer_E0_1920_2020-03-07_Liverpool_Bournemouth,soccer,EPL,2019-20,,2020-03-07,Liverpool,Bournemouth,2,1,H,1.25,11.93,6.24,,,football-data.co.uk,2026-09-10T16:48:43.497953+00:00
soccer_E0_1920_2020-03-07_SheffieldUnited_Norwich,soccer,EPL,2019-20,,2020-03-07,Sheffield United,Norwich,1,0,H,1.66,5.71,3.78,,,football-data.co.uk,2026-09-10T16:48:43.497953+00:00
soccer_E0_1920_2020-03-07_Southampton_Newcastle,soccer,EPL,2019-20,,2020-03-07,Southampton,Newcastle,0,1,A,1.67,5.27,3.95,,,football-data.co.uk,2026-09-10T16:48:43.497953+00:00
soccer_E0_1920_2020-03-07_Wolves_Brighton,soccer,EPL,2019-20,,2020-03-07,Wolves,Brighton,0,0,D,1.65,5.48,3.95,,,football-data.co.uk,2026-09-10T16:48:43.497953+00:00
soccer_E0_1920_2020-03-08_Chelsea_Everton,soccer,EPL,2019-20,,2020-03-08,Chelsea,Everton,4,0,H,1.87,4.2,3.74,,,football-data.co.uk,2026-09-10T16:48:43.497953+00:00
soccer_E0_1920_2020-03-08_ManUnited_ManCity,soccer,EPL,2019-20,,2020-03-08,Man United,Man City,2,0,H,5.04,1.64,4.28,,,football-data.co.uk,2026-09-10T16:48:43.497953+00:00
soccer_E0_1920_2020-03-09_Leicester_AstonVilla,soccer,EPL,2019-20,,2020-03-09,Leicester,Aston Villa,4,0,H,1.38,8.05,5.12,,,football-data.co.uk,2026-09-10T16:48:43.497953+00:00
soccer_E0_1920_2020-06-17_AstonVilla_SheffieldUnited,soccer,EPL,2019-20,,2020-06-17,Aston Villa,Sheffield United,0,0,D,3.3,2.27,3.33,,,football-data.co.uk,2026-09-10T16:48:43.497953+00:00
soccer_E0_1920_2020-06-17_ManCity_Arsenal,soccer,EPL,2019-20,,2020-06-17,Man City,Arsenal,3,0,H,1.35,8.11,5.5,,,football-data.co.uk,2026-09-10T16:48:43.497953+00:00
soccer_E0_1920_2020-06-19_Norwich_Southampton,soccer,EPL,2019-20,,2020-06-19,Norwich,Southampton,0,3,A,2.84,2.53,3.4,,,football-data.co.uk,2026-09-10T16:48:43.497953+00:00
soccer_E0_1920_2020-06-19_Tottenham_ManUnited,soccer,EPL,2019-20,,2020-06-19,Tottenham,Man United,1,1,D,3.03,2.43,3.4,,,football-data.co.uk,2026-09-10T16:48:43.497953+00:00
soccer_E0_1920_2020-06-20_Bournemouth_CrystalPalace,soccer,EPL,2019-20,,2020-06-20,Bournemouth,Crystal Palace,0,2,A,2.51,2.98,3.24,,,football-data.co.uk,2026-09-10T16:48:43.497953+00:00
soccer_E0_1920_2020-06-20_Brighton_Arsenal,soccer,EPL,2019-20,,2020-06-20,Brighton,Arsenal,2,1,H,3.04,2.39,3.37,,,football-data.co.uk,2026-09-10T16:48:43.497953+00:00
soccer_E0_1920_2020-06-20_Watford_Leicester,soccer,EPL,2019-20,,2020-06-20,Watford,Leicester,1,1,D,3.59,2.09,3.52,,,football-data.co.uk,2026-09-10T16:48:43.497953+00:00
soccer_E0_1920_2020-06-20_WestHam_Wolves,soccer,EPL,2019-20,,2020-06-20,West Ham,Wolves,0,2,A,3.57,2.15,3.36,,,football-data.co.uk,2026-09-10T16:48:43.497953+00:00
soccer_E0_1920_2020-06-21_AstonVilla_Chelsea,soccer,EPL,2019-20,,2020-06-21,Aston Villa,Chelsea,1,2,A,6.0,1.53,4.5,,,football-data.co.uk,2026-09-10T16:48:43.497953+00:00
soccer_E0_1920_2020-06-21_Everton_Liverpool,soccer,EPL,2019-20,,2020-06-21,Everton,Liverpool,0,0,D,5.66,1.59,4.23,,,football-data.co.uk,2026-09-10T16:48:43.497953+00:00
soccer_E0_1920_2020-06-21_Newcastle_SheffieldUnited,soccer,EPL,2019-20,,2020-06-21,Newcastle,Sheffield United,3,0,H,3.31,2.38,3.1,,,football-data.co.uk,2026-09-10T16:48:43.497953+00:00
soccer_E0_1920_2020-06-22_ManCity_Burnley,soccer,EPL,2019-20,,2020-06-22,Man City,Burnley,5,0,H,1.13,19.85,8.97,,,football-data.co.uk,2026-09-10T16:48:43.497953+00:00
soccer_E0_1920_2020-06-23_Leicester_Brighton,soccer,EPL,2019-20,,2020-06-23,Leicester,Brighton,0,0,D,1.64,5.64,3.97,,,football-data.co.uk,2026-09-10T16:48:43.497953+00:00
soccer_E0_1920_2020-06-23_Tottenham_WestHam,soccer,EPL,2019-20,,2020-06-23,Tottenham,West Ham,2,0,H,1.67,5.21,4.01,,,football-data.co.uk,2026-09-10T16:48:43.497953+00:00
soccer_E0_1920_2020-06-24_Liverpool_CrystalPalace,soccer,EPL,2019-20,,2020-06-24,Liverpool,Crystal Palace,4,0,H,1.24,13.09,6.13,,,football-data.co.uk,2026-09-10T16:48:43.497953+00:00
soccer_E0_1920_2020-06-24_ManUnited_SheffieldUnited,soccer,EPL,2019-20,,2020-06-24,Man United,Sheffield United,3,0,H,1.43,8.62,4.39,,,football-data.co.uk,2026-09-10T16:48:43.497953+00:00
soccer_E0_1920_2020-06-24_Newcastle_AstonVilla,soccer,EPL,2019-20,,2020-06-24,Newcastle,Aston Villa,1,1,D,2.33,3.17,3.33,,,football-data.co.uk,2026-09-10T16:48:43.497953+00:00
soccer_E0_1920_2020-06-24_Norwich_Everton,soccer,EPL,2019-20,,2020-06-24,Norwich,Everton,0,1,A,3.94,1.94,3.66,,,football-data.co.uk,2026-09-10T16:48:43.497953+00:00
soccer_E0_1920_2020-06-24_Wolves_Bournemouth,soccer,EPL,2019-20,,2020-06-24,Wolves,Bournemouth,1,0,H,1.58,6.11,4.03,,,football-data.co.uk,2026-09-10T16:48:43.497953+00:00
soccer_E0_1920_2020-06-25_Burnley_Watford,soccer,EPL,2019-20,,2020-06-25,Burnley,Watford,1,0,H,3.02,2.48,3.22,,,football-data.co.uk,2026-09-10T16:48:43.497953+00:00
soccer_E0_1920_2020-06-25_Chelsea_ManCity,soccer,EPL,2019-20,,2020-06-25,Chelsea,Man City,2,1,H,4.14,1.8,4.07,,,football-data.co.uk,2026-09-10T16:48:43.497953+00:00
soccer_E0_1920_2020-06-25_Southampton_Arsenal,soccer,EPL,2019-20,,2020-06-25,Southampton,Arsenal,0,2,A,2.64,2.65,3.47,,,football-data.co.uk,2026-09-10T16:48:43.497953+00:00
soccer_E0_1920_2020-06-27_AstonVilla_Wolves,soccer,EPL,2019-20,,2020-06-27,Aston Villa,Wolves,0,1,A,4.79,1.78,3.68,,,football-data.co.uk,2026-09-10T16:48:43.497953+00:00
soccer_E0_1920_2020-06-28_Watford_Southampton,soccer,EPL,2019-20,,2020-06-28,Watford,Southampton,1,3,A,2.49,2.92,3.32,,,football-data.co.uk,2026-09-10T16:48:43.497953+00:00
soccer_E0_1920_2020-06-29_CrystalPalace_Burnley,soccer,EPL,2019-20,,2020-06-29,Crystal Palace,Burnley,0,1,A,2.29,3.41,3.16,,,football-data.co.uk,2026-09-10T16:48:43.497953+00:00
soccer_E0_1920_2020-06-30_Brighton_ManUnited,soccer,EPL,2019-20,,2020-06-30,Brighton,Man United,0,3,A,6.31,1.61,3.85,,,football-data.co.uk,2026-09-10T16:48:43.497953+00:00
soccer_E0_1920_2020-07-01_Arsenal_Norwich,soccer,EPL,2019-20,,2020-07-01,Arsenal,Norwich,4,0,H,1.44,7.23,4.69,,,football-data.co.uk,2026-09-10T16:48:43.497953+00:00
soccer_E0_1920_2020-07-01_Bournemouth_Newcastle,soccer,EPL,2019-20,,2020-07-01,Bournemouth,Newcastle,1,4,A,2.4,3.21,3.16,,,football-data.co.uk,2026-09-10T16:48:43.497953+00:00
soccer_E0_1920_2020-07-01_Everton_Leicester,soccer,EPL,2019-20,,2020-07-01,Everton,Leicester,2,1,H,2.54,2.9,3.28,,,football-data.co.uk,2026-09-10T16:48:43.497953+00:00
soccer_E0_1920_2020-07-01_WestHam_Chelsea,soccer,EPL,2019-20,,2020-07-01,West Ham,Chelsea,3,2,H,5.48,1.59,4.27,,,football-data.co.uk,2026-09-10T16:48:43.497953+00:00
soccer_E0_1920_2020-07-02_ManCity_Liverpool,soccer,EPL,2019-20,,2020-07-02,Man City,Liverpool,4,0,H,2.07,3.32,3.85,,,football-data.co.uk,2026-09-10T16:48:43.497953+00:00
soccer_E0_1920_2020-07-02_SheffieldUnited_Tottenham,soccer,EPL,2019-20,,2020-07-02,Sheffield United,Tottenham,3,1,H,4.1,1.98,3.41,,,football-data.co.uk,2026-09-10T16:48:43.497953+00:00
soccer_E0_1920_2020-07-04_Chelsea_Watford,soccer,EPL,2019-20,,2020-07-04,Chelsea,Watford,3,0,H,1.43,7.96,4.61,,,football-data.co.uk,2026-09-10T16:48:43.497953+00:00
soccer_E0_1920_2020-07-04_Leicester_CrystalPalace,soccer,EPL,2019-20,,2020-07-04,Leicester,Crystal Palace,3,0,H,1.68,5.84,3.63,,,football-data.co.uk,2026-09-10T16:48:43.497953+00:00
soccer_E0_1920_2020-07-04_ManUnited_Bournemouth,soccer,EPL,2019-20,,2020-07-04,Man United,Bournemouth,5,2,H,1.17,17.41,7.46,,,football-data.co.uk,2026-09-10T16:48:43.497953+00:00
soccer_E0_1920_2020-07-04_Norwich_Brighton,soccer,EPL,2019-20,,2020-07-04,Norwich,Brighton,0,1,A,3.39,2.23,3.32,,,football-data.co.uk,2026-09-10T16:48:43.497953+00:00
soccer_E0_1920_2020-07-04_Wolves_Arsenal,soccer,EPL,2019-20,,2020-07-04,Wolves,Arsenal,0,2,A,2.27,3.32,3.3,,,football-data.co.uk,2026-09-10T16:48:43.497953+00:00
soccer_E0_1920_2020-07-05_Burnley_SheffieldUnited,soccer,EPL,2019-20,,2020-07-05,Burnley,Sheffield United,1,1,D,2.91,2.75,2.97,,,football-data.co.uk,2026-09-10T16:48:43.497953+00:00
soccer_E0_1920_2020-07-05_Liverpool_AstonVilla,soccer,EPL,2019-20,,2020-07-05,Liverpool,Aston Villa,2,0,H,1.35,8.4,5.45,,,football-data.co.uk,2026-09-10T16:48:43.497953+00:00
soccer_E0_1920_2020-07-05_Newcastle_WestHam,soccer,EPL,2019-20,,2020-07-05,Newcastle,West Ham,2,2,D,2.66,2.74,3.28,,,football-data.co.uk,2026-09-10T16:48:43.497953+00:00
soccer_E0_1920_2020-07-05_Southampton_ManCity,soccer,EPL,2019-20,,2020-07-05,Southampton,Man City,1,0,H,9.03,1.33,5.56,,,football-data.co.uk,2026-09-10T16:48:43.497953+00:00
soccer_E0_1920_2020-07-06_Tottenham_Everton,soccer,EPL,2019-20,,2020-07-06,Tottenham,Everton,1,0,H,2.13,3.45,3.51,,,football-data.co.uk,2026-09-10T16:48:43.497953+00:00
soccer_E0_1920_2020-07-07_Arsenal_Leicester,soccer,EPL,2019-20,,2020-07-07,Arsenal,Leicester,1,1,D,2.38,3.03,3.43,,,football-data.co.uk,2026-09-10T16:48:43.497953+00:00
soccer_E0_1920_2020-07-07_CrystalPalace_Chelsea,soccer,EPL,2019-20,,2020-07-07,Crystal Palace,Chelsea,2,3,A,8.43,1.43,4.5,,,football-data.co.uk,2026-09-10T16:48:43.497953+00:00
soccer_E0_1920_2020-07-07_Watford_Norwich,soccer,EPL,2019-20,,2020-07-07,Watford,Norwich,2,1,H,1.75,5.02,3.71,,,football-data.co.uk,2026-09-10T16:48:43.497953+00:00
soccer_E0_1920_2020-07-08_Brighton_Liverpool,soccer,EPL,2019-20,,2020-07-08,Brighton,Liverpool,1,3,A,5.99,1.56,4.26,,,football-data.co.uk,2026-09-10T16:48:43.497953+00:00
soccer_E0_1920_2020-07-08_ManCity_Newcastle,soccer,EPL,2019-20,,2020-07-08,Man City,Newcastle,5,0,H,1.13,22.2,9.15,,,football-data.co.uk,2026-09-10T16:48:43.497953+00:00
soccer_E0_1920_2020-07-08_SheffieldUnited_Wolves,soccer,EPL,2019-20,,2020-07-08,Sheffield United,Wolves,1,0,H,3.96,2.14,3.08,,,football-data.co.uk,2026-09-10T16:48:43.497953+00:00
soccer_E0_1920_2020-07-08_WestHam_Burnley,soccer,EPL,2019-20,,2020-07-08,West Ham,Burnley,0,1,A,2.02,3.89,3.42,,,football-data.co.uk,2026-09-10T16:48:43.497953+00:00
soccer_E0_1920_2020-07-09_AstonVilla_ManUnited,soccer,EPL,2019-20,,2020-07-09,Aston Villa,Man United,0,3,A,9.26,1.35,5.15,,,football-data.co.uk,2026-09-10T16:48:43.497953+00:00
soccer_E0_1920_2020-07-09_Bournemouth_Tottenham,soccer,EPL,2019-20,,2020-07-09,Bournemouth,Tottenham,0,0,D,5.03,1.68,4.0,,,football-data.co.uk,2026-09-10T16:48:43.497953+00:00
soccer_E0_1920_2020-07-09_Everton_Southampton,soccer,EPL,2019-20,,2020-07-09,Everton,Southampton,1,1,D,2.07,3.62,3.51,,,football-data.co.uk,2026-09-10T16:48:43.497953+00:00
soccer_E0_1920_2020-07-11_Brighton_ManCity,soccer,EPL,2019-20,,2020-07-11,Brighton,Man City,0,5,A,9.95,1.31,5.62,,,football-data.co.uk,2026-09-10T16:48:43.497953+00:00
soccer_E0_1920_2020-07-11_Liverpool_Burnley,soccer,EPL,2019-20,,2020-07-11,Liverpool,Burnley,1,1,D,1.25,11.44,6.27,,,football-data.co.uk,2026-09-10T16:48:43.497953+00:00
soccer_E0_1920_2020-07-11_Norwich_WestHam,soccer,EPL,2019-20,,2020-07-11,Norwich,West Ham,0,4,A,3.76,1.99,3.65,,,football-data.co.uk,2026-09-10T16:48:43.497953+00:00
soccer_E0_1920_2020-07-11_SheffieldUnited_Chelsea,soccer,EPL,2019-20,,2020-07-11,Sheffield United,Chelsea,3,0,H,6.07,1.6,3.93,,,football-data.co.uk,2026-09-10T16:48:43.497953+00:00
soccer_E0_1920_2020-07-11_Watford_Newcastle,soccer,EPL,2019-20,,2020-07-11,Watford,Newcastle,2,1,H,1.82,4.65,3.58,,,football-data.co.uk,2026-09-10T16:48:43.497953+00:00
soccer_E0_1920_2020-07-12_AstonVilla_CrystalPalace,soccer,EPL,2019-20,,2020-07-12,Aston Villa,Crystal Palace,2,0,H,2.29,3.24,3.35,,,football-data.co.uk,2026-09-10T16:48:43.497953+00:00
soccer_E0_1920_2020-07-12_Bournemouth_Leicester,soccer,EPL,2019-20,,2020-07-12,Bournemouth,Leicester,4,1,H,5.14,1.7,3.82,,,football-data.co.uk,2026-09-10T16:48:43.497953+00:00
soccer_E0_1920_2020-07-12_Tottenham_Arsenal,soccer,EPL,2019-20,,2020-07-12,Tottenham,Arsenal,2,1,H,2.6,2.68,3.48,,,football-data.co.uk,2026-09-10T16:48:43.497953+00:00
soccer_E0_1920_2020-07-12_Wolves_Everton,soccer,EPL,2019-20,,2020-07-12,Wolves,Everton,3,0,H,2.06,4.01,3.25,,,football-data.co.uk,2026-09-10T16:48:43.497953+00:00
soccer_E0_1920_2020-07-13_ManUnited_Southampton,soccer,EPL,2019-20,,2020-07-13,Man United,Southampton,2,2,D,1.29,10.41,5.73,,,football-data.co.uk,2026-09-10T16:48:43.497953+00:00
soccer_E0_1920_2020-07-14_Chelsea_Norwich,soccer,EPL,2019-20,,2020-07-14,Chelsea,Norwich,1,0,H,1.13,20.76,9.5,,,football-data.co.uk,2026-09-10T16:48:43.497953+00:00
soccer_E0_1920_2020-07-15_Arsenal_Liverpool,soccer,EPL,2019-20,,2020-07-15,Arsenal,Liverpool,2,1,H,3.89,1.89,3.89,,,football-data.co.uk,2026-09-10T16:48:43.497953+00:00
soccer_E0_1920_2020-07-15_Burnley_Wolves,soccer,EPL,2019-20,,2020-07-15,Burnley,Wolves,1,1,D,4.65,1.9,3.3,,,football-data.co.uk,2026-09-10T16:48:43.497953+00:00
soccer_E0_1920_2020-07-15_ManCity_Bournemouth,soccer,EPL,2019-20,,2020-07-15,Man City,Bournemouth,2,1,H,1.15,16.72,8.68,,,football-data.co.uk,2026-09-10T16:48:43.497953+00:00
soccer_E0_1920_2020-07-15_Newcastle_Tottenham,soccer,EPL,2019-20,,2020-07-15,Newcastle,Tottenham,1,3,A,4.56,1.79,3.77,,,football-data.co.uk,2026-09-10T16:48:43.497953+00:00
soccer_E0_1920_2020-07-16_CrystalPalace_ManUnited,soccer,EPL,2019-20,,2020-07-16,Crystal Palace,Man United,0,2,A,9.84,1.35,5.0,,,football-data.co.uk,2026-09-10T16:48:43.497953+00:00
soccer_E0_1920_2020-07-16_Everton_AstonVilla,soccer,EPL,2019-20,,2020-07-16,Everton,Aston Villa,1,1,D,2.02,3.74,3.57,,,football-data.co.uk,2026-09-10T16:48:43.497953+00:00
soccer_E0_1920_2020-07-16_Leicester_SheffieldUnited,soccer,EPL,2019-20,,2020-07-16,Leicester,Sheffield United,2,0,H,2.02,4.01,3.34,,,football-data.co.uk,2026-09-10T16:48:43.497953+00:00
soccer_E0_1920_2020-07-16_Southampton_Brighton,soccer,EPL,2019-20,,2020-07-16,Southampton,Brighton,1,1,D,2.18,3.53,3.31,,,football-data.co.uk,2026-09-10T16:48:43.497953+00:00
soccer_E0_1920_2020-07-17_WestHam_Watford,soccer,EPL,2019-20,,2020-07-17,West Ham,Watford,3,1,H,2.42,3.31,3.04,,,football-data.co.uk,2026-09-10T16:48:43.497953+00:00
soccer_E0_1920_2020-07-18_Norwich_Burnley,soccer,EPL,2019-20,,2020-07-18,Norwich,Burnley,0,2,A,3.32,2.25,3.33,,,football-data.co.uk,2026-09-10T16:48:43.497953+00:00
soccer_E0_1920_2020-07-19_Bournemouth_Southampton,soccer,EPL,2019-20,,2020-07-19,Bournemouth,Southampton,0,2,A,2.39,2.84,3.65,,,football-data.co.uk,2026-09-10T16:48:43.497953+00:00
soccer_E0_1920_2020-07-19_Tottenham_Leicester,soccer,EPL,2019-20,,2020-07-19,Tottenham,Leicester,3,0,H,2.32,3.11,3.42,,,football-data.co.uk,2026-09-10T16:48:43.497953+00:00
soccer_E0_1920_2020-07-20_Brighton_Newcastle,soccer,EPL,2019-20,,2020-07-20,Brighton,Newcastle,0,0,D,1.93,4.23,3.42,,,football-data.co.uk,2026-09-10T16:48:43.497953+00:00
soccer_E0_1920_2020-07-20_SheffieldUnited_Everton,soccer,EPL,2019-20,,2020-07-20,Sheffield United,Everton,0,1,A,2.17,3.52,3.29,,,football-data.co.uk,2026-09-10T16:48:43.497953+00:00
soccer_E0_1920_2020-07-20_Wolves_CrystalPalace,soccer,EPL,2019-20,,2020-07-20,Wolves,Crystal Palace,2,0,H,1.5,7.72,4.03,,,football-data.co.uk,2026-09-10T16:48:43.497953+00:00
soccer_E0_1920_2020-07-21_AstonVilla_Arsenal,soccer,EPL,2019-20,,2020-07-21,Aston Villa,Arsenal,1,0,H,3.24,2.11,3.78,,,football-data.co.uk,2026-09-10T16:48:43.497953+00:00
soccer_E0_1920_2020-07-21_Watford_ManCity,soccer,EPL,2019-20,,2020-07-21,Watford,Man City,0,4,A,8.62,1.33,5.6,,,football-data.co.uk,2026-09-10T16:48:43.497953+00:00
soccer_E0_1920_2020-07-22_Liverpool_Chelsea,soccer,EPL,2019-20,,2020-07-22,Liverpool,Chelsea,5,3,H,2.04,3.51,3.7,,,football-data.co.uk,2026-09-10T16:48:43.497953+00:00
soccer_E0_1920_2020-07-22_ManUnited_WestHam,soccer,EPL,2019-20,,2020-07-22,Man United,West Ham,1,1,D,1.24,11.56,6.38,,,football-data.co.uk,2026-09-10T16:48:43.497953+00:00
soccer_E0_1920_2020-07-26_Arsenal_Watford,soccer,EPL,2019-20,,2020-07-26,Arsenal,Watford,3,2,H,1.93,3.72,3.89,,,football-data.co.uk,2026-09-10T16:48:43.497953+00:00
soccer_E0_1920_2020-07-26_Burnley_Brighton,soccer,EPL,2019-20,,2020-07-26,Burnley,Brighton,1,2,A,2.32,3.09,3.44,,,football-data.co.uk,2026-09-10T16:48:43.497953+00:00
soccer_E0_1920_2020-07-26_Chelsea_Wolves,soccer,EPL,2019-20,,2020-07-26,Chelsea,Wolves,2,0,H,1.84,4.23,3.76,,,football-data.co.uk,2026-09-10T16:48:43.497953+00:00
soccer_E0_1920_2020-07-26_CrystalPalace_Tottenham,soccer,EPL,2019-20,,2020-07-26,Crystal Palace,Tottenham,1,1,D,6.12,1.55,4.23,,,football-data.co.uk,2026-09-10T16:48:43.497953+00:00
soccer_E0_1920_2020-07-26_Everton_Bournemouth,soccer,EPL,2019-20,,2020-07-26,Everton,Bournemouth,1,3,A,2.24,2.98,3.78,,,football-data.co.uk,2026-09-10T16:48:43.497953+00:00
soccer_E0_1920_2020-07-26_Leicester_ManUnited,soccer,EPL,2019-20,,2020-07-26,Leicester,Man United,0,2,A,3.17,2.24,3.49,,,football-data.co.uk,2026-09-10T16:48:43.497953+00:00
soccer_E0_1920_2020-07-26_ManCity_Norwich,soccer,EPL,2019-20,,2020-07-26,Man City,Norwich,5,0,H,1.07,30.42,12.8,,,football-data.co.uk,2026-09-10T16:48:43.497953+00:00
soccer_E0_1920_2020-07-26_Newcastle_Liverpool,soccer,EPL,2019-20,,2020-07-26,Newcastle,Liverpool,1,3,A,7.6,1.4,4.99,,,football-data.co.uk,2026-09-10T16:48:43.497953+00:00
soccer_E0_1920_2020-07-26_Southampton_SheffieldUnited,soccer,EPL,2019-20,,2020-07-26,Southampton,Sheffield United,3,1,H,2.18,3.34,3.47,,,football-data.co.uk,2026-09-10T16:48:43.497953+00:00
soccer_E0_1920_2020-07-26_WestHam_AstonVilla,soccer,EPL,2019-20,,2020-07-26,West Ham,Aston Villa,1,1,D,3.05,2.28,3.57,,,football-data.co.uk,2026-09-10T16:48:43.497953+00:00
soccer_E0_2021_2020-09-12_CrystalPalace_Southampton,soccer,EPL,2020-21,,2020-09-12,Crystal Palace,Southampton,1,0,H,3.18,2.39,3.22,,,football-data.co.uk,2026-09-10T16:48:43.497953+00:00
soccer_E0_2021_2020-09-12_Fulham_Arsenal,soccer,EPL,2020-21,,2020-09-12,Fulham,Arsenal,0,3,A,5.94,1.55,4.34,,,football-data.co.uk,2026-09-10T16:48:43.497953+00:00
soccer_E0_2021_2020-09-12_Liverpool_Leeds,soccer,EPL,2020-21,,2020-09-12,Liverpool,Leeds,4,3,H,1.3,9.68,5.96,,,football-data.co.uk,2026-09-10T16:48:43.497953+00:00
soccer_E0_2021_2020-09-12_WestHam_Newcastle,soccer,EPL,2020-21,,2020-09-12,West Ham,Newcastle,0,2,A,2.15,3.42,3.48,,,football-data.co.uk,2026-09-10T16:48:43.497953+00:00
soccer_E0_2021_2020-09-13_Tottenham_Everton,soccer,EPL,2020-21,,2020-09-13,Tottenham,Everton,0,1,A,1.9,4.2,3.55,,,football-data.co.uk,2026-09-10T16:48:43.497953+00:00
soccer_E0_2021_2020-09-13_WestBrom_Leicester,soccer,EPL,2020-21,,2020-09-13,West Brom,Leicester,0,3,A,3.87,1.97,3.57,,,football-data.co.uk,2026-09-10T16:48:43.497953+00:00
soccer_E0_2021_2020-09-14_Brighton_Chelsea,soccer,EPL,2020-21,,2020-09-14,Brighton,Chelsea,1,3,A,5.12,1.65,4.13,,,football-data.co.uk,2026-09-10T16:48:43.497953+00:00
soccer_E0_2021_2020-09-14_SheffieldUnited_Wolves,soccer,EPL,2020-21,,2020-09-14,Sheffield United,Wolves,0,2,A,3.36,2.41,3.0,,,football-data.co.uk,2026-09-10T16:48:43.497953+00:00
soccer_E0_2021_2020-09-19_Arsenal_WestHam,soccer,EPL,2020-21,,2020-09-19,Arsenal,West Ham,2,1,H,1.53,5.91,4.51,,,football-data.co.uk,2026-09-10T16:48:43.497953+00:00
soccer_E0_2021_2020-09-19_Everton_WestBrom,soccer,EPL,2020-21,,2020-09-19,Everton,West Brom,5,2,H,1.54,6.3,4.25,,,football-data.co.uk,2026-09-10T16:48:43.497953+00:00
soccer_E0_2021_2020-09-19_Leeds_Fulham,soccer,EPL,2020-21,,2020-09-19,Leeds,Fulham,4,3,H,1.64,5.5,3.97,,,football-data.co.uk,2026-09-10T16:48:43.497953+00:00
soccer_E0_2021_2020-09-19_ManUnited_CrystalPalace,soccer,EPL,2020-21,,2020-09-19,Man United,Crystal Palace,1,3,A,1.32,9.56,5.57,,,football-data.co.uk,2026-09-10T16:48:43.497953+00:00
soccer_E0_2021_2020-09-20_Chelsea_Liverpool,soccer,EPL,2020-21,,2020-09-20,Chelsea,Liverpool,0,2,A,3.15,2.18,3.72,,,football-data.co.uk,2026-09-10T16:48:43.497953+00:00
soccer_E0_2021_2020-09-20_Leicester_Burnley,soccer,EPL,2020-21,,2020-09-20,Leicester,Burnley,4,2,H,1.63,5.64,3.98,,,football-data.co.uk,2026-09-10T16:48:43.497953+00:00
soccer_E0_2021_2020-09-20_Newcastle_Brighton,soccer,EPL,2020-21,,2020-09-20,Newcastle,Brighton,0,3,A,2.68,2.82,3.15,,,football-data.co.uk,2026-09-10T16:48:43.497953+00:00
soccer_E0_2021_2020-09-20_Southampton_Tottenham,soccer,EPL,2020-21,,2020-09-20,Southampton,Tottenham,2,5,A,3.1,2.37,3.35,,,football-data.co.uk,2026-09-10T16:48:43.497953+00:00
soccer_E0_2021_2020-09-21_AstonVilla_SheffieldUnited,soccer,EPL,2020-21,,2020-09-21,Aston Villa,Sheffield United,1,0,H,2.71,2.75,3.19,,,football-data.co.uk,2026-09-10T16:48:43.497953+00:00
soccer_E0_2021_2020-09-21_Wolves_ManCity,soccer,EPL,2020-21,,2020-09-21,Wolves,Man City,1,3,A,6.11,1.54,4.35,,,football-data.co.uk,2026-09-10T16:48:43.497953+00:00
soccer_E0_2021_2020-09-26_Brighton_ManUnited,soccer,EPL,2020-21,,2020-09-26,Brighton,Man United,2,3,A,4.83,1.75,3.75,,,football-data.co.uk,2026-09-10T16:48:43.497953+00:00
soccer_E0_2021_2020-09-26_Burnley_Southampton,soccer,EPL,2020-21,,2020-09-26,Burnley,Southampton,0,1,A,3.3,2.31,3.25,,,football-data.co.uk,2026-09-10T16:48:43.497953+00:00
soccer_E0_2021_2020-09-26_CrystalPalace_Everton,soccer,EPL,2020-21,,2020-09-26,Crystal Palace,Everton,1,2,A,3.69,2.12,3.32,,,football-data.co.uk,2026-09-10T16:48:43.497953+00:00
soccer_E0_2021_2020-09-26_WestBrom_Chelsea,soccer,EPL,2020-21,,2020-09-26,West Brom,Chelsea,3,3,D,8.24,1.38,5.02,,,football-data.co.uk,2026-09-10T16:48:43.497953+00:00
soccer_E0_2021_2020-09-27_ManCity_Leicester,soccer,EPL,2020-21,,2020-09-27,Man City,Leicester,2,5,A,1.29,9.68,5.93,,,football-data.co.uk,2026-09-10T16:48:43.497953+00:00
soccer_E0_2021_2020-09-27_SheffieldUnited_Leeds,soccer,EPL,2020-21,,2020-09-27,Sheffield United,Leeds,0,1,A,2.72,2.63,3.37,,,football-data.co.uk,2026-09-10T16:48:43.497953+00:00
soccer_E0_2021_2020-09-27_Tottenham_Newcastle,soccer,EPL,2020-21,,2020-09-27,Tottenham,Newcastle,1,1,D,1.47,6.95,4.5,,,football-data.co.uk,2026-09-10T16:48:43.497953+00:00
soccer_E0_2021_2020-09-27_WestHam_Wolves,soccer,EPL,2020-21,,2020-09-27,West Ham,Wolves,4,0,H,3.74,2.07,3.38,,,football-data.co.uk,2026-09-10T16:48:43.497953+00:00
soccer_E0_2021_2020-09-28_Fulham_AstonVilla,soccer,EPL,2020-21,,2020-09-28,Fulham,Aston Villa,0,3,A,2.92,2.52,3.26,,,football-data.co.uk,2026-09-10T16:48:43.497953+00:00
soccer_E0_2021_2020-09-28_Liverpool_Arsenal,soccer,EPL,2020-21,,2020-09-28,Liverpool,Arsenal,3,1,H,1.49,6.3,4.68,,,football-data.co.uk,2026-09-10T16:48:43.497953+00:00
soccer_E0_2021_2020-10-03_Chelsea_CrystalPalace,soccer,EPL,2020-21,,2020-10-03,Chelsea,Crystal Palace,4,0,H,1.43,7.39,4.77,,,football-data.co.uk,2026-09-10T16:48:43.497953+00:00
soccer_E0_2021_2020-10-03_Everton_Brighton,soccer,EPL,2020-21,,2020-10-03,Everton,Brighton,4,2,H,1.76,4.79,3.73,,,football-data.co.uk,2026-09-10T16:48:43.497953+00:00
soccer_E0_2021_2020-10-03_Leeds_ManCity,soccer,EPL,2020-21,,2020-10-03,Leeds,Man City,1,1,D,7.45,1.38,5.34,,,football-data.co.uk,2026-09-10T16:48:43.497953+00:00
soccer_E0_2021_2020-10-03_Newcastle_Burnley,soccer,EPL,2020-21,,2020-10-03,Newcastle,Burnley,3,1,H,2.47,3.08,3.15,,,football-data.co.uk,2026-09-10T16:48:43.497953+00:00
soccer_E0_2021_2020-10-04_Arsenal_SheffieldUnited,soccer,EPL,2020-21,,2020-10-04,Arsenal,Sheffield United,2,1,H,1.56,6.25,4.09,,,football-data.co.uk,2026-09-10T16:48:43.497953+00:00
soccer_E0_2021_2020-10-04_AstonVilla_Liverpool,soccer,EPL,2020-21,,2020-10-04,Aston Villa,Liverpool,7,2,H,9.35,1.33,5.41,,,football-data.co.uk,2026-09-10T16:48:43.497953+00:00
soccer_E0_2021_2020-10-04_Leicester_WestHam,soccer,EPL,2020-21,,2020-10-04,Leicester,West Ham,0,3,A,1.68,4.86,4.12,,,football-data.co.uk,2026-09-10T16:48:43.497953+00:00
soccer_E0_2021_2020-10-04_ManUnited_Tottenham,soccer,EPL,2020-21,,2020-10-04,Man United,Tottenham,1,6,A,1.92,3.97,3.71,,,football-data.co.uk,2026-09-10T16:48:43.497953+00:00
soccer_E0_2021_2020-10-04_Southampton_WestBrom,soccer,EPL,2020-21,,2020-10-04,Southampton,West Brom,2,0,H,1.76,4.58,3.86,,,football-data.co.uk,2026-09-10T16:48:43.497953+00:00
soccer_E0_2021_2020-10-04_Wolves_Fulham,soccer,EPL,2020-21,,2020-10-04,Wolves,Fulham,1,0,H,1.51,7.19,4.07,,,football-data.co.uk,2026-09-10T16:48:43.497953+00:00
soccer_E0_2021_2020-10-17_Chelsea_Southampton,soccer,EPL,2020-21,,2020-10-17,Chelsea,Southampton,3,3,D,1.53,5.92,4.56,,,football-data.co.uk,2026-09-10T16:48:43.497953+00:00
soccer_E0_2021_2020-10-17_Everton_Liverpool,soccer,EPL,2020-21,,2020-10-17,Everton,Liverpool,2,2,D,3.91,1.85,4.08,,,football-data.co.uk,2026-09-10T16:48:43.497953+00:00
soccer_E0_2021_2020-10-17_ManCity_Arsenal,soccer,EPL,2020-21,,2020-10-17,Man City,Arsenal,1,0,H,1.49,6.09,4.85,,,football-data.co.uk,2026-09-10T16:48:43.497953+00:00
soccer_E0_2021_2020-10-17_Newcastle_ManUnited,soccer,EPL,2020-21,,2020-10-17,Newcastle,Man United,1,4,A,4.78,1.7,4.08,,,football-data.co.uk,2026-09-10T16:48:43.497953+00:00
soccer_E0_2021_2020-10-18_CrystalPalace_Brighton,soccer,EPL,2020-21,,2020-10-18,Crystal Palace,Brighton,1,1,D,2.68,2.76,3.25,,,football-data.co.uk,2026-09-10T16:48:43.497953+00:00
soccer_E0_2021_2020-10-18_Leicester_AstonVilla,soccer,EPL,2020-21,,2020-10-18,Leicester,Aston Villa,0,1,A,1.89,3.97,3.82,,,football-data.co.uk,2026-09-10T16:48:43.497953+00:00
soccer_E0_2021_2020-10-18_SheffieldUnited_Fulham,soccer,EPL,2020-21,,2020-10-18,Sheffield United,Fulham,1,1,D,2.11,3.74,3.32,,,football-data.co.uk,2026-09-10T16:48:43.497953+00:00
soccer_E0_2021_2020-10-18_Tottenham_WestHam,soccer,EPL,2020-21,,2020-10-18,Tottenham,West Ham,3,3,D,1.62,5.34,4.19,,,football-data.co.uk,2026-09-10T16:48:43.497953+00:00
soccer_E0_2021_2020-10-19_Leeds_Wolves,soccer,EPL,2020-21,,2020-10-19,Leeds,Wolves,0,1,A,2.5,2.97,3.26,,,football-data.co.uk,2026-09-10T16:48:43.497953+00:00
soccer_E0_2021_2020-10-19_WestBrom_Burnley,soccer,EPL,2020-21,,2020-10-19,West Brom,Burnley,0,0,D,2.49,2.97,3.3,,,football-data.co.uk,2026-09-10T16:48:43.497953+00:00
soccer_E0_2021_2020-10-23_AstonVilla_Leeds,soccer,EPL,2020-21,,2020-10-23,Aston Villa,Leeds,0,3,A,2.11,3.33,3.75,,,football-data.co.uk,2026-09-10T16:48:43.497953+00:00
soccer_E0_2021_2020-10-24_Fulham_CrystalPalace,soccer,EPL,2020-21,,2020-10-24,Fulham,Crystal Palace,1,2,A,2.74,2.77,3.14,,,football-data.co.uk,2026-09-10T16:48:43.497953+00:00
soccer_E0_2021_2020-10-24_Liverpool_SheffieldUnited,soccer,EPL,2020-21,,2020-10-24,Liverpool,Sheffield United,2,1,H,1.25,11.55,6.36,,,football-data.co.uk,2026-09-10T16:48:43.497953+00:00
soccer_E0_2021_2020-10-24_ManUnited_Chelsea,soccer,EPL,2020-21,,2020-10-24,Man United,Chelsea,0,0,D,2.38,2.9,3.59,,,football-data.co.uk,2026-09-10T16:48:43.497953+00:00
soccer_E0_2021_2020-10-24_WestHam_ManCity,soccer,EPL,2020-21,,2020-10-24,West Ham,Man City,1,1,D,7.2,1.41,5.16,,,football-data.co.uk,2026-09-10T16:48:43.497953+00:00
soccer_E0_2021_2020-10-25_Arsenal_Leicester,soccer,EPL,2020-21,,2020-10-25,Arsenal,Leicester,0,1,A,1.93,3.92,3.74,,,football-data.co.uk,2026-09-10T16:48:43.497953+00:00
soccer_E0_2021_2020-10-25_Southampton_Everton,soccer,EPL,2020-21,,2020-10-25,Southampton,Everton,2,0,H,2.78,2.54,3.47,,,football-data.co.uk,2026-09-10T16:48:43.497953+00:00
soccer_E0_2021_2020-10-25_Wolves_Newcastle,soccer,EPL,2020-21,,2020-10-25,Wolves,Newcastle,1,1,D,1.78,5.16,3.49,,,football-data.co.uk,2026-09-10T16:48:43.497953+00:00
soccer_E0_2021_2020-10-26_Brighton_WestBrom,soccer,EPL,2020-21,,2020-10-26,Brighton,West Brom,1,1,D,1.75,4.61,3.93,,,football-data.co.uk,2026-09-10T16:48:43.497953+00:00
soccer_E0_2021_2020-10-26_Burnley_Tottenham,soccer,EPL,2020-21,,2020-10-26,Burnley,Tottenham,0,1,A,5.49,1.63,4.02,,,football-data.co.uk,2026-09-10T16:48:43.497953+00:00
soccer_E0_2021_2020-10-30_Wolves_CrystalPalace,soccer,EPL,2020-21,,2020-10-30,Wolves,Crystal Palace,2,0,H,2.05,4.27,3.13,,,football-data.co.uk,2026-09-10T16:48:43.497953+00:00
soccer_E0_2021_2020-10-31_Burnley_Chelsea,soccer,EPL,2020-21,,2020-10-31,Burnley,Chelsea,0,3,A,6.05,1.54,4.37,,,football-data.co.uk,2026-09-10T16:48:43.497953+00:00
soccer_E0_2021_2020-10-31_Liverpool_WestHam,soccer,EPL,2020-21,,2020-10-31,Liverpool,West Ham,2,1,H,1.39,7.43,5.26,,,football-data.co.uk,2026-09-10T16:48:43.497953+00:00
soccer_E0_2021_2020-10-31_SheffieldUnited_ManCity,soccer,EPL,2020-21,,2020-10-31,Sheffield United,Man City,0,1,A,9.43,1.31,5.76,,,football-data.co.uk,2026-09-10T16:48:43.497953+00:00
soccer_E0_2021_2020-11-01_AstonVilla_Southampton,soccer,EPL,2020-21,,2020-11-01,Aston Villa,Southampton,3,4,A,2.46,2.78,3.6,,,football-data.co.uk,2026-09-10T16:48:43.497953+00:00
soccer_E0_2021_2020-11-01_ManUnited_Arsenal,soccer,EPL,2020-21,,2020-11-01,Man United,Arsenal,0,1,A,2.04,3.58,3.66,,,football-data.co.uk,2026-09-10T16:48:43.497953+00:00
soccer_E0_2021_2020-11-01_Newcastle_Everton,soccer,EPL,2020-21,,2020-11-01,Newcastle,Everton,2,1,H,3.71,2.06,3.47,,,football-data.co.uk,2026-09-10T16:48:43.497953+00:00
soccer_E0_2021_2020-11-01_Tottenham_Brighton,soccer,EPL,2020-21,,2020-11-01,Tottenham,Brighton,2,1,H,1.63,5.29,4.17,,,football-data.co.uk,2026-09-10T16:48:43.497953+00:00
soccer_E0_2021_2020-11-02_Fulham_WestBrom,soccer,EPL,2020-21,,2020-11-02,Fulham,West Brom,2,0,H,2.44,3.01,3.32,,,football-data.co.uk,2026-09-10T16:48:43.497953+00:00
soccer_E0_2021_2020-11-02_Leeds_Leicester,soccer,EPL,2020-21,,2020-11-02,Leeds,Leicester,1,4,A,2.56,2.68,3.56,,,football-data.co.uk,2026-09-10T16:48:43.497953+00:00
soccer_E0_2021_2020-11-06_Brighton_Burnley,soccer,EPL,2020-21,,2020-11-06,Brighton,Burnley,0,0,D,1.9,4.42,3.48,,,football-data.co.uk,2026-09-10T16:48:43.497953+00:00
soccer_E0_2021_2020-11-06_Southampton_Newcastle,soccer,EPL,2020-21,,2020-11-06,Southampton,Newcastle,2,0,H,2.04,3.7,3.58,,,football-data.co.uk,2026-09-10T16:48:43.497953+00:00
soccer_E0_2021_2020-11-07_Chelsea_SheffieldUnited,soccer,EPL,2020-21,,2020-11-07,Chelsea,Sheffield United,4,1,H,1.39,8.23,4.93,,,football-data.co.uk,2026-09-10T16:48:43.497953+00:00
soccer_E0_2021_2020-11-07_CrystalPalace_Leeds,soccer,EPL,2020-21,,2020-11-07,Crystal Palace,Leeds,4,1,H,2.92,2.47,3.37,,,football-data.co.uk,2026-09-10T16:48:43.497953+00:00
soccer_E0_2021_2020-11-07_Everton_ManUnited,soccer,EPL,2020-21,,2020-11-07,Everton,Man United,1,3,A,2.91,2.42,3.52,,,football-data.co.uk,2026-09-10T16:48:43.497953+00:00
soccer_E0_2021_2020-11-07_WestHam_Fulham,soccer,EPL,2020-21,,2020-11-07,West Ham,Fulham,1,0,H,1.83,4.23,3.82,,,football-data.co.uk,2026-09-10T16:48:43.497953+00:00
soccer_E0_2021_2020-11-08_Arsenal_AstonVilla,soccer,EPL,2020-21,,2020-11-08,Arsenal,Aston Villa,0,3,A,1.7,4.92,3.97,,,football-data.co.uk,2026-09-10T16:48:43.497953+00:00
soccer_E0_2021_2020-11-08_Leicester_Wolves,soccer,EPL,2020-21,,2020-11-08,Leicester,Wolves,1,0,H,2.38,3.28,3.14,,,football-data.co.uk,2026-09-10T16:48:43.497953+00:00
soccer_E0_2021_2020-11-08_ManCity_Liverpool,soccer,EPL,2020-21,,2020-11-08,Man City,Liverpool,1,1,D,1.99,3.42,4.03,,,football-data.co.uk,2026-09-10T16:48:43.497953+00:00
soccer_E0_2021_2020-11-08_WestBrom_Tottenham,soccer,EPL,2020-21,,2020-11-08,West Brom,Tottenham,0,1,A,6.38,1.52,4.38,,,football-data.co.uk,2026-09-10T16:48:43.497953+00:00
soccer_E0_2021_2020-11-21_AstonVilla_Brighton,soccer,EPL,2020-21,,2020-11-21,Aston Villa,Brighton,1,2,A,2.19,3.21,3.61,,,football-data.co.uk,2026-09-10T16:48:43.497953+00:00
soccer_E0_2021_2020-11-21_ManUnited_WestBrom,soccer,EPL,2020-21,,2020-11-21,Man United,West Brom,1,0,H,1.34,9.21,5.34,,,football-data.co.uk,2026-09-10T16:48:43.497953+00:00
soccer_E0_2021_2020-11-21_Newcastle_Chelsea,soccer,EPL,2020-21,,2020-11-21,Newcastle,Chelsea,0,2,A,6.39,1.5,4.54,,,football-data.co.uk,2026-09-10T16:48:43.497953+00:00
soccer_E0_2021_2020-11-21_Tottenham_ManCity,soccer,EPL,2020-21,,2020-11-21,Tottenham,Man City,2,0,H,4.1,1.81,4.03,,,football-data.co.uk,2026-09-10T16:48:43.497953+00:00
soccer_E0_2021_2020-11-22_Fulham_Everton,soccer,EPL,2020-21,,2020-11-22,Fulham,Everton,2,3,A,3.93,1.9,3.79,,,football-data.co.uk,2026-09-10T16:48:43.497953+00:00
soccer_E0_2021_2020-11-22_Leeds_Arsenal,soccer,EPL,2020-21,,2020-11-22,Leeds,Arsenal,0,0,D,3.13,2.21,3.7,,,football-data.co.uk,2026-09-10T16:48:43.497953+00:00
soccer_E0_2021_2020-11-22_Liverpool_Leicester,soccer,EPL,2020-21,,2020-11-22,Liverpool,Leicester,3,0,H,1.9,3.82,3.92,,,football-data.co.uk,2026-09-10T16:48:43.497953+00:00
soccer_E0_2021_2020-11-22_SheffieldUnited_WestHam,soccer,EPL,2020-21,,2020-11-22,Sheffield United,West Ham,0,1,A,3.06,2.43,3.26,,,football-data.co.uk,2026-09-10T16:48:43.497953+00:00
soccer_E0_2021_2020-11-23_Burnley_CrystalPalace,soccer,EPL,2020-21,,2020-11-23,Burnley,Crystal Palace,1,0,H,2.79,2.8,3.06,,,football-data.co.uk,2026-09-10T16:48:43.497953+00:00
soccer_E0_2021_2020-11-23_Wolves_Southampton,soccer,EPL,2020-21,,2020-11-23,Wolves,Southampton,1,1,D,2.32,3.27,3.25,,,football-data.co.uk,2026-09-10T16:48:43.497953+00:00
soccer_E0_2021_2020-11-27_CrystalPalace_Newcastle,soccer,EPL,2020-21,,2020-11-27,Crystal Palace,Newcastle,0,2,A,2.15,3.74,3.21,,,football-data.co.uk,2026-09-10T16:48:43.497953+00:00
soccer_E0_2021_2020-11-28_Brighton_Liverpool,soccer,EPL,2020-21,,2020-11-28,Brighton,Liverpool,1,1,D,5.32,1.62,4.19,,,football-data.co.uk,2026-09-10T16:48:43.497953+00:00
soccer_E0_2021_2020-11-28_Everton_Leeds,soccer,EPL,2020-21,,2020-11-28,Everton,Leeds,0,1,A,2.02,3.57,3.72,,,football-data.co.uk,2026-09-10T16:48:43.497953+00:00
soccer_E0_2021_2020-11-28_ManCity_Burnley,soccer,EPL,2020-21,,2020-11-28,Man City,Burnley,5,0,H,1.17,16.81,7.84,,,football-data.co.uk,2026-09-10T16:48:43.497953+00:00
soccer_E0_2021_2020-11-28_WestBrom_SheffieldUnited,soccer,EPL,2020-21,,2020-11-28,West Brom,Sheffield United,1,0,H,2.6,2.9,3.17,,,football-data.co.uk,2026-09-10T16:48:43.497953+00:00
soccer_E0_2021_2020-11-29_Arsenal_Wolves,soccer,EPL,2020-21,,2020-11-29,Arsenal,Wolves,1,2,A,2.13,3.72,3.28,,,football-data.co.uk,2026-09-10T16:48:43.497953+00:00
soccer_E0_2021_2020-11-29_Chelsea_Tottenham,soccer,EPL,2020-21,,2020-11-29,Chelsea,Tottenham,0,0,D,2.1,3.53,3.52,,,football-data.co.uk,2026-09-10T16:48:43.497953+00:00
soccer_E0_2021_2020-11-29_Southampton_ManUnited,soccer,EPL,2020-21,,2020-11-29,Southampton,Man United,2,3,A,3.8,2.0,3.57,,,football-data.co.uk,2026-09-10T16:48:43.497953+00:00
soccer_E0_2021_2020-11-30_Leicester_Fulham,soccer,EPL,2020-21,,2020-11-30,Leicester,Fulham,1,2,A,1.54,6.15,4.35,,,football-data.co.uk,2026-09-10T16:48:43.497953+00:00
soccer_E0_2021_2020-11-30_WestHam_AstonVilla,soccer,EPL,2020-21,,2020-11-30,West Ham,Aston Villa,2,1,H,2.32,3.01,3.57,,,football-data.co.uk,2026-09-10T16:48:43.497953+00:00
soccer_E0_2021_2020-12-05_Burnley_Everton,soccer,EPL,2020-21,,2020-12-05,Burnley,Everton,1,1,D,4.02,1.97,3.5,,,football-data.co.uk,2026-09-10T16:48:43.497953+00:00
soccer_E0_2021_2020-12-05_Chelsea_Leeds,soccer,EPL,2020-21,,2020-12-05,Chelsea,Leeds,3,1,H,1.54,5.82,4.5,,,football-data.co.uk,2026-09-10T16:48:43.497953+00:00
soccer_E0_2021_2020-12-05_ManCity_Fulham,soccer,EPL,2020-21,,2020-12-05,Man City,Fulham,2,0,H,1.12,21.84,9.74,,,football-data.co.uk,2026-09-10T16:48:43.497953+00:00
soccer_E0_2021_2020-12-05_WestHam_ManUnited,soccer,EPL,2020-21,,2020-12-05,West Ham,Man United,1,3,A,3.62,2.05,3.57,,,football-data.co.uk,2026-09-10T16:48:43.497953+00:00
soccer_E0_2021_2020-12-06_Liverpool_Wolves,soccer,EPL,2020-21,,2020-12-06,Liverpool,Wolves,4,0,H,1.52,6.59,4.25,,,football-data.co.uk,2026-09-10T16:48:43.497953+00:00
soccer_E0_2021_2020-12-06_SheffieldUnited_Leicester,soccer,EPL,2020-21,,2020-12-06,Sheffield United,Leicester,1,2,A,3.86,2.01,3.49,,,football-data.co.uk,2026-09-10T16:48:43.497953+00:00
soccer_E0_2021_2020-12-06_Tottenham_Arsenal,soccer,EPL,2020-21,,2020-12-06,Tottenham,Arsenal,2,0,H,2.01,3.79,3.54,,,football-data.co.uk,2026-09-10T16:48:43.497953+00:00
soccer_E0_2021_2020-12-06_WestBrom_CrystalPalace,soccer,EPL,2020-21,,2020-12-06,West Brom,Crystal Palace,1,5,A,2.9,2.58,3.21,,,football-data.co.uk,2026-09-10T16:48:43.497953+00:00
soccer_E0_2021_2020-12-07_Brighton_Southampton,soccer,EPL,2020-21,,2020-12-07,Brighton,Southampton,1,2,A,2.52,2.86,3.36,,,football-data.co.uk,2026-09-10T16:48:43.497953+00:00
soccer_E0_2021_2020-12-11_Leeds_WestHam,soccer,EPL,2020-21,,2020-12-11,Leeds,West Ham,1,2,A,2.18,3.2,3.67,,,football-data.co.uk,2026-09-10T16:48:43.497953+00:00
soccer_E0_2021_2020-12-12_Everton_Chelsea,soccer,EPL,2020-21,,2020-12-12,Everton,Chelsea,1,0,H,4.36,1.75,4.12,,,football-data.co.uk,2026-09-10T16:48:43.497953+00:00
soccer_E0_2021_2020-12-12_ManUnited_ManCity,soccer,EPL,2020-21,,2020-12-12,Man United,Man City,0,0,D,4.39,1.74,4.16,,,football-data.co.uk,2026-09-10T16:48:43.497953+00:00
soccer_E0_2021_2020-12-12_Newcastle_WestBrom,soccer,EPL,2020-21,,2020-12-12,Newcastle,West Brom,2,1,H,2.51,2.95,3.25,,,football-data.co.uk,2026-09-10T16:48:43.497953+00:00
soccer_E0_2021_2020-12-12_Wolves_AstonVilla,soccer,EPL,2020-21,,2020-12-12,Wolves,Aston Villa,0,1,A,2.34,3.21,3.27,,,football-data.co.uk,2026-09-10T16:48:43.497953+00:00
soccer_E0_2021_2020-12-13_Arsenal_Burnley,soccer,EPL,2020-21,,2020-12-13,Arsenal,Burnley,0,1,A,1.54,6.42,4.22,,,football-data.co.uk,2026-09-10T16:48:43.497953+00:00
soccer_E0_2021_2020-12-13_CrystalPalace_Tottenham,soccer,EPL,2020-21,,2020-12-13,Crystal Palace,Tottenham,1,1,D,4.71,1.76,3.75,,,football-data.co.uk,2026-09-10T16:48:43.497953+00:00
soccer_E0_2021_2020-12-13_Fulham_Liverpool,soccer,EPL,2020-21,,2020-12-13,Fulham,Liverpool,1,1,D,8.44,1.34,5.66,,,football-data.co.uk,2026-09-10T16:48:43.497953+00:00
soccer_E0_2021_2020-12-13_Leicester_Brighton,soccer,EPL,2020-21,,2020-12-13,Leicester,Brighton,3,0,H,2.03,3.76,3.49,,,football-data.co.uk,2026-09-10T16:48:43.497953+00:00
soccer_E0_2021_2020-12-13_Southampton_SheffieldUnited,soccer,EPL,2020-21,,2020-12-13,Southampton,Sheffield United,3,0,H,1.72,4.95,3.83,,,football-data.co.uk,2026-09-10T16:48:43.497953+00:00
soccer_E0_2021_2020-12-15_ManCity_WestBrom,soccer,EPL,2020-21,,2020-12-15,Man City,West Brom,1,1,D,1.12,22.77,9.96,,,football-data.co.uk,2026-09-10T16:48:43.497953+00:00
soccer_E0_2021_2020-12-15_Wolves_Chelsea,soccer,EPL,2020-21,,2020-12-15,Wolves,Chelsea,2,1,H,5.44,1.68,3.79,,,football-data.co.uk,2026-09-10T16:48:43.497953+00:00
soccer_E0_2021_2020-12-16_Arsenal_Southampton,soccer,EPL,2020-21,,2020-12-16,Arsenal,Southampton,1,1,D,2.25,3.19,3.47,,,football-data.co.uk,2026-09-10T16:48:43.497953+00:00
soccer_E0_2021_2020-12-16_Fulham_Brighton,soccer,EPL,2020-21,,2020-12-16,Fulham,Brighton,0,0,D,2.9,2.51,3.28,,,football-data.co.uk,2026-09-10T16:48:43.497953+00:00
soccer_E0_2021_2020-12-16_Leeds_Newcastle,soccer,EPL,2020-21,,2020-12-16,Leeds,Newcastle,5,2,H,1.76,4.49,3.89,,,football-data.co.uk,2026-09-10T16:48:43.497953+00:00
soccer_E0_2021_2020-12-16_Leicester_Everton,soccer,EPL,2020-21,,2020-12-16,Leicester,Everton,0,2,A,2.2,3.22,3.55,,,football-data.co.uk,2026-09-10T16:48:43.497953+00:00
soccer_E0_2021_2020-12-16_Liverpool_Tottenham,soccer,EPL,2020-21,,2020-12-16,Liverpool,Tottenham,2,1,H,1.79,4.44,3.84,,,football-data.co.uk,2026-09-10T16:48:43.497953+00:00
soccer_E0_2021_2020-12-16_WestHam_CrystalPalace,soccer,EPL,2020-21,,2020-12-16,West Ham,Crystal Palace,1,1,D,2.1,3.64,3.4,,,football-data.co.uk,2026-09-10T16:48:43.497953+00:00
soccer_E0_2021_2020-12-17_AstonVilla_Burnley,soccer,EPL,2020-21,,2020-12-17,Aston Villa,Burnley,0,0,D,1.74,4.73,3.84,,,football-data.co.uk,2026-09-10T16:48:43.497953+00:00
soccer_E0_2021_2020-12-17_SheffieldUnited_ManUnited,soccer,EPL,2020-21,,2020-12-17,Sheffield United,Man United,2,3,A,7.14,1.46,4.54,,,football-data.co.uk,2026-09-10T16:48:43.497953+00:00
soccer_E0_2021_2020-12-19_CrystalPalace_Liverpool,soccer,EPL,2020-21,,2020-12-19,Crystal Palace,Liverpool,0,7,A,6.2,1.52,4.45,,,football-data.co.uk,2026-09-10T16:48:43.497953+00:00
soccer_E0_2021_2020-12-19_Everton_Arsenal,soccer,EPL,2020-21,,2020-12-19,Everton,Arsenal,2,1,H,2.42,2.93,3.44,,,football-data.co.uk,2026-09-10T16:48:43.497953+00:00
soccer_E0_2021_2020-12-19_Newcastle_Fulham,soccer,EPL,2020-21,,2020-12-19,Newcastle,Fulham,1,1,D,2.58,2.87,3.25,,,football-data.co.uk,2026-09-10T16:48:43.497953+00:00
soccer_E0_2021_2020-12-19_Southampton_ManCity,soccer,EPL,2020-21,,2020-12-19,Southampton,Man City,0,1,A,6.48,1.48,4.63,,,football-data.co.uk,2026-09-10T16:48:43.497953+00:00
soccer_E0_2021_2020-12-20_Brighton_SheffieldUnited,soccer,EPL,2020-21,,2020-12-20,Brighton,Sheffield United,1,1,D,1.69,5.43,3.72,,,football-data.co.uk,2026-09-10T16:48:43.497953+00:00
soccer_E0_2021_2020-12-20_ManUnited_Leeds,soccer,EPL,2020-21,,2020-12-20,Man United,Leeds,6,2,H,1.71,4.49,4.23,,,football-data.co.uk,2026-09-10T16:48:43.497953+00:00
soccer_E0_2021_2020-12-20_Tottenham_Leicester,soccer,EPL,2020-21,,2020-12-20,Tottenham,Leicester,0,2,A,2.08,3.62,3.48,,,football-data.co.uk,2026-09-10T16:48:43.497953+00:00
soccer_E0_2021_2020-12-20_WestBrom_AstonVilla,soccer,EPL,2020-21,,2020-12-20,West Brom,Aston Villa,0,3,A,3.69,1.99,3.7,,,football-data.co.uk,2026-09-10T16:48:43.497953+00:00
soccer_E0_2021_2020-12-21_Burnley_Wolves,soccer,EPL,2020-21,,2020-12-21,Burnley,Wolves,2,1,H,3.61,2.23,3.13,,,football-data.co.uk,2026-09-10T16:48:43.497953+00:00
soccer_E0_2021_2020-12-21_Chelsea_WestHam,soccer,EPL,2020-21,,2020-12-21,Chelsea,West Ham,3,0,H,1.49,6.29,4.63,,,football-data.co.uk,2026-09-10T16:48:43.497953+00:00
soccer_E0_2021_2020-12-26_Arsenal_Chelsea,soccer,EPL,2020-21,,2020-12-26,Arsenal,Chelsea,3,1,H,4.06,1.93,3.59,,,football-data.co.uk,2026-09-10T16:48:43.497953+00:00
soccer_E0_2021_2020-12-26_AstonVilla_CrystalPalace,soccer,EPL,2020-21,,2020-12-26,Aston Villa,Crystal Palace,3,0,H,1.94,3.8,3.75,,,football-data.co.uk,2026-09-10T16:48:43.497953+00:00
soccer_E0_2021_2020-12-26_Fulham_Southampton,soccer,EPL,2020-21,,2020-12-26,Fulham,Southampton,0,0,D,3.19,2.32,3.32,,,football-data.co.uk,2026-09-10T16:48:43.497953+00:00
soccer_E0_2021_2020-12-26_Leicester_ManUnited,soccer,EPL,2020-21,,2020-12-26,Leicester,Man United,2,2,D,3.01,2.32,3.55,,,football-data.co.uk,2026-09-10T16:48:43.497953+00:00
soccer_E0_2021_2020-12-26_ManCity_Newcastle,soccer,EPL,2020-21,,2020-12-26,Man City,Newcastle,2,0,H,1.12,23.28,9.31,,,football-data.co.uk,2026-09-10T16:48:43.497953+00:00
soccer_E0_2021_2020-12-26_SheffieldUnited_Everton,soccer,EPL,2020-21,,2020-12-26,Sheffield United,Everton,0,1,A,4.2,1.9,3.59,,,football-data.co.uk,2026-09-10T16:48:43.497953+00:00
soccer_E0_2021_2020-12-27_Leeds_Burnley,soccer,EPL,2020-21,,2020-12-27,Leeds,Burnley,1,0,H,1.75,4.5,3.98,,,football-data.co.uk,2026-09-10T16:48:43.497953+00:00
soccer_E0_2021_2020-12-27_Liverpool_WestBrom,soccer,EPL,2020-21,,2020-12-27,Liverpool,West Brom,1,1,D,1.13,20.61,9.05,,,football-data.co.uk,2026-09-10T16:48:43.497953+00:00
soccer_E0_2021_2020-12-27_WestHam_Brighton,soccer,EPL,2020-21,,2020-12-27,West Ham,Brighton,2,2,D,2.37,3.11,3.32,,,football-data.co.uk,2026-09-10T16:48:43.497953+00:00
soccer_E0_2021_2020-12-27_Wolves_Tottenham,soccer,EPL,2020-21,,2020-12-27,Wolves,Tottenham,1,1,D,3.62,2.16,3.28,,,football-data.co.uk,2026-09-10T16:48:43.497953+00:00
soccer_E0_2021_2020-12-28_Chelsea_AstonVilla,soccer,EPL,2020-21,,2020-12-28,Chelsea,Aston Villa,1,1,D,1.69,4.72,4.18,,,football-data.co.uk,2026-09-10T16:48:43.497953+00:00
soccer_E0_2021_2020-12-28_CrystalPalace_Leicester,soccer,EPL,2020-21,,2020-12-28,Crystal Palace,Leicester,1,1,D,3.81,2.01,3.52,,,football-data.co.uk,2026-09-10T16:48:43.497953+00:00
soccer_E0_2021_2020-12-29_Brighton_Arsenal,soccer,EPL,2020-21,,2020-12-29,Brighton,Arsenal,0,1,A,3.22,2.29,3.38,,,football-data.co.uk,2026-09-10T16:48:43.497953+00:00
soccer_E0_2021_2020-12-29_Burnley_SheffieldUnited,soccer,EPL,2020-21,,2020-12-29,Burnley,Sheffield United,1,0,H,2.41,3.22,3.15,,,football-data.co.uk,2026-09-10T16:48:43.497953+00:00
soccer_E0_2021_2020-12-29_ManUnited_Wolves,soccer,EPL,2020-21,,2020-12-29,Man United,Wolves,1,0,H,1.55,6.1,4.21,,,football-data.co.uk,2026-09-10T16:48:43.497953+00:00
soccer_E0_2021_2020-12-29_Southampton_WestHam,soccer,EPL,2020-21,,2020-12-29,Southampton,West Ham,0,0,D,2.19,3.33,3.48,,,football-data.co.uk,2026-09-10T16:48:43.497953+00:00
soccer_E0_2021_2020-12-29_WestBrom_Leeds,soccer,EPL,2020-21,,2020-12-29,West Brom,Leeds,0,5,A,3.59,2.03,3.67,,,football-data.co.uk,2026-09-10T16:48:43.497953+00:00
soccer_E0_2021_2020-12-30_Newcastle_Liverpool,soccer,EPL,2020-21,,2020-12-30,Newcastle,Liverpool,0,0,D,9.81,1.29,5.93,,,football-data.co.uk,2026-09-10T16:48:43.497953+00:00
soccer_E0_2021_2021-01-01_Everton_WestHam,soccer,EPL,2020-21,,2021-01-01,Everton,West Ham,0,1,A,2.15,3.5,3.44,,,football-data.co.uk,2026-09-10T16:48:43.497953+00:00
soccer_E0_2021_2021-01-01_ManUnited_AstonVilla,soccer,EPL,2020-21,,2021-01-01,Man United,Aston Villa,2,1,H,1.74,4.42,4.14,,,football-data.co.uk,2026-09-10T16:48:43.497953+00:00
soccer_E0_2021_2021-01-02_Brighton_Wolves,soccer,EPL,2020-21,,2021-01-02,Brighton,Wolves,3,3,D,2.66,2.85,3.15,,,football-data.co.uk,2026-09-10T16:48:43.497953+00:00
soccer_E0_2021_2021-01-02_CrystalPalace_SheffieldUnited,soccer,EPL,2020-21,,2021-01-02,Crystal Palace,Sheffield United,2,0,H,2.01,3.93,3.4,,,football-data.co.uk,2026-09-10T16:48:43.497953+00:00
soccer_E0_2021_2021-01-02_Tottenham_Leeds,soccer,EPL,2020-21,,2021-01-02,Tottenham,Leeds,3,0,H,1.8,4.15,4.05,,,football-data.co.uk,2026-09-10T16:48:43.497953+00:00
soccer_E0_2021_2021-01-02_WestBrom_Arsenal,soccer,EPL,2020-21,,2021-01-02,West Brom,Arsenal,0,4,A,5.78,1.61,4.01,,,football-data.co.uk,2026-09-10T16:48:43.497953+00:00
soccer_E0_2021_2021-01-03_Chelsea_ManCity,soccer,EPL,2020-21,,2021-01-03,Chelsea,Man City,1,3,A,3.01,2.24,3.66,,,football-data.co.uk,2026-09-10T16:48:43.497953+00:00
soccer_E0_2021_2021-01-03_Newcastle_Leicester,soccer,EPL,2020-21,,2021-01-03,Newcastle,Leicester,1,2,A,5.19,1.67,3.97,,,football-data.co.uk,2026-09-10T16:48:43.497953+00:00
soccer_E0_2021_2021-01-04_Southampton_Liverpool,soccer,EPL,2020-21,,2021-01-04,Southampton,Liverpool,1,0,H,4.89,1.65,4.24,,,football-data.co.uk,2026-09-10T16:48:43.497953+00:00
soccer_E0_2021_2021-01-12_Burnley_ManUnited,soccer,EPL,2020-21,,2021-01-12,Burnley,Man United,0,1,A,7.03,1.47,4.56,,,football-data.co.uk,2026-09-10T16:48:43.497953+00:00
soccer_E0_2021_2021-01-12_SheffieldUnited_Newcastle,soccer,EPL,2020-21,,2021-01-12,Sheffield United,Newcastle,1,0,H,2.49,3.13,3.11,,,football-data.co.uk,2026-09-10T16:48:43.497953+00:00
soccer_E0_2021_2021-01-12_Wolves_Everton,soccer,EPL,2020-21,,2021-01-12,Wolves,Everton,1,2,A,2.5,3.1,3.12,,,football-data.co.uk,2026-09-10T16:48:43.497953+00:00
soccer_E0_2021_2021-01-13_ManCity_Brighton,soccer,EPL,2020-21,,2021-01-13,Man City,Brighton,1,0,H,1.18,15.78,7.48,,,football-data.co.uk,2026-09-10T16:48:43.497953+00:00
soccer_E0_2021_2021-01-13_Tottenham_Fulham,soccer,EPL,2020-21,,2021-01-13,Tottenham,Fulham,1,1,D,1.4,7.98,4.91,,,football-data.co.uk,2026-09-10T16:48:43.497953+00:00
soccer_E0_2021_2021-01-14_Arsenal_CrystalPalace,soccer,EPL,2020-21,,2021-01-14,Arsenal,Crystal Palace,0,0,D,1.55,6.37,4.1,,,football-data.co.uk,2026-09-10T16:48:43.497953+00:00
soccer_E0_2021_2021-01-16_Fulham_Chelsea,soccer,EPL,2020-21,,2021-01-16,Fulham,Chelsea,0,1,A,6.3,1.55,4.21,,,football-data.co.uk,2026-09-10T16:48:43.497953+00:00
soccer_E0_2021_2021-01-16_Leeds_Brighton,soccer,EPL,2020-21,,2021-01-16,Leeds,Brighton,0,1,A,2.17,3.31,3.57,,,football-data.co.uk,2026-09-10T16:48:43.497953+00:00
soccer_E0_2021_2021-01-16_Leicester_Southampton,soccer,EPL,2020-21,,2021-01-16,Leicester,Southampton,2,0,H,1.8,4.58,3.72,,,football-data.co.uk,2026-09-10T16:48:43.497953+00:00
soccer_E0_2021_2021-01-16_WestHam_Burnley,soccer,EPL,2020-21,,2021-01-16,West Ham,Burnley,1,0,H,1.84,4.69,3.49,,,football-data.co.uk,2026-09-10T16:48:43.497953+00:00
soccer_E0_2021_2021-01-16_Wolves_WestBrom,soccer,EPL,2020-21,,2021-01-16,Wolves,West Brom,2,3,A,1.61,6.71,3.67,,,football-data.co.uk,2026-09-10T16:48:43.497953+00:00
soccer_E0_2021_2021-01-17_Liverpool_ManUnited,soccer,EPL,2020-21,,2021-01-17,Liverpool,Man United,0,0,D,1.97,3.65,3.84,,,football-data.co.uk,2026-09-10T16:48:43.497953+00:00
soccer_E0_2021_2021-01-17_ManCity_CrystalPalace,soccer,EPL,2020-21,,2021-01-17,Man City,Crystal Palace,4,0,H,1.17,17.03,7.67,,,football-data.co.uk,2026-09-10T16:48:43.497953+00:00
soccer_E0_2021_2021-01-17_SheffieldUnited_Tottenham,soccer,EPL,2020-21,,2021-01-17,Sheffield United,Tottenham,1,3,A,5.96,1.65,3.73,,,football-data.co.uk,2026-09-10T16:48:43.497953+00:00
soccer_E0_2021_2021-01-18_Arsenal_Newcastle,soccer,EPL,2020-21,,2021-01-18,Arsenal,Newcastle,3,0,H,1.44,7.54,4.61,,,football-data.co.uk,2026-09-10T16:48:43.497953+00:00
soccer_E0_2021_2021-01-19_Leicester_Chelsea,soccer,EPL,2020-21,,2021-01-19,Leicester,Chelsea,2,0,H,2.9,2.49,3.41,,,football-data.co.uk,2026-09-10T16:48:43.497953+00:00
soccer_E0_2021_2021-01-19_WestHam_WestBrom,soccer,EPL,2020-21,,2021-01-19,West Ham,West Brom,2,1,H,1.58,6.09,4.08,,,football-data.co.uk,2026-09-10T16:48:43.497953+00:00
soccer_E0_2021_2021-01-20_Fulham_ManUnited,soccer,EPL,2020-21,,2021-01-20,Fulham,Man United,1,2,A,6.05,1.55,4.31,,,football-data.co.uk,2026-09-10T16:48:43.497953+00:00
soccer_E0_2021_2021-01-20_ManCity_AstonVilla,soccer,EPL,2020-21,,2021-01-20,Man City,Aston Villa,2,0,H,1.25,11.36,6.21,,,football-data.co.uk,2026-09-10T16:48:43.497953+00:00
soccer_E0_2021_2021-01-21_Liverpool_Burnley,soccer,EPL,2020-21,,2021-01-21,Liverpool,Burnley,0,1,A,1.2,14.89,7.05,,,football-data.co.uk,2026-09-10T16:48:43.497953+00:00
soccer_E0_2021_2021-01-23_AstonVilla_Newcastle,soccer,EPL,2020-21,,2021-01-23,Aston Villa,Newcastle,2,0,H,1.5,6.37,4.53,,,football-data.co.uk,2026-09-10T16:48:43.497953+00:00
soccer_E0_2021_2021-01-26_CrystalPalace_WestHam,soccer,EPL,2020-21,,2021-01-26,Crystal Palace,West Ham,2,3,A,3.16,2.39,3.27,,,football-data.co.uk,2026-09-10T16:48:43.497953+00:00
soccer_E0_2021_2021-01-26_Newcastle_Leeds,soccer,EPL,2020-21,,2021-01-26,Newcastle,Leeds,1,2,A,3.83,1.93,3.83,,,football-data.co.uk,2026-09-10T16:48:43.497953+00:00
soccer_E0_2021_2021-01-26_Southampton_Arsenal,soccer,EPL,2020-21,,2021-01-26,Southampton,Arsenal,1,3,A,3.49,2.09,3.6,,,football-data.co.uk,2026-09-10T16:48:43.497953+00:00
soccer_E0_2021_2021-01-26_WestBrom_ManCity,soccer,EPL,2020-21,,2021-01-26,West Brom,Man City,0,5,A,15.44,1.2,7.06,,,football-data.co.uk,2026-09-10T16:48:43.497953+00:00
soccer_E0_2021_2021-01-27_Brighton_Fulham,soccer,EPL,2020-21,,2021-01-27,Brighton,Fulham,0,0,D,2.06,3.82,3.38,,,football-data.co.uk,2026-09-10T16:48:43.497953+00:00
soccer_E0_2021_2021-01-27_Burnley_AstonVilla,soccer,EPL,2020-21,,2021-01-27,Burnley,Aston Villa,3,2,H,3.84,2.0,3.53,,,football-data.co.uk,2026-09-10T16:48:43.497953+00:00
soccer_E0_2021_2021-01-27_Chelsea_Wolves,soccer,EPL,2020-21,,2021-01-27,Chelsea,Wolves,0,0,D,1.62,5.53,4.08,,,football-data.co.uk,2026-09-10T16:48:43.497953+00:00
soccer_E0_2021_2021-01-27_Everton_Leicester,soccer,EPL,2020-21,,2021-01-27,Everton,Leicester,1,1,D,2.83,2.61,3.25,,,football-data.co.uk,2026-09-10T16:48:43.497953+00:00
soccer_E0_2021_2021-01-27_ManUnited_SheffieldUnited,soccer,EPL,2020-21,,2021-01-27,Man United,Sheffield United,1,2,A,1.28,10.6,5.94,,,football-data.co.uk,2026-09-10T16:48:43.497953+00:00
soccer_E0_2021_2021-01-28_Tottenham_Liverpool,soccer,EPL,2020-21,,2021-01-28,Tottenham,Liverpool,1,3,A,3.22,2.22,3.54,,,football-data.co.uk,2026-09-10T16:48:43.497953+00:00
soccer_E0_2021_2021-01-30_Arsenal_ManUnited,soccer,EPL,2020-21,,2021-01-30,Arsenal,Man United,0,0,D,2.86,2.51,3.4,,,football-data.co.uk,2026-09-10T16:48:43.497953+00:00
soccer_E0_2021_2021-01-30_CrystalPalace_Wolves,soccer,EPL,2020-21,,2021-01-30,Crystal Palace,Wolves,1,0,H,2.96,2.61,3.1,,,football-data.co.uk,2026-09-10T16:48:43.497953+00:00
soccer_E0_2021_2021-01-30_Everton_Newcastle,soccer,EPL,2020-21,,2021-01-30,Everton,Newcastle,0,2,A,1.59,6.27,3.95,,,football-data.co.uk,2026-09-10T16:48:43.497953+00:00
soccer_E0_2021_2021-01-30_ManCity_SheffieldUnited,soccer,EPL,2020-21,,2021-01-30,Man City,Sheffield United,1,0,H,1.13,21.73,8.75,,,football-data.co.uk,2026-09-10T16:48:43.497953+00:00
soccer_E0_2021_2021-01-30_Southampton_AstonVilla,soccer,EPL,2020-21,,2021-01-30,Southampton,Aston Villa,0,1,A,2.86,2.41,3.59,,,football-data.co.uk,2026-09-10T16:48:43.497953+00:00
soccer_E0_2021_2021-01-30_WestBrom_Fulham,soccer,EPL,2020-21,,2021-01-30,West Brom,Fulham,2,2,D,3.33,2.32,3.19,,,football-data.co.uk,2026-09-10T16:48:43.497953+00:00
soccer_E0_2021_2021-01-31_Brighton_Tottenham,soccer,EPL,2020-21,,2021-01-31,Brighton,Tottenham,1,0,H,3.12,2.35,3.36,,,football-data.co.uk,2026-09-10T16:48:43.497953+00:00
soccer_E0_2021_2021-01-31_Chelsea_Burnley,soccer,EPL,2020-21,,2021-01-31,Chelsea,Burnley,2,0,H,1.34,9.64,5.15,,,football-data.co.uk,2026-09-10T16:48:43.497953+00:00
soccer_E0_2021_2021-01-31_Leicester_Leeds,soccer,EPL,2020-21,,2021-01-31,Leicester,Leeds,1,3,A,1.82,4.11,4.02,,,football-data.co.uk,2026-09-10T16:48:43.497953+00:00
soccer_E0_2021_2021-01-31_WestHam_Liverpool,soccer,EPL,2020-21,,2021-01-31,West Ham,Liverpool,1,3,A,4.39,1.77,3.99,,,football-data.co.uk,2026-09-10T16:48:43.497953+00:00
soccer_E0_2021_2021-02-02_ManUnited_Southampton,soccer,EPL,2020-21,,2021-02-02,Man United,Southampton,9,0,H,1.44,7.22,4.73,,,football-data.co.uk,2026-09-10T16:48:43.497953+00:00
soccer_E0_2021_2021-02-02_Newcastle_CrystalPalace,soccer,EPL,2020-21,,2021-02-02,Newcastle,Crystal Palace,1,2,A,2.91,2.63,3.15,,,football-data.co.uk,2026-09-10T16:48:43.497953+00:00
soccer_E0_2021_2021-02-02_SheffieldUnited_WestBrom,soccer,EPL,2020-21,,2021-02-02,Sheffield United,West Brom,2,1,H,2.05,3.99,3.3,,,football-data.co.uk,2026-09-10T16:48:43.497953+00:00
soccer_E0_2021_2021-02-02_Wolves_Arsenal,soccer,EPL,2020-21,,2021-02-02,Wolves,Arsenal,2,1,H,3.63,2.17,3.29,,,football-data.co.uk,2026-09-10T16:48:43.497953+00:00
soccer_E0_2021_2021-02-03_AstonVilla_WestHam,soccer,EPL,2020-21,,2021-02-03,Aston Villa,West Ham,1,3,A,2.21,3.33,3.43,,,football-data.co.uk,2026-09-10T16:48:43.497953+00:00
soccer_E0_2021_2021-02-03_Burnley_ManCity,soccer,EPL,2020-21,,2021-02-03,Burnley,Man City,0,2,A,14.33,1.22,6.54,,,football-data.co.uk,2026-09-10T16:48:43.497953+00:00
soccer_E0_2021_2021-02-03_Fulham_Leicester,soccer,EPL,2020-21,,2021-02-03,Fulham,Leicester,0,2,A,4.0,1.97,3.49,,,football-data.co.uk,2026-09-10T16:48:43.497953+00:00
soccer_E0_2021_2021-02-03_Leeds_Everton,soccer,EPL,2020-21,,2021-02-03,Leeds,Everton,1,2,A,2.47,2.75,3.63,,,football-data.co.uk,2026-09-10T16:48:43.497953+00:00
soccer_E0_2021_2021-02-03_Liverpool_Brighton,soccer,EPL,2020-21,,2021-02-03,Liverpool,Brighton,0,1,A,1.36,8.38,5.23,,,football-data.co.uk,2026-09-10T16:48:43.497953+00:00
soccer_E0_2021_2021-02-04_Tottenham_Chelsea,soccer,EPL,2020-21,,2021-02-04,Tottenham,Chelsea,0,1,A,3.48,2.16,3.43,,,football-data.co.uk,2026-09-10T16:48:43.497953+00:00
soccer_E0_2021_2021-02-06_AstonVilla_Arsenal,soccer,EPL,2020-21,,2021-02-06,Aston Villa,Arsenal,1,0,H,2.74,2.56,3.47,,,football-data.co.uk,2026-09-10T16:48:43.497953+00:00
soccer_E0_2021_2021-02-06_Burnley_Brighton,soccer,EPL,2020-21,,2021-02-06,Burnley,Brighton,1,1,D,3.58,2.22,3.17,,,football-data.co.uk,2026-09-10T16:48:43.497953+00:00
soccer_E0_2021_2021-02-06_Fulham_WestHam,soccer,EPL,2020-21,,2021-02-06,Fulham,West Ham,0,0,D,3.57,2.1,3.46,,,football-data.co.uk,2026-09-10T16:48:43.497953+00:00
soccer_E0_2021_2021-02-06_ManUnited_Everton,soccer,EPL,2020-21,,2021-02-06,Man United,Everton,3,3,D,1.56,5.99,4.26,,,football-data.co.uk,2026-09-10T16:48:43.497953+00:00
soccer_E0_2021_2021-02-06_Newcastle_Southampton,soccer,EPL,2020-21,,2021-02-06,Newcastle,Southampton,3,2,H,2.99,2.47,3.27,,,football-data.co.uk,2026-09-10T16:48:43.497953+00:00
soccer_E0_2021_2021-02-07_Liverpool_ManCity,soccer,EPL,2020-21,,2021-02-07,Liverpool,Man City,1,4,A,3.37,2.12,3.63,,,football-data.co.uk,2026-09-10T16:48:43.497953+00:00
soccer_E0_2021_2021-02-07_SheffieldUnited_Chelsea,soccer,EPL,2020-21,,2021-02-07,Sheffield United,Chelsea,1,2,A,7.18,1.48,4.38,,,football-data.co.uk,2026-09-10T16:48:43.497953+00:00
soccer_E0_2021_2021-02-07_Tottenham_WestBrom,soccer,EPL,2020-21,,2021-02-07,Tottenham,West Brom,2,0,H,1.46,7.23,4.51,,,football-data.co.uk,2026-09-10T16:48:43.497953+00:00
soccer_E0_2021_2021-02-07_Wolves_Leicester,soccer,EPL,2020-21,,2021-02-07,Wolves,Leicester,0,0,D,3.52,2.16,3.37,,,football-data.co.uk,2026-09-10T16:48:43.497953+00:00
soccer_E0_2021_2021-02-08_Leeds_CrystalPalace,soccer,EPL,2020-21,,2021-02-08,Leeds,Crystal Palace,2,0,H,1.86,4.06,3.82,,,football-data.co.uk,2026-09-10T16:48:43.497953+00:00
soccer_E0_2021_2021-02-13_Brighton_AstonVilla,soccer,EPL,2020-21,,2021-02-13,Brighton,Aston Villa,0,0,D,2.77,2.56,3.4,,,football-data.co.uk,2026-09-10T16:48:43.497953+00:00
soccer_E0_2021_2021-02-13_CrystalPalace_Burnley,soccer,EPL,2020-21,,2021-02-13,Crystal Palace,Burnley,0,3,A,2.42,3.22,3.11,,,football-data.co.uk,2026-09-10T16:48:43.497953+00:00
soccer_E0_2021_2021-02-13_Leicester_Liverpool,soccer,EPL,2020-21,,2021-02-13,Leicester,Liverpool,3,1,H,3.45,2.14,3.49,,,football-data.co.uk,2026-09-10T16:48:43.497953+00:00
soccer_E0_2021_2021-02-13_ManCity_Tottenham,soccer,EPL,2020-21,,2021-02-13,Man City,Tottenham,3,0,H,1.33,8.65,5.56,,,football-data.co.uk,2026-09-10T16:48:43.497953+00:00
soccer_E0_2021_2021-02-14_Arsenal_Leeds,soccer,EPL,2020-21,,2021-02-14,Arsenal,Leeds,4,2,H,1.89,3.98,3.77,,,football-data.co.uk,2026-09-10T16:48:43.497953+00:00
soccer_E0_2021_2021-02-14_Everton_Fulham,soccer,EPL,2020-21,,2021-02-14,Everton,Fulham,0,2,A,1.93,4.09,3.53,,,football-data.co.uk,2026-09-10T16:48:43.497953+00:00
soccer_E0_2021_2021-02-14_Southampton_Wolves,soccer,EPL,2020-21,,2021-02-14,Southampton,Wolves,1,2,A,2.42,3.12,3.21,,,football-data.co.uk,2026-09-10T16:48:43.497953+00:00
soccer_E0_2021_2021-02-14_WestBrom_ManUnited,soccer,EPL,2020-21,,2021-02-14,West Brom,Man United,1,1,D,9.19,1.33,5.52,,,football-data.co.uk,2026-09-10T16:48:43.497953+00:00
soccer_E0_2021_2021-02-15_Chelsea_Newcastle,soccer,EPL,2020-21,,2021-02-15,Chelsea,Newcastle,2,0,H,1.24,11.97,6.36,,,football-data.co.uk,2026-09-10T16:48:43.497953+00:00
soccer_E0_2021_2021-02-15_WestHam_SheffieldUnited,soccer,EPL,2020-21,,2021-02-15,West Ham,Sheffield United,3,0,H,1.73,5.04,3.74,,,football-data.co.uk,2026-09-10T16:48:43.497953+00:00
soccer_E0_2021_2021-02-17_Burnley_Fulham,soccer,EPL,2020-21,,2021-02-17,Burnley,Fulham,1,1,D,2.77,2.72,3.15,,,football-data.co.uk,2026-09-10T16:48:43.497953+00:00
soccer_E0_2021_2021-02-17_Everton_ManCity,soccer,EPL,2020-21,,2021-02-17,Everton,Man City,1,3,A,8.56,1.35,5.33,,,football-data.co.uk,2026-09-10T16:48:43.497953+00:00
soccer_E0_2021_2021-02-19_Wolves_Leeds,soccer,EPL,2020-21,,2021-02-19,Wolves,Leeds,1,0,H,2.38,3.08,3.36,,,football-data.co.uk,2026-09-10T16:48:43.497953+00:00
soccer_E0_2021_2021-02-20_Burnley_WestBrom,soccer,EPL,2020-21,,2021-02-20,Burnley,West Brom,0,0,D,2.04,3.96,3.31,,,football-data.co.uk,2026-09-10T16:48:43.497953+00:00
soccer_E0_2021_2021-02-20_Fulham_SheffieldUnited,soccer,EPL,2020-21,,2021-02-20,Fulham,Sheffield United,1,0,H,2.2,3.61,3.19,,,football-data.co.uk,2026-09-10T16:48:43.497953+00:00
soccer_E0_2021_2021-02-20_Liverpool_Everton,soccer,EPL,2020-21,,2021-02-20,Liverpool,Everton,0,2,A,1.47,6.79,4.59,,,football-data.co.uk,2026-09-10T16:48:43.497953+00:00
soccer_E0_2021_2021-02-20_Southampton_Chelsea,soccer,EPL,2020-21,,2021-02-20,Southampton,Chelsea,1,1,D,4.93,1.74,3.76,,,football-data.co.uk,2026-09-10T16:48:43.497953+00:00
soccer_E0_2021_2021-02-21_Arsenal_ManCity,soccer,EPL,2020-21,,2021-02-21,Arsenal,Man City,0,1,A,6.27,1.53,4.36,,,football-data.co.uk,2026-09-10T16:48:43.497953+00:00
soccer_E0_2021_2021-02-21_AstonVilla_Leicester,soccer,EPL,2020-21,,2021-02-21,Aston Villa,Leicester,1,2,A,2.87,2.44,3.5,,,football-data.co.uk,2026-09-10T16:48:43.497953+00:00
soccer_E0_2021_2021-02-21_ManUnited_Newcastle,soccer,EPL,2020-21,,2021-02-21,Man United,Newcastle,3,1,H,1.3,10.27,5.75,,,football-data.co.uk,2026-09-10T16:48:43.497953+00:00
soccer_E0_2021_2021-02-21_WestHam_Tottenham,soccer,EPL,2020-21,,2021-02-21,West Ham,Tottenham,2,1,H,2.64,2.73,3.33,,,football-data.co.uk,2026-09-10T16:48:43.497953+00:00
soccer_E0_2021_2021-02-22_Brighton_CrystalPalace,soccer,EPL,2020-21,,2021-02-22,Brighton,Crystal Palace,1,2,A,1.74,5.36,3.53,,,football-data.co.uk,2026-09-10T16:48:43.497953+00:00
soccer_E0_2021_2021-02-23_Leeds_Southampton,soccer,EPL,2020-21,,2021-02-23,Leeds,Southampton,3,0,H,2.34,3.06,3.47,,,football-data.co.uk,2026-09-10T16:48:43.497953+00:00
soccer_E0_2021_2021-02-27_Leeds_AstonVilla,soccer,EPL,2020-21,,2021-02-27,Leeds,Aston Villa,0,1,A,2.23,3.12,3.63,,,football-data.co.uk,2026-09-10T16:48:43.497953+00:00
soccer_E0_2021_2021-02-27_ManCity_WestHam,soccer,EPL,2020-21,,2021-02-27,Man City,West Ham,2,1,H,1.23,12.55,6.55,,,football-data.co.uk,2026-09-10T16:48:43.497953+00:00
soccer_E0_2021_2021-02-27_Newcastle_Wolves,soccer,EPL,2020-21,,2021-02-27,Newcastle,Wolves,1,1,D,3.51,2.28,3.12,,,football-data.co.uk,2026-09-10T16:48:43.497953+00:00
soccer_E0_2021_2021-02-27_WestBrom_Brighton,soccer,EPL,2020-21,,2021-02-27,West Brom,Brighton,1,0,H,4.14,1.96,3.44,,,football-data.co.uk,2026-09-10T16:48:43.497953+00:00
soccer_E0_2021_2021-02-28_Chelsea_ManUnited,soccer,EPL,2020-21,,2021-02-28,Chelsea,Man United,0,0,D,2.27,3.35,3.29,,,football-data.co.uk,2026-09-10T16:48:43.497953+00:00
soccer_E0_2021_2021-02-28_CrystalPalace_Fulham,soccer,EPL,2020-21,,2021-02-28,Crystal Palace,Fulham,0,0,D,3.49,2.26,3.17,,,football-data.co.uk,2026-09-10T16:48:43.497953+00:00
soccer_E0_2021_2021-02-28_Leicester_Arsenal,soccer,EPL,2020-21,,2021-02-28,Leicester,Arsenal,1,3,A,2.51,2.89,3.34,,,football-data.co.uk,2026-09-10T16:48:43.497953+00:00
soccer_E0_2021_2021-02-28_SheffieldUnited_Liverpool,soccer,EPL,2020-21,,2021-02-28,Sheffield United,Liverpool,0,2,A,7.56,1.41,4.94,,,football-data.co.uk,2026-09-10T16:48:43.497953+00:00
soccer_E0_2021_2021-02-28_Tottenham_Burnley,soccer,EPL,2020-21,,2021-02-28,Tottenham,Burnley,4,0,H,1.55,6.66,4.04,,,football-data.co.uk,2026-09-10T16:48:43.497953+00:00
soccer_E0_2021_2021-03-01_Everton_Southampton,soccer,EPL,2020-21,,2021-03-01,Everton,Southampton,1,0,H,2.19,3.34,3.45,,,football-data.co.uk,2026-09-10T16:48:43.497953+00:00
soccer_E0_2021_2021-03-02_ManCity_Wolves,soccer,EPL,2020-21,,2021-03-02,Man City,Wolves,4,1,H,1.22,15.26,6.41,,,football-data.co.uk,2026-09-10T16:48:43.497953+00:00
soccer_E0_2021_2021-03-03_Burnley_Leicester,soccer,EPL,2020-21,,2021-03-03,Burnley,Leicester,1,1,D,3.97,2.05,3.3,,,football-data.co.uk,2026-09-10T16:48:43.497953+00:00
soccer_E0_2021_2021-03-03_CrystalPalace_ManUnited,soccer,EPL,2020-21,,2021-03-03,Crystal Palace,Man United,0,0,D,7.56,1.44,4.6,,,football-data.co.uk,2026-09-10T16:48:43.497953+00:00
soccer_E0_2021_2021-03-03_SheffieldUnited_AstonVilla,soccer,EPL,2020-21,,2021-03-03,Sheffield United,Aston Villa,1,0,H,3.73,2.07,3.44,,,football-data.co.uk,2026-09-10T16:48:43.497953+00:00
soccer_E0_2021_2021-03-04_Fulham_Tottenham,soccer,EPL,2020-21,,2021-03-04,Fulham,Tottenham,0,1,A,3.95,1.96,3.57,,,football-data.co.uk,2026-09-10T16:48:43.497953+00:00
soccer_E0_2021_2021-03-04_Liverpool_Chelsea,soccer,EPL,2020-21,,2021-03-04,Liverpool,Chelsea,0,1,A,2.26,3.1,3.59,,,football-data.co.uk,2026-09-10T16:48:43.497953+00:00
soccer_E0_2021_2021-03-04_WestBrom_Everton,soccer,EPL,2020-21,,2021-03-04,West Brom,Everton,0,1,A,4.43,1.84,3.67,,,football-data.co.uk,2026-09-10T16:48:43.497953+00:00
soccer_E0_2021_2021-03-06_AstonVilla_Wolves,soccer,EPL,2020-21,,2021-03-06,Aston Villa,Wolves,0,0,D,2.42,3.14,3.2,,,football-data.co.uk,2026-09-10T16:48:43.497953+00:00
soccer_E0_2021_2021-03-06_Brighton_Leicester,soccer,EPL,2020-21,,2021-03-06,Brighton,Leicester,1,2,A,2.56,2.9,3.24,,,football-data.co.uk,2026-09-10T16:48:43.497953+00:00
soccer_E0_2021_2021-03-06_Burnley_Arsenal,soccer,EPL,2020-21,,2021-03-06,Burnley,Arsenal,1,1,D,5.48,1.64,3.94,,,football-data.co.uk,2026-09-10T16:48:43.497953+00:00
soccer_E0_2021_2021-03-06_SheffieldUnited_Southampton,soccer,EPL,2020-21,,2021-03-06,Sheffield United,Southampton,0,2,A,3.67,2.09,3.4,,,football-data.co.uk,2026-09-10T16:48:43.497953+00:00
soccer_E0_2021_2021-03-07_Liverpool_Fulham,soccer,EPL,2020-21,,2021-03-07,Liverpool,Fulham,0,1,A,1.38,8.39,4.98,,,football-data.co.uk,2026-09-10T16:48:43.497953+00:00
soccer_E0_2021_2021-03-07_ManCity_ManUnited,soccer,EPL,2020-21,,2021-03-07,Man City,Man United,0,2,A,1.5,6.74,4.35,,,football-data.co.uk,2026-09-10T16:48:43.497953+00:00
soccer_E0_2021_2021-03-07_Tottenham_CrystalPalace,soccer,EPL,2020-21,,2021-03-07,Tottenham,Crystal Palace,4,1,H,1.47,7.11,4.48,,,football-data.co.uk,2026-09-10T16:48:43.497953+00:00
soccer_E0_2021_2021-03-07_WestBrom_Newcastle,soccer,EPL,2020-21,,2021-03-07,West Brom,Newcastle,0,0,D,2.45,3.09,3.2,,,football-data.co.uk,2026-09-10T16:48:43.497953+00:00
soccer_E0_2021_2021-03-08_Chelsea_Everton,soccer,EPL,2020-21,,2021-03-08,Chelsea,Everton,2,0,H,1.55,6.29,4.14,,,football-data.co.uk,2026-09-10T16:48:43.497953+00:00
soccer_E0_2021_2021-03-08_WestHam_Leeds,soccer,EPL,2020-21,,2021-03-08,West Ham,Leeds,2,0,H,2.09,3.46,3.59,,,football-data.co.uk,2026-09-10T16:48:43.497953+00:00
soccer_E0_2021_2021-03-10_ManCity_Southampton,soccer,EPL,2020-21,,2021-03-10,Man City,Southampton,5,2,H,1.21,14.17,6.91,,,football-data.co.uk,2026-09-10T16:48:43.497953+00:00
soccer_E0_2021_2021-03-12_Newcastle_AstonVilla,soccer,EPL,2020-21,,2021-03-12,Newcastle,Aston Villa,1,1,D,3.8,2.09,3.33,,,football-data.co.uk,2026-09-10T16:48:43.497953+00:00
soccer_E0_2021_2021-03-13_CrystalPalace_WestBrom,soccer,EPL,2020-21,,2021-03-13,Crystal Palace,West Brom,1,0,H,2.24,3.55,3.17,,,football-data.co.uk,2026-09-10T16:48:43.497953+00:00
soccer_E0_2021_2021-03-13_Everton_Burnley,soccer,EPL,2020-21,,2021-03-13,Everton,Burnley,1,2,A,1.88,4.42,3.49,,,football-data.co.uk,2026-09-10T16:48:43.497953+00:00
soccer_E0_2021_2021-03-13_Fulham_ManCity,soccer,EPL,2020-21,,2021-03-13,Fulham,Man City,0,3,A,9.63,1.35,4.98,,,football-data.co.uk,2026-09-10T16:48:43.497953+00:00
soccer_E0_2021_2021-03-13_Leeds_Chelsea,soccer,EPL,2020-21,,2021-03-13,Leeds,Chelsea,0,0,D,4.57,1.76,3.9,,,football-data.co.uk,2026-09-10T16:48:43.497953+00:00
soccer_E0_2021_2021-03-14_Arsenal_Tottenham,soccer,EPL,2020-21,,2021-03-14,Arsenal,Tottenham,2,1,H,2.56,2.82,3.34,,,football-data.co.uk,2026-09-10T16:48:43.497953+00:00
soccer_E0_2021_2021-03-14_Leicester_SheffieldUnited,soccer,EPL,2020-21,,2021-03-14,Leicester,Sheffield United,5,0,H,1.54,6.6,4.12,,,football-data.co.uk,2026-09-10T16:48:43.497953+00:00
soccer_E0_2021_2021-03-14_ManUnited_WestHam,soccer,EPL,2020-21,,2021-03-14,Man United,West Ham,1,0,H,1.86,4.42,3.57,,,football-data.co.uk,2026-09-10T16:48:43.497953+00:00
soccer_E0_2021_2021-03-14_Southampton_Brighton,soccer,EPL,2020-21,,2021-03-14,Southampton,Brighton,1,2,A,2.98,2.6,3.07,,,football-data.co.uk,2026-09-10T16:48:43.497953+00:00
soccer_E0_2021_2021-03-15_Wolves_Liverpool,soccer,EPL,2020-21,,2021-03-15,Wolves,Liverpool,0,1,A,4.81,1.76,3.74,,,football-data.co.uk,2026-09-10T16:48:43.497953+00:00
soccer_E0_2021_2021-03-19_Fulham_Leeds,soccer,EPL,2020-21,,2021-03-19,Fulham,Leeds,1,2,A,2.43,3.0,3.35,,,football-data.co.uk,2026-09-10T16:48:43.497953+00:00
soccer_E0_2021_2021-03-20_Brighton_Newcastle,soccer,EPL,2020-21,,2021-03-20,Brighton,Newcastle,3,0,H,1.66,6.24,3.54,,,football-data.co.uk,2026-09-10T16:48:43.497953+00:00
soccer_E0_2021_2021-03-21_AstonVilla_Tottenham,soccer,EPL,2020-21,,2021-03-21,Aston Villa,Tottenham,0,2,A,2.97,2.42,3.38,,,football-data.co.uk,2026-09-10T16:48:43.497953+00:00
soccer_E0_2021_2021-03-21_WestHam_Arsenal,soccer,EPL,2020-21,,2021-03-21,West Ham,Arsenal,3,3,D,2.83,2.5,3.43,,,football-data.co.uk,2026-09-10T16:48:43.497953+00:00
soccer_E0_2021_2021-04-03_Arsenal_Liverpool,soccer,EPL,2020-21,,2021-04-03,Arsenal,Liverpool,0,3,A,3.13,2.26,3.56,,,football-data.co.uk,2026-09-10T16:48:43.497953+00:00
soccer_E0_2021_2021-04-03_Chelsea_WestBrom,soccer,EPL,2020-21,,2021-04-03,Chelsea,West Brom,2,5,A,1.22,14.99,6.33,,,football-data.co.uk,2026-09-10T16:48:43.497953+00:00
soccer_E0_2021_2021-04-03_Leeds_SheffieldUnited,soccer,EPL,2020-21,,2021-04-03,Leeds,Sheffield United,2,1,H,1.52,6.36,4.4,,,football-data.co.uk,2026-09-10T16:48:43.497953+00:00
soccer_E0_2021_2021-04-03_Leicester_ManCity,soccer,EPL,2020-21,,2021-04-03,Leicester,Man City,0,2,A,6.16,1.57,4.07,,,football-data.co.uk,2026-09-10T16:48:43.497953+00:00
soccer_E0_2021_2021-04-04_AstonVilla_Fulham,soccer,EPL,2020-21,,2021-04-04,Aston Villa,Fulham,3,1,H,2.28,3.32,3.29,,,football-data.co.uk,2026-09-10T16:48:43.497953+00:00
soccer_E0_2021_2021-04-04_ManUnited_Brighton,soccer,EPL,2020-21,,2021-04-04,Man United,Brighton,2,1,H,1.64,5.39,3.97,,,football-data.co.uk,2026-09-10T16:48:43.497953+00:00
soccer_E0_2021_2021-04-04_Newcastle_Tottenham,soccer,EPL,2020-21,,2021-04-04,Newcastle,Tottenham,2,2,D,5.56,1.62,4.03,,,football-data.co.uk,2026-09-10T16:48:43.497953+00:00
soccer_E0_2021_2021-04-04_Southampton_Burnley,soccer,EPL,2020-21,,2021-04-04,Southampton,Burnley,3,2,H,2.1,3.78,3.29,,,football-data.co.uk,2026-09-10T16:48:43.497953+00:00
soccer_E0_2021_2021-04-05_Everton_CrystalPalace,soccer,EPL,2020-21,,2021-04-05,Everton,Crystal Palace,1,1,D,1.8,4.91,3.46,,,football-data.co.uk,2026-09-10T16:48:43.497953+00:00
soccer_E0_2021_2021-04-05_Wolves_WestHam,soccer,EPL,2020-21,,2021-04-05,Wolves,West Ham,2,3,A,2.95,2.58,3.13,,,football-data.co.uk,2026-09-10T16:48:43.497953+00:00
soccer_E0_2021_2021-04-09_Fulham_Wolves,soccer,EPL,2020-21,,2021-04-09,Fulham,Wolves,0,1,A,2.57,3.14,3.01,,,football-data.co.uk,2026-09-10T16:48:43.497953+00:00
soccer_E0_2021_2021-04-10_CrystalPalace_Chelsea,soccer,EPL,2020-21,,2021-04-10,Crystal Palace,Chelsea,1,4,A,6.95,1.54,3.98,,,football-data.co.uk,2026-09-10T16:48:43.497953+00:00
soccer_E0_2021_2021-04-10_Liverpool_AstonVilla,soccer,EPL,2020-21,,2021-04-10,Liverpool,Aston Villa,2,1,H,1.52,6.22,4.51,,,football-data.co.uk,2026-09-10T16:48:43.497953+00:00
soccer_E0_2021_2021-04-10_ManCity_Leeds,soccer,EPL,2020-21,,2021-04-10,Man City,Leeds,1,2,A,1.3,9.56,5.92,,,football-data.co.uk,2026-09-10T16:48:43.497953+00:00
soccer_E0_2021_2021-04-11_Burnley_Newcastle,soccer,EPL,2020-21,,2021-04-11,Burnley,Newcastle,1,2,A,2.34,3.39,3.12,,,football-data.co.uk,2026-09-10T16:48:43.497953+00:00
soccer_E0_2021_2021-04-11_SheffieldUnited_Arsenal,soccer,EPL,2020-21,,2021-04-11,Sheffield United,Arsenal,0,3,A,6.15,1.59,3.97,,,football-data.co.uk,2026-09-10T16:48:43.497953+00:00
soccer_E0_2021_2021-04-11_Tottenham_ManUnited,soccer,EPL,2020-21,,2021-04-11,Tottenham,Man United,1,3,A,2.87,2.49,3.44,,,football-data.co.uk,2026-09-10T16:48:43.497953+00:00
soccer_E0_2021_2021-04-11_WestHam_Leicester,soccer,EPL,2020-21,,2021-04-11,West Ham,Leicester,3,2,H,3.01,2.41,3.38,,,football-data.co.uk,2026-09-10T16:48:43.497953+00:00
soccer_E0_2021_2021-04-12_Brighton_Everton,soccer,EPL,2020-21,,2021-04-12,Brighton,Everton,0,0,D,2.3,3.31,3.26,,,football-data.co.uk,2026-09-10T16:48:43.497953+00:00
soccer_E0_2021_2021-04-12_WestBrom_Southampton,soccer,EPL,2020-21,,2021-04-12,West Brom,Southampton,3,0,H,3.55,2.19,3.28,,,football-data.co.uk,2026-09-10T16:48:43.497953+00:00
soccer_E0_2021_2021-04-16_Everton_Tottenham,soccer,EPL,2020-21,,2021-04-16,Everton,Tottenham,2,2,D,3.42,2.17,3.47,,,football-data.co.uk,2026-09-10T16:48:43.497953+00:00
soccer_E0_2021_2021-04-17_Newcastle_WestHam,soccer,EPL,2020-21,,2021-04-17,Newcastle,West Ham,3,2,H,3.65,2.08,3.45,,,football-data.co.uk,2026-09-10T16:48:43.497953+00:00
soccer_E0_2021_2021-04-17_Wolves_SheffieldUnited,soccer,EPL,2020-21,,2021-04-17,Wolves,Sheffield United,1,0,H,1.69,5.81,3.55,,,football-data.co.uk,2026-09-10T16:48:43.497953+00:00
soccer_E0_2021_2021-04-18_Arsenal_Fulham,soccer,EPL,2020-21,,2021-04-18,Arsenal,Fulham,1,1,D,1.75,4.91,3.72,,,football-data.co.uk,2026-09-10T16:48:43.497953+00:00
soccer_E0_2021_2021-04-18_ManUnited_Burnley,soccer,EPL,2020-21,,2021-04-18,Man United,Burnley,3,1,H,1.36,9.25,5.05,,,football-data.co.uk,2026-09-10T16:48:43.497953+00:00
soccer_E0_2021_2021-04-19_Leeds_Liverpool,soccer,EPL,2020-21,,2021-04-19,Leeds,Liverpool,1,1,D,4.7,1.68,4.26,,,football-data.co.uk,2026-09-10T16:48:43.497953+00:00
soccer_E0_2021_2021-04-20_Chelsea_Brighton,soccer,EPL,2020-21,,2021-04-20,Chelsea,Brighton,0,0,D,1.61,6.26,3.85,,,football-data.co.uk,2026-09-10T16:48:43.497953+00:00
soccer_E0_2021_2021-04-21_AstonVilla_ManCity,soccer,EPL,2020-21,,2021-04-21,Aston Villa,Man City,1,2,A,8.68,1.38,4.88,,,football-data.co.uk,2026-09-10T16:48:43.497953+00:00
soccer_E0_2021_2021-04-21_Tottenham_Southampton,soccer,EPL,2020-21,,2021-04-21,Tottenham,Southampton,2,1,H,1.8,4.42,3.79,,,football-data.co.uk,2026-09-10T16:48:43.497953+00:00
soccer_E0_2021_2021-04-22_Leicester_WestBrom,soccer,EPL,2020-21,,2021-04-22,Leicester,West Brom,3,0,H,1.59,5.94,4.08,,,football-data.co.uk,2026-09-10T16:48:43.497953+00:00
soccer_E0_2021_2021-04-23_Arsenal_Everton,soccer,EPL,2020-21,,2021-04-23,Arsenal,Everton,0,1,A,2.06,3.77,3.46,,,football-data.co.uk,2026-09-10T16:48:43.497953+00:00
soccer_E0_2021_2021-04-24_Liverpool_Newcastle,soccer,EPL,2020-21,,2021-04-24,Liverpool,Newcastle,1,1,D,1.24,12.06,6.38,,,football-data.co.uk,2026-09-10T16:48:43.497953+00:00
soccer_E0_2021_2021-04-24_SheffieldUnited_Brighton,soccer,EPL,2020-21,,2021-04-24,Sheffield United,Brighton,1,0,H,5.33,1.74,3.56,,,football-data.co.uk,2026-09-10T16:48:43.497953+00:00
soccer_E0_2021_2021-04-24_WestHam_Chelsea,soccer,EPL,2020-21,,2021-04-24,West Ham,Chelsea,0,1,A,4.74,1.77,3.75,,,football-data.co.uk,2026-09-10T16:48:43.497953+00:00
soccer_E0_2021_2021-04-25_AstonVilla_WestBrom,soccer,EPL,2020-21,,2021-04-25,Aston Villa,West Brom,2,2,D,1.88,4.19,3.67,,,football-data.co.uk,2026-09-10T16:48:43.497953+00:00
soccer_E0_2021_2021-04-25_Leeds_ManUnited,soccer,EPL,2020-21,,2021-04-25,Leeds,Man United,0,0,D,4.05,1.82,4.05,,,football-data.co.uk,2026-09-10T16:48:43.497953+00:00
soccer_E0_2021_2021-04-25_Wolves_Burnley,soccer,EPL,2020-21,,2021-04-25,Wolves,Burnley,0,4,A,2.07,3.88,3.31,,,football-data.co.uk,2026-09-10T16:48:43.497953+00:00
soccer_E0_2021_2021-04-26_Leicester_CrystalPalace,soccer,EPL,2020-21,,2021-04-26,Leicester,Crystal Palace,2,1,H,1.47,7.71,4.26,,,football-data.co.uk,2026-09-10T16:48:43.497953+00:00
soccer_E0_2021_2021-04-30_Southampton_Leicester,soccer,EPL,2020-21,,2021-04-30,Southampton,Leicester,1,1,D,3.82,1.94,3.81,,,football-data.co.uk,2026-09-10T16:48:43.497953+00:00
soccer_E0_2021_2021-05-01_Brighton_Leeds,soccer,EPL,2020-21,,2021-05-01,Brighton,Leeds,2,0,H,2.16,3.43,3.45,,,football-data.co.uk,2026-09-10T16:48:43.497953+00:00
soccer_E0_2021_2021-05-01_Chelsea_Fulham,soccer,EPL,2020-21,,2021-05-01,Chelsea,Fulham,2,0,H,1.48,7.59,4.27,,,football-data.co.uk,2026-09-10T16:48:43.497953+00:00
soccer_E0_2021_2021-05-01_CrystalPalace_ManCity,soccer,EPL,2020-21,,2021-05-01,Crystal Palace,Man City,0,2,A,10.1,1.34,5.14,,,football-data.co.uk,2026-09-10T16:48:43.497953+00:00
soccer_E0_2021_2021-05-01_Everton_AstonVilla,soccer,EPL,2020-21,,2021-05-01,Everton,Aston Villa,1,2,A,2.02,3.69,3.62,,,football-data.co.uk,2026-09-10T16:48:43.497953+00:00
soccer_E0_2021_2021-05-02_Newcastle_Arsenal,soccer,EPL,2020-21,,2021-05-02,Newcastle,Arsenal,0,2,A,3.64,2.05,3.57,,,football-data.co.uk,2026-09-10T16:48:43.497953+00:00
soccer_E0_2021_2021-05-02_Tottenham_SheffieldUnited,soccer,EPL,2020-21,,2021-05-02,Tottenham,Sheffield United,4,0,H,1.29,11.16,5.73,,,football-data.co.uk,2026-09-10T16:48:43.497953+00:00
soccer_E0_2021_2021-05-03_Burnley_WestHam,soccer,EPL,2020-21,,2021-05-03,Burnley,West Ham,1,2,A,3.17,2.26,3.49,,,football-data.co.uk,2026-09-10T16:48:43.497953+00:00
soccer_E0_2021_2021-05-03_WestBrom_Wolves,soccer,EPL,2020-21,,2021-05-03,West Brom,Wolves,1,1,D,2.91,2.58,3.19,,,football-data.co.uk,2026-09-10T16:48:43.497953+00:00
soccer_E0_2021_2021-05-07_Leicester_Newcastle,soccer,EPL,2020-21,,2021-05-07,Leicester,Newcastle,2,4,A,1.42,7.83,4.8,,,football-data.co.uk,2026-09-10T16:48:43.497953+00:00
soccer_E0_2021_2021-05-08_Leeds_Tottenham,soccer,EPL,2020-21,,2021-05-08,Leeds,Tottenham,3,1,H,3.46,2.04,3.8,,,football-data.co.uk,2026-09-10T16:48:43.497953+00:00
soccer_E0_2021_2021-05-08_Liverpool_Southampton,soccer,EPL,2020-21,,2021-05-08,Liverpool,Southampton,2,0,H,1.29,10.14,5.97,,,football-data.co.uk,2026-09-10T16:48:43.497953+00:00
soccer_E0_2021_2021-05-08_ManCity_Chelsea,soccer,EPL,2020-21,,2021-05-08,Man City,Chelsea,1,2,A,1.94,4.26,3.45,,,football-data.co.uk,2026-09-10T16:48:43.497953+00:00
soccer_E0_2021_2021-05-08_SheffieldUnited_CrystalPalace,soccer,EPL,2020-21,,2021-05-08,Sheffield United,Crystal Palace,0,2,A,2.97,2.52,3.25,,,football-data.co.uk,2026-09-10T16:48:43.497953+00:00
soccer_E0_2021_2021-05-09_Arsenal_WestBrom,soccer,EPL,2020-21,,2021-05-09,Arsenal,West Brom,3,1,H,1.47,7.01,4.53,,,football-data.co.uk,2026-09-10T16:48:43.497953+00:00
soccer_E0_2021_2021-05-09_AstonVilla_ManUnited,soccer,EPL,2020-21,,2021-05-09,Aston Villa,Man United,1,3,A,4.38,1.82,3.81,,,football-data.co.uk,2026-09-10T16:48:43.497953+00:00
soccer_E0_2021_2021-05-09_WestHam_Everton,soccer,EPL,2020-21,,2021-05-09,West Ham,Everton,0,1,A,2.27,3.22,3.44,,,football-data.co.uk,2026-09-10T16:48:43.497953+00:00
soccer_E0_2021_2021-05-09_Wolves_Brighton,soccer,EPL,2020-21,,2021-05-09,Wolves,Brighton,2,1,H,3.35,2.27,3.3,,,football-data.co.uk,2026-09-10T16:48:43.497953+00:00
soccer_E0_2021_2021-05-10_Fulham_Burnley,soccer,EPL,2020-21,,2021-05-10,Fulham,Burnley,0,2,A,2.21,3.35,3.41,,,football-data.co.uk,2026-09-10T16:48:43.497953+00:00
soccer_E0_2021_2021-05-11_ManUnited_Leicester,soccer,EPL,2020-21,,2021-05-11,Man United,Leicester,1,2,A,2.54,2.88,3.37,,,football-data.co.uk,2026-09-10T16:48:43.497953+00:00
soccer_E0_2021_2021-05-11_Southampton_CrystalPalace,soccer,EPL,2020-21,,2021-05-11,Southampton,Crystal Palace,3,1,H,2.1,3.56,3.56,,,football-data.co.uk,2026-09-10T16:48:43.497953+00:00
soccer_E0_2021_2021-05-12_Chelsea_Arsenal,soccer,EPL,2020-21,,2021-05-12,Chelsea,Arsenal,0,1,A,1.73,5.04,3.8,,,football-data.co.uk,2026-09-10T16:48:43.497953+00:00
soccer_E0_2021_2021-05-13_AstonVilla_Everton,soccer,EPL,2020-21,,2021-05-13,Aston Villa,Everton,0,0,D,2.72,2.61,3.44,,,football-data.co.uk,2026-09-10T16:48:43.497953+00:00
soccer_E0_2021_2021-05-13_ManUnited_Liverpool,soccer,EPL,2020-21,,2021-05-13,Man United,Liverpool,2,4,A,3.15,2.18,3.76,,,football-data.co.uk,2026-09-10T16:48:43.497953+00:00
soccer_E0_2021_2021-05-14_Newcastle_ManCity,soccer,EPL,2020-21,,2021-05-14,Newcastle,Man City,3,4,A,10.52,1.3,5.8,,,football-data.co.uk,2026-09-10T16:48:43.497953+00:00
soccer_E0_2021_2021-05-15_Brighton_WestHam,soccer,EPL,2020-21,,2021-05-15,Brighton,West Ham,1,1,D,2.98,2.39,3.49,,,football-data.co.uk,2026-09-10T16:48:43.497953+00:00
soccer_E0_2021_2021-05-15_Burnley_Leeds,soccer,EPL,2020-21,,2021-05-15,Burnley,Leeds,0,4,A,3.14,2.23,3.64,,,football-data.co.uk,2026-09-10T16:48:43.497953+00:00
soccer_E0_2021_2021-05-15_Southampton_Fulham,soccer,EPL,2020-21,,2021-05-15,Southampton,Fulham,3,1,H,2.02,3.73,3.58,,,football-data.co.uk,2026-09-10T16:48:43.497953+00:00
soccer_E0_2021_2021-05-16_CrystalPalace_AstonVilla,soccer,EPL,2020-21,,2021-05-16,Crystal Palace,Aston Villa,3,2,H,3.05,2.33,3.5,,,football-data.co.uk,2026-09-10T16:48:43.497953+00:00
soccer_E0_2021_2021-05-16_Everton_SheffieldUnited,soccer,EPL,2020-21,,2021-05-16,Everton,Sheffield United,0,1,A,1.4,8.34,4.73,,,football-data.co.uk,2026-09-10T16:48:43.497953+00:00
soccer_E0_2021_2021-05-16_Tottenham_Wolves,soccer,EPL,2020-21,,2021-05-16,Tottenham,Wolves,2,0,H,1.54,6.27,4.28,,,football-data.co.uk,2026-09-10T16:48:43.497953+00:00
soccer_E0_2021_2021-05-16_WestBrom_Liverpool,soccer,EPL,2020-21,,2021-05-16,West Brom,Liverpool,1,2,A,12.37,1.23,6.75,,,football-data.co.uk,2026-09-10T16:48:43.497953+00:00
soccer_E0_2021_2021-05-18_Brighton_ManCity,soccer,EPL,2020-21,,2021-05-18,Brighton,Man City,3,2,H,6.93,1.49,4.49,,,football-data.co.uk,2026-09-10T16:48:43.497953+00:00
soccer_E0_2021_2021-05-18_Chelsea_Leicester,soccer,EPL,2020-21,,2021-05-18,Chelsea,Leicester,2,1,H,1.72,5.37,3.71,,,football-data.co.uk,2026-09-10T16:48:43.497953+00:00
soccer_E0_2021_2021-05-18_ManUnited_Fulham,soccer,EPL,2020-21,,2021-05-18,Man United,Fulham,1,1,D,1.32,9.38,5.71,,,football-data.co.uk,2026-09-10T16:48:43.497953+00:00
soccer_E0_2021_2021-05-18_Southampton_Leeds,soccer,EPL,2020-21,,2021-05-18,Southampton,Leeds,0,2,A,2.6,2.54,3.81,,,football-data.co.uk,2026-09-10T16:48:43.497953+00:00
soccer_E0_2021_2021-05-19_Burnley_Liverpool,soccer,EPL,2020-21,,2021-05-19,Burnley,Liverpool,0,3,A,10.82,1.25,6.67,,,football-data.co.uk,2026-09-10T16:48:43.497953+00:00
soccer_E0_2021_2021-05-19_CrystalPalace_Arsenal,soccer,EPL,2020-21,,2021-05-19,Crystal Palace,Arsenal,1,3,A,6.14,1.53,4.41,,,football-data.co.uk,2026-09-10T16:48:43.497953+00:00
soccer_E0_2021_2021-05-19_Everton_Wolves,soccer,EPL,2020-21,,2021-05-19,Everton,Wolves,1,0,H,1.89,4.25,3.61,,,football-data.co.uk,2026-09-10T16:48:43.497953+00:00
soccer_E0_2021_2021-05-19_Newcastle_SheffieldUnited,soccer,EPL,2020-21,,2021-05-19,Newcastle,Sheffield United,1,0,H,1.75,4.75,3.83,,,football-data.co.uk,2026-09-10T16:48:43.497953+00:00
soccer_E0_2021_2021-05-19_Tottenham_AstonVilla,soccer,EPL,2020-21,,2021-05-19,Tottenham,Aston Villa,1,2,A,1.53,5.85,4.65,,,football-data.co.uk,2026-09-10T16:48:43.497953+00:00
soccer_E0_2021_2021-05-19_WestBrom_WestHam,soccer,EPL,2020-21,,2021-05-19,West Brom,West Ham,1,3,A,5.26,1.62,4.25,,,football-data.co.uk,2026-09-10T16:48:43.497953+00:00
soccer_E0_2021_2021-05-23_Arsenal_Brighton,soccer,EPL,2020-21,,2021-05-23,Arsenal,Brighton,2,0,H,1.62,5.23,4.29,,,football-data.co.uk,2026-09-10T16:48:43.497953+00:00
soccer_E0_2021_2021-05-23_AstonVilla_Chelsea,soccer,EPL,2020-21,,2021-05-23,Aston Villa,Chelsea,2,1,H,6.62,1.49,4.56,,,football-data.co.uk,2026-09-10T16:48:43.497953+00:00
soccer_E0_2021_2021-05-23_Fulham_Newcastle,soccer,EPL,2020-21,,2021-05-23,Fulham,Newcastle,0,2,A,2.09,3.32,3.81,,,football-data.co.uk,2026-09-10T16:48:43.497953+00:00
soccer_E0_2021_2021-05-23_Leeds_WestBrom,soccer,EPL,2020-21,,2021-05-23,Leeds,West Brom,3,1,H,1.44,6.51,5.18,,,football-data.co.uk,2026-09-10T16:48:43.497953+00:00
soccer_E0_2021_2021-05-23_Leicester_Tottenham,soccer,EPL,2020-21,,2021-05-23,Leicester,Tottenham,2,4,A,2.04,3.33,4.02,,,football-data.co.uk,2026-09-10T16:48:43.497953+00:00
soccer_E0_2021_2021-05-23_Liverpool_CrystalPalace,soccer,EPL,2020-21,,2021-05-23,Liverpool,Crystal Palace,2,0,H,1.16,17.35,8.28,,,football-data.co.uk,2026-09-10T16:48:43.497953+00:00
soccer_E0_2021_2021-05-23_ManCity_Everton,soccer,EPL,2020-21,,2021-05-23,Man City,Everton,5,0,H,1.44,6.83,4.94,,,football-data.co.uk,2026-09-10T16:48:43.497953+00:00
soccer_E0_2021_2021-05-23_SheffieldUnited_Burnley,soccer,EPL,2020-21,,2021-05-23,Sheffield United,Burnley,1,0,H,2.84,2.41,3.63,,,football-data.co.uk,2026-09-10T16:48:43.497953+00:00
soccer_E0_2021_2021-05-23_WestHam_Southampton,soccer,EPL,2020-21,,2021-05-23,West Ham,Southampton,3,0,H,1.72,4.76,4.0,,,football-data.co.uk,2026-09-10T16:48:43.497953+00:00
soccer_E0_2021_2021-05-23_Wolves_ManUnited,soccer,EPL,2020-21,,2021-05-23,Wolves,Man United,1,2,A,2.53,2.69,3.63,,,football-data.co.uk,2026-09-10T16:48:43.497953+00:00
soccer_E0_2122_2021-08-13_Brentford_Arsenal,soccer,EPL,2021-22,,2021-08-13,Brentford,Arsenal,2,0,H,4.02,2.02,3.43,,,football-data.co.uk,2026-09-10T16:48:43.497953+00:00
soccer_E0_2122_2021-08-14_Burnley_Brighton,soccer,EPL,2021-22,,2021-08-14,Burnley,Brighton,1,2,A,3.19,2.49,3.09,,,football-data.co.uk,2026-09-10T16:48:43.497953+00:00
soccer_E0_2122_2021-08-14_Chelsea_CrystalPalace,soccer,EPL,2021-22,,2021-08-14,Chelsea,Crystal Palace,3,0,H,1.26,12.8,5.92,,,football-data.co.uk,2026-09-10T16:48:43.497953+00:00
soccer_E0_2122_2021-08-14_Everton_Southampton,soccer,EPL,2021-22,,2021-08-14,Everton,Southampton,3,1,H,1.97,4.04,3.53,,,football-data.co.uk,2026-09-10T16:48:43.497953+00:00
soccer_E0_2122_2021-08-14_Leicester_Wolves,soccer,EPL,2021-22,,2021-08-14,Leicester,Wolves,1,0,H,1.71,5.32,3.75,,,football-data.co.uk,2026-09-10T16:48:43.497953+00:00
soccer_E0_2122_2021-08-14_ManUnited_Leeds,soccer,EPL,2021-22,,2021-08-14,Man United,Leeds,5,1,H,1.55,5.87,4.48,,,football-data.co.uk,2026-09-10T16:48:43.497953+00:00
soccer_E0_2122_2021-08-14_Norwich_Liverpool,soccer,EPL,2021-22,,2021-08-14,Norwich,Liverpool,0,3,A,8.78,1.33,5.71,,,football-data.co.uk,2026-09-10T16:48:43.497953+00:00
soccer_E0_2122_2021-08-14_Watford_AstonVilla,soccer,EPL,2021-22,,2021-08-14,Watford,Aston Villa,3,2,H,3.14,2.41,3.26,,,football-data.co.uk,2026-09-10T16:48:43.497953+00:00
soccer_E0_2122_2021-08-15_Newcastle_WestHam,soccer,EPL,2021-22,,2021-08-15,Newcastle,West Ham,2,4,A,3.2,2.26,3.51,,,football-data.co.uk,2026-09-10T16:48:43.497953+00:00
soccer_E0_2122_2021-08-15_Tottenham_ManCity,soccer,EPL,2021-22,,2021-08-15,Tottenham,Man City,1,0,H,5.49,1.64,4.1,,,football-data.co.uk,2026-09-10T16:48:43.497953+00:00
soccer_E0_2122_2021-08-21_AstonVilla_Newcastle,soccer,EPL,2021-22,,2021-08-21,Aston Villa,Newcastle,2,0,H,1.82,4.25,3.92,,,football-data.co.uk,2026-09-10T16:48:43.497953+00:00
soccer_E0_2122_2021-08-21_Brighton_Watford,soccer,EPL,2021-22,,2021-08-21,Brighton,Watford,2,0,H,1.74,5.53,3.52,,,football-data.co.uk,2026-09-10T16:48:43.497953+00:00
soccer_E0_2122_2021-08-21_CrystalPalace_Brentford,soccer,EPL,2021-22,,2021-08-21,Crystal Palace,Brentford,0,0,D,2.61,2.9,3.18,,,football-data.co.uk,2026-09-10T16:48:43.497953+00:00
soccer_E0_2122_2021-08-21_Leeds_Everton,soccer,EPL,2021-22,,2021-08-21,Leeds,Everton,2,2,D,2.37,3.03,3.47,,,football-data.co.uk,2026-09-10T16:48:43.497953+00:00
soccer_E0_2122_2021-08-21_Liverpool_Burnley,soccer,EPL,2021-22,,2021-08-21,Liverpool,Burnley,2,0,H,1.21,14.41,6.97,,,football-data.co.uk,2026-09-10T16:48:43.497953+00:00
soccer_E0_2122_2021-08-21_ManCity_Norwich,soccer,EPL,2021-22,,2021-08-21,Man City,Norwich,5,0,H,1.11,25.64,10.58,,,football-data.co.uk,2026-09-10T16:48:43.497953+00:00
soccer_E0_2122_2021-08-22_Arsenal_Chelsea,soccer,EPL,2021-22,,2021-08-22,Arsenal,Chelsea,0,2,A,4.76,1.78,3.74,,,football-data.co.uk,2026-09-10T16:48:43.497953+00:00
soccer_E0_2122_2021-08-22_Southampton_ManUnited,soccer,EPL,2021-22,,2021-08-22,Southampton,Man United,1,1,D,5.36,1.61,4.26,,,football-data.co.uk,2026-09-10T16:48:43.497953+00:00
soccer_E0_2122_2021-08-22_Wolves_Tottenham,soccer,EPL,2021-22,,2021-08-22,Wolves,Tottenham,0,1,A,3.2,2.43,3.15,,,football-data.co.uk,2026-09-10T16:48:43.497953+00:00
soccer_E0_2122_2021-08-23_WestHam_Leicester,soccer,EPL,2021-22,,2021-08-23,West Ham,Leicester,4,1,H,2.58,2.75,3.44,,,football-data.co.uk,2026-09-10T16:48:43.497953+00:00
soccer_E0_2122_2021-08-28_AstonVilla_Brentford,soccer,EPL,2021-22,,2021-08-28,Aston Villa,Brentford,1,1,D,2.0,3.84,3.57,,,football-data.co.uk,2026-09-10T16:48:43.497953+00:00
soccer_E0_2122_2021-08-28_Brighton_Everton,soccer,EPL,2021-22,,2021-08-28,Brighton,Everton,0,2,A,2.35,3.27,3.25,,,football-data.co.uk,2026-09-10T16:48:43.497953+00:00
soccer_E0_2122_2021-08-28_Liverpool_Chelsea,soccer,EPL,2021-22,,2021-08-28,Liverpool,Chelsea,1,1,D,2.5,2.95,3.33,,,football-data.co.uk,2026-09-10T16:48:43.497953+00:00
soccer_E0_2122_2021-08-28_ManCity_Arsenal,soccer,EPL,2021-22,,2021-08-28,Man City,Arsenal,5,0,H,1.26,11.99,6.16,,,football-data.co.uk,2026-09-10T16:48:43.497953+00:00
soccer_E0_2122_2021-08-28_Newcastle_Southampton,soccer,EPL,2021-22,,2021-08-28,Newcastle,Southampton,2,2,D,2.52,2.82,3.47,,,football-data.co.uk,2026-09-10T16:48:43.497953+00:00
soccer_E0_2122_2021-08-28_Norwich_Leicester,soccer,EPL,2021-22,,2021-08-28,Norwich,Leicester,1,2,A,4.34,1.9,3.55,,,football-data.co.uk,2026-09-10T16:48:43.497953+00:00
soccer_E0_2122_2021-08-28_WestHam_CrystalPalace,soccer,EPL,2021-22,,2021-08-28,West Ham,Crystal Palace,2,2,D,1.58,6.29,4.02,,,football-data.co.uk,2026-09-10T16:48:43.497953+00:00
soccer_E0_2122_2021-08-29_Burnley_Leeds,soccer,EPL,2021-22,,2021-08-29,Burnley,Leeds,1,1,D,3.07,2.33,3.51,,,football-data.co.uk,2026-09-10T16:48:43.497953+00:00
soccer_E0_2122_2021-08-29_Tottenham_Watford,soccer,EPL,2021-22,,2021-08-29,Tottenham,Watford,1,0,H,1.44,8.42,4.48,,,football-data.co.uk,2026-09-10T16:48:43.497953+00:00
soccer_E0_2122_2021-08-29_Wolves_ManUnited,soccer,EPL,2021-22,,2021-08-29,Wolves,Man United,0,1,A,4.91,1.82,3.48,,,football-data.co.uk,2026-09-10T16:48:43.497953+00:00
soccer_E0_2122_2021-09-11_Arsenal_Norwich,soccer,EPL,2021-22,,2021-09-11,Arsenal,Norwich,1,0,H,1.52,6.4,4.48,,,football-data.co.uk,2026-09-10T16:48:43.497953+00:00
soccer_E0_2122_2021-09-11_Brentford_Brighton,soccer,EPL,2021-22,,2021-09-11,Brentford,Brighton,0,1,A,2.86,2.69,3.14,,,football-data.co.uk,2026-09-10T16:48:43.497953+00:00
soccer_E0_2122_2021-09-11_Chelsea_AstonVilla,soccer,EPL,2021-22,,2021-09-11,Chelsea,Aston Villa,3,0,H,1.3,11.28,5.46,,,football-data.co.uk,2026-09-10T16:48:43.497953+00:00
soccer_E0_2122_2021-09-11_CrystalPalace_Tottenham,soccer,EPL,2021-22,,2021-09-11,Crystal Palace,Tottenham,3,0,H,4.25,1.95,3.44,,,football-data.co.uk,2026-09-10T16:48:43.497953+00:00
soccer_E0_2122_2021-09-11_Leicester_ManCity,soccer,EPL,2021-22,,2021-09-11,Leicester,Man City,0,1,A,5.7,1.6,4.22,,,football-data.co.uk,2026-09-10T16:48:43.497953+00:00
soccer_E0_2122_2021-09-11_ManUnited_Newcastle,soccer,EPL,2021-22,,2021-09-11,Man United,Newcastle,4,1,H,1.2,14.77,7.27,,,football-data.co.uk,2026-09-10T16:48:43.497953+00:00
soccer_E0_2122_2021-09-11_Southampton_WestHam,soccer,EPL,2021-22,,2021-09-11,Southampton,West Ham,0,0,D,2.89,2.47,3.46,,,football-data.co.uk,2026-09-10T16:48:43.497953+00:00
soccer_E0_2122_2021-09-11_Watford_Wolves,soccer,EPL,2021-22,,2021-09-11,Watford,Wolves,0,2,A,3.36,2.33,3.19,,,football-data.co.uk,2026-09-10T16:48:43.497953+00:00
soccer_E0_2122_2021-09-12_Leeds_Liverpool,soccer,EPL,2021-22,,2021-09-12,Leeds,Liverpool,0,3,A,4.34,1.78,4.05,,,football-data.co.uk,2026-09-10T16:48:43.497953+00:00
soccer_E0_2122_2021-09-13_Everton_Burnley,soccer,EPL,2021-22,,2021-09-13,Everton,Burnley,3,1,H,1.75,5.01,3.71,,,football-data.co.uk,2026-09-10T16:48:43.497953+00:00
soccer_E0_2122_2021-09-17_Newcastle_Leeds,soccer,EPL,2021-22,,2021-09-17,Newcastle,Leeds,1,1,D,3.01,2.33,3.62,,,football-data.co.uk,2026-09-10T16:48:43.497953+00:00
soccer_E0_2122_2021-09-18_AstonVilla_Everton,soccer,EPL,2021-22,,2021-09-18,Aston Villa,Everton,3,0,H,2.4,3.06,3.36,,,football-data.co.uk,2026-09-10T16:48:43.497953+00:00
soccer_E0_2122_2021-09-18_Burnley_Arsenal,soccer,EPL,2021-22,,2021-09-18,Burnley,Arsenal,0,1,A,3.82,2.03,3.5,,,football-data.co.uk,2026-09-10T16:48:43.497953+00:00
soccer_E0_2122_2021-09-18_Liverpool_CrystalPalace,soccer,EPL,2021-22,,2021-09-18,Liverpool,Crystal Palace,3,0,H,1.22,14.04,6.84,,,football-data.co.uk,2026-09-10T16:48:43.497953+00:00
soccer_E0_2122_2021-09-18_ManCity_Southampton,soccer,EPL,2021-22,,2021-09-18,Man City,Southampton,0,0,D,1.15,18.55,8.46,,,football-data.co.uk,2026-09-10T16:48:43.497953+00:00
soccer_E0_2122_2021-09-18_Norwich_Watford,soccer,EPL,2021-22,,2021-09-18,Norwich,Watford,1,3,A,2.18,3.47,3.39,,,football-data.co.uk,2026-09-10T16:48:43.497953+00:00
soccer_E0_2122_2021-09-18_Wolves_Brentford,soccer,EPL,2021-22,,2021-09-18,Wolves,Brentford,0,2,A,1.9,4.83,3.27,,,football-data.co.uk,2026-09-10T16:48:43.497953+00:00
soccer_E0_2122_2021-09-19_Brighton_Leicester,soccer,EPL,2021-22,,2021-09-19,Brighton,Leicester,2,1,H,2.75,2.73,3.23,,,football-data.co.uk,2026-09-10T16:48:43.497953+00:00
soccer_E0_2122_2021-09-19_Tottenham_Chelsea,soccer,EPL,2021-22,,2021-09-19,Tottenham,Chelsea,0,3,A,4.89,1.74,3.83,,,football-data.co.uk,2026-09-10T16:48:43.497953+00:00
soccer_E0_2122_2021-09-19_WestHam_ManUnited,soccer,EPL,2021-22,,2021-09-19,West Ham,Man United,1,2,A,4.51,1.78,3.9,,,football-data.co.uk,2026-09-10T16:48:43.497953+00:00
soccer_E0_2122_2021-09-25_Brentford_Liverpool,soccer,EPL,2021-22,,2021-09-25,Brentford,Liverpool,3,3,D,6.96,1.49,4.48,,,football-data.co.uk,2026-09-10T16:48:43.497953+00:00
soccer_E0_2122_2021-09-25_Chelsea_ManCity,soccer,EPL,2021-22,,2021-09-25,Chelsea,Man City,0,1,A,2.66,2.79,3.26,,,football-data.co.uk,2026-09-10T16:48:43.497953+00:00
soccer_E0_2122_2021-09-25_Everton_Norwich,soccer,EPL,2021-22,,2021-09-25,Everton,Norwich,2,0,H,1.63,5.96,3.86,,,football-data.co.uk,2026-09-10T16:48:43.497953+00:00
soccer_E0_2122_2021-09-25_Leeds_WestHam,soccer,EPL,2021-22,,2021-09-25,Leeds,West Ham,1,2,A,3.04,2.29,3.67,,,football-data.co.uk,2026-09-10T16:48:43.497953+00:00
soccer_E0_2122_2021-09-25_Leicester_Burnley,soccer,EPL,2021-22,,2021-09-25,Leicester,Burnley,2,2,D,1.59,6.12,4.05,,,football-data.co.uk,2026-09-10T16:48:43.497953+00:00
soccer_E0_2122_2021-09-25_ManUnited_AstonVilla,soccer,EPL,2021-22,,2021-09-25,Man United,Aston Villa,0,1,A,1.4,7.84,5.08,,,football-data.co.uk,2026-09-10T16:48:43.497953+00:00
soccer_E0_2122_2021-09-25_Watford_Newcastle,soccer,EPL,2021-22,,2021-09-25,Watford,Newcastle,1,1,D,2.27,3.32,3.37,,,football-data.co.uk,2026-09-10T16:48:43.497953+00:00
soccer_E0_2122_2021-09-26_Arsenal_Tottenham,soccer,EPL,2021-22,,2021-09-26,Arsenal,Tottenham,3,1,H,2.28,3.35,3.31,,,football-data.co.uk,2026-09-10T16:48:43.497953+00:00
soccer_E0_2122_2021-09-26_Southampton_Wolves,soccer,EPL,2021-22,,2021-09-26,Southampton,Wolves,0,1,A,2.65,2.83,3.24,,,football-data.co.uk,2026-09-10T16:48:43.497953+00:00
soccer_E0_2122_2021-09-27_CrystalPalace_Brighton,soccer,EPL,2021-22,,2021-09-27,Crystal Palace,Brighton,1,1,D,3.04,2.54,3.15,,,football-data.co.uk,2026-09-10T16:48:43.497953+00:00
soccer_E0_2122_2021-10-02_Brighton_Arsenal,soccer,EPL,2021-22,,2021-10-02,Brighton,Arsenal,0,0,D,3.05,2.5,3.22,,,football-data.co.uk,2026-09-10T16:48:43.497953+00:00
soccer_E0_2122_2021-10-02_Burnley_Norwich,soccer,EPL,2021-22,,2021-10-02,Burnley,Norwich,0,0,D,1.88,4.33,3.61,,,football-data.co.uk,2026-09-10T16:48:43.497953+00:00
soccer_E0_2122_2021-10-02_Chelsea_Southampton,soccer,EPL,2021-22,,2021-10-02,Chelsea,Southampton,3,1,H,1.38,8.92,4.9,,,football-data.co.uk,2026-09-10T16:48:43.497953+00:00
soccer_E0_2122_2021-10-02_Leeds_Watford,soccer,EPL,2021-22,,2021-10-02,Leeds,Watford,1,0,H,1.76,4.63,3.9,,,football-data.co.uk,2026-09-10T16:48:43.497953+00:00
soccer_E0_2122_2021-10-02_ManUnited_Everton,soccer,EPL,2021-22,,2021-10-02,Man United,Everton,1,1,D,1.5,7.08,4.38,,,football-data.co.uk,2026-09-10T16:48:43.497953+00:00
soccer_E0_2122_2021-10-02_Wolves_Newcastle,soccer,EPL,2021-22,,2021-10-02,Wolves,Newcastle,2,1,H,1.69,5.02,4.0,,,football-data.co.uk,2026-09-10T16:48:43.497953+00:00
soccer_E0_2122_2021-10-03_CrystalPalace_Leicester,soccer,EPL,2021-22,,2021-10-03,Crystal Palace,Leicester,2,2,D,3.11,2.36,3.41,,,football-data.co.uk,2026-09-10T16:48:43.497953+00:00
soccer_E0_2122_2021-10-03_Liverpool_ManCity,soccer,EPL,2021-22,,2021-10-03,Liverpool,Man City,2,2,D,2.9,2.43,3.53,,,football-data.co.uk,2026-09-10T16:48:43.497953+00:00
soccer_E0_2122_2021-10-03_Tottenham_AstonVilla,soccer,EPL,2021-22,,2021-10-03,Tottenham,Aston Villa,2,1,H,2.12,3.5,3.53,,,football-data.co.uk,2026-09-10T16:48:43.497953+00:00
soccer_E0_2122_2021-10-03_WestHam_Brentford,soccer,EPL,2021-22,,2021-10-03,West Ham,Brentford,1,2,A,1.82,4.67,3.62,,,football-data.co.uk,2026-09-10T16:48:43.497953+00:00
soccer_E0_2122_2021-10-16_AstonVilla_Wolves,soccer,EPL,2021-22,,2021-10-16,Aston Villa,Wolves,2,3,A,2.25,3.42,3.28,,,football-data.co.uk,2026-09-10T16:48:43.497953+00:00
soccer_E0_2122_2021-10-16_Brentford_Chelsea,soccer,EPL,2021-22,,2021-10-16,Brentford,Chelsea,0,1,A,6.37,1.6,3.84,,,football-data.co.uk,2026-09-10T16:48:43.497953+00:00
soccer_E0_2122_2021-10-16_Leicester_ManUnited,soccer,EPL,2021-22,,2021-10-16,Leicester,Man United,4,2,H,3.49,2.1,3.59,,,football-data.co.uk,2026-09-10T16:48:43.497953+00:00
soccer_E0_2122_2021-10-16_ManCity_Burnley,soccer,EPL,2021-22,,2021-10-16,Man City,Burnley,2,0,H,1.12,22.12,9.47,,,football-data.co.uk,2026-09-10T16:48:43.497953+00:00
soccer_E0_2122_2021-10-16_Norwich_Brighton,soccer,EPL,2021-22,,2021-10-16,Norwich,Brighton,0,0,D,3.67,2.13,3.34,,,football-data.co.uk,2026-09-10T16:48:43.497953+00:00
soccer_E0_2122_2021-10-16_Southampton_Leeds,soccer,EPL,2021-22,,2021-10-16,Southampton,Leeds,1,0,H,2.4,2.93,3.52,,,football-data.co.uk,2026-09-10T16:48:43.497953+00:00
soccer_E0_2122_2021-10-16_Watford_Liverpool,soccer,EPL,2021-22,,2021-10-16,Watford,Liverpool,0,5,A,8.67,1.36,5.33,,,football-data.co.uk,2026-09-10T16:48:43.497953+00:00
soccer_E0_2122_2021-10-17_Everton_WestHam,soccer,EPL,2021-22,,2021-10-17,Everton,West Ham,0,1,A,2.52,2.89,3.35,,,football-data.co.uk,2026-09-10T16:48:43.497953+00:00
soccer_E0_2122_2021-10-17_Newcastle_Tottenham,soccer,EPL,2021-22,,2021-10-17,Newcastle,Tottenham,2,3,A,3.51,2.09,3.58,,,football-data.co.uk,2026-09-10T16:48:43.497953+00:00
soccer_E0_2122_2021-10-18_Arsenal_CrystalPalace,soccer,EPL,2021-22,,2021-10-18,Arsenal,Crystal Palace,2,2,D,1.65,5.65,3.87,,,football-data.co.uk,2026-09-10T16:48:43.497953+00:00
soccer_E0_2122_2021-10-22_Arsenal_AstonVilla,soccer,EPL,2021-22,,2021-10-22,Arsenal,Aston Villa,3,1,H,1.91,4.05,3.73,,,football-data.co.uk,2026-09-10T16:48:43.497953+00:00
soccer_E0_2122_2021-10-23_Brighton_ManCity,soccer,EPL,2021-22,,2021-10-23,Brighton,Man City,1,4,A,7.71,1.42,4.77,,,football-data.co.uk,2026-09-10T16:48:43.497953+00:00
soccer_E0_2122_2021-10-23_Chelsea_Norwich,soccer,EPL,2021-22,,2021-10-23,Chelsea,Norwich,7,0,H,1.19,17.21,7.07,,,football-data.co.uk,2026-09-10T16:48:43.497953+00:00
soccer_E0_2122_2021-10-23_CrystalPalace_Newcastle,soccer,EPL,2021-22,,2021-10-23,Crystal Palace,Newcastle,1,1,D,1.97,3.88,3.61,,,football-data.co.uk,2026-09-10T16:48:43.497953+00:00
soccer_E0_2122_2021-10-23_Everton_Watford,soccer,EPL,2021-22,,2021-10-23,Everton,Watford,2,5,A,1.67,5.49,3.86,,,football-data.co.uk,2026-09-10T16:48:43.497953+00:00
soccer_E0_2122_2021-10-23_Leeds_Wolves,soccer,EPL,2021-22,,2021-10-23,Leeds,Wolves,1,1,D,2.57,2.79,3.37,,,football-data.co.uk,2026-09-10T16:48:43.497953+00:00
soccer_E0_2122_2021-10-23_Southampton_Burnley,soccer,EPL,2021-22,,2021-10-23,Southampton,Burnley,2,2,D,2.0,3.87,3.54,,,football-data.co.uk,2026-09-10T16:48:43.497953+00:00
soccer_E0_2122_2021-10-24_Brentford_Leicester,soccer,EPL,2021-22,,2021-10-24,Brentford,Leicester,1,2,A,2.63,2.72,3.39,,,football-data.co.uk,2026-09-10T16:48:43.497953+00:00
soccer_E0_2122_2021-10-24_ManUnited_Liverpool,soccer,EPL,2021-22,,2021-10-24,Man United,Liverpool,0,5,A,3.06,2.27,3.66,,,football-data.co.uk,2026-09-10T16:48:43.497953+00:00
soccer_E0_2122_2021-10-24_WestHam_Tottenham,soccer,EPL,2021-22,,2021-10-24,West Ham,Tottenham,1,0,H,2.35,3.01,3.49,,,football-data.co.uk,2026-09-10T16:48:43.497953+00:00
soccer_E0_2122_2021-10-30_Burnley_Brentford,soccer,EPL,2021-22,,2021-10-30,Burnley,Brentford,3,1,H,2.66,2.78,3.24,,,football-data.co.uk,2026-09-10T16:48:43.497953+00:00
soccer_E0_2122_2021-10-30_Leicester_Arsenal,soccer,EPL,2021-22,,2021-10-30,Leicester,Arsenal,0,2,A,2.47,2.87,3.47,,,football-data.co.uk,2026-09-10T16:48:43.497953+00:00
soccer_E0_2122_2021-10-30_Liverpool_Brighton,soccer,EPL,2021-22,,2021-10-30,Liverpool,Brighton,2,2,D,1.24,12.11,6.49,,,football-data.co.uk,2026-09-10T16:48:43.497953+00:00
soccer_E0_2122_2021-10-30_ManCity_CrystalPalace,soccer,EPL,2021-22,,2021-10-30,Man City,Crystal Palace,0,2,A,1.16,18.61,8.13,,,football-data.co.uk,2026-09-10T16:48:43.497953+00:00
soccer_E0_2122_2021-10-30_Newcastle_Chelsea,soccer,EPL,2021-22,,2021-10-30,Newcastle,Chelsea,0,3,A,8.63,1.38,4.91,,,football-data.co.uk,2026-09-10T16:48:43.497953+00:00
soccer_E0_2122_2021-10-30_Tottenham_ManUnited,soccer,EPL,2021-22,,2021-10-30,Tottenham,Man United,0,3,A,2.93,2.37,3.57,,,football-data.co.uk,2026-09-10T16:48:43.497953+00:00
soccer_E0_2122_2021-10-30_Watford_Southampton,soccer,EPL,2021-22,,2021-10-30,Watford,Southampton,0,1,A,3.12,2.35,3.37,,,football-data.co.uk,2026-09-10T16:48:43.497953+00:00
soccer_E0_2122_2021-10-31_AstonVilla_WestHam,soccer,EPL,2021-22,,2021-10-31,Aston Villa,West Ham,1,4,A,2.83,2.48,3.5,,,football-data.co.uk,2026-09-10T16:48:43.497953+00:00
soccer_E0_2122_2021-10-31_Norwich_Leeds,soccer,EPL,2021-22,,2021-10-31,Norwich,Leeds,1,2,A,3.44,2.11,3.6,,,football-data.co.uk,2026-09-10T16:48:43.497953+00:00
soccer_E0_2122_2021-11-01_Wolves_Everton,soccer,EPL,2021-22,,2021-11-01,Wolves,Everton,2,1,H,2.24,3.39,3.28,,,football-data.co.uk,2026-09-10T16:48:43.497953+00:00
soccer_E0_2122_2021-11-05_Southampton_AstonVilla,soccer,EPL,2021-22,,2021-11-05,Southampton,Aston Villa,1,0,H,2.02,3.68,3.66,,,football-data.co.uk,2026-09-10T16:48:43.497953+00:00
soccer_E0_2122_2021-11-06_Brentford_Norwich,soccer,EPL,2021-22,,2021-11-06,Brentford,Norwich,1,2,A,1.63,5.8,3.92,,,football-data.co.uk,2026-09-10T16:48:43.497953+00:00
soccer_E0_2122_2021-11-06_Brighton_Newcastle,soccer,EPL,2021-22,,2021-11-06,Brighton,Newcastle,1,1,D,1.62,5.76,3.99,,,football-data.co.uk,2026-09-10T16:48:43.497953+00:00
soccer_E0_2122_2021-11-06_Chelsea_Burnley,soccer,EPL,2021-22,,2021-11-06,Chelsea,Burnley,1,1,D,1.26,12.51,5.94,,,football-data.co.uk,2026-09-10T16:48:43.497953+00:00
soccer_E0_2122_2021-11-06_CrystalPalace_Wolves,soccer,EPL,2021-22,,2021-11-06,Crystal Palace,Wolves,2,0,H,2.5,3.08,3.15,,,football-data.co.uk,2026-09-10T16:48:43.497953+00:00
soccer_E0_2122_2021-11-06_ManUnited_ManCity,soccer,EPL,2021-22,,2021-11-06,Man United,Man City,0,2,A,4.69,1.72,4.09,,,football-data.co.uk,2026-09-10T16:48:43.497953+00:00
soccer_E0_2122_2021-11-07_Arsenal_Watford,soccer,EPL,2021-22,,2021-11-07,Arsenal,Watford,1,0,H,1.39,8.25,4.9,,,football-data.co.uk,2026-09-10T16:48:43.497953+00:00
soccer_E0_2122_2021-11-07_Everton_Tottenham,soccer,EPL,2021-22,,2021-11-07,Everton,Tottenham,0,0,D,3.06,2.42,3.28,,,football-data.co.uk,2026-09-10T16:48:43.497953+00:00
soccer_E0_2122_2021-11-07_Leeds_Leicester,soccer,EPL,2021-22,,2021-11-07,Leeds,Leicester,1,1,D,2.76,2.5,3.56,,,football-data.co.uk,2026-09-10T16:48:43.497953+00:00
soccer_E0_2122_2021-11-07_WestHam_Liverpool,soccer,EPL,2021-22,,2021-11-07,West Ham,Liverpool,3,2,H,4.59,1.72,4.11,,,football-data.co.uk,2026-09-10T16:48:43.497953+00:00
soccer_E0_2122_2021-11-20_AstonVilla_Brighton,soccer,EPL,2021-22,,2021-11-20,Aston Villa,Brighton,2,0,H,2.43,3.04,3.31,,,football-data.co.uk,2026-09-10T16:48:43.497953+00:00
soccer_E0_2122_2021-11-20_Burnley_CrystalPalace,soccer,EPL,2021-22,,2021-11-20,Burnley,Crystal Palace,3,3,D,2.77,2.7,3.23,,,football-data.co.uk,2026-09-10T16:48:43.497953+00:00
soccer_E0_2122_2021-11-20_Leicester_Chelsea,soccer,EPL,2021-22,,2021-11-20,Leicester,Chelsea,0,3,A,4.74,1.78,3.72,,,football-data.co.uk,2026-09-10T16:48:43.497953+00:00
soccer_E0_2122_2021-11-20_Liverpool_Arsenal,soccer,EPL,2021-22,,2021-11-20,Liverpool,Arsenal,4,0,H,1.48,6.38,4.77,,,football-data.co.uk,2026-09-10T16:48:43.497953+00:00
soccer_E0_2122_2021-11-20_Newcastle_Brentford,soccer,EPL,2021-22,,2021-11-20,Newcastle,Brentford,3,3,D,2.64,2.72,3.37,,,football-data.co.uk,2026-09-10T16:48:43.497953+00:00
soccer_E0_2122_2021-11-20_Norwich_Southampton,soccer,EPL,2021-22,,2021-11-20,Norwich,Southampton,2,1,H,3.63,2.1,3.46,,,football-data.co.uk,2026-09-10T16:48:43.497953+00:00
soccer_E0_2122_2021-11-20_Watford_ManUnited,soccer,EPL,2021-22,,2021-11-20,Watford,Man United,4,1,H,6.22,1.5,4.65,,,football-data.co.uk,2026-09-10T16:48:43.497953+00:00
soccer_E0_2122_2021-11-20_Wolves_WestHam,soccer,EPL,2021-22,,2021-11-20,Wolves,West Ham,1,0,H,3.02,2.47,3.27,,,football-data.co.uk,2026-09-10T16:48:43.497953+00:00
soccer_E0_2122_2021-11-21_ManCity_Everton,soccer,EPL,2021-22,,2021-11-21,Man City,Everton,3,0,H,1.18,15.95,7.56,,,football-data.co.uk,2026-09-10T16:48:43.497953+00:00
soccer_E0_2122_2021-11-21_Tottenham_Leeds,soccer,EPL,2021-22,,2021-11-21,Tottenham,Leeds,2,1,H,1.73,4.56,4.07,,,football-data.co.uk,2026-09-10T16:48:43.497953+00:00
soccer_E0_2122_2021-11-27_Arsenal_Newcastle,soccer,EPL,2021-22,,2021-11-27,Arsenal,Newcastle,2,0,H,1.47,6.61,4.77,,,football-data.co.uk,2026-09-10T16:48:43.497953+00:00
soccer_E0_2122_2021-11-27_Brighton_Leeds,soccer,EPL,2021-22,,2021-11-27,Brighton,Leeds,0,0,D,2.11,3.67,3.41,,,football-data.co.uk,2026-09-10T16:48:43.497953+00:00
soccer_E0_2122_2021-11-27_CrystalPalace_AstonVilla,soccer,EPL,2021-22,,2021-11-27,Crystal Palace,Aston Villa,1,2,A,2.24,3.36,3.37,,,football-data.co.uk,2026-09-10T16:48:43.497953+00:00
soccer_E0_2122_2021-11-27_Liverpool_Southampton,soccer,EPL,2021-22,,2021-11-27,Liverpool,Southampton,4,0,H,1.29,9.78,5.99,,,football-data.co.uk,2026-09-10T16:48:43.497953+00:00
soccer_E0_2122_2021-11-27_Norwich_Wolves,soccer,EPL,2021-22,,2021-11-27,Norwich,Wolves,0,0,D,3.54,2.17,3.35,,,football-data.co.uk,2026-09-10T16:48:43.497953+00:00
soccer_E0_2122_2021-11-28_Brentford_Everton,soccer,EPL,2021-22,,2021-11-28,Brentford,Everton,1,0,H,2.25,3.4,3.27,,,football-data.co.uk,2026-09-10T16:48:43.497953+00:00
soccer_E0_2122_2021-11-28_Chelsea_ManUnited,soccer,EPL,2021-22,,2021-11-28,Chelsea,Man United,1,1,D,1.61,5.67,4.12,,,football-data.co.uk,2026-09-10T16:48:43.497953+00:00
soccer_E0_2122_2021-11-28_Leicester_Watford,soccer,EPL,2021-22,,2021-11-28,Leicester,Watford,4,2,H,1.63,5.26,4.15,,,football-data.co.uk,2026-09-10T16:48:43.497953+00:00
soccer_E0_2122_2021-11-28_ManCity_WestHam,soccer,EPL,2021-22,,2021-11-28,Man City,West Ham,2,1,H,1.3,10.01,5.82,,,football-data.co.uk,2026-09-10T16:48:43.497953+00:00
soccer_E0_2122_2021-11-30_Leeds_CrystalPalace,soccer,EPL,2021-22,,2021-11-30,Leeds,Crystal Palace,1,0,H,2.42,3.06,3.33,,,football-data.co.uk,2026-09-10T16:48:43.497953+00:00
soccer_E0_2122_2021-11-30_Newcastle_Norwich,soccer,EPL,2021-22,,2021-11-30,Newcastle,Norwich,1,1,D,1.99,3.82,3.63,,,football-data.co.uk,2026-09-10T16:48:43.497953+00:00
soccer_E0_2122_2021-12-01_AstonVilla_ManCity,soccer,EPL,2021-22,,2021-12-01,Aston Villa,Man City,1,2,A,8.6,1.36,5.2,,,football-data.co.uk,2026-09-10T16:48:43.497953+00:00
soccer_E0_2122_2021-12-01_Everton_Liverpool,soccer,EPL,2021-22,,2021-12-01,Everton,Liverpool,1,4,A,7.52,1.41,5.05,,,football-data.co.uk,2026-09-10T16:48:43.497953+00:00
soccer_E0_2122_2021-12-01_Southampton_Leicester,soccer,EPL,2021-22,,2021-12-01,Southampton,Leicester,2,2,D,2.43,2.91,3.47,,,football-data.co.uk,2026-09-10T16:48:43.497953+00:00
soccer_E0_2122_2021-12-01_Watford_Chelsea,soccer,EPL,2021-22,,2021-12-01,Watford,Chelsea,1,2,A,10.3,1.31,5.43,,,football-data.co.uk,2026-09-10T16:48:43.497953+00:00
soccer_E0_2122_2021-12-01_WestHam_Brighton,soccer,EPL,2021-22,,2021-12-01,West Ham,Brighton,1,1,D,2.01,3.79,3.53,,,football-data.co.uk,2026-09-10T16:48:43.497953+00:00
soccer_E0_2122_2021-12-01_Wolves_Burnley,soccer,EPL,2021-22,,2021-12-01,Wolves,Burnley,0,0,D,1.95,4.23,3.41,,,football-data.co.uk,2026-09-10T16:48:43.497953+00:00
soccer_E0_2122_2021-12-02_ManUnited_Arsenal,soccer,EPL,2021-22,,2021-12-02,Man United,Arsenal,3,2,H,2.02,3.66,3.66,,,football-data.co.uk,2026-09-10T16:48:43.497953+00:00
soccer_E0_2122_2021-12-02_Tottenham_Brentford,soccer,EPL,2021-22,,2021-12-02,Tottenham,Brentford,2,0,H,1.64,5.25,4.07,,,football-data.co.uk,2026-09-10T16:48:43.497953+00:00
soccer_E0_2122_2021-12-04_Newcastle_Burnley,soccer,EPL,2021-22,,2021-12-04,Newcastle,Burnley,1,0,H,2.33,3.19,3.35,,,football-data.co.uk,2026-09-10T16:48:43.497953+00:00
soccer_E0_2122_2021-12-04_Southampton_Brighton,soccer,EPL,2021-22,,2021-12-04,Southampton,Brighton,1,1,D,2.45,3.1,3.21,,,football-data.co.uk,2026-09-10T16:48:43.497953+00:00
soccer_E0_2122_2021-12-04_Watford_ManCity,soccer,EPL,2021-22,,2021-12-04,Watford,Man City,1,3,A,14.65,1.2,7.19,,,football-data.co.uk,2026-09-10T16:48:43.497953+00:00
soccer_E0_2122_2021-12-04_WestHam_Chelsea,soccer,EPL,2021-22,,2021-12-04,West Ham,Chelsea,3,2,H,4.7,1.82,3.6,,,football-data.co.uk,2026-09-10T16:48:43.497953+00:00
soccer_E0_2122_2021-12-04_Wolves_Liverpool,soccer,EPL,2021-22,,2021-12-04,Wolves,Liverpool,0,1,A,7.73,1.43,4.75,,,football-data.co.uk,2026-09-10T16:48:43.497953+00:00
soccer_E0_2122_2021-12-05_AstonVilla_Leicester,soccer,EPL,2021-22,,2021-12-05,Aston Villa,Leicester,2,1,H,2.36,3.03,3.45,,,football-data.co.uk,2026-09-10T16:48:43.497953+00:00
soccer_E0_2122_2021-12-05_Leeds_Brentford,soccer,EPL,2021-22,,2021-12-05,Leeds,Brentford,2,2,D,1.94,3.99,3.62,,,football-data.co.uk,2026-09-10T16:48:43.497953+00:00
soccer_E0_2122_2021-12-05_ManUnited_CrystalPalace,soccer,EPL,2021-22,,2021-12-05,Man United,Crystal Palace,1,0,H,1.57,6.09,4.19,,,football-data.co.uk,2026-09-10T16:48:43.497953+00:00
soccer_E0_2122_2021-12-05_Tottenham_Norwich,soccer,EPL,2021-22,,2021-12-05,Tottenham,Norwich,3,0,H,1.41,8.11,4.75,,,football-data.co.uk,2026-09-10T16:48:43.497953+00:00
soccer_E0_2122_2021-12-06_Everton_Arsenal,soccer,EPL,2021-22,,2021-12-06,Everton,Arsenal,2,1,H,3.38,2.16,3.52,,,football-data.co.uk,2026-09-10T16:48:43.497953+00:00
soccer_E0_2122_2021-12-10_Brentford_Watford,soccer,EPL,2021-22,,2021-12-10,Brentford,Watford,2,1,H,2.29,3.34,3.32,,,football-data.co.uk,2026-09-10T16:48:43.497953+00:00
soccer_E0_2122_2021-12-11_Arsenal_Southampton,soccer,EPL,2021-22,,2021-12-11,Arsenal,Southampton,3,0,H,1.67,5.32,3.99,,,football-data.co.uk,2026-09-10T16:48:43.497953+00:00
soccer_E0_2122_2021-12-11_Chelsea_Leeds,soccer,EPL,2021-22,,2021-12-11,Chelsea,Leeds,3,2,H,1.28,11.46,5.95,,,football-data.co.uk,2026-09-10T16:48:43.497953+00:00
soccer_E0_2122_2021-12-11_Liverpool_AstonVilla,soccer,EPL,2021-22,,2021-12-11,Liverpool,Aston Villa,1,0,H,1.23,11.92,6.85,,,football-data.co.uk,2026-09-10T16:48:43.497953+00:00
soccer_E0_2122_2021-12-11_ManCity_Wolves,soccer,EPL,2021-22,,2021-12-11,Man City,Wolves,1,0,H,1.16,20.35,8.11,,,football-data.co.uk,2026-09-10T16:48:43.497953+00:00
soccer_E0_2122_2021-12-11_Norwich_ManUnited,soccer,EPL,2021-22,,2021-12-11,Norwich,Man United,0,1,A,7.25,1.45,4.73,,,football-data.co.uk,2026-09-10T16:48:43.497953+00:00
soccer_E0_2122_2021-12-12_Burnley_WestHam,soccer,EPL,2021-22,,2021-12-12,Burnley,West Ham,0,0,D,3.61,2.05,3.64,,,football-data.co.uk,2026-09-10T16:48:43.497953+00:00
soccer_E0_2122_2021-12-12_CrystalPalace_Everton,soccer,EPL,2021-22,,2021-12-12,Crystal Palace,Everton,3,1,H,2.29,3.42,3.21,,,football-data.co.uk,2026-09-10T16:48:43.497953+00:00
soccer_E0_2122_2021-12-12_Leicester_Newcastle,soccer,EPL,2021-22,,2021-12-12,Leicester,Newcastle,4,0,H,1.75,4.56,4.01,,,football-data.co.uk,2026-09-10T16:48:43.497953+00:00
soccer_E0_2122_2021-12-14_ManCity_Leeds,soccer,EPL,2021-22,,2021-12-14,Man City,Leeds,7,0,H,1.15,18.17,8.7,,,football-data.co.uk,2026-09-10T16:48:43.497953+00:00
soccer_E0_2122_2021-12-14_Norwich_AstonVilla,soccer,EPL,2021-22,,2021-12-14,Norwich,Aston Villa,0,2,A,3.37,2.29,3.26,,,football-data.co.uk,2026-09-10T16:48:43.497953+00:00
soccer_E0_2122_2021-12-15_Arsenal_WestHam,soccer,EPL,2021-22,,2021-12-15,Arsenal,West Ham,2,0,H,2.2,3.26,3.58,,,football-data.co.uk,2026-09-10T16:48:43.497953+00:00
soccer_E0_2122_2021-12-15_Brighton_Wolves,soccer,EPL,2021-22,,2021-12-15,Brighton,Wolves,0,1,A,2.32,3.51,3.05,,,football-data.co.uk,2026-09-10T16:48:43.497953+00:00
soccer_E0_2122_2021-12-15_CrystalPalace_Southampton,soccer,EPL,2021-22,,2021-12-15,Crystal Palace,Southampton,2,2,D,2.14,3.59,3.38,,,football-data.co.uk,2026-09-10T16:48:43.497953+00:00
soccer_E0_2122_2021-12-16_Chelsea_Everton,soccer,EPL,2021-22,,2021-12-16,Chelsea,Everton,1,1,D,1.24,13.27,6.17,,,football-data.co.uk,2026-09-10T16:48:43.497953+00:00
soccer_E0_2122_2021-12-16_Liverpool_Newcastle,soccer,EPL,2021-22,,2021-12-16,Liverpool,Newcastle,3,1,H,1.12,21.43,9.52,,,football-data.co.uk,2026-09-10T16:48:43.497953+00:00
soccer_E0_2122_2021-12-18_Leeds_Arsenal,soccer,EPL,2021-22,,2021-12-18,Leeds,Arsenal,1,4,A,3.89,1.91,3.78,,,football-data.co.uk,2026-09-10T16:48:43.497953+00:00
soccer_E0_2122_2021-12-19_Newcastle_ManCity,soccer,EPL,2021-22,,2021-12-19,Newcastle,Man City,0,4,A,16.25,1.18,7.72,,,football-data.co.uk,2026-09-10T16:48:43.497953+00:00
soccer_E0_2122_2021-12-19_Tottenham_Liverpool,soccer,EPL,2021-22,,2021-12-19,Tottenham,Liverpool,2,2,D,5.18,1.59,4.5,,,football-data.co.uk,2026-09-10T16:48:43.497953+00:00
soccer_E0_2122_2021-12-19_Wolves_Chelsea,soccer,EPL,2021-22,,2021-12-19,Wolves,Chelsea,0,0,D,6.42,1.58,3.93,,,football-data.co.uk,2026-09-10T16:48:43.497953+00:00
soccer_E0_2122_2021-12-26_AstonVilla_Chelsea,soccer,EPL,2021-22,,2021-12-26,Aston Villa,Chelsea,1,3,A,5.35,1.7,3.77,,,football-data.co.uk,2026-09-10T16:48:43.497953+00:00
soccer_E0_2122_2021-12-26_Brighton_Brentford,soccer,EPL,2021-22,,2021-12-26,Brighton,Brentford,2,0,H,1.95,4.15,3.45,,,football-data.co.uk,2026-09-10T16:48:43.497953+00:00
soccer_E0_2122_2021-12-26_ManCity_Leicester,soccer,EPL,2021-22,,2021-12-26,Man City,Leicester,6,3,H,1.18,14.75,7.85,,,football-data.co.uk,2026-09-10T16:48:43.497953+00:00
soccer_E0_2122_2021-12-26_Norwich_Arsenal,soccer,EPL,2021-22,,2021-12-26,Norwich,Arsenal,0,5,A,7.73,1.42,4.77,,,football-data.co.uk,2026-09-10T16:48:43.497953+00:00
soccer_E0_2122_2021-12-26_Tottenham_CrystalPalace,soccer,EPL,2021-22,,2021-12-26,Tottenham,Crystal Palace,3,0,H,1.72,4.97,3.87,,,football-data.co.uk,2026-09-10T16:48:43.497953+00:00
soccer_E0_2122_2021-12-26_WestHam_Southampton,soccer,EPL,2021-22,,2021-12-26,West Ham,Southampton,2,3,A,1.85,4.18,3.8,,,football-data.co.uk,2026-09-10T16:48:43.497953+00:00
soccer_E0_2122_2021-12-27_Newcastle_ManUnited,soccer,EPL,2021-22,,2021-12-27,Newcastle,Man United,1,1,D,6.66,1.48,4.58,,,football-data.co.uk,2026-09-10T16:48:43.497953+00:00
soccer_E0_2122_2021-12-28_CrystalPalace_Norwich,soccer,EPL,2021-22,,2021-12-28,Crystal Palace,Norwich,3,0,H,1.68,5.68,3.74,,,football-data.co.uk,2026-09-10T16:48:43.497953+00:00
soccer_E0_2122_2021-12-28_Leicester_Liverpool,soccer,EPL,2021-22,,2021-12-28,Leicester,Liverpool,1,0,H,7.72,1.36,5.72,,,football-data.co.uk,2026-09-10T16:48:43.497953+00:00
soccer_E0_2122_2021-12-28_Southampton_Tottenham,soccer,EPL,2021-22,,2021-12-28,Southampton,Tottenham,1,1,D,3.74,2.05,3.51,,,football-data.co.uk,2026-09-10T16:48:43.497953+00:00
soccer_E0_2122_2021-12-28_Watford_WestHam,soccer,EPL,2021-22,,2021-12-28,Watford,West Ham,1,4,A,3.28,2.2,3.58,,,football-data.co.uk,2026-09-10T16:48:43.497953+00:00
soccer_E0_2122_2021-12-29_Brentford_ManCity,soccer,EPL,2021-22,,2021-12-29,Brentford,Man City,0,1,A,17.6,1.17,7.93,,,football-data.co.uk,2026-09-10T16:48:43.497953+00:00
soccer_E0_2122_2021-12-29_Chelsea_Brighton,soccer,EPL,2021-22,,2021-12-29,Chelsea,Brighton,1,1,D,1.43,8.18,4.5,,,football-data.co.uk,2026-09-10T16:48:43.497953+00:00
soccer_E0_2122_2021-12-30_ManUnited_Burnley,soccer,EPL,2021-22,,2021-12-30,Man United,Burnley,3,1,H,1.38,8.54,4.99,,,football-data.co.uk,2026-09-10T16:48:43.497953+00:00
soccer_E0_2122_2022-01-01_Arsenal_ManCity,soccer,EPL,2021-22,,2022-01-01,Arsenal,Man City,1,2,A,5.91,1.53,4.62,,,football-data.co.uk,2026-09-10T16:48:43.497953+00:00
soccer_E0_2122_2022-01-01_CrystalPalace_WestHam,soccer,EPL,2021-22,,2022-01-01,Crystal Palace,West Ham,2,3,A,3.09,2.33,3.46,,,football-data.co.uk,2026-09-10T16:48:43.497953+00:00
soccer_E0_2122_2022-01-01_Watford_Tottenham,soccer,EPL,2021-22,,2022-01-01,Watford,Tottenham,0,1,A,5.32,1.62,4.17,,,football-data.co.uk,2026-09-10T16:48:43.497953+00:00
soccer_E0_2122_2022-01-02_Brentford_AstonVilla,soccer,EPL,2021-22,,2022-01-02,Brentford,Aston Villa,2,1,H,3.0,2.45,3.31,,,football-data.co.uk,2026-09-10T16:48:43.497953+00:00
soccer_E0_2122_2022-01-02_Chelsea_Liverpool,soccer,EPL,2021-22,,2022-01-02,Chelsea,Liverpool,2,2,D,3.06,2.31,3.54,,,football-data.co.uk,2026-09-10T16:48:43.497953+00:00
soccer_E0_2122_2022-01-02_Everton_Brighton,soccer,EPL,2021-22,,2022-01-02,Everton,Brighton,2,3,A,2.78,2.72,3.16,,,football-data.co.uk,2026-09-10T16:48:43.497953+00:00
soccer_E0_2122_2022-01-02_Leeds_Burnley,soccer,EPL,2021-22,,2022-01-02,Leeds,Burnley,3,1,H,2.03,3.65,3.57,,,football-data.co.uk,2026-09-10T16:48:43.497953+00:00
soccer_E0_2122_2022-01-03_ManUnited_Wolves,soccer,EPL,2021-22,,2022-01-03,Man United,Wolves,0,1,A,1.56,6.08,4.17,,,football-data.co.uk,2026-09-10T16:48:43.497953+00:00
soccer_E0_2122_2022-01-11_Southampton_Brentford,soccer,EPL,2021-22,,2022-01-11,Southampton,Brentford,4,1,H,2.11,3.73,3.37,,,football-data.co.uk,2026-09-10T16:48:43.497953+00:00
soccer_E0_2122_2022-01-12_WestHam_Norwich,soccer,EPL,2021-22,,2022-01-12,West Ham,Norwich,2,0,H,1.31,10.28,5.52,,,football-data.co.uk,2026-09-10T16:48:43.497953+00:00
soccer_E0_2122_2022-01-14_Brighton_CrystalPalace,soccer,EPL,2021-22,,2022-01-14,Brighton,Crystal Palace,1,1,D,2.1,3.91,3.28,,,football-data.co.uk,2026-09-10T16:48:43.497953+00:00
soccer_E0_2122_2022-01-15_AstonVilla_ManUnited,soccer,EPL,2021-22,,2022-01-15,Aston Villa,Man United,2,2,D,2.92,2.42,3.49,,,football-data.co.uk,2026-09-10T16:48:43.497953+00:00
soccer_E0_2122_2022-01-15_ManCity_Chelsea,soccer,EPL,2021-22,,2022-01-15,Man City,Chelsea,1,0,H,1.72,5.0,3.87,,,football-data.co.uk,2026-09-10T16:48:43.497953+00:00
soccer_E0_2122_2022-01-15_Newcastle_Watford,soccer,EPL,2021-22,,2022-01-15,Newcastle,Watford,1,1,D,2.06,3.55,3.62,,,football-data.co.uk,2026-09-10T16:48:43.497953+00:00
soccer_E0_2122_2022-01-15_Norwich_Everton,soccer,EPL,2021-22,,2022-01-15,Norwich,Everton,2,1,H,3.74,2.05,3.48,,,football-data.co.uk,2026-09-10T16:48:43.497953+00:00
soccer_E0_2122_2022-01-15_Wolves_Southampton,soccer,EPL,2021-22,,2022-01-15,Wolves,Southampton,3,1,H,2.32,3.4,3.16,,,football-data.co.uk,2026-09-10T16:48:43.497953+00:00
soccer_E0_2122_2022-01-16_Liverpool_Brentford,soccer,EPL,2021-22,,2022-01-16,Liverpool,Brentford,3,0,H,1.3,10.64,5.68,,,football-data.co.uk,2026-09-10T16:48:43.497953+00:00
soccer_E0_2122_2022-01-16_WestHam_Leeds,soccer,EPL,2021-22,,2022-01-16,West Ham,Leeds,2,3,A,1.65,4.98,4.21,,,football-data.co.uk,2026-09-10T16:48:43.497953+00:00
soccer_E0_2122_2022-01-18_Brighton_Chelsea,soccer,EPL,2021-22,,2022-01-18,Brighton,Chelsea,1,1,D,4.81,1.77,3.72,,,football-data.co.uk,2026-09-10T16:48:43.497953+00:00
soccer_E0_2122_2022-01-19_Brentford_ManUnited,soccer,EPL,2021-22,,2022-01-19,Brentford,Man United,1,3,A,4.51,1.83,3.64,,,football-data.co.uk,2026-09-10T16:48:43.497953+00:00
soccer_E0_2122_2022-01-19_Leicester_Tottenham,soccer,EPL,2021-22,,2022-01-19,Leicester,Tottenham,2,3,A,3.04,2.36,3.42,,,football-data.co.uk,2026-09-10T16:48:43.497953+00:00
soccer_E0_2122_2022-01-21_Watford_Norwich,soccer,EPL,2021-22,,2022-01-21,Watford,Norwich,0,3,A,2.07,3.63,3.52,,,football-data.co.uk,2026-09-10T16:48:43.497953+00:00
soccer_E0_2122_2022-01-22_Brentford_Wolves,soccer,EPL,2021-22,,2022-01-22,Brentford,Wolves,1,2,A,3.09,2.54,3.05,,,football-data.co.uk,2026-09-10T16:48:43.497953+00:00
soccer_E0_2122_2022-01-22_Everton_AstonVilla,soccer,EPL,2021-22,,2022-01-22,Everton,Aston Villa,0,1,A,2.75,2.66,3.29,,,football-data.co.uk,2026-09-10T16:48:43.497953+00:00
soccer_E0_2122_2022-01-22_Leeds_Newcastle,soccer,EPL,2021-22,,2022-01-22,Leeds,Newcastle,0,1,A,2.01,3.63,3.72,,,football-data.co.uk,2026-09-10T16:48:43.497953+00:00
soccer_E0_2122_2022-01-22_ManUnited_WestHam,soccer,EPL,2021-22,,2022-01-22,Man United,West Ham,1,0,H,1.91,3.88,3.8,,,football-data.co.uk,2026-09-10T16:48:43.497953+00:00
soccer_E0_2122_2022-01-22_Southampton_ManCity,soccer,EPL,2021-22,,2022-01-22,Southampton,Man City,1,1,D,10.18,1.28,6.08,,,football-data.co.uk,2026-09-10T16:48:43.497953+00:00
soccer_E0_2122_2022-01-23_Arsenal_Burnley,soccer,EPL,2021-22,,2022-01-23,Arsenal,Burnley,0,0,D,1.36,9.11,4.97,,,football-data.co.uk,2026-09-10T16:48:43.497953+00:00
soccer_E0_2122_2022-01-23_Chelsea_Tottenham,soccer,EPL,2021-22,,2022-01-23,Chelsea,Tottenham,2,0,H,1.69,4.96,3.99,,,football-data.co.uk,2026-09-10T16:48:43.497953+00:00
soccer_E0_2122_2022-01-23_CrystalPalace_Liverpool,soccer,EPL,2021-22,,2022-01-23,Crystal Palace,Liverpool,1,3,A,5.73,1.58,4.21,,,football-data.co.uk,2026-09-10T16:48:43.497953+00:00
soccer_E0_2122_2022-01-23_Leicester_Brighton,soccer,EPL,2021-22,,2022-01-23,Leicester,Brighton,1,1,D,2.55,2.8,3.37,,,football-data.co.uk,2026-09-10T16:48:43.497953+00:00
soccer_E0_2122_2022-02-05_Burnley_Watford,soccer,EPL,2021-22,,2022-02-05,Burnley,Watford,0,0,D,2.21,3.51,3.27,,,football-data.co.uk,2026-09-10T16:48:43.497953+00:00
soccer_E0_2122_2022-02-08_Burnley_ManUnited,soccer,EPL,2021-22,,2022-02-08,Burnley,Man United,1,1,D,5.82,1.61,4.07,,,football-data.co.uk,2026-09-10T16:48:43.497953+00:00
soccer_E0_2122_2022-02-08_Newcastle_Everton,soccer,EPL,2021-22,,2022-02-08,Newcastle,Everton,3,1,H,2.52,2.88,3.38,,,football-data.co.uk,2026-09-10T16:48:43.497953+00:00
soccer_E0_2122_2022-02-08_WestHam_Watford,soccer,EPL,2021-22,,2022-02-08,West Ham,Watford,1,0,H,1.55,6.28,4.3,,,football-data.co.uk,2026-09-10T16:48:43.497953+00:00
soccer_E0_2122_2022-02-09_AstonVilla_Leeds,soccer,EPL,2021-22,,2022-02-09,Aston Villa,Leeds,3,3,D,1.8,4.26,3.96,,,football-data.co.uk,2026-09-10T16:48:43.497953+00:00
soccer_E0_2122_2022-02-09_ManCity_Brentford,soccer,EPL,2021-22,,2022-02-09,Man City,Brentford,2,0,H,1.11,23.47,9.98,,,football-data.co.uk,2026-09-10T16:48:43.497953+00:00
soccer_E0_2122_2022-02-09_Norwich_CrystalPalace,soccer,EPL,2021-22,,2022-02-09,Norwich,Crystal Palace,1,1,D,3.5,2.18,3.36,,,football-data.co.uk,2026-09-10T16:48:43.497953+00:00
soccer_E0_2122_2022-02-09_Tottenham_Southampton,soccer,EPL,2021-22,,2022-02-09,Tottenham,Southampton,2,3,A,1.61,5.57,4.13,,,football-data.co.uk,2026-09-10T16:48:43.497953+00:00
soccer_E0_2122_2022-02-10_Liverpool_Leicester,soccer,EPL,2021-22,,2022-02-10,Liverpool,Leicester,2,0,H,1.26,10.5,6.56,,,football-data.co.uk,2026-09-10T16:48:43.497953+00:00
soccer_E0_2122_2022-02-10_Wolves_Arsenal,soccer,EPL,2021-22,,2022-02-10,Wolves,Arsenal,0,1,A,3.57,2.2,3.25,,,football-data.co.uk,2026-09-10T16:48:43.497953+00:00
soccer_E0_2122_2022-02-12_Brentford_CrystalPalace,soccer,EPL,2021-22,,2022-02-12,Brentford,Crystal Palace,0,0,D,2.66,2.92,3.09,,,football-data.co.uk,2026-09-10T16:48:43.497953+00:00
soccer_E0_2122_2022-02-12_Everton_Leeds,soccer,EPL,2021-22,,2022-02-12,Everton,Leeds,3,0,H,2.32,2.99,3.64,,,football-data.co.uk,2026-09-10T16:48:43.497953+00:00
soccer_E0_2122_2022-02-12_ManUnited_Southampton,soccer,EPL,2021-22,,2022-02-12,Man United,Southampton,1,1,D,1.61,5.43,4.22,,,football-data.co.uk,2026-09-10T16:48:43.497953+00:00
soccer_E0_2122_2022-02-12_Norwich_ManCity,soccer,EPL,2021-22,,2022-02-12,Norwich,Man City,0,4,A,18.09,1.17,7.86,,,football-data.co.uk,2026-09-10T16:48:43.497953+00:00
soccer_E0_2122_2022-02-12_Watford_Brighton,soccer,EPL,2021-22,,2022-02-12,Watford,Brighton,0,2,A,3.7,2.14,3.27,,,football-data.co.uk,2026-09-10T16:48:43.497953+00:00
soccer_E0_2122_2022-02-13_Burnley_Liverpool,soccer,EPL,2021-22,,2022-02-13,Burnley,Liverpool,0,1,A,10.72,1.29,5.75,,,football-data.co.uk,2026-09-10T16:48:43.497953+00:00
soccer_E0_2122_2022-02-13_Leicester_WestHam,soccer,EPL,2021-22,,2022-02-13,Leicester,West Ham,2,2,D,2.88,2.4,3.58,,,football-data.co.uk,2026-09-10T16:48:43.497953+00:00
soccer_E0_2122_2022-02-13_Newcastle_AstonVilla,soccer,EPL,2021-22,,2022-02-13,Newcastle,Aston Villa,1,0,H,2.72,2.6,3.44,,,football-data.co.uk,2026-09-10T16:48:43.497953+00:00
soccer_E0_2122_2022-02-13_Tottenham_Wolves,soccer,EPL,2021-22,,2022-02-13,Tottenham,Wolves,0,2,A,1.68,5.57,3.76,,,football-data.co.uk,2026-09-10T16:48:43.497953+00:00
soccer_E0_2122_2022-02-15_ManUnited_Brighton,soccer,EPL,2021-22,,2022-02-15,Man United,Brighton,2,0,H,1.78,4.74,3.78,,,football-data.co.uk,2026-09-10T16:48:43.497953+00:00
soccer_E0_2122_2022-02-19_Arsenal_Brentford,soccer,EPL,2021-22,,2022-02-19,Arsenal,Brentford,2,1,H,1.46,7.68,4.46,,,football-data.co.uk,2026-09-10T16:48:43.497953+00:00
soccer_E0_2122_2022-02-19_AstonVilla_Watford,soccer,EPL,2021-22,,2022-02-19,Aston Villa,Watford,0,1,A,1.67,5.41,3.93,,,football-data.co.uk,2026-09-10T16:48:43.497953+00:00
soccer_E0_2122_2022-02-19_Brighton_Burnley,soccer,EPL,2021-22,,2022-02-19,Brighton,Burnley,0,3,A,1.67,5.75,3.74,,,football-data.co.uk,2026-09-10T16:48:43.497953+00:00
soccer_E0_2122_2022-02-19_CrystalPalace_Chelsea,soccer,EPL,2021-22,,2022-02-19,Crystal Palace,Chelsea,0,1,A,5.59,1.65,3.9,,,football-data.co.uk,2026-09-10T16:48:43.497953+00:00
soccer_E0_2122_2022-02-19_Liverpool_Norwich,soccer,EPL,2021-22,,2022-02-19,Liverpool,Norwich,3,1,H,1.12,24.83,9.63,,,football-data.co.uk,2026-09-10T16:48:43.497953+00:00
soccer_E0_2122_2022-02-19_ManCity_Tottenham,soccer,EPL,2021-22,,2022-02-19,Man City,Tottenham,2,3,A,1.29,10.84,5.87,,,football-data.co.uk,2026-09-10T16:48:43.497953+00:00
soccer_E0_2122_2022-02-19_Southampton_Everton,soccer,EPL,2021-22,,2022-02-19,Southampton,Everton,2,0,H,2.08,3.58,3.56,,,football-data.co.uk,2026-09-10T16:48:43.497953+00:00
soccer_E0_2122_2022-02-19_WestHam_Newcastle,soccer,EPL,2021-22,,2022-02-19,West Ham,Newcastle,1,1,D,1.7,5.11,3.91,,,football-data.co.uk,2026-09-10T16:48:43.497953+00:00
soccer_E0_2122_2022-02-20_Leeds_ManUnited,soccer,EPL,2021-22,,2022-02-20,Leeds,Man United,2,4,A,3.91,1.9,3.86,,,football-data.co.uk,2026-09-10T16:48:43.497953+00:00
soccer_E0_2122_2022-02-20_Wolves_Leicester,soccer,EPL,2021-22,,2022-02-20,Wolves,Leicester,2,1,H,2.29,3.33,3.28,,,football-data.co.uk,2026-09-10T16:48:43.497953+00:00
soccer_E0_2122_2022-02-23_Burnley_Tottenham,soccer,EPL,2021-22,,2022-02-23,Burnley,Tottenham,1,0,H,4.72,1.79,3.73,,,football-data.co.uk,2026-09-10T16:48:43.497953+00:00
soccer_E0_2122_2022-02-23_Liverpool_Leeds,soccer,EPL,2021-22,,2022-02-23,Liverpool,Leeds,6,0,H,1.16,16.66,8.73,,,football-data.co.uk,2026-09-10T16:48:43.497953+00:00
soccer_E0_2122_2022-02-23_Watford_CrystalPalace,soccer,EPL,2021-22,,2022-02-23,Watford,Crystal Palace,1,4,A,3.2,2.4,3.24,,,football-data.co.uk,2026-09-10T16:48:43.497953+00:00
soccer_E0_2122_2022-02-24_Arsenal_Wolves,soccer,EPL,2021-22,,2022-02-24,Arsenal,Wolves,2,1,H,1.65,5.83,3.8,,,football-data.co.uk,2026-09-10T16:48:43.497953+00:00
soccer_E0_2122_2022-02-25_Southampton_Norwich,soccer,EPL,2021-22,,2022-02-25,Southampton,Norwich,2,0,H,1.54,6.22,4.37,,,football-data.co.uk,2026-09-10T16:48:43.497953+00:00
soccer_E0_2122_2022-02-26_Brentford_Newcastle,soccer,EPL,2021-22,,2022-02-26,Brentford,Newcastle,0,2,A,2.52,3.04,3.17,,,football-data.co.uk,2026-09-10T16:48:43.497953+00:00
soccer_E0_2122_2022-02-26_Brighton_AstonVilla,soccer,EPL,2021-22,,2022-02-26,Brighton,Aston Villa,0,2,A,2.27,3.41,3.28,,,football-data.co.uk,2026-09-10T16:48:43.497953+00:00
soccer_E0_2122_2022-02-26_CrystalPalace_Burnley,soccer,EPL,2021-22,,2022-02-26,Crystal Palace,Burnley,1,1,D,1.97,4.19,3.42,,,football-data.co.uk,2026-09-10T16:48:43.497953+00:00
soccer_E0_2122_2022-02-26_Everton_ManCity,soccer,EPL,2021-22,,2022-02-26,Everton,Man City,0,1,A,10.95,1.28,6.04,,,football-data.co.uk,2026-09-10T16:48:43.497953+00:00
soccer_E0_2122_2022-02-26_Leeds_Tottenham,soccer,EPL,2021-22,,2022-02-26,Leeds,Tottenham,0,4,A,4.03,1.86,3.96,,,football-data.co.uk,2026-09-10T16:48:43.497953+00:00
soccer_E0_2122_2022-02-26_ManUnited_Watford,soccer,EPL,2021-22,,2022-02-26,Man United,Watford,0,0,D,1.34,9.04,5.44,,,football-data.co.uk,2026-09-10T16:48:43.497953+00:00
soccer_E0_2122_2022-02-27_WestHam_Wolves,soccer,EPL,2021-22,,2022-02-27,West Ham,Wolves,1,0,H,2.11,3.89,3.24,,,football-data.co.uk,2026-09-10T16:48:43.497953+00:00
soccer_E0_2122_2022-03-01_Burnley_Leicester,soccer,EPL,2021-22,,2022-03-01,Burnley,Leicester,0,2,A,2.94,2.52,3.34,,,football-data.co.uk,2026-09-10T16:48:43.497953+00:00
soccer_E0_2122_2022-03-05_AstonVilla_Southampton,soccer,EPL,2021-22,,2022-03-05,Aston Villa,Southampton,4,0,H,2.36,3.04,3.48,,,football-data.co.uk,2026-09-10T16:48:43.497953+00:00
soccer_E0_2122_2022-03-05_Burnley_Chelsea,soccer,EPL,2021-22,,2022-03-05,Burnley,Chelsea,0,4,A,7.44,1.5,4.15,,,football-data.co.uk,2026-09-10T16:48:43.497953+00:00
soccer_E0_2122_2022-03-05_Leicester_Leeds,soccer,EPL,2021-22,,2022-03-05,Leicester,Leeds,1,0,H,1.8,4.14,4.12,,,football-data.co.uk,2026-09-10T16:48:43.497953+00:00
soccer_E0_2122_2022-03-05_Liverpool_WestHam,soccer,EPL,2021-22,,2022-03-05,Liverpool,West Ham,1,0,H,1.3,9.95,5.86,,,football-data.co.uk,2026-09-10T16:48:43.497953+00:00
soccer_E0_2122_2022-03-05_Newcastle_Brighton,soccer,EPL,2021-22,,2022-03-05,Newcastle,Brighton,2,1,H,2.77,2.74,3.19,,,football-data.co.uk,2026-09-10T16:48:43.497953+00:00
soccer_E0_2122_2022-03-05_Norwich_Brentford,soccer,EPL,2021-22,,2022-03-05,Norwich,Brentford,1,3,A,2.95,2.6,3.15,,,football-data.co.uk,2026-09-10T16:48:43.497953+00:00
soccer_E0_2122_2022-03-05_Wolves_CrystalPalace,soccer,EPL,2021-22,,2022-03-05,Wolves,Crystal Palace,0,2,A,2.37,3.4,3.1,,,football-data.co.uk,2026-09-10T16:48:43.497953+00:00
soccer_E0_2122_2022-03-06_ManCity_ManUnited,soccer,EPL,2021-22,,2022-03-06,Man City,Man United,4,1,H,1.41,7.86,4.91,,,football-data.co.uk,2026-09-10T16:48:43.497953+00:00
soccer_E0_2122_2022-03-06_Watford_Arsenal,soccer,EPL,2021-22,,2022-03-06,Watford,Arsenal,2,3,A,6.14,1.59,4.02,,,football-data.co.uk,2026-09-10T16:48:43.497953+00:00
soccer_E0_2122_2022-03-07_Tottenham_Everton,soccer,EPL,2021-22,,2022-03-07,Tottenham,Everton,5,0,H,1.61,5.61,4.13,,,football-data.co.uk,2026-09-10T16:48:43.497953+00:00
soccer_E0_2122_2022-03-10_Leeds_AstonVilla,soccer,EPL,2021-22,,2022-03-10,Leeds,Aston Villa,0,3,A,2.72,2.54,3.59,,,football-data.co.uk,2026-09-10T16:48:43.497953+00:00
soccer_E0_2122_2022-03-10_Norwich_Chelsea,soccer,EPL,2021-22,,2022-03-10,Norwich,Chelsea,1,3,A,11.9,1.29,5.59,,,football-data.co.uk,2026-09-10T16:48:43.497953+00:00
soccer_E0_2122_2022-03-10_Southampton_Newcastle,soccer,EPL,2021-22,,2022-03-10,Southampton,Newcastle,1,2,A,2.0,3.71,3.7,,,football-data.co.uk,2026-09-10T16:48:43.497953+00:00
soccer_E0_2122_2022-03-10_Wolves_Watford,soccer,EPL,2021-22,,2022-03-10,Wolves,Watford,4,0,H,1.82,4.84,3.5,,,football-data.co.uk,2026-09-10T16:48:43.497953+00:00
soccer_E0_2122_2022-03-12_Brentford_Burnley,soccer,EPL,2021-22,,2022-03-12,Brentford,Burnley,2,0,H,2.2,3.65,3.23,,,football-data.co.uk,2026-09-10T16:48:43.497953+00:00
soccer_E0_2122_2022-03-12_Brighton_Liverpool,soccer,EPL,2021-22,,2022-03-12,Brighton,Liverpool,0,2,A,6.2,1.53,4.47,,,football-data.co.uk,2026-09-10T16:48:43.497953+00:00
soccer_E0_2122_2022-03-12_ManUnited_Tottenham,soccer,EPL,2021-22,,2022-03-12,Man United,Tottenham,3,2,H,2.18,3.33,3.56,,,football-data.co.uk,2026-09-10T16:48:43.497953+00:00
soccer_E0_2122_2022-03-13_Arsenal_Leicester,soccer,EPL,2021-22,,2022-03-13,Arsenal,Leicester,2,0,H,1.53,6.0,4.55,,,football-data.co.uk,2026-09-10T16:48:43.497953+00:00
soccer_E0_2122_2022-03-13_Chelsea_Newcastle,soccer,EPL,2021-22,,2022-03-13,Chelsea,Newcastle,1,0,H,1.33,10.16,5.3,,,football-data.co.uk,2026-09-10T16:48:43.497953+00:00
soccer_E0_2122_2022-03-13_Everton_Wolves,soccer,EPL,2021-22,,2022-03-13,Everton,Wolves,0,1,A,2.31,3.35,3.24,,,football-data.co.uk,2026-09-10T16:48:43.497953+00:00
soccer_E0_2122_2022-03-13_Leeds_Norwich,soccer,EPL,2021-22,,2022-03-13,Leeds,Norwich,2,1,H,1.6,5.51,4.31,,,football-data.co.uk,2026-09-10T16:48:43.497953+00:00
soccer_E0_2122_2022-03-13_Southampton_Watford,soccer,EPL,2021-22,,2022-03-13,Southampton,Watford,1,2,A,1.61,5.59,4.17,,,football-data.co.uk,2026-09-10T16:48:43.497953+00:00
soccer_E0_2122_2022-03-13_WestHam_AstonVilla,soccer,EPL,2021-22,,2022-03-13,West Ham,Aston Villa,2,1,H,2.33,3.24,3.31,,,football-data.co.uk,2026-09-10T16:48:43.497953+00:00
soccer_E0_2122_2022-03-14_CrystalPalace_ManCity,soccer,EPL,2021-22,,2022-03-14,Crystal Palace,Man City,0,0,D,9.82,1.32,5.5,,,football-data.co.uk,2026-09-10T16:48:43.497953+00:00
soccer_E0_2122_2022-03-16_Arsenal_Liverpool,soccer,EPL,2021-22,,2022-03-16,Arsenal,Liverpool,0,2,A,3.78,1.92,3.98,,,football-data.co.uk,2026-09-10T16:48:43.497953+00:00
soccer_E0_2122_2022-03-16_Brighton_Tottenham,soccer,EPL,2021-22,,2022-03-16,Brighton,Tottenham,0,2,A,3.28,2.3,3.34,,,football-data.co.uk,2026-09-10T16:48:43.497953+00:00
soccer_E0_2122_2022-03-17_Everton_Newcastle,soccer,EPL,2021-22,,2022-03-17,Everton,Newcastle,1,0,H,2.37,3.11,3.38,,,football-data.co.uk,2026-09-10T16:48:43.497953+00:00
soccer_E0_2122_2022-03-18_Wolves_Leeds,soccer,EPL,2021-22,,2022-03-18,Wolves,Leeds,2,3,A,2.14,3.56,3.49,,,football-data.co.uk,2026-09-10T16:48:43.497953+00:00
soccer_E0_2122_2022-03-19_AstonVilla_Arsenal,soccer,EPL,2021-22,,2022-03-19,Aston Villa,Arsenal,0,1,A,2.99,2.41,3.47,,,football-data.co.uk,2026-09-10T16:48:43.497953+00:00
soccer_E0_2122_2022-03-20_Leicester_Brentford,soccer,EPL,2021-22,,2022-03-20,Leicester,Brentford,2,1,H,2.19,3.41,3.45,,,football-data.co.uk,2026-09-10T16:48:43.497953+00:00
soccer_E0_2122_2022-03-20_Tottenham_WestHam,soccer,EPL,2021-22,,2022-03-20,Tottenham,West Ham,3,1,H,1.75,4.7,3.94,,,football-data.co.uk,2026-09-10T16:48:43.497953+00:00
soccer_E0_2122_2022-04-02_Brighton_Norwich,soccer,EPL,2021-22,,2022-04-02,Brighton,Norwich,0,0,D,1.5,7.51,4.12,,,football-data.co.uk,2026-09-10T16:48:43.497953+00:00
soccer_E0_2122_2022-04-02_Burnley_ManCity,soccer,EPL,2021-22,,2022-04-02,Burnley,Man City,0,2,A,13.75,1.23,6.54,,,football-data.co.uk,2026-09-10T16:48:43.497953+00:00
soccer_E0_2122_2022-04-02_Chelsea_Brentford,soccer,EPL,2021-22,,2022-04-02,Chelsea,Brentford,1,4,A,1.35,10.04,4.99,,,football-data.co.uk,2026-09-10T16:48:43.497953+00:00
soccer_E0_2122_2022-04-02_Leeds_Southampton,soccer,EPL,2021-22,,2022-04-02,Leeds,Southampton,1,1,D,2.42,2.86,3.61,,,football-data.co.uk,2026-09-10T16:48:43.497953+00:00
soccer_E0_2122_2022-04-02_Liverpool_Watford,soccer,EPL,2021-22,,2022-04-02,Liverpool,Watford,2,0,H,1.13,21.82,9.36,,,football-data.co.uk,2026-09-10T16:48:43.497953+00:00
soccer_E0_2122_2022-04-02_ManUnited_Leicester,soccer,EPL,2021-22,,2022-04-02,Man United,Leicester,1,1,D,1.52,6.1,4.6,,,football-data.co.uk,2026-09-10T16:48:43.497953+00:00
soccer_E0_2122_2022-04-02_Wolves_AstonVilla,soccer,EPL,2021-22,,2022-04-02,Wolves,Aston Villa,2,1,H,3.01,2.59,3.1,,,football-data.co.uk,2026-09-10T16:48:43.497953+00:00
soccer_E0_2122_2022-04-03_Tottenham_Newcastle,soccer,EPL,2021-22,,2022-04-03,Tottenham,Newcastle,5,1,H,1.52,6.58,4.36,,,football-data.co.uk,2026-09-10T16:48:43.497953+00:00
soccer_E0_2122_2022-04-03_WestHam_Everton,soccer,EPL,2021-22,,2022-04-03,West Ham,Everton,2,1,H,1.79,4.6,3.75,,,football-data.co.uk,2026-09-10T16:48:43.497953+00:00
soccer_E0_2122_2022-04-04_CrystalPalace_Arsenal,soccer,EPL,2021-22,,2022-04-04,Crystal Palace,Arsenal,3,0,H,4.05,1.99,3.41,,,football-data.co.uk,2026-09-10T16:48:43.497953+00:00
soccer_E0_2122_2022-04-06_Burnley_Everton,soccer,EPL,2021-22,,2022-04-06,Burnley,Everton,3,2,H,2.57,2.98,3.16,,,football-data.co.uk,2026-09-10T16:48:43.497953+00:00
soccer_E0_2122_2022-04-08_Newcastle_Wolves,soccer,EPL,2021-22,,2022-04-08,Newcastle,Wolves,1,0,H,2.31,3.51,3.11,,,football-data.co.uk,2026-09-10T16:48:43.497953+00:00
soccer_E0_2122_2022-04-09_Arsenal_Brighton,soccer,EPL,2021-22,,2022-04-09,Arsenal,Brighton,1,2,A,1.65,5.64,3.9,,,football-data.co.uk,2026-09-10T16:48:43.497953+00:00
soccer_E0_2122_2022-04-09_AstonVilla_Tottenham,soccer,EPL,2021-22,,2022-04-09,Aston Villa,Tottenham,0,4,A,3.15,2.27,3.55,,,football-data.co.uk,2026-09-10T16:48:43.497953+00:00
soccer_E0_2122_2022-04-09_Everton_ManUnited,soccer,EPL,2021-22,,2022-04-09,Everton,Man United,1,0,H,4.48,1.8,3.84,,,football-data.co.uk,2026-09-10T16:48:43.497953+00:00
soccer_E0_2122_2022-04-09_Southampton_Chelsea,soccer,EPL,2021-22,,2022-04-09,Southampton,Chelsea,0,6,A,3.98,1.93,3.69,,,football-data.co.uk,2026-09-10T16:48:43.497953+00:00
soccer_E0_2122_2022-04-09_Watford_Leeds,soccer,EPL,2021-22,,2022-04-09,Watford,Leeds,0,3,A,2.69,2.58,3.54,,,football-data.co.uk,2026-09-10T16:48:43.497953+00:00
soccer_E0_2122_2022-04-10_Brentford_WestHam,soccer,EPL,2021-22,,2022-04-10,Brentford,West Ham,2,0,H,2.69,2.73,3.31,,,football-data.co.uk,2026-09-10T16:48:43.497953+00:00
soccer_E0_2122_2022-04-10_Leicester_CrystalPalace,soccer,EPL,2021-22,,2022-04-10,Leicester,Crystal Palace,2,1,H,2.41,2.98,3.44,,,football-data.co.uk,2026-09-10T16:48:43.497953+00:00
soccer_E0_2122_2022-04-10_ManCity_Liverpool,soccer,EPL,2021-22,,2022-04-10,Man City,Liverpool,2,2,D,2.06,3.5,3.71,,,football-data.co.uk,2026-09-10T16:48:43.497953+00:00
soccer_E0_2122_2022-04-10_Norwich_Burnley,soccer,EPL,2021-22,,2022-04-10,Norwich,Burnley,2,0,H,2.97,2.56,3.19,,,football-data.co.uk,2026-09-10T16:48:43.497953+00:00
soccer_E0_2122_2022-04-16_ManUnited_Norwich,soccer,EPL,2021-22,,2022-04-16,Man United,Norwich,3,2,H,1.24,12.84,6.45,,,football-data.co.uk,2026-09-10T16:48:43.497953+00:00
soccer_E0_2122_2022-04-16_Southampton_Arsenal,soccer,EPL,2021-22,,2022-04-16,Southampton,Arsenal,1,0,H,3.9,1.95,3.68,,,football-data.co.uk,2026-09-10T16:48:43.497953+00:00
soccer_E0_2122_2022-04-16_Tottenham_Brighton,soccer,EPL,2021-22,,2022-04-16,Tottenham,Brighton,0,1,A,1.54,6.35,4.25,,,football-data.co.uk,2026-09-10T16:48:43.497953+00:00
soccer_E0_2122_2022-04-16_Watford_Brentford,soccer,EPL,2021-22,,2022-04-16,Watford,Brentford,1,2,A,2.86,2.59,3.28,,,football-data.co.uk,2026-09-10T16:48:43.497953+00:00
soccer_E0_2122_2022-04-17_Newcastle_Leicester,soccer,EPL,2021-22,,2022-04-17,Newcastle,Leicester,2,1,H,2.25,3.32,3.38,,,football-data.co.uk,2026-09-10T16:48:43.497953+00:00
soccer_E0_2122_2022-04-17_WestHam_Burnley,soccer,EPL,2021-22,,2022-04-17,West Ham,Burnley,1,1,D,1.72,5.02,3.84,,,football-data.co.uk,2026-09-10T16:48:43.497953+00:00
soccer_E0_2122_2022-04-19_Liverpool_ManUnited,soccer,EPL,2021-22,,2022-04-19,Liverpool,Man United,4,0,H,1.41,7.44,5.21,,,football-data.co.uk,2026-09-10T16:48:43.497953+00:00
soccer_E0_2122_2022-04-20_Chelsea_Arsenal,soccer,EPL,2021-22,,2022-04-20,Chelsea,Arsenal,2,4,A,1.87,4.34,3.64,,,football-data.co.uk,2026-09-10T16:48:43.497953+00:00
soccer_E0_2122_2022-04-20_Everton_Leicester,soccer,EPL,2021-22,,2022-04-20,Everton,Leicester,1,1,D,2.32,3.15,3.45,,,football-data.co.uk,2026-09-10T16:48:43.497953+00:00
soccer_E0_2122_2022-04-20_ManCity_Brighton,soccer,EPL,2021-22,,2022-04-20,Man City,Brighton,3,0,H,1.2,17.12,6.85,,,football-data.co.uk,2026-09-10T16:48:43.497953+00:00
soccer_E0_2122_2022-04-20_Newcastle_CrystalPalace,soccer,EPL,2021-22,,2022-04-20,Newcastle,Crystal Palace,1,0,H,2.34,3.25,3.26,,,football-data.co.uk,2026-09-10T16:48:43.497953+00:00
soccer_E0_2122_2022-04-21_Burnley_Southampton,soccer,EPL,2021-22,,2022-04-21,Burnley,Southampton,2,0,H,2.76,2.61,3.41,,,football-data.co.uk,2026-09-10T16:48:43.497953+00:00
soccer_E0_2122_2022-04-23_Arsenal_ManUnited,soccer,EPL,2021-22,,2022-04-23,Arsenal,Man United,3,1,H,2.11,3.5,3.58,,,football-data.co.uk,2026-09-10T16:48:43.497953+00:00
soccer_E0_2122_2022-04-23_Brentford_Tottenham,soccer,EPL,2021-22,,2022-04-23,Brentford,Tottenham,0,0,D,4.28,1.87,3.67,,,football-data.co.uk,2026-09-10T16:48:43.497953+00:00
soccer_E0_2122_2022-04-23_Leicester_AstonVilla,soccer,EPL,2021-22,,2022-04-23,Leicester,Aston Villa,0,0,D,2.85,2.54,3.39,,,football-data.co.uk,2026-09-10T16:48:43.497953+00:00
soccer_E0_2122_2022-04-23_ManCity_Watford,soccer,EPL,2021-22,,2022-04-23,Man City,Watford,5,1,H,1.11,25.83,9.78,,,football-data.co.uk,2026-09-10T16:48:43.497953+00:00
soccer_E0_2122_2022-04-23_Norwich_Newcastle,soccer,EPL,2021-22,,2022-04-23,Norwich,Newcastle,0,3,A,3.55,2.18,3.33,,,football-data.co.uk,2026-09-10T16:48:43.497953+00:00
soccer_E0_2122_2022-04-24_Brighton_Southampton,soccer,EPL,2021-22,,2022-04-24,Brighton,Southampton,2,2,D,2.17,3.59,3.32,,,football-data.co.uk,2026-09-10T16:48:43.497953+00:00
soccer_E0_2122_2022-04-24_Burnley_Wolves,soccer,EPL,2021-22,,2022-04-24,Burnley,Wolves,1,0,H,2.71,2.86,3.11,,,football-data.co.uk,2026-09-10T16:48:43.497953+00:00
soccer_E0_2122_2022-04-24_Chelsea_WestHam,soccer,EPL,2021-22,,2022-04-24,Chelsea,West Ham,1,0,H,1.53,6.4,4.37,,,football-data.co.uk,2026-09-10T16:48:43.497953+00:00
soccer_E0_2122_2022-04-24_Liverpool_Everton,soccer,EPL,2021-22,,2022-04-24,Liverpool,Everton,2,0,H,1.19,15.64,7.35,,,football-data.co.uk,2026-09-10T16:48:43.497953+00:00
soccer_E0_2122_2022-04-25_CrystalPalace_Leeds,soccer,EPL,2021-22,,2022-04-25,Crystal Palace,Leeds,0,0,D,2.08,3.53,3.59,,,football-data.co.uk,2026-09-10T16:48:43.497953+00:00
soccer_E0_2122_2022-04-28_ManUnited_Chelsea,soccer,EPL,2021-22,,2022-04-28,Man United,Chelsea,1,1,D,3.17,2.25,3.57,,,football-data.co.uk,2026-09-10T16:48:43.497953+00:00
soccer_E0_2122_2022-04-30_AstonVilla_Norwich,soccer,EPL,2021-22,,2022-04-30,Aston Villa,Norwich,2,0,H,1.4,8.3,4.94,,,football-data.co.uk,2026-09-10T16:48:43.497953+00:00
soccer_E0_2122_2022-04-30_Leeds_ManCity,soccer,EPL,2021-22,,2022-04-30,Leeds,Man City,0,4,A,9.69,1.31,5.85,,,football-data.co.uk,2026-09-10T16:48:43.497953+00:00
soccer_E0_2122_2022-04-30_Newcastle_Liverpool,soccer,EPL,2021-22,,2022-04-30,Newcastle,Liverpool,0,1,A,7.81,1.41,4.87,,,football-data.co.uk,2026-09-10T16:48:43.497953+00:00
soccer_E0_2122_2022-04-30_Southampton_CrystalPalace,soccer,EPL,2021-22,,2022-04-30,Southampton,Crystal Palace,1,2,A,2.41,3.05,3.37,,,football-data.co.uk,2026-09-10T16:48:43.497953+00:00
soccer_E0_2122_2022-04-30_Watford_Burnley,soccer,EPL,2021-22,,2022-04-30,Watford,Burnley,1,2,A,2.68,2.75,3.31,,,football-data.co.uk,2026-09-10T16:48:43.497953+00:00
soccer_E0_2122_2022-04-30_Wolves_Brighton,soccer,EPL,2021-22,,2022-04-30,Wolves,Brighton,0,3,A,2.75,2.83,3.09,,,football-data.co.uk,2026-09-10T16:48:43.497953+00:00
soccer_E0_2122_2022-05-01_Everton_Chelsea,soccer,EPL,2021-22,,2022-05-01,Everton,Chelsea,1,0,H,4.83,1.77,3.71,,,football-data.co.uk,2026-09-10T16:48:43.497953+00:00
soccer_E0_2122_2022-05-01_Tottenham_Leicester,soccer,EPL,2021-22,,2022-05-01,Tottenham,Leicester,3,1,H,1.46,6.88,4.8,,,football-data.co.uk,2026-09-10T16:48:43.497953+00:00
soccer_E0_2122_2022-05-01_WestHam_Arsenal,soccer,EPL,2021-22,,2022-05-01,West Ham,Arsenal,1,2,A,4.54,1.79,3.84,,,football-data.co.uk,2026-09-10T16:48:43.497953+00:00
soccer_E0_2122_2022-05-02_ManUnited_Brentford,soccer,EPL,2021-22,,2022-05-02,Man United,Brentford,3,0,H,1.76,4.51,3.95,,,football-data.co.uk,2026-09-10T16:48:43.497953+00:00
soccer_E0_2122_2022-05-07_Brentford_Southampton,soccer,EPL,2021-22,,2022-05-07,Brentford,Southampton,3,0,H,2.21,3.35,3.44,,,football-data.co.uk,2026-09-10T16:48:43.497953+00:00
soccer_E0_2122_2022-05-07_Brighton_ManUnited,soccer,EPL,2021-22,,2022-05-07,Brighton,Man United,4,0,H,2.8,2.56,3.44,,,football-data.co.uk,2026-09-10T16:48:43.497953+00:00
soccer_E0_2122_2022-05-07_Burnley_AstonVilla,soccer,EPL,2021-22,,2022-05-07,Burnley,Aston Villa,1,3,A,3.0,2.46,3.33,,,football-data.co.uk,2026-09-10T16:48:43.497953+00:00
soccer_E0_2122_2022-05-07_Chelsea_Wolves,soccer,EPL,2021-22,,2022-05-07,Chelsea,Wolves,2,2,D,1.36,9.62,4.95,,,football-data.co.uk,2026-09-10T16:48:43.497953+00:00
soccer_E0_2122_2022-05-07_CrystalPalace_Watford,soccer,EPL,2021-22,,2022-05-07,Crystal Palace,Watford,1,0,H,1.69,5.2,3.89,,,football-data.co.uk,2026-09-10T16:48:43.497953+00:00
soccer_E0_2122_2022-05-07_Liverpool_Tottenham,soccer,EPL,2021-22,,2022-05-07,Liverpool,Tottenham,1,1,D,1.46,6.68,4.89,,,football-data.co.uk,2026-09-10T16:48:43.497953+00:00
soccer_E0_2122_2022-05-08_Arsenal_Leeds,soccer,EPL,2021-22,,2022-05-08,Arsenal,Leeds,2,1,H,1.46,6.77,4.81,,,football-data.co.uk,2026-09-10T16:48:43.497953+00:00
soccer_E0_2122_2022-05-08_Leicester_Everton,soccer,EPL,2021-22,,2022-05-08,Leicester,Everton,1,2,A,2.61,2.8,3.34,,,football-data.co.uk,2026-09-10T16:48:43.497953+00:00
soccer_E0_2122_2022-05-08_ManCity_Newcastle,soccer,EPL,2021-22,,2022-05-08,Man City,Newcastle,5,0,H,1.18,17.16,7.63,,,football-data.co.uk,2026-09-10T16:48:43.497953+00:00
soccer_E0_2122_2022-05-08_Norwich_WestHam,soccer,EPL,2021-22,,2022-05-08,Norwich,West Ham,0,4,A,4.51,1.8,3.81,,,football-data.co.uk,2026-09-10T16:48:43.497953+00:00
soccer_E0_2122_2022-05-10_AstonVilla_Liverpool,soccer,EPL,2021-22,,2022-05-10,Aston Villa,Liverpool,1,2,A,7.35,1.44,4.85,,,football-data.co.uk,2026-09-10T16:48:43.497953+00:00
soccer_E0_2122_2022-05-11_Leeds_Chelsea,soccer,EPL,2021-22,,2022-05-11,Leeds,Chelsea,0,3,A,4.98,1.67,4.17,,,football-data.co.uk,2026-09-10T16:48:43.497953+00:00
soccer_E0_2122_2022-05-11_Leicester_Norwich,soccer,EPL,2021-22,,2022-05-11,Leicester,Norwich,3,0,H,1.44,7.02,4.9,,,football-data.co.uk,2026-09-10T16:48:43.497953+00:00
soccer_E0_2122_2022-05-11_Watford_Everton,soccer,EPL,2021-22,,2022-05-11,Watford,Everton,0,0,D,4.26,1.87,3.68,,,football-data.co.uk,2026-09-10T16:48:43.497953+00:00
soccer_E0_2122_2022-05-11_Wolves_ManCity,soccer,EPL,2021-22,,2022-05-11,Wolves,Man City,1,5,A,12.83,1.26,5.88,,,football-data.co.uk,2026-09-10T16:48:43.497953+00:00
soccer_E0_2122_2022-05-12_Tottenham_Arsenal,soccer,EPL,2021-22,,2022-05-12,Tottenham,Arsenal,3,0,H,2.12,3.42,3.6,,,football-data.co.uk,2026-09-10T16:48:43.497953+00:00
soccer_E0_2122_2022-05-15_AstonVilla_CrystalPalace,soccer,EPL,2021-22,,2022-05-15,Aston Villa,Crystal Palace,1,1,D,2.06,3.63,3.55,,,football-data.co.uk,2026-09-10T16:48:43.497953+00:00
soccer_E0_2122_2022-05-15_Everton_Brentford,soccer,EPL,2021-22,,2022-05-15,Everton,Brentford,2,3,A,2.1,3.53,3.55,,,football-data.co.uk,2026-09-10T16:48:43.497953+00:00
soccer_E0_2122_2022-05-15_Leeds_Brighton,soccer,EPL,2021-22,,2022-05-15,Leeds,Brighton,1,1,D,2.67,2.61,3.52,,,football-data.co.uk,2026-09-10T16:48:43.497953+00:00
soccer_E0_2122_2022-05-15_Tottenham_Burnley,soccer,EPL,2021-22,,2022-05-15,Tottenham,Burnley,1,0,H,1.34,9.11,5.36,,,football-data.co.uk,2026-09-10T16:48:43.497953+00:00
soccer_E0_2122_2022-05-15_Watford_Leicester,soccer,EPL,2021-22,,2022-05-15,Watford,Leicester,1,5,A,3.65,2.02,3.68,,,football-data.co.uk,2026-09-10T16:48:43.497953+00:00
soccer_E0_2122_2022-05-15_WestHam_ManCity,soccer,EPL,2021-22,,2022-05-15,West Ham,Man City,2,2,D,8.01,1.38,5.2,,,football-data.co.uk,2026-09-10T16:48:43.497953+00:00
soccer_E0_2122_2022-05-15_Wolves_Norwich,soccer,EPL,2021-22,,2022-05-15,Wolves,Norwich,1,1,D,1.46,7.25,4.58,,,football-data.co.uk,2026-09-10T16:48:43.497953+00:00
soccer_E0_2122_2022-05-16_Newcastle_Arsenal,soccer,EPL,2021-22,,2022-05-16,Newcastle,Arsenal,2,0,H,4.14,1.88,3.68,,,football-data.co.uk,2026-09-10T16:48:43.497953+00:00
soccer_E0_2122_2022-05-17_Southampton_Liverpool,soccer,EPL,2021-22,,2022-05-17,Southampton,Liverpool,1,2,A,8.02,1.37,5.49,,,football-data.co.uk,2026-09-10T16:48:43.497953+00:00
soccer_E0_2122_2022-05-19_AstonVilla_Burnley,soccer,EPL,2021-22,,2022-05-19,Aston Villa,Burnley,1,1,D,2.05,3.7,3.56,,,football-data.co.uk,2026-09-10T16:48:43.497953+00:00
soccer_E0_2122_2022-05-19_Chelsea_Leicester,soccer,EPL,2021-22,,2022-05-19,Chelsea,Leicester,1,1,D,1.38,8.66,4.91,,,football-data.co.uk,2026-09-10T16:48:43.497953+00:00
soccer_E0_2122_2022-05-19_Everton_CrystalPalace,soccer,EPL,2021-22,,2022-05-19,Everton,Crystal Palace,3,2,H,1.95,4.16,3.47,,,football-data.co.uk,2026-09-10T16:48:43.497953+00:00
soccer_E0_2122_2022-05-22_Arsenal_Everton,soccer,EPL,2021-22,,2022-05-22,Arsenal,Everton,5,1,H,1.37,8.69,5.15,,,football-data.co.uk,2026-09-10T16:48:43.497953+00:00
soccer_E0_2122_2022-05-22_Brentford_Leeds,soccer,EPL,2021-22,,2022-05-22,Brentford,Leeds,1,2,A,2.41,2.79,3.76,,,football-data.co.uk,2026-09-10T16:48:43.497953+00:00
soccer_E0_2122_2022-05-22_Brighton_WestHam,soccer,EPL,2021-22,,2022-05-22,Brighton,West Ham,3,1,H,2.4,2.91,3.57,,,football-data.co.uk,2026-09-10T16:48:43.497953+00:00
soccer_E0_2122_2022-05-22_Burnley_Newcastle,soccer,EPL,2021-22,,2022-05-22,Burnley,Newcastle,1,2,A,2.24,3.25,3.48,,,football-data.co.uk,2026-09-10T16:48:43.497953+00:00
soccer_E0_2122_2022-05-22_Chelsea_Watford,soccer,EPL,2021-22,,2022-05-22,Chelsea,Watford,2,1,H,1.17,17.63,7.89,,,football-data.co.uk,2026-09-10T16:48:43.497953+00:00
soccer_E0_2122_2022-05-22_CrystalPalace_ManUnited,soccer,EPL,2021-22,,2022-05-22,Crystal Palace,Man United,1,0,H,3.1,2.25,3.66,,,football-data.co.uk,2026-09-10T16:48:43.497953+00:00
soccer_E0_2122_2022-05-22_Leicester_Southampton,soccer,EPL,2021-22,,2022-05-22,Leicester,Southampton,4,1,H,1.88,3.86,4.03,,,football-data.co.uk,2026-09-10T16:48:43.497953+00:00
soccer_E0_2122_2022-05-22_Liverpool_Wolves,soccer,EPL,2021-22,,2022-05-22,Liverpool,Wolves,3,1,H,1.16,18.95,8.12,,,football-data.co.uk,2026-09-10T16:48:43.497953+00:00
soccer_E0_2122_2022-05-22_ManCity_AstonVilla,soccer,EPL,2021-22,,2022-05-22,Man City,Aston Villa,3,2,H,1.16,18.24,8.18,,,football-data.co.uk,2026-09-10T16:48:43.497953+00:00
soccer_E0_2122_2022-05-22_Norwich_Tottenham,soccer,EPL,2021-22,,2022-05-22,Norwich,Tottenham,0,5,A,11.19,1.26,6.45,,,football-data.co.uk,2026-09-10T16:48:43.497953+00:00
soccer_E0_2223_2022-08-05_CrystalPalace_Arsenal,soccer,EPL,2022-23,,2022-08-05,Crystal Palace,Arsenal,0,2,A,4.39,1.88,3.59,,,football-data.co.uk,2026-09-10T16:48:43.497953+00:00
soccer_E0_2223_2022-08-06_Bournemouth_AstonVilla,soccer,EPL,2022-23,,2022-08-06,Bournemouth,Aston Villa,2,0,H,3.8,2.04,3.5,,,football-data.co.uk,2026-09-10T16:48:43.497953+00:00
soccer_E0_2223_2022-08-06_Everton_Chelsea,soccer,EPL,2022-23,,2022-08-06,Everton,Chelsea,0,1,A,5.74,1.63,3.96,,,football-data.co.uk,2026-09-10T16:48:43.497953+00:00
soccer_E0_2223_2022-08-06_Fulham_Liverpool,soccer,EPL,2022-23,,2022-08-06,Fulham,Liverpool,2,2,D,10.99,1.28,6.05,,,football-data.co.uk,2026-09-10T16:48:43.497953+00:00
soccer_E0_2223_2022-08-06_Leeds_Wolves,soccer,EPL,2022-23,,2022-08-06,Leeds,Wolves,2,1,H,2.34,3.18,3.34,,,football-data.co.uk,2026-09-10T16:48:43.497953+00:00
soccer_E0_2223_2022-08-06_Newcastle_Nott'mForest,soccer,EPL,2022-23,,2022-08-06,Newcastle,Nott'm Forest,2,0,H,1.67,5.57,3.8,,,football-data.co.uk,2026-09-10T16:48:43.497953+00:00
soccer_E0_2223_2022-08-06_Tottenham_Southampton,soccer,EPL,2022-23,,2022-08-06,Tottenham,Southampton,4,1,H,1.36,8.64,5.27,,,football-data.co.uk,2026-09-10T16:48:43.497953+00:00
soccer_E0_2223_2022-08-07_Leicester_Brentford,soccer,EPL,2022-23,,2022-08-07,Leicester,Brentford,2,2,D,2.03,3.64,3.66,,,football-data.co.uk,2026-09-10T16:48:43.497953+00:00
soccer_E0_2223_2022-08-07_ManUnited_Brighton,soccer,EPL,2022-23,,2022-08-07,Man United,Brighton,1,2,A,1.62,5.68,4.01,,,football-data.co.uk,2026-09-10T16:48:43.497953+00:00
soccer_E0_2223_2022-08-07_WestHam_ManCity,soccer,EPL,2022-23,,2022-08-07,West Ham,Man City,0,2,A,8.32,1.37,5.25,,,football-data.co.uk,2026-09-10T16:48:43.497953+00:00
soccer_E0_2223_2022-08-13_Arsenal_Leicester,soccer,EPL,2022-23,,2022-08-13,Arsenal,Leicester,4,2,H,1.55,6.04,4.37,,,football-data.co.uk,2026-09-10T16:48:43.497953+00:00
soccer_E0_2223_2022-08-13_AstonVilla_Everton,soccer,EPL,2022-23,,2022-08-13,Aston Villa,Everton,2,1,H,1.82,4.87,3.56,,,football-data.co.uk,2026-09-10T16:48:43.497953+00:00
soccer_E0_2223_2022-08-13_Brentford_ManUnited,soccer,EPL,2022-23,,2022-08-13,Brentford,Man United,4,0,H,3.77,2.02,3.56,,,football-data.co.uk,2026-09-10T16:48:43.497953+00:00
soccer_E0_2223_2022-08-13_Brighton_Newcastle,soccer,EPL,2022-23,,2022-08-13,Brighton,Newcastle,0,0,D,2.44,3.1,3.25,,,football-data.co.uk,2026-09-10T16:48:43.497953+00:00
soccer_E0_2223_2022-08-13_ManCity_Bournemouth,soccer,EPL,2022-23,,2022-08-13,Man City,Bournemouth,4,0,H,1.07,37.57,12.72,,,football-data.co.uk,2026-09-10T16:48:43.497953+00:00
soccer_E0_2223_2022-08-13_Southampton_Leeds,soccer,EPL,2022-23,,2022-08-13,Southampton,Leeds,2,2,D,2.32,3.1,3.51,,,football-data.co.uk,2026-09-10T16:48:43.497953+00:00
soccer_E0_2223_2022-08-13_Wolves_Fulham,soccer,EPL,2022-23,,2022-08-13,Wolves,Fulham,0,0,D,2.4,3.15,3.28,,,football-data.co.uk,2026-09-10T16:48:43.497953+00:00
soccer_E0_2223_2022-08-14_Chelsea_Tottenham,soccer,EPL,2022-23,,2022-08-14,Chelsea,Tottenham,2,2,D,2.29,3.21,3.44,,,football-data.co.uk,2026-09-10T16:48:43.497953+00:00
soccer_E0_2223_2022-08-14_Nott'mForest_WestHam,soccer,EPL,2022-23,,2022-08-14,Nott'm Forest,West Ham,1,0,H,4.21,1.9,3.64,,,football-data.co.uk,2026-09-10T16:48:43.497953+00:00
soccer_E0_2223_2022-08-15_Liverpool_CrystalPalace,soccer,EPL,2022-23,,2022-08-15,Liverpool,Crystal Palace,1,1,D,1.2,16.33,6.85,,,football-data.co.uk,2026-09-10T16:48:43.497953+00:00
soccer_E0_2223_2022-08-20_Bournemouth_Arsenal,soccer,EPL,2022-23,,2022-08-20,Bournemouth,Arsenal,0,3,A,7.65,1.43,4.7,,,football-data.co.uk,2026-09-10T16:48:43.497953+00:00
soccer_E0_2223_2022-08-20_CrystalPalace_AstonVilla,soccer,EPL,2022-23,,2022-08-20,Crystal Palace,Aston Villa,3,1,H,2.52,3.0,3.2,,,football-data.co.uk,2026-09-10T16:48:43.497953+00:00
soccer_E0_2223_2022-08-20_Everton_Nott'mForest,soccer,EPL,2022-23,,2022-08-20,Everton,Nott'm Forest,1,1,D,1.97,4.05,3.48,,,football-data.co.uk,2026-09-10T16:48:43.497953+00:00
soccer_E0_2223_2022-08-20_Fulham_Brentford,soccer,EPL,2022-23,,2022-08-20,Fulham,Brentford,3,2,H,2.46,2.92,3.42,,,football-data.co.uk,2026-09-10T16:48:43.497953+00:00
soccer_E0_2223_2022-08-20_Leicester_Southampton,soccer,EPL,2022-23,,2022-08-20,Leicester,Southampton,1,2,A,1.85,4.01,3.97,,,football-data.co.uk,2026-09-10T16:48:43.497953+00:00
soccer_E0_2223_2022-08-20_Tottenham_Wolves,soccer,EPL,2022-23,,2022-08-20,Tottenham,Wolves,1,0,H,1.41,7.96,4.88,,,football-data.co.uk,2026-09-10T16:48:43.497953+00:00
soccer_E0_2223_2022-08-21_Leeds_Chelsea,soccer,EPL,2022-23,,2022-08-21,Leeds,Chelsea,3,0,H,5.93,1.55,4.43,,,football-data.co.uk,2026-09-10T16:48:43.497953+00:00
soccer_E0_2223_2022-08-21_Newcastle_ManCity,soccer,EPL,2022-23,,2022-08-21,Newcastle,Man City,3,3,D,8.67,1.37,5.11,,,football-data.co.uk,2026-09-10T16:48:43.497953+00:00
soccer_E0_2223_2022-08-21_WestHam_Brighton,soccer,EPL,2022-23,,2022-08-21,West Ham,Brighton,0,2,A,2.32,3.14,3.41,,,football-data.co.uk,2026-09-10T16:48:43.497953+00:00
soccer_E0_2223_2022-08-22_ManUnited_Liverpool,soccer,EPL,2022-23,,2022-08-22,Man United,Liverpool,2,1,H,5.22,1.6,4.38,,,football-data.co.uk,2026-09-10T16:48:43.497953+00:00
soccer_E0_2223_2022-08-27_Arsenal_Fulham,soccer,EPL,2022-23,,2022-08-27,Arsenal,Fulham,2,1,H,1.32,9.44,5.77,,,football-data.co.uk,2026-09-10T16:48:43.497953+00:00
soccer_E0_2223_2022-08-27_Brentford_Everton,soccer,EPL,2022-23,,2022-08-27,Brentford,Everton,1,1,D,2.06,3.77,3.47,,,football-data.co.uk,2026-09-10T16:48:43.497953+00:00
soccer_E0_2223_2022-08-27_Brighton_Leeds,soccer,EPL,2022-23,,2022-08-27,Brighton,Leeds,1,0,H,1.91,4.04,3.73,,,football-data.co.uk,2026-09-10T16:48:43.497953+00:00
soccer_E0_2223_2022-08-27_Chelsea_Leicester,soccer,EPL,2022-23,,2022-08-27,Chelsea,Leicester,2,1,H,1.42,7.52,4.93,,,football-data.co.uk,2026-09-10T16:48:43.497953+00:00
soccer_E0_2223_2022-08-27_Liverpool_Bournemouth,soccer,EPL,2022-23,,2022-08-27,Liverpool,Bournemouth,9,0,H,1.11,25.51,10.17,,,football-data.co.uk,2026-09-10T16:48:43.497953+00:00
soccer_E0_2223_2022-08-27_ManCity_CrystalPalace,soccer,EPL,2022-23,,2022-08-27,Man City,Crystal Palace,4,2,H,1.19,15.25,7.56,,,football-data.co.uk,2026-09-10T16:48:43.497953+00:00
soccer_E0_2223_2022-08-27_Southampton_ManUnited,soccer,EPL,2022-23,,2022-08-27,Southampton,Man United,0,1,A,4.27,1.8,4.06,,,football-data.co.uk,2026-09-10T16:48:43.497953+00:00
soccer_E0_2223_2022-08-28_AstonVilla_WestHam,soccer,EPL,2022-23,,2022-08-28,Aston Villa,West Ham,0,1,A,2.3,3.18,3.43,,,football-data.co.uk,2026-09-10T16:48:43.497953+00:00
soccer_E0_2223_2022-08-28_Nott'mForest_Tottenham,soccer,EPL,2022-23,,2022-08-28,Nott'm Forest,Tottenham,0,2,A,6.98,1.47,4.59,,,football-data.co.uk,2026-09-10T16:48:43.497953+00:00
soccer_E0_2223_2022-08-28_Wolves_Newcastle,soccer,EPL,2022-23,,2022-08-28,Wolves,Newcastle,1,1,D,2.75,2.7,3.26,,,football-data.co.uk,2026-09-10T16:48:43.497953+00:00
soccer_E0_2223_2022-08-30_CrystalPalace_Brentford,soccer,EPL,2022-23,,2022-08-30,Crystal Palace,Brentford,1,1,D,2.1,3.72,3.42,,,football-data.co.uk,2026-09-10T16:48:43.497953+00:00
soccer_E0_2223_2022-08-30_Fulham_Brighton,soccer,EPL,2022-23,,2022-08-30,Fulham,Brighton,2,1,H,3.21,2.33,3.35,,,football-data.co.uk,2026-09-10T16:48:43.497953+00:00
soccer_E0_2223_2022-08-30_Leeds_Everton,soccer,EPL,2022-23,,2022-08-30,Leeds,Everton,1,1,D,2.14,3.46,3.57,,,football-data.co.uk,2026-09-10T16:48:43.497953+00:00
soccer_E0_2223_2022-08-30_Southampton_Chelsea,soccer,EPL,2022-23,,2022-08-30,Southampton,Chelsea,2,1,H,5.22,1.65,4.16,,,football-data.co.uk,2026-09-10T16:48:43.497953+00:00
soccer_E0_2223_2022-08-31_Arsenal_AstonVilla,soccer,EPL,2022-23,,2022-08-31,Arsenal,Aston Villa,2,1,H,1.47,7.0,4.63,,,football-data.co.uk,2026-09-10T16:48:43.497953+00:00
soccer_E0_2223_2022-08-31_Bournemouth_Wolves,soccer,EPL,2022-23,,2022-08-31,Bournemouth,Wolves,0,0,D,3.53,2.16,3.38,,,football-data.co.uk,2026-09-10T16:48:43.497953+00:00
soccer_E0_2223_2022-08-31_Liverpool_Newcastle,soccer,EPL,2022-23,,2022-08-31,Liverpool,Newcastle,2,1,H,1.31,9.58,5.81,,,football-data.co.uk,2026-09-10T16:48:43.497953+00:00
soccer_E0_2223_2022-08-31_ManCity_Nott'mForest,soccer,EPL,2022-23,,2022-08-31,Man City,Nott'm Forest,6,0,H,1.08,30.99,12.84,,,football-data.co.uk,2026-09-10T16:48:43.497953+00:00
soccer_E0_2223_2022-08-31_WestHam_Tottenham,soccer,EPL,2022-23,,2022-08-31,West Ham,Tottenham,1,1,D,3.63,2.01,3.74,,,football-data.co.uk,2026-09-10T16:48:43.497953+00:00
soccer_E0_2223_2022-09-01_Leicester_ManUnited,soccer,EPL,2022-23,,2022-09-01,Leicester,Man United,0,1,A,3.41,2.07,3.81,,,football-data.co.uk,2026-09-10T16:48:43.497953+00:00
soccer_E0_2223_2022-09-03_AstonVilla_ManCity,soccer,EPL,2022-23,,2022-09-03,Aston Villa,Man City,1,1,D,8.75,1.34,5.63,,,football-data.co.uk,2026-09-10T16:48:43.497953+00:00
soccer_E0_2223_2022-09-03_Brentford_Leeds,soccer,EPL,2022-23,,2022-09-03,Brentford,Leeds,5,2,H,2.17,3.33,3.59,,,football-data.co.uk,2026-09-10T16:48:43.497953+00:00
soccer_E0_2223_2022-09-03_Chelsea_WestHam,soccer,EPL,2022-23,,2022-09-03,Chelsea,West Ham,2,1,H,1.55,6.03,4.38,,,football-data.co.uk,2026-09-10T16:48:43.497953+00:00
soccer_E0_2223_2022-09-03_Everton_Liverpool,soccer,EPL,2022-23,,2022-09-03,Everton,Liverpool,0,0,D,7.77,1.4,5.06,,,football-data.co.uk,2026-09-10T16:48:43.497953+00:00
soccer_E0_2223_2022-09-03_Newcastle_CrystalPalace,soccer,EPL,2022-23,,2022-09-03,Newcastle,Crystal Palace,0,0,D,2.05,3.8,3.48,,,football-data.co.uk,2026-09-10T16:48:43.497953+00:00
soccer_E0_2223_2022-09-03_Nott'mForest_Bournemouth,soccer,EPL,2022-23,,2022-09-03,Nott'm Forest,Bournemouth,2,3,A,2.02,3.89,3.47,,,football-data.co.uk,2026-09-10T16:48:43.497953+00:00
soccer_E0_2223_2022-09-03_Tottenham_Fulham,soccer,EPL,2022-23,,2022-09-03,Tottenham,Fulham,2,1,H,1.49,6.54,4.62,,,football-data.co.uk,2026-09-10T16:48:43.497953+00:00
soccer_E0_2223_2022-09-03_Wolves_Southampton,soccer,EPL,2022-23,,2022-09-03,Wolves,Southampton,1,0,H,2.24,3.33,3.4,,,football-data.co.uk,2026-09-10T16:48:43.497953+00:00
soccer_E0_2223_2022-09-04_Brighton_Leicester,soccer,EPL,2022-23,,2022-09-04,Brighton,Leicester,5,2,H,1.87,4.43,3.6,,,football-data.co.uk,2026-09-10T16:48:43.497953+00:00
soccer_E0_2223_2022-09-04_ManUnited_Arsenal,soccer,EPL,2022-23,,2022-09-04,Man United,Arsenal,3,1,H,2.61,2.67,3.55,,,football-data.co.uk,2026-09-10T16:48:43.497953+00:00
soccer_E0_2223_2022-09-16_AstonVilla_Southampton,soccer,EPL,2022-23,,2022-09-16,Aston Villa,Southampton,1,0,H,2.1,3.53,3.55,,,football-data.co.uk,2026-09-10T16:48:43.497953+00:00
soccer_E0_2223_2022-09-16_Nott'mForest_Fulham,soccer,EPL,2022-23,,2022-09-16,Nott'm Forest,Fulham,2,3,A,2.81,2.57,3.4,,,football-data.co.uk,2026-09-10T16:48:43.497953+00:00
soccer_E0_2223_2022-09-17_Newcastle_Bournemouth,soccer,EPL,2022-23,,2022-09-17,Newcastle,Bournemouth,1,1,D,1.47,7.39,4.47,,,football-data.co.uk,2026-09-10T16:48:43.497953+00:00
soccer_E0_2223_2022-09-17_Tottenham_Leicester,soccer,EPL,2022-23,,2022-09-17,Tottenham,Leicester,6,2,H,1.49,6.7,4.59,,,football-data.co.uk,2026-09-10T16:48:43.497953+00:00
soccer_E0_2223_2022-09-17_Wolves_ManCity,soccer,EPL,2022-23,,2022-09-17,Wolves,Man City,0,3,A,9.25,1.34,5.47,,,football-data.co.uk,2026-09-10T16:48:43.497953+00:00
soccer_E0_2223_2022-09-18_Brentford_Arsenal,soccer,EPL,2022-23,,2022-09-18,Brentford,Arsenal,0,3,A,4.3,1.81,3.91,,,football-data.co.uk,2026-09-10T16:48:43.497953+00:00
soccer_E0_2223_2022-09-18_Everton_WestHam,soccer,EPL,2022-23,,2022-09-18,Everton,West Ham,1,0,H,2.95,2.5,3.31,,,football-data.co.uk,2026-09-10T16:48:43.497953+00:00
soccer_E0_2223_2022-10-01_Arsenal_Tottenham,soccer,EPL,2022-23,,2022-10-01,Arsenal,Tottenham,3,1,H,2.08,3.48,3.7,,,football-data.co.uk,2026-09-10T16:48:43.497953+00:00
soccer_E0_2223_2022-10-01_Bournemouth_Brentford,soccer,EPL,2022-23,,2022-10-01,Bournemouth,Brentford,0,0,D,3.36,2.21,3.44,,,football-data.co.uk,2026-09-10T16:48:43.497953+00:00
soccer_E0_2223_2022-10-01_CrystalPalace_Chelsea,soccer,EPL,2022-23,,2022-10-01,Crystal Palace,Chelsea,1,2,A,4.29,1.9,3.57,,,football-data.co.uk,2026-09-10T16:48:43.497953+00:00
soccer_E0_2223_2022-10-01_Fulham_Newcastle,soccer,EPL,2022-23,,2022-10-01,Fulham,Newcastle,1,4,A,3.04,2.37,3.46,,,football-data.co.uk,2026-09-10T16:48:43.497953+00:00
soccer_E0_2223_2022-10-01_Liverpool_Brighton,soccer,EPL,2022-23,,2022-10-01,Liverpool,Brighton,3,3,D,1.37,8.25,5.33,,,football-data.co.uk,2026-09-10T16:48:43.497953+00:00
soccer_E0_2223_2022-10-01_Southampton_Everton,soccer,EPL,2022-23,,2022-10-01,Southampton,Everton,1,2,A,2.19,3.44,3.41,,,football-data.co.uk,2026-09-10T16:48:43.497953+00:00
soccer_E0_2223_2022-10-01_WestHam_Wolves,soccer,EPL,2022-23,,2022-10-01,West Ham,Wolves,2,0,H,1.96,4.12,3.48,,,football-data.co.uk,2026-09-10T16:48:43.497953+00:00
soccer_E0_2223_2022-10-02_Leeds_AstonVilla,soccer,EPL,2022-23,,2022-10-02,Leeds,Aston Villa,0,0,D,2.36,3.03,3.46,,,football-data.co.uk,2026-09-10T16:48:43.497953+00:00
soccer_E0_2223_2022-10-02_ManCity_ManUnited,soccer,EPL,2022-23,,2022-10-02,Man City,Man United,6,3,H,1.35,8.0,5.7,,,football-data.co.uk,2026-09-10T16:48:43.497953+00:00
soccer_E0_2223_2022-10-03_Leicester_Nott'mForest,soccer,EPL,2022-23,,2022-10-03,Leicester,Nott'm Forest,4,0,H,1.76,4.41,4.05,,,football-data.co.uk,2026-09-10T16:48:43.497953+00:00
soccer_E0_2223_2022-10-08_Bournemouth_Leicester,soccer,EPL,2022-23,,2022-10-08,Bournemouth,Leicester,2,1,H,3.53,2.09,3.63,,,football-data.co.uk,2026-09-10T16:48:43.497953+00:00
soccer_E0_2223_2022-10-08_Brighton_Tottenham,soccer,EPL,2022-23,,2022-10-08,Brighton,Tottenham,0,1,A,2.76,2.58,3.47,,,football-data.co.uk,2026-09-10T16:48:43.497953+00:00
soccer_E0_2223_2022-10-08_Chelsea_Wolves,soccer,EPL,2022-23,,2022-10-08,Chelsea,Wolves,3,0,H,1.4,8.5,4.82,,,football-data.co.uk,2026-09-10T16:48:43.497953+00:00
soccer_E0_2223_2022-10-08_ManCity_Southampton,soccer,EPL,2022-23,,2022-10-08,Man City,Southampton,4,0,H,1.12,21.15,10.3,,,football-data.co.uk,2026-09-10T16:48:43.497953+00:00
soccer_E0_2223_2022-10-08_Newcastle_Brentford,soccer,EPL,2022-23,,2022-10-08,Newcastle,Brentford,5,1,H,1.8,4.38,3.92,,,football-data.co.uk,2026-09-10T16:48:43.497953+00:00
soccer_E0_2223_2022-10-09_Arsenal_Liverpool,soccer,EPL,2022-23,,2022-10-09,Arsenal,Liverpool,3,2,H,2.58,2.62,3.72,,,football-data.co.uk,2026-09-10T16:48:43.497953+00:00
soccer_E0_2223_2022-10-09_CrystalPalace_Leeds,soccer,EPL,2022-23,,2022-10-09,Crystal Palace,Leeds,2,1,H,2.07,3.57,3.62,,,football-data.co.uk,2026-09-10T16:48:43.497953+00:00
soccer_E0_2223_2022-10-09_Everton_ManUnited,soccer,EPL,2022-23,,2022-10-09,Everton,Man United,1,2,A,3.56,2.09,3.58,,,football-data.co.uk,2026-09-10T16:48:43.497953+00:00
soccer_E0_2223_2022-10-09_WestHam_Fulham,soccer,EPL,2022-23,,2022-10-09,West Ham,Fulham,3,1,H,1.78,4.56,3.9,,,football-data.co.uk,2026-09-10T16:48:43.497953+00:00
soccer_E0_2223_2022-10-10_Nott'mForest_AstonVilla,soccer,EPL,2022-23,,2022-10-10,Nott'm Forest,Aston Villa,1,1,D,3.35,2.19,3.49,,,football-data.co.uk,2026-09-10T16:48:43.497953+00:00
soccer_E0_2223_2022-10-14_Brentford_Brighton,soccer,EPL,2022-23,,2022-10-14,Brentford,Brighton,2,0,H,3.21,2.3,3.44,,,football-data.co.uk,2026-09-10T16:48:43.497953+00:00
soccer_E0_2223_2022-10-15_Fulham_Bournemouth,soccer,EPL,2022-23,,2022-10-15,Fulham,Bournemouth,2,2,D,1.89,4.13,3.72,,,football-data.co.uk,2026-09-10T16:48:43.497953+00:00
soccer_E0_2223_2022-10-15_Leicester_CrystalPalace,soccer,EPL,2022-23,,2022-10-15,Leicester,Crystal Palace,0,0,D,2.31,3.12,3.49,,,football-data.co.uk,2026-09-10T16:48:43.497953+00:00
soccer_E0_2223_2022-10-15_Tottenham_Everton,soccer,EPL,2022-23,,2022-10-15,Tottenham,Everton,2,0,H,1.49,6.81,4.56,,,football-data.co.uk,2026-09-10T16:48:43.497953+00:00
soccer_E0_2223_2022-10-15_Wolves_Nott'mForest,soccer,EPL,2022-23,,2022-10-15,Wolves,Nott'm Forest,1,0,H,1.72,5.13,3.81,,,football-data.co.uk,2026-09-10T16:48:43.497953+00:00
soccer_E0_2223_2022-10-16_AstonVilla_Chelsea,soccer,EPL,2022-23,,2022-10-16,Aston Villa,Chelsea,0,2,A,4.54,1.82,3.69,,,football-data.co.uk,2026-09-10T16:48:43.497953+00:00
soccer_E0_2223_2022-10-16_Leeds_Arsenal,soccer,EPL,2022-23,,2022-10-16,Leeds,Arsenal,0,1,A,5.83,1.56,4.41,,,football-data.co.uk,2026-09-10T16:48:43.497953+00:00
soccer_E0_2223_2022-10-16_Liverpool_ManCity,soccer,EPL,2022-23,,2022-10-16,Liverpool,Man City,1,0,H,3.74,1.91,4.06,,,football-data.co.uk,2026-09-10T16:48:43.497953+00:00
soccer_E0_2223_2022-10-16_ManUnited_Newcastle,soccer,EPL,2022-23,,2022-10-16,Man United,Newcastle,0,0,D,2.0,3.65,3.78,,,football-data.co.uk,2026-09-10T16:48:43.497953+00:00
soccer_E0_2223_2022-10-16_Southampton_WestHam,soccer,EPL,2022-23,,2022-10-16,Southampton,West Ham,1,1,D,2.96,2.44,3.42,,,football-data.co.uk,2026-09-10T16:48:43.497953+00:00
soccer_E0_2223_2022-10-18_Brighton_Nott'mForest,soccer,EPL,2022-23,,2022-10-18,Brighton,Nott'm Forest,0,0,D,1.4,8.19,4.91,,,football-data.co.uk,2026-09-10T16:48:43.497953+00:00
soccer_E0_2223_2022-10-18_CrystalPalace_Wolves,soccer,EPL,2022-23,,2022-10-18,Crystal Palace,Wolves,2,1,H,2.29,3.46,3.19,,,football-data.co.uk,2026-09-10T16:48:43.497953+00:00
soccer_E0_2223_2022-10-19_Bournemouth_Southampton,soccer,EPL,2022-23,,2022-10-19,Bournemouth,Southampton,0,1,A,2.72,2.69,3.33,,,football-data.co.uk,2026-09-10T16:48:43.497953+00:00
soccer_E0_2223_2022-10-19_Brentford_Chelsea,soccer,EPL,2022-23,,2022-10-19,Brentford,Chelsea,0,0,D,4.79,1.74,3.92,,,football-data.co.uk,2026-09-10T16:48:43.497953+00:00
soccer_E0_2223_2022-10-19_Liverpool_WestHam,soccer,EPL,2022-23,,2022-10-19,Liverpool,West Ham,1,0,H,1.44,6.96,5.01,,,football-data.co.uk,2026-09-10T16:48:43.497953+00:00
soccer_E0_2223_2022-10-19_ManUnited_Tottenham,soccer,EPL,2022-23,,2022-10-19,Man United,Tottenham,2,0,H,2.45,2.86,3.57,,,football-data.co.uk,2026-09-10T16:48:43.497953+00:00
soccer_E0_2223_2022-10-19_Newcastle_Everton,soccer,EPL,2022-23,,2022-10-19,Newcastle,Everton,1,0,H,1.64,5.46,4.05,,,football-data.co.uk,2026-09-10T16:48:43.497953+00:00
soccer_E0_2223_2022-10-20_Fulham_AstonVilla,soccer,EPL,2022-23,,2022-10-20,Fulham,Aston Villa,3,0,H,2.88,2.51,3.42,,,football-data.co.uk,2026-09-10T16:48:43.497953+00:00
soccer_E0_2223_2022-10-20_Leicester_Leeds,soccer,EPL,2022-23,,2022-10-20,Leicester,Leeds,2,0,H,2.32,3.03,3.58,,,football-data.co.uk,2026-09-10T16:48:43.497953+00:00
soccer_E0_2223_2022-10-22_Chelsea_ManUnited,soccer,EPL,2022-23,,2022-10-22,Chelsea,Man United,1,1,D,2.14,3.5,3.51,,,football-data.co.uk,2026-09-10T16:48:43.497953+00:00
soccer_E0_2223_2022-10-22_Everton_CrystalPalace,soccer,EPL,2022-23,,2022-10-22,Everton,Crystal Palace,3,0,H,2.58,2.96,3.18,,,football-data.co.uk,2026-09-10T16:48:43.497953+00:00
soccer_E0_2223_2022-10-22_ManCity_Brighton,soccer,EPL,2022-23,,2022-10-22,Man City,Brighton,3,1,H,1.21,14.36,6.94,,,football-data.co.uk,2026-09-10T16:48:43.497953+00:00
soccer_E0_2223_2022-10-22_Nott'mForest_Liverpool,soccer,EPL,2022-23,,2022-10-22,Nott'm Forest,Liverpool,1,0,H,11.31,1.26,6.19,,,football-data.co.uk,2026-09-10T16:48:43.497953+00:00
soccer_E0_2223_2022-10-23_AstonVilla_Brentford,soccer,EPL,2022-23,,2022-10-23,Aston Villa,Brentford,4,0,H,2.14,3.49,3.5,,,football-data.co.uk,2026-09-10T16:48:43.497953+00:00
soccer_E0_2223_2022-10-23_Leeds_Fulham,soccer,EPL,2022-23,,2022-10-23,Leeds,Fulham,2,3,A,2.06,3.59,3.62,,,football-data.co.uk,2026-09-10T16:48:43.497953+00:00
soccer_E0_2223_2022-10-23_Southampton_Arsenal,soccer,EPL,2022-23,,2022-10-23,Southampton,Arsenal,1,1,D,5.78,1.58,4.27,,,football-data.co.uk,2026-09-10T16:48:43.497953+00:00
soccer_E0_2223_2022-10-23_Tottenham_Newcastle,soccer,EPL,2022-23,,2022-10-23,Tottenham,Newcastle,1,2,A,2.09,3.53,3.58,,,football-data.co.uk,2026-09-10T16:48:43.497953+00:00
soccer_E0_2223_2022-10-23_Wolves_Leicester,soccer,EPL,2022-23,,2022-10-23,Wolves,Leicester,0,4,A,2.3,3.24,3.38,,,football-data.co.uk,2026-09-10T16:48:43.497953+00:00
soccer_E0_2223_2022-10-24_WestHam_Bournemouth,soccer,EPL,2022-23,,2022-10-24,West Ham,Bournemouth,2,0,H,1.55,6.2,4.16,,,football-data.co.uk,2026-09-10T16:48:43.497953+00:00
soccer_E0_2223_2022-10-29_Bournemouth_Tottenham,soccer,EPL,2022-23,,2022-10-29,Bournemouth,Tottenham,2,3,A,5.1,1.69,3.91,,,football-data.co.uk,2026-09-10T16:48:43.497953+00:00
soccer_E0_2223_2022-10-29_Brentford_Wolves,soccer,EPL,2022-23,,2022-10-29,Brentford,Wolves,1,1,D,2.2,3.33,3.46,,,football-data.co.uk,2026-09-10T16:48:43.497953+00:00
soccer_E0_2223_2022-10-29_Brighton_Chelsea,soccer,EPL,2022-23,,2022-10-29,Brighton,Chelsea,4,1,H,3.03,2.41,3.34,,,football-data.co.uk,2026-09-10T16:48:43.497953+00:00
soccer_E0_2223_2022-10-29_CrystalPalace_Southampton,soccer,EPL,2022-23,,2022-10-29,Crystal Palace,Southampton,1,0,H,1.95,4.03,3.57,,,football-data.co.uk,2026-09-10T16:48:43.497953+00:00
soccer_E0_2223_2022-10-29_Fulham_Everton,soccer,EPL,2022-23,,2022-10-29,Fulham,Everton,0,0,D,2.36,3.07,3.43,,,football-data.co.uk,2026-09-10T16:48:43.497953+00:00
soccer_E0_2223_2022-10-29_Leicester_ManCity,soccer,EPL,2022-23,,2022-10-29,Leicester,Man City,0,1,A,9.66,1.29,6.09,,,football-data.co.uk,2026-09-10T16:48:43.497953+00:00
soccer_E0_2223_2022-10-29_Liverpool_Leeds,soccer,EPL,2022-23,,2022-10-29,Liverpool,Leeds,1,2,A,1.3,9.16,6.07,,,football-data.co.uk,2026-09-10T16:48:43.497953+00:00
soccer_E0_2223_2022-10-29_Newcastle_AstonVilla,soccer,EPL,2022-23,,2022-10-29,Newcastle,Aston Villa,4,0,H,1.83,4.41,3.73,,,football-data.co.uk,2026-09-10T16:48:43.497953+00:00
soccer_E0_2223_2022-10-30_Arsenal_Nott'mForest,soccer,EPL,2022-23,,2022-10-30,Arsenal,Nott'm Forest,5,0,H,1.2,14.82,6.96,,,football-data.co.uk,2026-09-10T16:48:43.497953+00:00
soccer_E0_2223_2022-10-30_ManUnited_WestHam,soccer,EPL,2022-23,,2022-10-30,Man United,West Ham,1,0,H,1.7,4.85,4.02,,,football-data.co.uk,2026-09-10T16:48:43.497953+00:00
soccer_E0_2223_2022-11-05_Everton_Leicester,soccer,EPL,2022-23,,2022-11-05,Everton,Leicester,0,2,A,2.43,3.03,3.33,,,football-data.co.uk,2026-09-10T16:48:43.497953+00:00
soccer_E0_2223_2022-11-05_Leeds_Bournemouth,soccer,EPL,2022-23,,2022-11-05,Leeds,Bournemouth,4,3,H,1.74,4.73,3.93,,,football-data.co.uk,2026-09-10T16:48:43.497953+00:00
soccer_E0_2223_2022-11-05_ManCity_Fulham,soccer,EPL,2022-23,,2022-11-05,Man City,Fulham,2,1,H,1.13,19.8,9.74,,,football-data.co.uk,2026-09-10T16:48:43.497953+00:00
soccer_E0_2223_2022-11-05_Nott'mForest_Brentford,soccer,EPL,2022-23,,2022-11-05,Nott'm Forest,Brentford,2,2,D,2.78,2.59,3.39,,,football-data.co.uk,2026-09-10T16:48:43.497953+00:00
soccer_E0_2223_2022-11-05_Wolves_Brighton,soccer,EPL,2022-23,,2022-11-05,Wolves,Brighton,2,3,A,3.39,2.24,3.33,,,football-data.co.uk,2026-09-10T16:48:43.497953+00:00
soccer_E0_2223_2022-11-06_AstonVilla_ManUnited,soccer,EPL,2022-23,,2022-11-06,Aston Villa,Man United,3,1,H,3.39,2.15,3.54,,,football-data.co.uk,2026-09-10T16:48:43.497953+00:00
soccer_E0_2223_2022-11-06_Chelsea_Arsenal,soccer,EPL,2022-23,,2022-11-06,Chelsea,Arsenal,0,1,A,2.64,2.7,3.42,,,football-data.co.uk,2026-09-10T16:48:43.497953+00:00
soccer_E0_2223_2022-11-06_Southampton_Newcastle,soccer,EPL,2022-23,,2022-11-06,Southampton,Newcastle,1,4,A,4.02,1.92,3.66,,,football-data.co.uk,2026-09-10T16:48:43.497953+00:00
soccer_E0_2223_2022-11-06_Tottenham_Liverpool,soccer,EPL,2022-23,,2022-11-06,Tottenham,Liverpool,1,2,A,3.28,2.16,3.67,,,football-data.co.uk,2026-09-10T16:48:43.497953+00:00
soccer_E0_2223_2022-11-06_WestHam_CrystalPalace,soccer,EPL,2022-23,,2022-11-06,West Ham,Crystal Palace,1,2,A,1.94,4.18,3.49,,,football-data.co.uk,2026-09-10T16:48:43.497953+00:00
soccer_E0_2223_2022-11-12_Bournemouth_Everton,soccer,EPL,2022-23,,2022-11-12,Bournemouth,Everton,3,0,H,2.86,2.6,3.25,,,football-data.co.uk,2026-09-10T16:48:43.497953+00:00
soccer_E0_2223_2022-11-12_Liverpool_Southampton,soccer,EPL,2022-23,,2022-11-12,Liverpool,Southampton,3,1,H,1.25,11.38,6.52,,,football-data.co.uk,2026-09-10T16:48:43.497953+00:00
soccer_E0_2223_2022-11-12_ManCity_Brentford,soccer,EPL,2022-23,,2022-11-12,Man City,Brentford,1,2,A,1.14,19.14,8.92,,,football-data.co.uk,2026-09-10T16:48:43.497953+00:00
soccer_E0_2223_2022-11-12_Newcastle_Chelsea,soccer,EPL,2022-23,,2022-11-12,Newcastle,Chelsea,1,0,H,2.33,3.11,3.44,,,football-data.co.uk,2026-09-10T16:48:43.497953+00:00
soccer_E0_2223_2022-11-12_Nott'mForest_CrystalPalace,soccer,EPL,2022-23,,2022-11-12,Nott'm Forest,Crystal Palace,1,0,H,3.12,2.43,3.24,,,football-data.co.uk,2026-09-10T16:48:43.497953+00:00
soccer_E0_2223_2022-11-12_Tottenham_Leeds,soccer,EPL,2022-23,,2022-11-12,Tottenham,Leeds,4,3,H,1.64,5.04,4.26,,,football-data.co.uk,2026-09-10T16:48:43.497953+00:00
soccer_E0_2223_2022-11-12_WestHam_Leicester,soccer,EPL,2022-23,,2022-11-12,West Ham,Leicester,0,2,A,2.09,3.6,3.51,,,football-data.co.uk,2026-09-10T16:48:43.497953+00:00
soccer_E0_2223_2022-11-12_Wolves_Arsenal,soccer,EPL,2022-23,,2022-11-12,Wolves,Arsenal,0,2,A,6.15,1.55,4.26,,,football-data.co.uk,2026-09-10T16:48:43.497953+00:00
soccer_E0_2223_2022-11-13_Brighton_AstonVilla,soccer,EPL,2022-23,,2022-11-13,Brighton,Aston Villa,1,2,A,1.86,4.21,3.71,,,football-data.co.uk,2026-09-10T16:48:43.497953+00:00
soccer_E0_2223_2022-11-13_Fulham_ManUnited,soccer,EPL,2022-23,,2022-11-13,Fulham,Man United,1,2,A,3.91,1.89,3.88,,,football-data.co.uk,2026-09-10T16:48:43.497953+00:00
soccer_E0_2223_2022-12-26_Arsenal_WestHam,soccer,EPL,2022-23,,2022-12-26,Arsenal,West Ham,3,1,H,1.51,6.52,4.39,,,football-data.co.uk,2026-09-10T16:48:43.497953+00:00
soccer_E0_2223_2022-12-26_AstonVilla_Liverpool,soccer,EPL,2022-23,,2022-12-26,Aston Villa,Liverpool,1,3,A,4.51,1.75,4.04,,,football-data.co.uk,2026-09-10T16:48:43.497953+00:00
soccer_E0_2223_2022-12-26_Brentford_Tottenham,soccer,EPL,2022-23,,2022-12-26,Brentford,Tottenham,2,2,D,3.85,1.95,3.74,,,football-data.co.uk,2026-09-10T16:48:43.497953+00:00
soccer_E0_2223_2022-12-26_CrystalPalace_Fulham,soccer,EPL,2022-23,,2022-12-26,Crystal Palace,Fulham,0,3,A,2.07,3.58,3.55,,,football-data.co.uk,2026-09-10T16:48:43.497953+00:00
soccer_E0_2223_2022-12-26_Everton_Wolves,soccer,EPL,2022-23,,2022-12-26,Everton,Wolves,1,2,A,2.35,3.24,3.25,,,football-data.co.uk,2026-09-10T16:48:43.497953+00:00
soccer_E0_2223_2022-12-26_Leicester_Newcastle,soccer,EPL,2022-23,,2022-12-26,Leicester,Newcastle,0,3,A,3.24,2.21,3.54,,,football-data.co.uk,2026-09-10T16:48:43.497953+00:00
soccer_E0_2223_2022-12-26_Southampton_Brighton,soccer,EPL,2022-23,,2022-12-26,Southampton,Brighton,1,3,A,3.4,2.15,3.51,,,football-data.co.uk,2026-09-10T16:48:43.497953+00:00
soccer_E0_2223_2022-12-27_Chelsea_Bournemouth,soccer,EPL,2022-23,,2022-12-27,Chelsea,Bournemouth,2,0,H,1.32,9.72,5.46,,,football-data.co.uk,2026-09-10T16:48:43.497953+00:00
soccer_E0_2223_2022-12-27_ManUnited_Nott'mForest,soccer,EPL,2022-23,,2022-12-27,Man United,Nott'm Forest,3,0,H,1.31,10.4,5.51,,,football-data.co.uk,2026-09-10T16:48:43.497953+00:00
soccer_E0_2223_2022-12-28_Leeds_ManCity,soccer,EPL,2022-23,,2022-12-28,Leeds,Man City,1,3,A,9.46,1.3,5.99,,,football-data.co.uk,2026-09-10T16:48:43.497953+00:00
soccer_E0_2223_2022-12-30_Liverpool_Leicester,soccer,EPL,2022-23,,2022-12-30,Liverpool,Leicester,2,1,H,1.3,9.64,6.03,,,football-data.co.uk,2026-09-10T16:48:43.497953+00:00
soccer_E0_2223_2022-12-30_WestHam_Brentford,soccer,EPL,2022-23,,2022-12-30,West Ham,Brentford,0,2,A,2.06,3.64,3.59,,,football-data.co.uk,2026-09-10T16:48:43.497953+00:00
soccer_E0_2223_2022-12-31_Bournemouth_CrystalPalace,soccer,EPL,2022-23,,2022-12-31,Bournemouth,Crystal Palace,0,2,A,2.91,2.55,3.27,,,football-data.co.uk,2026-09-10T16:48:43.497953+00:00
soccer_E0_2223_2022-12-31_Brighton_Arsenal,soccer,EPL,2022-23,,2022-12-31,Brighton,Arsenal,2,4,A,3.46,2.12,3.56,,,football-data.co.uk,2026-09-10T16:48:43.497953+00:00
soccer_E0_2223_2022-12-31_Fulham_Southampton,soccer,EPL,2022-23,,2022-12-31,Fulham,Southampton,2,1,H,2.02,3.77,3.57,,,football-data.co.uk,2026-09-10T16:48:43.497953+00:00
soccer_E0_2223_2022-12-31_ManCity_Everton,soccer,EPL,2022-23,,2022-12-31,Man City,Everton,1,1,D,1.14,21.51,8.61,,,football-data.co.uk,2026-09-10T16:48:43.497953+00:00
soccer_E0_2223_2022-12-31_Newcastle_Leeds,soccer,EPL,2022-23,,2022-12-31,Newcastle,Leeds,0,0,D,1.47,6.73,4.73,,,football-data.co.uk,2026-09-10T16:48:43.497953+00:00
soccer_E0_2223_2022-12-31_Wolves_ManUnited,soccer,EPL,2022-23,,2022-12-31,Wolves,Man United,0,1,A,4.09,1.92,3.64,,,football-data.co.uk,2026-09-10T16:48:43.497953+00:00
soccer_E0_2223_2023-01-01_Nott'mForest_Chelsea,soccer,EPL,2022-23,,2023-01-01,Nott'm Forest,Chelsea,1,1,D,5.21,1.69,3.88,,,football-data.co.uk,2026-09-10T16:48:43.497953+00:00
soccer_E0_2223_2023-01-01_Tottenham_AstonVilla,soccer,EPL,2022-23,,2023-01-01,Tottenham,Aston Villa,0,2,A,1.68,4.94,4.06,,,football-data.co.uk,2026-09-10T16:48:43.497953+00:00
soccer_E0_2223_2023-01-02_Brentford_Liverpool,soccer,EPL,2022-23,,2023-01-02,Brentford,Liverpool,3,1,H,5.65,1.56,4.52,,,football-data.co.uk,2026-09-10T16:48:43.497953+00:00
soccer_E0_2223_2023-01-03_Arsenal_Newcastle,soccer,EPL,2022-23,,2023-01-03,Arsenal,Newcastle,0,0,D,1.82,4.39,3.83,,,football-data.co.uk,2026-09-10T16:48:43.497953+00:00
soccer_E0_2223_2023-01-03_Everton_Brighton,soccer,EPL,2022-23,,2023-01-03,Everton,Brighton,1,4,A,3.56,2.13,3.46,,,football-data.co.uk,2026-09-10T16:48:43.497953+00:00
soccer_E0_2223_2023-01-03_Leicester_Fulham,soccer,EPL,2022-23,,2023-01-03,Leicester,Fulham,0,1,A,2.23,3.16,3.63,,,football-data.co.uk,2026-09-10T16:48:43.497953+00:00
soccer_E0_2223_2023-01-03_ManUnited_Bournemouth,soccer,EPL,2022-23,,2023-01-03,Man United,Bournemouth,3,0,H,1.29,10.56,5.94,,,football-data.co.uk,2026-09-10T16:48:43.497953+00:00
soccer_E0_2223_2023-01-04_AstonVilla_Wolves,soccer,EPL,2022-23,,2023-01-04,Aston Villa,Wolves,1,1,D,1.99,3.86,3.57,,,football-data.co.uk,2026-09-10T16:48:43.497953+00:00
soccer_E0_2223_2023-01-04_CrystalPalace_Tottenham,soccer,EPL,2022-23,,2023-01-04,Crystal Palace,Tottenham,0,4,A,3.34,2.19,3.48,,,football-data.co.uk,2026-09-10T16:48:43.497953+00:00
soccer_E0_2223_2023-01-04_Leeds_WestHam,soccer,EPL,2022-23,,2023-01-04,Leeds,West Ham,2,2,D,2.62,2.65,3.52,,,football-data.co.uk,2026-09-10T16:48:43.497953+00:00
soccer_E0_2223_2023-01-04_Southampton_Nott'mForest,soccer,EPL,2022-23,,2023-01-04,Southampton,Nott'm Forest,0,1,A,2.03,3.82,3.46,,,football-data.co.uk,2026-09-10T16:48:43.497953+00:00
soccer_E0_2223_2023-01-05_Chelsea_ManCity,soccer,EPL,2022-23,,2023-01-05,Chelsea,Man City,0,1,A,5.17,1.66,4.03,,,football-data.co.uk,2026-09-10T16:48:43.497953+00:00
soccer_E0_2223_2023-01-12_Fulham_Chelsea,soccer,EPL,2022-23,,2023-01-12,Fulham,Chelsea,2,1,H,3.36,2.18,3.54,,,football-data.co.uk,2026-09-10T16:48:43.497953+00:00
soccer_E0_2223_2023-01-13_AstonVilla_Leeds,soccer,EPL,2022-23,,2023-01-13,Aston Villa,Leeds,2,1,H,1.94,4.02,3.63,,,football-data.co.uk,2026-09-10T16:48:43.497953+00:00
soccer_E0_2223_2023-01-14_Brentford_Bournemouth,soccer,EPL,2022-23,,2023-01-14,Brentford,Bournemouth,2,0,H,1.66,5.2,4.09,,,football-data.co.uk,2026-09-10T16:48:43.497953+00:00
soccer_E0_2223_2023-01-14_Brighton_Liverpool,soccer,EPL,2022-23,,2023-01-14,Brighton,Liverpool,3,0,H,3.31,2.12,3.76,,,football-data.co.uk,2026-09-10T16:48:43.497953+00:00
soccer_E0_2223_2023-01-14_Everton_Southampton,soccer,EPL,2022-23,,2023-01-14,Everton,Southampton,1,2,A,2.25,3.32,3.39,,,football-data.co.uk,2026-09-10T16:48:43.497953+00:00
soccer_E0_2223_2023-01-14_ManUnited_ManCity,soccer,EPL,2022-23,,2023-01-14,Man United,Man City,2,1,H,4.21,1.84,3.9,,,football-data.co.uk,2026-09-10T16:48:43.497953+00:00
soccer_E0_2223_2023-01-14_Nott'mForest_Leicester,soccer,EPL,2022-23,,2023-01-14,Nott'm Forest,Leicester,2,0,H,2.72,2.65,3.4,,,football-data.co.uk,2026-09-10T16:48:43.497953+00:00
soccer_E0_2223_2023-01-14_Wolves_WestHam,soccer,EPL,2022-23,,2023-01-14,Wolves,West Ham,1,0,H,2.7,2.75,3.27,,,football-data.co.uk,2026-09-10T16:48:43.497953+00:00
soccer_E0_2223_2023-01-15_Chelsea_CrystalPalace,soccer,EPL,2022-23,,2023-01-15,Chelsea,Crystal Palace,1,0,H,1.66,5.47,3.93,,,football-data.co.uk,2026-09-10T16:48:43.497953+00:00
soccer_E0_2223_2023-01-15_Newcastle_Fulham,soccer,EPL,2022-23,,2023-01-15,Newcastle,Fulham,1,0,H,1.52,6.32,4.42,,,football-data.co.uk,2026-09-10T16:48:43.497953+00:00
soccer_E0_2223_2023-01-15_Tottenham_Arsenal,soccer,EPL,2022-23,,2023-01-15,Tottenham,Arsenal,0,2,A,3.24,2.18,3.63,,,football-data.co.uk,2026-09-10T16:48:43.497953+00:00
soccer_E0_2223_2023-01-18_CrystalPalace_ManUnited,soccer,EPL,2022-23,,2023-01-18,Crystal Palace,Man United,1,1,D,4.56,1.8,3.78,,,football-data.co.uk,2026-09-10T16:48:43.497953+00:00
soccer_E0_2223_2023-01-19_ManCity_Tottenham,soccer,EPL,2022-23,,2023-01-19,Man City,Tottenham,4,2,H,1.37,8.06,5.41,,,football-data.co.uk,2026-09-10T16:48:43.497953+00:00
soccer_E0_2223_2023-01-21_Bournemouth_Nott'mForest,soccer,EPL,2022-23,,2023-01-21,Bournemouth,Nott'm Forest,1,1,D,2.76,2.76,3.18,,,football-data.co.uk,2026-09-10T16:48:43.497953+00:00
soccer_E0_2223_2023-01-21_CrystalPalace_Newcastle,soccer,EPL,2022-23,,2023-01-21,Crystal Palace,Newcastle,0,0,D,4.4,1.88,3.58,,,football-data.co.uk,2026-09-10T16:48:43.497953+00:00
soccer_E0_2223_2023-01-21_Leicester_Brighton,soccer,EPL,2022-23,,2023-01-21,Leicester,Brighton,2,2,D,3.51,2.08,3.65,,,football-data.co.uk,2026-09-10T16:48:43.497953+00:00
soccer_E0_2223_2023-01-21_Liverpool_Chelsea,soccer,EPL,2022-23,,2023-01-21,Liverpool,Chelsea,0,0,D,1.89,4.08,3.82,,,football-data.co.uk,2026-09-10T16:48:43.497953+00:00
soccer_E0_2223_2023-01-21_Southampton_AstonVilla,soccer,EPL,2022-23,,2023-01-21,Southampton,Aston Villa,0,1,A,2.88,2.53,3.38,,,football-data.co.uk,2026-09-10T16:48:43.497953+00:00
soccer_E0_2223_2023-01-21_WestHam_Everton,soccer,EPL,2022-23,,2023-01-21,West Ham,Everton,2,0,H,1.8,4.76,3.68,,,football-data.co.uk,2026-09-10T16:48:43.497953+00:00
soccer_E0_2223_2023-01-22_Arsenal_ManUnited,soccer,EPL,2022-23,,2023-01-22,Arsenal,Man United,3,2,H,1.86,4.08,3.86,,,football-data.co.uk,2026-09-10T16:48:43.497953+00:00
soccer_E0_2223_2023-01-22_Leeds_Brentford,soccer,EPL,2022-23,,2023-01-22,Leeds,Brentford,0,0,D,2.38,2.89,3.67,,,football-data.co.uk,2026-09-10T16:48:43.497953+00:00
soccer_E0_2223_2023-01-22_ManCity_Wolves,soccer,EPL,2022-23,,2023-01-22,Man City,Wolves,3,0,H,1.2,14.81,7.38,,,football-data.co.uk,2026-09-10T16:48:43.497953+00:00
soccer_E0_2223_2023-01-23_Fulham_Tottenham,soccer,EPL,2022-23,,2023-01-23,Fulham,Tottenham,0,1,A,3.25,2.13,3.75,,,football-data.co.uk,2026-09-10T16:48:43.497953+00:00
soccer_E0_2223_2023-02-03_Chelsea_Fulham,soccer,EPL,2022-23,,2023-02-03,Chelsea,Fulham,0,0,D,1.64,5.55,4.05,,,football-data.co.uk,2026-09-10T16:48:43.497953+00:00
soccer_E0_2223_2023-02-04_AstonVilla_Leicester,soccer,EPL,2022-23,,2023-02-04,Aston Villa,Leicester,2,4,A,1.99,3.83,3.64,,,football-data.co.uk,2026-09-10T16:48:43.497953+00:00
soccer_E0_2223_2023-02-04_Brentford_Southampton,soccer,EPL,2022-23,,2023-02-04,Brentford,Southampton,3,0,H,1.89,4.21,3.64,,,football-data.co.uk,2026-09-10T16:48:43.497953+00:00
soccer_E0_2223_2023-02-04_Brighton_Bournemouth,soccer,EPL,2022-23,,2023-02-04,Brighton,Bournemouth,1,0,H,1.35,9.18,5.22,,,football-data.co.uk,2026-09-10T16:48:43.497953+00:00
soccer_E0_2223_2023-02-04_Everton_Arsenal,soccer,EPL,2022-23,,2023-02-04,Everton,Arsenal,1,0,H,8.22,1.41,4.75,,,football-data.co.uk,2026-09-10T16:48:43.497953+00:00
soccer_E0_2223_2023-02-04_ManUnited_CrystalPalace,soccer,EPL,2022-23,,2023-02-04,Man United,Crystal Palace,2,1,H,1.4,8.33,4.83,,,football-data.co.uk,2026-09-10T16:48:43.497953+00:00
soccer_E0_2223_2023-02-04_Newcastle_WestHam,soccer,EPL,2022-23,,2023-02-04,Newcastle,West Ham,1,1,D,1.62,6.03,3.92,,,football-data.co.uk,2026-09-10T16:48:43.497953+00:00
soccer_E0_2223_2023-02-04_Wolves_Liverpool,soccer,EPL,2022-23,,2023-02-04,Wolves,Liverpool,3,0,H,4.02,1.88,3.85,,,football-data.co.uk,2026-09-10T16:48:43.497953+00:00
soccer_E0_2223_2023-02-05_Nott'mForest_Leeds,soccer,EPL,2022-23,,2023-02-05,Nott'm Forest,Leeds,1,0,H,2.64,2.71,3.43,,,football-data.co.uk,2026-09-10T16:48:43.497953+00:00
soccer_E0_2223_2023-02-05_Tottenham_ManCity,soccer,EPL,2022-23,,2023-02-05,Tottenham,Man City,1,0,H,4.43,1.75,4.16,,,football-data.co.uk,2026-09-10T16:48:43.497953+00:00
soccer_E0_2223_2023-02-08_ManUnited_Leeds,soccer,EPL,2022-23,,2023-02-08,Man United,Leeds,2,2,D,1.47,6.54,4.83,,,football-data.co.uk,2026-09-10T16:48:43.497953+00:00
soccer_E0_2223_2023-02-11_Arsenal_Brentford,soccer,EPL,2022-23,,2023-02-11,Arsenal,Brentford,1,1,D,1.45,7.52,4.72,,,football-data.co.uk,2026-09-10T16:48:43.497953+00:00
soccer_E0_2223_2023-02-11_Bournemouth_Newcastle,soccer,EPL,2022-23,,2023-02-11,Bournemouth,Newcastle,1,1,D,6.39,1.57,4.06,,,football-data.co.uk,2026-09-10T16:48:43.497953+00:00
soccer_E0_2223_2023-02-11_CrystalPalace_Brighton,soccer,EPL,2022-23,,2023-02-11,Crystal Palace,Brighton,1,1,D,3.81,2.04,3.51,,,football-data.co.uk,2026-09-10T16:48:43.497953+00:00
soccer_E0_2223_2023-02-11_Fulham_Nott'mForest,soccer,EPL,2022-23,,2023-02-11,Fulham,Nott'm Forest,2,0,H,1.93,4.22,3.56,,,football-data.co.uk,2026-09-10T16:48:43.497953+00:00
soccer_E0_2223_2023-02-11_Leicester_Tottenham,soccer,EPL,2022-23,,2023-02-11,Leicester,Tottenham,4,1,H,3.39,2.13,3.64,,,football-data.co.uk,2026-09-10T16:48:43.497953+00:00
soccer_E0_2223_2023-02-11_Southampton_Wolves,soccer,EPL,2022-23,,2023-02-11,Southampton,Wolves,1,2,A,3.03,2.54,3.18,,,football-data.co.uk,2026-09-10T16:48:43.497953+00:00
soccer_E0_2223_2023-02-11_WestHam_Chelsea,soccer,EPL,2022-23,,2023-02-11,West Ham,Chelsea,1,1,D,3.4,2.27,3.29,,,football-data.co.uk,2026-09-10T16:48:43.497953+00:00
soccer_E0_2223_2023-02-12_Leeds_ManUnited,soccer,EPL,2022-23,,2023-02-12,Leeds,Man United,0,2,A,3.86,1.92,3.85,,,football-data.co.uk,2026-09-10T16:48:43.497953+00:00
soccer_E0_2223_2023-02-12_ManCity_AstonVilla,soccer,EPL,2022-23,,2023-02-12,Man City,Aston Villa,3,1,H,1.25,11.89,6.59,,,football-data.co.uk,2026-09-10T16:48:43.497953+00:00
soccer_E0_2223_2023-02-13_Liverpool_Everton,soccer,EPL,2022-23,,2023-02-13,Liverpool,Everton,2,0,H,1.53,6.23,4.38,,,football-data.co.uk,2026-09-10T16:48:43.497953+00:00
soccer_E0_2223_2023-02-15_Arsenal_ManCity,soccer,EPL,2022-23,,2023-02-15,Arsenal,Man City,1,3,A,2.93,2.42,3.51,,,football-data.co.uk,2026-09-10T16:48:43.497953+00:00
soccer_E0_2223_2023-02-18_AstonVilla_Arsenal,soccer,EPL,2022-23,,2023-02-18,Aston Villa,Arsenal,2,4,A,4.43,1.84,3.71,,,football-data.co.uk,2026-09-10T16:48:43.497953+00:00
soccer_E0_2223_2023-02-18_Brentford_CrystalPalace,soccer,EPL,2022-23,,2023-02-18,Brentford,Crystal Palace,1,1,D,1.86,4.59,3.54,,,football-data.co.uk,2026-09-10T16:48:43.497953+00:00
soccer_E0_2223_2023-02-18_Brighton_Fulham,soccer,EPL,2022-23,,2023-02-18,Brighton,Fulham,0,1,A,1.67,5.15,4.06,,,football-data.co.uk,2026-09-10T16:48:43.497953+00:00
soccer_E0_2223_2023-02-18_Chelsea_Southampton,soccer,EPL,2022-23,,2023-02-18,Chelsea,Southampton,0,1,A,1.38,9.42,4.76,,,football-data.co.uk,2026-09-10T16:48:43.497953+00:00
soccer_E0_2223_2023-02-18_Everton_Leeds,soccer,EPL,2022-23,,2023-02-18,Everton,Leeds,1,0,H,2.48,2.99,3.31,,,football-data.co.uk,2026-09-10T16:48:43.497953+00:00
soccer_E0_2223_2023-02-18_Newcastle_Liverpool,soccer,EPL,2022-23,,2023-02-18,Newcastle,Liverpool,0,2,A,2.57,2.75,3.51,,,football-data.co.uk,2026-09-10T16:48:43.497953+00:00
soccer_E0_2223_2023-02-18_Nott'mForest_ManCity,soccer,EPL,2022-23,,2023-02-18,Nott'm Forest,Man City,1,1,D,10.01,1.31,5.62,,,football-data.co.uk,2026-09-10T16:48:43.497953+00:00
soccer_E0_2223_2023-02-18_Wolves_Bournemouth,soccer,EPL,2022-23,,2023-02-18,Wolves,Bournemouth,0,1,A,1.68,5.53,3.81,,,football-data.co.uk,2026-09-10T16:48:43.497953+00:00
soccer_E0_2223_2023-02-19_ManUnited_Leicester,soccer,EPL,2022-23,,2023-02-19,Man United,Leicester,3,0,H,1.62,5.22,4.32,,,football-data.co.uk,2026-09-10T16:48:43.497953+00:00
soccer_E0_2223_2023-02-19_Tottenham_WestHam,soccer,EPL,2022-23,,2023-02-19,Tottenham,West Ham,2,0,H,1.83,4.39,3.76,,,football-data.co.uk,2026-09-10T16:48:43.497953+00:00
soccer_E0_2223_2023-02-24_Fulham_Wolves,soccer,EPL,2022-23,,2023-02-24,Fulham,Wolves,1,1,D,2.54,3.0,3.22,,,football-data.co.uk,2026-09-10T16:48:43.497953+00:00
soccer_E0_2223_2023-02-25_Bournemouth_ManCity,soccer,EPL,2022-23,,2023-02-25,Bournemouth,Man City,1,4,A,10.21,1.3,5.81,,,football-data.co.uk,2026-09-10T16:48:43.497953+00:00
soccer_E0_2223_2023-02-25_CrystalPalace_Liverpool,soccer,EPL,2022-23,,2023-02-25,Crystal Palace,Liverpool,0,0,D,4.7,1.74,3.93,,,football-data.co.uk,2026-09-10T16:48:43.497953+00:00
soccer_E0_2223_2023-02-25_Everton_AstonVilla,soccer,EPL,2022-23,,2023-02-25,Everton,Aston Villa,0,2,A,2.54,2.98,3.21,,,football-data.co.uk,2026-09-10T16:48:43.497953+00:00
soccer_E0_2223_2023-02-25_Leeds_Southampton,soccer,EPL,2022-23,,2023-02-25,Leeds,Southampton,1,0,H,1.99,3.89,3.57,,,football-data.co.uk,2026-09-10T16:48:43.497953+00:00
soccer_E0_2223_2023-02-25_Leicester_Arsenal,soccer,EPL,2022-23,,2023-02-25,Leicester,Arsenal,0,1,A,4.73,1.71,4.09,,,football-data.co.uk,2026-09-10T16:48:43.497953+00:00
soccer_E0_2223_2023-02-25_WestHam_Nott'mForest,soccer,EPL,2022-23,,2023-02-25,West Ham,Nott'm Forest,4,0,H,1.78,4.97,3.61,,,football-data.co.uk,2026-09-10T16:48:43.497953+00:00
soccer_E0_2223_2023-02-26_Tottenham_Chelsea,soccer,EPL,2022-23,,2023-02-26,Tottenham,Chelsea,2,0,H,2.54,2.91,3.33,,,football-data.co.uk,2026-09-10T16:48:43.497953+00:00
soccer_E0_2223_2023-03-01_Arsenal_Everton,soccer,EPL,2022-23,,2023-03-01,Arsenal,Everton,4,0,H,1.36,9.33,5.04,,,football-data.co.uk,2026-09-10T16:48:43.497953+00:00
soccer_E0_2223_2023-03-01_Liverpool_Wolves,soccer,EPL,2022-23,,2023-03-01,Liverpool,Wolves,2,0,H,1.49,6.6,4.59,,,football-data.co.uk,2026-09-10T16:48:43.497953+00:00
soccer_E0_2223_2023-03-04_Arsenal_Bournemouth,soccer,EPL,2022-23,,2023-03-04,Arsenal,Bournemouth,3,2,H,1.22,13.83,6.82,,,football-data.co.uk,2026-09-10T16:48:43.497953+00:00
soccer_E0_2223_2023-03-04_AstonVilla_CrystalPalace,soccer,EPL,2022-23,,2023-03-04,Aston Villa,Crystal Palace,1,0,H,2.07,3.88,3.32,,,football-data.co.uk,2026-09-10T16:48:43.497953+00:00
soccer_E0_2223_2023-03-04_Brighton_WestHam,soccer,EPL,2022-23,,2023-03-04,Brighton,West Ham,4,0,H,1.79,4.61,3.8,,,football-data.co.uk,2026-09-10T16:48:43.497953+00:00
soccer_E0_2223_2023-03-04_Chelsea_Leeds,soccer,EPL,2022-23,,2023-03-04,Chelsea,Leeds,1,0,H,1.64,5.52,4.02,,,football-data.co.uk,2026-09-10T16:48:43.497953+00:00
soccer_E0_2223_2023-03-04_ManCity_Newcastle,soccer,EPL,2022-23,,2023-03-04,Man City,Newcastle,2,0,H,1.48,6.76,4.59,,,football-data.co.uk,2026-09-10T16:48:43.497953+00:00
soccer_E0_2223_2023-03-04_Southampton_Leicester,soccer,EPL,2022-23,,2023-03-04,Southampton,Leicester,1,0,H,2.77,2.64,3.31,,,football-data.co.uk,2026-09-10T16:48:43.497953+00:00
soccer_E0_2223_2023-03-04_Wolves_Tottenham,soccer,EPL,2022-23,,2023-03-04,Wolves,Tottenham,1,0,H,3.31,2.27,3.36,,,football-data.co.uk,2026-09-10T16:48:43.497953+00:00
soccer_E0_2223_2023-03-05_Liverpool_ManUnited,soccer,EPL,2022-23,,2023-03-05,Liverpool,Man United,7,0,H,2.4,2.85,3.68,,,football-data.co.uk,2026-09-10T16:48:43.497953+00:00
soccer_E0_2223_2023-03-05_Nott'mForest_Everton,soccer,EPL,2022-23,,2023-03-05,Nott'm Forest,Everton,2,2,D,2.68,2.92,3.08,,,football-data.co.uk,2026-09-10T16:48:43.497953+00:00
soccer_E0_2223_2023-03-06_Brentford_Fulham,soccer,EPL,2022-23,,2023-03-06,Brentford,Fulham,3,2,H,2.0,3.71,3.65,,,football-data.co.uk,2026-09-10T16:48:43.497953+00:00
soccer_E0_2223_2023-03-11_Bournemouth_Liverpool,soccer,EPL,2022-23,,2023-03-11,Bournemouth,Liverpool,1,0,H,7.07,1.43,4.95,,,football-data.co.uk,2026-09-10T16:48:43.497953+00:00
soccer_E0_2223_2023-03-11_CrystalPalace_ManCity,soccer,EPL,2022-23,,2023-03-11,Crystal Palace,Man City,0,1,A,9.05,1.36,5.12,,,football-data.co.uk,2026-09-10T16:48:43.497953+00:00
soccer_E0_2223_2023-03-11_Everton_Brentford,soccer,EPL,2022-23,,2023-03-11,Everton,Brentford,1,0,H,2.71,2.76,3.2,,,football-data.co.uk,2026-09-10T16:48:43.497953+00:00
soccer_E0_2223_2023-03-11_Leeds_Brighton,soccer,EPL,2022-23,,2023-03-11,Leeds,Brighton,2,2,D,3.84,1.97,3.67,,,football-data.co.uk,2026-09-10T16:48:43.497953+00:00
soccer_E0_2223_2023-03-11_Leicester_Chelsea,soccer,EPL,2022-23,,2023-03-11,Leicester,Chelsea,1,3,A,3.83,2.0,3.56,,,football-data.co.uk,2026-09-10T16:48:43.497953+00:00
soccer_E0_2223_2023-03-11_Tottenham_Nott'mForest,soccer,EPL,2022-23,,2023-03-11,Tottenham,Nott'm Forest,3,1,H,1.44,7.52,4.62,,,football-data.co.uk,2026-09-10T16:48:43.497953+00:00
soccer_E0_2223_2023-03-12_Fulham_Arsenal,soccer,EPL,2022-23,,2023-03-12,Fulham,Arsenal,0,3,A,5.74,1.59,4.17,,,football-data.co.uk,2026-09-10T16:48:43.497953+00:00
soccer_E0_2223_2023-03-12_ManUnited_Southampton,soccer,EPL,2022-23,,2023-03-12,Man United,Southampton,0,0,D,1.34,9.22,5.26,,,football-data.co.uk,2026-09-10T16:48:43.497953+00:00
soccer_E0_2223_2023-03-12_Newcastle_Wolves,soccer,EPL,2022-23,,2023-03-12,Newcastle,Wolves,2,1,H,1.67,5.47,3.81,,,football-data.co.uk,2026-09-10T16:48:43.497953+00:00
soccer_E0_2223_2023-03-12_WestHam_AstonVilla,soccer,EPL,2022-23,,2023-03-12,West Ham,Aston Villa,1,1,D,2.23,3.36,3.37,,,football-data.co.uk,2026-09-10T16:48:43.497953+00:00
soccer_E0_2223_2023-03-15_Brighton_CrystalPalace,soccer,EPL,2022-23,,2023-03-15,Brighton,Crystal Palace,1,0,H,1.46,7.58,4.44,,,football-data.co.uk,2026-09-10T16:48:43.497953+00:00
soccer_E0_2223_2023-03-15_Southampton_Brentford,soccer,EPL,2022-23,,2023-03-15,Southampton,Brentford,0,2,A,2.97,2.46,3.31,,,football-data.co.uk,2026-09-10T16:48:43.497953+00:00
soccer_E0_2223_2023-03-17_Nott'mForest_Newcastle,soccer,EPL,2022-23,,2023-03-17,Nott'm Forest,Newcastle,1,2,A,5.58,1.67,3.83,,,football-data.co.uk,2026-09-10T16:48:43.497953+00:00
soccer_E0_2223_2023-03-18_AstonVilla_Bournemouth,soccer,EPL,2022-23,,2023-03-18,Aston Villa,Bournemouth,3,0,H,1.72,4.99,3.85,,,football-data.co.uk,2026-09-10T16:48:43.497953+00:00
soccer_E0_2223_2023-03-18_Brentford_Leicester,soccer,EPL,2022-23,,2023-03-18,Brentford,Leicester,1,1,D,1.95,3.85,3.7,,,football-data.co.uk,2026-09-10T16:48:43.497953+00:00
soccer_E0_2223_2023-03-18_Chelsea_Everton,soccer,EPL,2022-23,,2023-03-18,Chelsea,Everton,2,2,D,1.49,7.62,4.18,,,football-data.co.uk,2026-09-10T16:48:43.497953+00:00
soccer_E0_2223_2023-03-18_Southampton_Tottenham,soccer,EPL,2022-23,,2023-03-18,Southampton,Tottenham,3,3,D,4.56,1.82,3.68,,,football-data.co.uk,2026-09-10T16:48:43.497953+00:00
soccer_E0_2223_2023-03-18_Wolves_Leeds,soccer,EPL,2022-23,,2023-03-18,Wolves,Leeds,2,4,A,2.28,3.41,3.23,,,football-data.co.uk,2026-09-10T16:48:43.497953+00:00
soccer_E0_2223_2023-03-19_Arsenal_CrystalPalace,soccer,EPL,2022-23,,2023-03-19,Arsenal,Crystal Palace,4,1,H,1.26,12.83,5.93,,,football-data.co.uk,2026-09-10T16:48:43.497953+00:00
soccer_E0_2223_2023-04-01_Arsenal_Leeds,soccer,EPL,2022-23,,2023-04-01,Arsenal,Leeds,4,1,H,1.29,10.48,5.84,,,football-data.co.uk,2026-09-10T16:48:43.497953+00:00
soccer_E0_2223_2023-04-01_Bournemouth_Fulham,soccer,EPL,2022-23,,2023-04-01,Bournemouth,Fulham,2,1,H,2.56,2.84,3.34,,,football-data.co.uk,2026-09-10T16:48:43.497953+00:00
soccer_E0_2223_2023-04-01_Brighton_Brentford,soccer,EPL,2022-23,,2023-04-01,Brighton,Brentford,3,3,D,1.67,5.05,4.08,,,football-data.co.uk,2026-09-10T16:48:43.497953+00:00
soccer_E0_2223_2023-04-01_Chelsea_AstonVilla,soccer,EPL,2022-23,,2023-04-01,Chelsea,Aston Villa,0,2,A,1.68,5.4,3.83,,,football-data.co.uk,2026-09-10T16:48:43.497953+00:00
soccer_E0_2223_2023-04-01_CrystalPalace_Leicester,soccer,EPL,2022-23,,2023-04-01,Crystal Palace,Leicester,2,1,H,2.54,2.94,3.24,,,football-data.co.uk,2026-09-10T16:48:43.497953+00:00
soccer_E0_2223_2023-04-01_ManCity_Liverpool,soccer,EPL,2022-23,,2023-04-01,Man City,Liverpool,4,1,H,1.64,5.19,4.2,,,football-data.co.uk,2026-09-10T16:48:43.497953+00:00
soccer_E0_2223_2023-04-01_Nott'mForest_Wolves,soccer,EPL,2022-23,,2023-04-01,Nott'm Forest,Wolves,1,1,D,2.96,2.61,3.13,,,football-data.co.uk,2026-09-10T16:48:43.497953+00:00
soccer_E0_2223_2023-04-02_Newcastle_ManUnited,soccer,EPL,2022-23,,2023-04-02,Newcastle,Man United,2,0,H,2.41,2.96,3.45,,,football-data.co.uk,2026-09-10T16:48:43.497953+00:00
soccer_E0_2223_2023-04-02_WestHam_Southampton,soccer,EPL,2022-23,,2023-04-02,West Ham,Southampton,1,0,H,1.76,4.87,3.74,,,football-data.co.uk,2026-09-10T16:48:43.497953+00:00
soccer_E0_2223_2023-04-03_Everton_Tottenham,soccer,EPL,2022-23,,2023-04-03,Everton,Tottenham,1,1,D,3.41,2.21,3.36,,,football-data.co.uk,2026-09-10T16:48:43.497953+00:00
soccer_E0_2223_2023-04-04_Bournemouth_Brighton,soccer,EPL,2022-23,,2023-04-04,Bournemouth,Brighton,0,2,A,5.94,1.57,4.29,,,football-data.co.uk,2026-09-10T16:48:43.497953+00:00
soccer_E0_2223_2023-04-04_Chelsea_Liverpool,soccer,EPL,2022-23,,2023-04-04,Chelsea,Liverpool,0,0,D,2.25,3.28,3.46,,,football-data.co.uk,2026-09-10T16:48:43.497953+00:00
soccer_E0_2223_2023-04-04_Leeds_Nott'mForest,soccer,EPL,2022-23,,2023-04-04,Leeds,Nott'm Forest,2,1,H,1.73,5.05,3.83,,,football-data.co.uk,2026-09-10T16:48:43.497953+00:00
soccer_E0_2223_2023-04-04_Leicester_AstonVilla,soccer,EPL,2022-23,,2023-04-04,Leicester,Aston Villa,1,2,A,2.58,2.79,3.41,,,football-data.co.uk,2026-09-10T16:48:43.497953+00:00
soccer_E0_2223_2023-04-05_ManUnited_Brentford,soccer,EPL,2022-23,,2023-04-05,Man United,Brentford,1,0,H,1.65,5.07,4.17,,,football-data.co.uk,2026-09-10T16:48:43.497953+00:00
soccer_E0_2223_2023-04-05_WestHam_Newcastle,soccer,EPL,2022-23,,2023-04-05,West Ham,Newcastle,1,5,A,3.53,2.15,3.41,,,football-data.co.uk,2026-09-10T16:48:43.497953+00:00
soccer_E0_2223_2023-04-08_AstonVilla_Nott'mForest,soccer,EPL,2022-23,,2023-04-08,Aston Villa,Nott'm Forest,2,0,H,1.62,5.55,4.09,,,football-data.co.uk,2026-09-10T16:48:43.497953+00:00
soccer_E0_2223_2023-04-08_Brentford_Newcastle,soccer,EPL,2022-23,,2023-04-08,Brentford,Newcastle,1,2,A,3.57,2.1,3.46,,,football-data.co.uk,2026-09-10T16:48:43.497953+00:00
soccer_E0_2223_2023-04-08_Fulham_WestHam,soccer,EPL,2022-23,,2023-04-08,Fulham,West Ham,0,1,A,2.79,2.66,3.24,,,football-data.co.uk,2026-09-10T16:48:43.497953+00:00
soccer_E0_2223_2023-04-08_Leicester_Bournemouth,soccer,EPL,2022-23,,2023-04-08,Leicester,Bournemouth,0,1,A,1.88,4.11,3.72,,,football-data.co.uk,2026-09-10T16:48:43.497953+00:00
soccer_E0_2223_2023-04-08_ManUnited_Everton,soccer,EPL,2022-23,,2023-04-08,Man United,Everton,2,0,H,1.5,6.75,4.37,,,football-data.co.uk,2026-09-10T16:48:43.497953+00:00
soccer_E0_2223_2023-04-08_Southampton_ManCity,soccer,EPL,2022-23,,2023-04-08,Southampton,Man City,1,4,A,12.48,1.25,6.19,,,football-data.co.uk,2026-09-10T16:48:43.497953+00:00
soccer_E0_2223_2023-04-08_Tottenham_Brighton,soccer,EPL,2022-23,,2023-04-08,Tottenham,Brighton,2,1,H,2.56,2.69,3.56,,,football-data.co.uk,2026-09-10T16:48:43.497953+00:00
soccer_E0_2223_2023-04-08_Wolves_Chelsea,soccer,EPL,2022-23,,2023-04-08,Wolves,Chelsea,1,0,H,4.14,1.95,3.47,,,football-data.co.uk,2026-09-10T16:48:43.497953+00:00
soccer_E0_2223_2023-04-09_Leeds_CrystalPalace,soccer,EPL,2022-23,,2023-04-09,Leeds,Crystal Palace,1,5,A,2.11,3.59,3.41,,,football-data.co.uk,2026-09-10T16:48:43.497953+00:00
soccer_E0_2223_2023-04-09_Liverpool_Arsenal,soccer,EPL,2022-23,,2023-04-09,Liverpool,Arsenal,2,2,D,2.79,2.41,3.69,,,football-data.co.uk,2026-09-10T16:48:43.497953+00:00
soccer_E0_2223_2023-04-15_AstonVilla_Newcastle,soccer,EPL,2022-23,,2023-04-15,Aston Villa,Newcastle,3,0,H,3.61,2.13,3.42,,,football-data.co.uk,2026-09-10T16:48:43.497953+00:00
soccer_E0_2223_2023-04-15_Chelsea_Brighton,soccer,EPL,2022-23,,2023-04-15,Chelsea,Brighton,1,2,A,2.67,2.68,3.42,,,football-data.co.uk,2026-09-10T16:48:43.497953+00:00
soccer_E0_2223_2023-04-15_Everton_Fulham,soccer,EPL,2022-23,,2023-04-15,Everton,Fulham,1,3,A,2.07,3.78,3.39,,,football-data.co.uk,2026-09-10T16:48:43.497953+00:00
soccer_E0_2223_2023-04-15_ManCity_Leicester,soccer,EPL,2022-23,,2023-04-15,Man City,Leicester,3,1,H,1.16,17.32,8.49,,,football-data.co.uk,2026-09-10T16:48:43.497953+00:00
soccer_E0_2223_2023-04-15_Southampton_CrystalPalace,soccer,EPL,2022-23,,2023-04-15,Southampton,Crystal Palace,0,2,A,2.82,2.68,3.2,,,football-data.co.uk,2026-09-10T16:48:43.497953+00:00
soccer_E0_2223_2023-04-15_Tottenham_Bournemouth,soccer,EPL,2022-23,,2023-04-15,Tottenham,Bournemouth,2,3,A,1.47,6.83,4.6,,,football-data.co.uk,2026-09-10T16:48:43.497953+00:00
soccer_E0_2223_2023-04-15_Wolves_Brentford,soccer,EPL,2022-23,,2023-04-15,Wolves,Brentford,2,0,H,2.52,3.0,3.23,,,football-data.co.uk,2026-09-10T16:48:43.497953+00:00
soccer_E0_2223_2023-04-16_Nott'mForest_ManUnited,soccer,EPL,2022-23,,2023-04-16,Nott'm Forest,Man United,0,2,A,5.0,1.69,3.96,,,football-data.co.uk,2026-09-10T16:48:43.497953+00:00
soccer_E0_2223_2023-04-16_WestHam_Arsenal,soccer,EPL,2022-23,,2023-04-16,West Ham,Arsenal,2,2,D,5.92,1.57,4.22,,,football-data.co.uk,2026-09-10T16:48:43.497953+00:00
soccer_E0_2223_2023-04-17_Leeds_Liverpool,soccer,EPL,2022-23,,2023-04-17,Leeds,Liverpool,1,6,A,4.35,1.73,4.22,,,football-data.co.uk,2026-09-10T16:48:43.497953+00:00
soccer_E0_2223_2023-04-21_Arsenal_Southampton,soccer,EPL,2022-23,,2023-04-21,Arsenal,Southampton,3,3,D,1.2,14.72,7.18,,,football-data.co.uk,2026-09-10T16:48:43.497953+00:00
soccer_E0_2223_2023-04-22_Brentford_AstonVilla,soccer,EPL,2022-23,,2023-04-22,Brentford,Aston Villa,1,1,D,2.53,2.84,3.38,,,football-data.co.uk,2026-09-10T16:48:43.497953+00:00
soccer_E0_2223_2023-04-22_CrystalPalace_Everton,soccer,EPL,2022-23,,2023-04-22,Crystal Palace,Everton,0,0,D,2.11,3.83,3.25,,,football-data.co.uk,2026-09-10T16:48:43.497953+00:00
soccer_E0_2223_2023-04-22_Fulham_Leeds,soccer,EPL,2022-23,,2023-04-22,Fulham,Leeds,2,1,H,2.38,3.01,3.44,,,football-data.co.uk,2026-09-10T16:48:43.497953+00:00
soccer_E0_2223_2023-04-22_Leicester_Wolves,soccer,EPL,2022-23,,2023-04-22,Leicester,Wolves,2,1,H,2.45,3.05,3.27,,,football-data.co.uk,2026-09-10T16:48:43.497953+00:00
soccer_E0_2223_2023-04-22_Liverpool_Nott'mForest,soccer,EPL,2022-23,,2023-04-22,Liverpool,Nott'm Forest,3,2,H,1.18,16.06,7.64,,,football-data.co.uk,2026-09-10T16:48:43.497953+00:00
soccer_E0_2223_2023-04-23_Bournemouth_WestHam,soccer,EPL,2022-23,,2023-04-23,Bournemouth,West Ham,0,4,A,2.83,2.61,3.25,,,football-data.co.uk,2026-09-10T16:48:43.497953+00:00
soccer_E0_2223_2023-04-23_Newcastle_Tottenham,soccer,EPL,2022-23,,2023-04-23,Newcastle,Tottenham,6,1,H,1.85,4.22,3.81,,,football-data.co.uk,2026-09-10T16:48:43.497953+00:00
soccer_E0_2223_2023-04-25_AstonVilla_Fulham,soccer,EPL,2022-23,,2023-04-25,Aston Villa,Fulham,1,0,H,1.8,4.43,3.87,,,football-data.co.uk,2026-09-10T16:48:43.497953+00:00
soccer_E0_2223_2023-04-25_Leeds_Leicester,soccer,EPL,2022-23,,2023-04-25,Leeds,Leicester,1,1,D,2.37,2.98,3.54,,,football-data.co.uk,2026-09-10T16:48:43.497953+00:00
soccer_E0_2223_2023-04-25_Wolves_CrystalPalace,soccer,EPL,2022-23,,2023-04-25,Wolves,Crystal Palace,2,0,H,2.52,3.09,3.14,,,football-data.co.uk,2026-09-10T16:48:43.497953+00:00
soccer_E0_2223_2023-04-26_Chelsea_Brentford,soccer,EPL,2022-23,,2023-04-26,Chelsea,Brentford,0,2,A,1.71,5.02,3.89,,,football-data.co.uk,2026-09-10T16:48:43.497953+00:00
soccer_E0_2223_2023-04-26_ManCity_Arsenal,soccer,EPL,2022-23,,2023-04-26,Man City,Arsenal,4,1,H,1.56,5.7,4.49,,,football-data.co.uk,2026-09-10T16:48:43.497953+00:00
soccer_E0_2223_2023-04-26_Nott'mForest_Brighton,soccer,EPL,2022-23,,2023-04-26,Nott'm Forest,Brighton,3,1,H,6.08,1.54,4.36,,,football-data.co.uk,2026-09-10T16:48:43.497953+00:00
soccer_E0_2223_2023-04-26_WestHam_Liverpool,soccer,EPL,2022-23,,2023-04-26,West Ham,Liverpool,1,2,A,3.96,1.88,3.86,,,football-data.co.uk,2026-09-10T16:48:43.497953+00:00
soccer_E0_2223_2023-04-27_Everton_Newcastle,soccer,EPL,2022-23,,2023-04-27,Everton,Newcastle,1,4,A,4.84,1.77,3.7,,,football-data.co.uk,2026-09-10T16:48:43.497953+00:00
soccer_E0_2223_2023-04-27_Southampton_Bournemouth,soccer,EPL,2022-23,,2023-04-27,Southampton,Bournemouth,0,1,A,2.3,3.15,3.43,,,football-data.co.uk,2026-09-10T16:48:43.497953+00:00
soccer_E0_2223_2023-04-27_Tottenham_ManUnited,soccer,EPL,2022-23,,2023-04-27,Tottenham,Man United,2,2,D,2.79,2.44,3.65,,,football-data.co.uk,2026-09-10T16:48:43.497953+00:00
soccer_E0_2223_2023-04-29_Brentford_Nott'mForest,soccer,EPL,2022-23,,2023-04-29,Brentford,Nott'm Forest,2,1,H,1.66,5.5,3.88,,,football-data.co.uk,2026-09-10T16:48:43.497953+00:00
soccer_E0_2223_2023-04-29_Brighton_Wolves,soccer,EPL,2022-23,,2023-04-29,Brighton,Wolves,6,0,H,1.51,6.69,4.37,,,football-data.co.uk,2026-09-10T16:48:43.497953+00:00
soccer_E0_2223_2023-04-29_CrystalPalace_WestHam,soccer,EPL,2022-23,,2023-04-29,Crystal Palace,West Ham,4,3,H,2.7,2.81,3.18,,,football-data.co.uk,2026-09-10T16:48:43.497953+00:00
soccer_E0_2223_2023-04-30_Bournemouth_Leeds,soccer,EPL,2022-23,,2023-04-30,Bournemouth,Leeds,4,1,H,2.61,2.68,3.5,,,football-data.co.uk,2026-09-10T16:48:43.497953+00:00
soccer_E0_2223_2023-04-30_Fulham_ManCity,soccer,EPL,2022-23,,2023-04-30,Fulham,Man City,1,2,A,11.95,1.25,6.23,,,football-data.co.uk,2026-09-10T16:48:43.497953+00:00
soccer_E0_2223_2023-04-30_Liverpool_Tottenham,soccer,EPL,2022-23,,2023-04-30,Liverpool,Tottenham,4,3,H,1.54,5.68,4.69,,,football-data.co.uk,2026-09-10T16:48:43.497953+00:00
soccer_E0_2223_2023-04-30_ManUnited_AstonVilla,soccer,EPL,2022-23,,2023-04-30,Man United,Aston Villa,1,0,H,1.78,4.35,3.94,,,football-data.co.uk,2026-09-10T16:48:43.497953+00:00
soccer_E0_2223_2023-04-30_Newcastle_Southampton,soccer,EPL,2022-23,,2023-04-30,Newcastle,Southampton,3,1,H,1.32,9.9,5.46,,,football-data.co.uk,2026-09-10T16:48:43.497953+00:00
soccer_E0_2223_2023-05-01_Leicester_Everton,soccer,EPL,2022-23,,2023-05-01,Leicester,Everton,2,2,D,2.04,3.79,3.45,,,football-data.co.uk,2026-09-10T16:48:43.497953+00:00
soccer_E0_2223_2023-05-02_Arsenal_Chelsea,soccer,EPL,2022-23,,2023-05-02,Arsenal,Chelsea,3,1,H,1.59,5.75,4.22,,,football-data.co.uk,2026-09-10T16:48:43.497953+00:00
soccer_E0_2223_2023-05-03_Liverpool_Fulham,soccer,EPL,2022-23,,2023-05-03,Liverpool,Fulham,1,0,H,1.26,10.73,6.39,,,football-data.co.uk,2026-09-10T16:48:43.497953+00:00
soccer_E0_2223_2023-05-03_ManCity_WestHam,soccer,EPL,2022-23,,2023-05-03,Man City,West Ham,3,0,H,1.2,13.79,7.21,,,football-data.co.uk,2026-09-10T16:48:43.497953+00:00
soccer_E0_2223_2023-05-04_Brighton_ManUnited,soccer,EPL,2022-23,,2023-05-04,Brighton,Man United,1,0,H,2.03,3.5,3.82,,,football-data.co.uk,2026-09-10T16:48:43.497953+00:00
soccer_E0_2223_2023-05-06_Bournemouth_Chelsea,soccer,EPL,2022-23,,2023-05-06,Bournemouth,Chelsea,1,3,A,3.42,2.17,3.47,,,football-data.co.uk,2026-09-10T16:48:43.497953+00:00
soccer_E0_2223_2023-05-06_Liverpool_Brentford,soccer,EPL,2022-23,,2023-05-06,Liverpool,Brentford,1,0,H,1.48,6.16,4.91,,,football-data.co.uk,2026-09-10T16:48:43.497953+00:00
soccer_E0_2223_2023-05-06_ManCity_Leeds,soccer,EPL,2022-23,,2023-05-06,Man City,Leeds,2,1,H,1.17,15.94,8.41,,,football-data.co.uk,2026-09-10T16:48:43.497953+00:00
soccer_E0_2223_2023-05-06_Tottenham_CrystalPalace,soccer,EPL,2022-23,,2023-05-06,Tottenham,Crystal Palace,1,0,H,1.82,4.21,3.92,,,football-data.co.uk,2026-09-10T16:48:43.497953+00:00
soccer_E0_2223_2023-05-06_Wolves_AstonVilla,soccer,EPL,2022-23,,2023-05-06,Wolves,Aston Villa,1,0,H,2.98,2.51,3.26,,,football-data.co.uk,2026-09-10T16:48:43.497953+00:00
soccer_E0_2223_2023-05-07_Newcastle_Arsenal,soccer,EPL,2022-23,,2023-05-07,Newcastle,Arsenal,0,2,A,2.49,2.71,3.73,,,football-data.co.uk,2026-09-10T16:48:43.497953+00:00
soccer_E0_2223_2023-05-07_WestHam_ManUnited,soccer,EPL,2022-23,,2023-05-07,West Ham,Man United,1,0,H,3.43,2.08,3.74,,,football-data.co.uk,2026-09-10T16:48:43.497953+00:00
soccer_E0_2223_2023-05-08_Brighton_Everton,soccer,EPL,2022-23,,2023-05-08,Brighton,Everton,1,5,A,1.35,8.47,5.3,,,football-data.co.uk,2026-09-10T16:48:43.497953+00:00
soccer_E0_2223_2023-05-08_Fulham_Leicester,soccer,EPL,2022-23,,2023-05-08,Fulham,Leicester,5,3,H,2.67,2.6,3.53,,,football-data.co.uk,2026-09-10T16:48:43.497953+00:00
soccer_E0_2223_2023-05-08_Nott'mForest_Southampton,soccer,EPL,2022-23,,2023-05-08,Nott'm Forest,Southampton,4,3,H,2.13,3.46,3.52,,,football-data.co.uk,2026-09-10T16:48:43.497953+00:00
soccer_E0_2223_2023-05-13_AstonVilla_Tottenham,soccer,EPL,2022-23,,2023-05-13,Aston Villa,Tottenham,2,1,H,2.3,3.03,3.6,,,football-data.co.uk,2026-09-10T16:48:43.497953+00:00
soccer_E0_2223_2023-05-13_Chelsea_Nott'mForest,soccer,EPL,2022-23,,2023-05-13,Chelsea,Nott'm Forest,2,2,D,1.51,6.68,4.4,,,football-data.co.uk,2026-09-10T16:48:43.497953+00:00
soccer_E0_2223_2023-05-13_CrystalPalace_Bournemouth,soccer,EPL,2022-23,,2023-05-13,Crystal Palace,Bournemouth,2,0,H,1.88,4.18,3.7,,,football-data.co.uk,2026-09-10T16:48:43.497953+00:00
soccer_E0_2223_2023-05-13_Leeds_Newcastle,soccer,EPL,2022-23,,2023-05-13,Leeds,Newcastle,2,2,D,4.62,1.71,4.2,,,football-data.co.uk,2026-09-10T16:48:43.497953+00:00
soccer_E0_2223_2023-05-13_ManUnited_Wolves,soccer,EPL,2022-23,,2023-05-13,Man United,Wolves,2,0,H,1.38,8.37,5.1,,,football-data.co.uk,2026-09-10T16:48:43.497953+00:00
soccer_E0_2223_2023-05-13_Southampton_Fulham,soccer,EPL,2022-23,,2023-05-13,Southampton,Fulham,0,2,A,2.82,2.51,3.44,,,football-data.co.uk,2026-09-10T16:48:43.497953+00:00
soccer_E0_2223_2023-05-14_Arsenal_Brighton,soccer,EPL,2022-23,,2023-05-14,Arsenal,Brighton,0,3,A,1.77,4.21,4.19,,,football-data.co.uk,2026-09-10T16:48:43.497953+00:00
soccer_E0_2223_2023-05-14_Brentford_WestHam,soccer,EPL,2022-23,,2023-05-14,Brentford,West Ham,2,0,H,2.05,3.66,3.56,,,football-data.co.uk,2026-09-10T16:48:43.497953+00:00
soccer_E0_2223_2023-05-14_Everton_ManCity,soccer,EPL,2022-23,,2023-05-14,Everton,Man City,0,3,A,8.86,1.36,5.21,,,football-data.co.uk,2026-09-10T16:48:43.497953+00:00
soccer_E0_2223_2023-05-15_Leicester_Liverpool,soccer,EPL,2022-23,,2023-05-15,Leicester,Liverpool,0,3,A,5.11,1.59,4.59,,,football-data.co.uk,2026-09-10T16:48:43.497953+00:00
soccer_E0_2223_2023-05-18_Newcastle_Brighton,soccer,EPL,2022-23,,2023-05-18,Newcastle,Brighton,4,1,H,2.02,3.49,3.86,,,football-data.co.uk,2026-09-10T16:48:43.497953+00:00
soccer_E0_2223_2023-05-20_Bournemouth_ManUnited,soccer,EPL,2022-23,,2023-05-20,Bournemouth,Man United,0,1,A,6.06,1.51,4.77,,,football-data.co.uk,2026-09-10T16:48:43.497953+00:00
soccer_E0_2223_2023-05-20_Fulham_CrystalPalace,soccer,EPL,2022-23,,2023-05-20,Fulham,Crystal Palace,2,2,D,2.45,2.97,3.4,,,football-data.co.uk,2026-09-10T16:48:43.497953+00:00
soccer_E0_2223_2023-05-20_Liverpool_AstonVilla,soccer,EPL,2022-23,,2023-05-20,Liverpool,Aston Villa,1,1,D,1.49,6.16,4.86,,,football-data.co.uk,2026-09-10T16:48:43.497953+00:00
soccer_E0_2223_2023-05-20_Nott'mForest_Arsenal,soccer,EPL,2022-23,,2023-05-20,Nott'm Forest,Arsenal,1,0,H,5.37,1.59,4.45,,,football-data.co.uk,2026-09-10T16:48:43.497953+00:00
soccer_E0_2223_2023-05-20_Tottenham_Brentford,soccer,EPL,2022-23,,2023-05-20,Tottenham,Brentford,1,3,A,1.85,4.13,3.88,,,football-data.co.uk,2026-09-10T16:48:43.497953+00:00
soccer_E0_2223_2023-05-20_Wolves_Everton,soccer,EPL,2022-23,,2023-05-20,Wolves,Everton,1,1,D,2.77,2.63,3.35,,,football-data.co.uk,2026-09-10T16:48:43.497953+00:00
soccer_E0_2223_2023-05-21_Brighton_Southampton,soccer,EPL,2022-23,,2023-05-21,Brighton,Southampton,3,1,H,1.23,12.43,6.91,,,football-data.co.uk,2026-09-10T16:48:43.497953+00:00
soccer_E0_2223_2023-05-21_ManCity_Chelsea,soccer,EPL,2022-23,,2023-05-21,Man City,Chelsea,1,0,H,1.26,11.48,6.41,,,football-data.co.uk,2026-09-10T16:48:43.497953+00:00
soccer_E0_2223_2023-05-21_WestHam_Leeds,soccer,EPL,2022-23,,2023-05-21,West Ham,Leeds,3,1,H,2.45,2.84,3.56,,,football-data.co.uk,2026-09-10T16:48:43.497953+00:00
soccer_E0_2223_2023-05-22_Newcastle_Leicester,soccer,EPL,2022-23,,2023-05-22,Newcastle,Leicester,0,0,D,1.38,7.66,5.39,,,football-data.co.uk,2026-09-10T16:48:43.497953+00:00
soccer_E0_2223_2023-05-24_Brighton_ManCity,soccer,EPL,2022-23,,2023-05-24,Brighton,Man City,1,1,D,3.97,1.81,4.22,,,football-data.co.uk,2026-09-10T16:48:43.497953+00:00
soccer_E0_2223_2023-05-25_ManUnited_Chelsea,soccer,EPL,2022-23,,2023-05-25,Man United,Chelsea,4,1,H,1.63,5.12,4.35,,,football-data.co.uk,2026-09-10T16:48:43.497953+00:00
soccer_E0_2223_2023-05-28_Arsenal_Wolves,soccer,EPL,2022-23,,2023-05-28,Arsenal,Wolves,5,0,H,1.37,7.87,5.33,,,football-data.co.uk,2026-09-10T16:48:43.497953+00:00
soccer_E0_2223_2023-05-28_AstonVilla_Brighton,soccer,EPL,2022-23,,2023-05-28,Aston Villa,Brighton,2,1,H,2.04,3.37,3.88,,,football-data.co.uk,2026-09-10T16:48:43.497953+00:00
soccer_E0_2223_2023-05-28_Brentford_ManCity,soccer,EPL,2022-23,,2023-05-28,Brentford,Man City,1,0,H,3.88,1.87,4.01,,,football-data.co.uk,2026-09-10T16:48:43.497953+00:00
soccer_E0_2223_2023-05-28_Chelsea_Newcastle,soccer,EPL,2022-23,,2023-05-28,Chelsea,Newcastle,1,1,D,2.87,2.38,3.64,,,football-data.co.uk,2026-09-10T16:48:43.497953+00:00
soccer_E0_2223_2023-05-28_CrystalPalace_Nott'mForest,soccer,EPL,2022-23,,2023-05-28,Crystal Palace,Nott'm Forest,1,1,D,1.69,4.77,4.15,,,football-data.co.uk,2026-09-10T16:48:43.497953+00:00
soccer_E0_2223_2023-05-28_Everton_Bournemouth,soccer,EPL,2022-23,,2023-05-28,Everton,Bournemouth,1,0,H,1.49,6.58,4.61,,,football-data.co.uk,2026-09-10T16:48:43.497953+00:00
soccer_E0_2223_2023-05-28_Leeds_Tottenham,soccer,EPL,2022-23,,2023-05-28,Leeds,Tottenham,1,4,A,2.77,2.37,3.84,,,football-data.co.uk,2026-09-10T16:48:43.497953+00:00
soccer_E0_2223_2023-05-28_Leicester_WestHam,soccer,EPL,2022-23,,2023-05-28,Leicester,West Ham,2,1,H,1.94,3.65,3.92,,,football-data.co.uk,2026-09-10T16:48:43.497953+00:00
soccer_E0_2223_2023-05-28_ManUnited_Fulham,soccer,EPL,2022-23,,2023-05-28,Man United,Fulham,2,1,H,1.53,5.76,4.59,,,football-data.co.uk,2026-09-10T16:48:43.497953+00:00
soccer_E0_2223_2023-05-28_Southampton_Liverpool,soccer,EPL,2022-23,,2023-05-28,Southampton,Liverpool,4,4,D,6.74,1.42,5.2,,,football-data.co.uk,2026-09-10T16:48:43.497953+00:00
soccer_E0_2324_2023-08-11_Burnley_ManCity,soccer,EPL,2023-24,,2023-08-11,Burnley,Man City,0,3,A,9.02,1.35,5.35,,,football-data.co.uk,2026-09-10T16:48:43.497953+00:00
soccer_E0_2324_2023-08-12_Arsenal_Nott'mForest,soccer,EPL,2023-24,,2023-08-12,Arsenal,Nott'm Forest,2,1,H,1.18,15.67,7.64,,,football-data.co.uk,2026-09-10T16:48:43.497953+00:00
soccer_E0_2324_2023-08-12_Bournemouth_WestHam,soccer,EPL,2023-24,,2023-08-12,Bournemouth,West Ham,1,1,D,2.69,2.64,3.44,,,football-data.co.uk,2026-09-10T16:48:43.497953+00:00
soccer_E0_2324_2023-08-12_Brighton_Luton,soccer,EPL,2023-24,,2023-08-12,Brighton,Luton,4,1,H,1.33,9.61,5.52,,,football-data.co.uk,2026-09-10T16:48:43.497953+00:00
soccer_E0_2324_2023-08-12_Everton_Fulham,soccer,EPL,2023-24,,2023-08-12,Everton,Fulham,0,1,A,2.24,3.3,3.43,,,football-data.co.uk,2026-09-10T16:48:43.497953+00:00
soccer_E0_2324_2023-08-12_Newcastle_AstonVilla,soccer,EPL,2023-24,,2023-08-12,Newcastle,Aston Villa,5,1,H,1.76,4.61,3.88,,,football-data.co.uk,2026-09-10T16:48:43.497953+00:00
soccer_E0_2324_2023-08-12_SheffieldUnited_CrystalPalace,soccer,EPL,2023-24,,2023-08-12,Sheffield United,Crystal Palace,0,1,A,3.12,2.41,3.24,,,football-data.co.uk,2026-09-10T16:48:43.497953+00:00
soccer_E0_2324_2023-08-13_Brentford_Tottenham,soccer,EPL,2023-24,,2023-08-13,Brentford,Tottenham,2,2,D,2.73,2.5,3.63,,,football-data.co.uk,2026-09-10T16:48:43.497953+00:00
soccer_E0_2324_2023-08-13_Chelsea_Liverpool,soccer,EPL,2023-24,,2023-08-13,Chelsea,Liverpool,1,1,D,2.87,2.39,3.64,,,football-data.co.uk,2026-09-10T16:48:43.497953+00:00
soccer_E0_2324_2023-08-14_ManUnited_Wolves,soccer,EPL,2023-24,,2023-08-14,Man United,Wolves,1,0,H,1.31,9.85,5.65,,,football-data.co.uk,2026-09-10T16:48:43.497953+00:00
soccer_E0_2324_2023-08-18_Nott'mForest_SheffieldUnited,soccer,EPL,2023-24,,2023-08-18,Nott'm Forest,Sheffield United,2,1,H,1.95,4.25,3.43,,,football-data.co.uk,2026-09-10T16:48:43.497953+00:00
soccer_E0_2324_2023-08-19_Fulham_Brentford,soccer,EPL,2023-24,,2023-08-19,Fulham,Brentford,0,3,A,2.72,2.63,3.4,,,football-data.co.uk,2026-09-10T16:48:43.497953+00:00
soccer_E0_2324_2023-08-19_Liverpool_Bournemouth,soccer,EPL,2023-24,,2023-08-19,Liverpool,Bournemouth,3,1,H,1.23,11.82,6.86,,,football-data.co.uk,2026-09-10T16:48:43.497953+00:00
soccer_E0_2324_2023-08-19_ManCity_Newcastle,soccer,EPL,2023-24,,2023-08-19,Man City,Newcastle,1,0,H,1.7,4.83,4.07,,,football-data.co.uk,2026-09-10T16:48:43.497953+00:00
soccer_E0_2324_2023-08-19_Tottenham_ManUnited,soccer,EPL,2023-24,,2023-08-19,Tottenham,Man United,2,0,H,2.84,2.37,3.75,,,football-data.co.uk,2026-09-10T16:48:43.497953+00:00
soccer_E0_2324_2023-08-19_Wolves_Brighton,soccer,EPL,2023-24,,2023-08-19,Wolves,Brighton,1,4,A,4.0,1.89,3.81,,,football-data.co.uk,2026-09-10T16:48:43.497953+00:00
soccer_E0_2324_2023-08-20_AstonVilla_Everton,soccer,EPL,2023-24,,2023-08-20,Aston Villa,Everton,4,0,H,1.7,5.0,3.91,,,football-data.co.uk,2026-09-10T16:48:43.497953+00:00
soccer_E0_2324_2023-08-20_WestHam_Chelsea,soccer,EPL,2023-24,,2023-08-20,West Ham,Chelsea,3,1,H,3.66,2.04,3.57,,,football-data.co.uk,2026-09-10T16:48:43.497953+00:00
soccer_E0_2324_2023-08-21_CrystalPalace_Arsenal,soccer,EPL,2023-24,,2023-08-21,Crystal Palace,Arsenal,0,1,A,5.79,1.6,4.06,,,football-data.co.uk,2026-09-10T16:48:43.497953+00:00
soccer_E0_2324_2023-08-25_Chelsea_Luton,soccer,EPL,2023-24,,2023-08-25,Chelsea,Luton,3,0,H,1.29,10.78,5.86,,,football-data.co.uk,2026-09-10T16:48:43.497953+00:00
soccer_E0_2324_2023-08-26_Arsenal_Fulham,soccer,EPL,2023-24,,2023-08-26,Arsenal,Fulham,2,2,D,1.23,13.35,6.49,,,football-data.co.uk,2026-09-10T16:48:43.497953+00:00
soccer_E0_2324_2023-08-26_Bournemouth_Tottenham,soccer,EPL,2023-24,,2023-08-26,Bournemouth,Tottenham,0,2,A,3.67,1.95,3.94,,,football-data.co.uk,2026-09-10T16:48:43.497953+00:00
soccer_E0_2324_2023-08-26_Brentford_CrystalPalace,soccer,EPL,2023-24,,2023-08-26,Brentford,Crystal Palace,1,1,D,2.14,3.57,3.41,,,football-data.co.uk,2026-09-10T16:48:43.497953+00:00
soccer_E0_2324_2023-08-26_Brighton_WestHam,soccer,EPL,2023-24,,2023-08-26,Brighton,West Ham,1,3,A,1.53,5.73,4.67,,,football-data.co.uk,2026-09-10T16:48:43.497953+00:00
soccer_E0_2324_2023-08-26_Everton_Wolves,soccer,EPL,2023-24,,2023-08-26,Everton,Wolves,0,1,A,2.32,3.24,3.31,,,football-data.co.uk,2026-09-10T16:48:43.497953+00:00
soccer_E0_2324_2023-08-26_ManUnited_Nott'mForest,soccer,EPL,2023-24,,2023-08-26,Man United,Nott'm Forest,3,2,H,1.31,9.23,5.79,,,football-data.co.uk,2026-09-10T16:48:43.497953+00:00
soccer_E0_2324_2023-08-27_Burnley_AstonVilla,soccer,EPL,2023-24,,2023-08-27,Burnley,Aston Villa,1,3,A,3.36,2.16,3.55,,,football-data.co.uk,2026-09-10T16:48:43.497953+00:00
soccer_E0_2324_2023-08-27_Newcastle_Liverpool,soccer,EPL,2023-24,,2023-08-27,Newcastle,Liverpool,1,2,A,2.2,3.03,3.9,,,football-data.co.uk,2026-09-10T16:48:43.497953+00:00
soccer_E0_2324_2023-08-27_SheffieldUnited_ManCity,soccer,EPL,2023-24,,2023-08-27,Sheffield United,Man City,1,2,A,16.67,1.18,7.51,,,football-data.co.uk,2026-09-10T16:48:43.497953+00:00
soccer_E0_2324_2023-09-01_Luton_WestHam,soccer,EPL,2023-24,,2023-09-01,Luton,West Ham,1,2,A,4.7,1.74,3.94,,,football-data.co.uk,2026-09-10T16:48:43.497953+00:00
soccer_E0_2324_2023-09-02_Brentford_Bournemouth,soccer,EPL,2023-24,,2023-09-02,Brentford,Bournemouth,2,2,D,1.72,4.67,4.06,,,football-data.co.uk,2026-09-10T16:48:43.497953+00:00
soccer_E0_2324_2023-09-02_Brighton_Newcastle,soccer,EPL,2023-24,,2023-09-02,Brighton,Newcastle,3,1,H,2.55,2.55,3.87,,,football-data.co.uk,2026-09-10T16:48:43.497953+00:00
soccer_E0_2324_2023-09-02_Burnley_Tottenham,soccer,EPL,2023-24,,2023-09-02,Burnley,Tottenham,2,5,A,3.83,1.88,3.99,,,football-data.co.uk,2026-09-10T16:48:43.497953+00:00
soccer_E0_2324_2023-09-02_Chelsea_Nott'mForest,soccer,EPL,2023-24,,2023-09-02,Chelsea,Nott'm Forest,0,1,A,1.38,8.27,5.03,,,football-data.co.uk,2026-09-10T16:48:43.497953+00:00
soccer_E0_2324_2023-09-02_ManCity_Fulham,soccer,EPL,2023-24,,2023-09-02,Man City,Fulham,5,1,H,1.15,17.91,8.46,,,football-data.co.uk,2026-09-10T16:48:43.497953+00:00
soccer_E0_2324_2023-09-02_SheffieldUnited_Everton,soccer,EPL,2023-24,,2023-09-02,Sheffield United,Everton,2,2,D,3.01,2.5,3.23,,,football-data.co.uk,2026-09-10T16:48:43.497953+00:00
soccer_E0_2324_2023-09-03_Arsenal_ManUnited,soccer,EPL,2023-24,,2023-09-03,Arsenal,Man United,3,1,H,1.77,4.38,4.04,,,football-data.co.uk,2026-09-10T16:48:43.497953+00:00
soccer_E0_2324_2023-09-03_CrystalPalace_Wolves,soccer,EPL,2023-24,,2023-09-03,Crystal Palace,Wolves,3,2,H,1.95,4.15,3.45,,,football-data.co.uk,2026-09-10T16:48:43.497953+00:00
soccer_E0_2324_2023-09-03_Liverpool_AstonVilla,soccer,EPL,2023-24,,2023-09-03,Liverpool,Aston Villa,3,0,H,1.66,4.57,4.49,,,football-data.co.uk,2026-09-10T16:48:43.497953+00:00
soccer_E0_2324_2023-09-16_AstonVilla_CrystalPalace,soccer,EPL,2023-24,,2023-09-16,Aston Villa,Crystal Palace,3,1,H,1.9,4.07,3.7,,,football-data.co.uk,2026-09-10T16:48:43.497953+00:00
soccer_E0_2324_2023-09-16_Fulham_Luton,soccer,EPL,2023-24,,2023-09-16,Fulham,Luton,1,0,H,1.68,5.18,3.96,,,football-data.co.uk,2026-09-10T16:48:43.497953+00:00
soccer_E0_2324_2023-09-16_ManUnited_Brighton,soccer,EPL,2023-24,,2023-09-16,Man United,Brighton,1,3,A,2.21,2.96,3.98,,,football-data.co.uk,2026-09-10T16:48:43.497953+00:00
soccer_E0_2324_2023-09-16_Newcastle_Brentford,soccer,EPL,2023-24,,2023-09-16,Newcastle,Brentford,1,0,H,1.53,6.12,4.37,,,football-data.co.uk,2026-09-10T16:48:43.497953+00:00
soccer_E0_2324_2023-09-16_Tottenham_SheffieldUnited,soccer,EPL,2023-24,,2023-09-16,Tottenham,Sheffield United,2,1,H,1.28,10.52,6.1,,,football-data.co.uk,2026-09-10T16:48:43.497953+00:00
soccer_E0_2324_2023-09-16_WestHam_ManCity,soccer,EPL,2023-24,,2023-09-16,West Ham,Man City,1,3,A,6.57,1.48,4.67,,,football-data.co.uk,2026-09-10T16:48:43.497953+00:00
soccer_E0_2324_2023-09-16_Wolves_Liverpool,soccer,EPL,2023-24,,2023-09-16,Wolves,Liverpool,1,3,A,6.64,1.45,4.95,,,football-data.co.uk,2026-09-10T16:48:43.497953+00:00
soccer_E0_2324_2023-09-17_Bournemouth_Chelsea,soccer,EPL,2023-24,,2023-09-17,Bournemouth,Chelsea,0,0,D,4.34,1.79,3.96,,,football-data.co.uk,2026-09-10T16:48:43.497953+00:00
soccer_E0_2324_2023-09-17_Everton_Arsenal,soccer,EPL,2023-24,,2023-09-17,Everton,Arsenal,0,1,A,6.07,1.52,4.55,,,football-data.co.uk,2026-09-10T16:48:43.497953+00:00
soccer_E0_2324_2023-09-18_Nott'mForest_Burnley,soccer,EPL,2023-24,,2023-09-18,Nott'm Forest,Burnley,1,1,D,2.24,3.22,3.51,,,football-data.co.uk,2026-09-10T16:48:43.497953+00:00
soccer_E0_2324_2023-09-23_Brentford_Everton,soccer,EPL,2023-24,,2023-09-23,Brentford,Everton,1,3,A,1.8,4.49,3.78,,,football-data.co.uk,2026-09-10T16:48:43.497953+00:00
soccer_E0_2324_2023-09-23_Burnley_ManUnited,soccer,EPL,2023-24,,2023-09-23,Burnley,Man United,0,1,A,4.31,1.75,4.16,,,football-data.co.uk,2026-09-10T16:48:43.497953+00:00
soccer_E0_2324_2023-09-23_CrystalPalace_Fulham,soccer,EPL,2023-24,,2023-09-23,Crystal Palace,Fulham,0,0,D,1.95,4.09,3.51,,,football-data.co.uk,2026-09-10T16:48:43.497953+00:00
soccer_E0_2324_2023-09-23_Luton_Wolves,soccer,EPL,2023-24,,2023-09-23,Luton,Wolves,1,1,D,3.3,2.23,3.43,,,football-data.co.uk,2026-09-10T16:48:43.497953+00:00
soccer_E0_2324_2023-09-23_ManCity_Nott'mForest,soccer,EPL,2023-24,,2023-09-23,Man City,Nott'm Forest,2,0,H,1.15,18.11,8.55,,,football-data.co.uk,2026-09-10T16:48:43.497953+00:00
soccer_E0_2324_2023-09-24_Arsenal_Tottenham,soccer,EPL,2023-24,,2023-09-24,Arsenal,Tottenham,2,2,D,1.7,4.5,4.36,,,football-data.co.uk,2026-09-10T16:48:43.497953+00:00
soccer_E0_2324_2023-09-24_Brighton_Bournemouth,soccer,EPL,2023-24,,2023-09-24,Brighton,Bournemouth,3,1,H,1.38,7.58,5.31,,,football-data.co.uk,2026-09-10T16:48:43.497953+00:00
soccer_E0_2324_2023-09-24_Chelsea_AstonVilla,soccer,EPL,2023-24,,2023-09-24,Chelsea,Aston Villa,0,1,A,1.91,3.87,3.85,,,football-data.co.uk,2026-09-10T16:48:43.497953+00:00
soccer_E0_2324_2023-09-24_Liverpool_WestHam,soccer,EPL,2023-24,,2023-09-24,Liverpool,West Ham,3,1,H,1.39,7.19,5.38,,,football-data.co.uk,2026-09-10T16:48:43.497953+00:00
soccer_E0_2324_2023-09-24_SheffieldUnited_Newcastle,soccer,EPL,2023-24,,2023-09-24,Sheffield United,Newcastle,0,8,A,7.01,1.45,4.78,,,football-data.co.uk,2026-09-10T16:48:43.497953+00:00
soccer_E0_2324_2023-09-30_AstonVilla_Brighton,soccer,EPL,2023-24,,2023-09-30,Aston Villa,Brighton,6,1,H,2.56,2.55,3.92,,,football-data.co.uk,2026-09-10T16:48:43.497953+00:00
soccer_E0_2324_2023-09-30_Bournemouth_Arsenal,soccer,EPL,2023-24,,2023-09-30,Bournemouth,Arsenal,0,4,A,5.77,1.53,4.68,,,football-data.co.uk,2026-09-10T16:48:43.497953+00:00
soccer_E0_2324_2023-09-30_Everton_Luton,soccer,EPL,2023-24,,2023-09-30,Everton,Luton,1,2,A,1.61,6.06,3.94,,,football-data.co.uk,2026-09-10T16:48:43.497953+00:00
soccer_E0_2324_2023-09-30_ManUnited_CrystalPalace,soccer,EPL,2023-24,,2023-09-30,Man United,Crystal Palace,0,1,A,1.57,5.89,4.3,,,football-data.co.uk,2026-09-10T16:48:43.497953+00:00
soccer_E0_2324_2023-09-30_Newcastle_Burnley,soccer,EPL,2023-24,,2023-09-30,Newcastle,Burnley,2,0,H,1.33,9.22,5.62,,,football-data.co.uk,2026-09-10T16:48:43.497953+00:00
soccer_E0_2324_2023-09-30_Tottenham_Liverpool,soccer,EPL,2023-24,,2023-09-30,Tottenham,Liverpool,2,1,H,2.96,2.21,4.03,,,football-data.co.uk,2026-09-10T16:48:43.497953+00:00
soccer_E0_2324_2023-09-30_WestHam_SheffieldUnited,soccer,EPL,2023-24,,2023-09-30,West Ham,Sheffield United,2,0,H,1.45,7.1,4.79,,,football-data.co.uk,2026-09-10T16:48:43.497953+00:00
soccer_E0_2324_2023-09-30_Wolves_ManCity,soccer,EPL,2023-24,,2023-09-30,Wolves,Man City,2,1,H,9.2,1.33,5.65,,,football-data.co.uk,2026-09-10T16:48:43.497953+00:00
soccer_E0_2324_2023-10-01_Nott'mForest_Brentford,soccer,EPL,2023-24,,2023-10-01,Nott'm Forest,Brentford,1,1,D,2.81,2.65,3.27,,,football-data.co.uk,2026-09-10T16:48:43.497953+00:00
soccer_E0_2324_2023-10-02_Fulham_Chelsea,soccer,EPL,2023-24,,2023-10-02,Fulham,Chelsea,0,2,A,3.73,2.06,3.49,,,football-data.co.uk,2026-09-10T16:48:43.497953+00:00
soccer_E0_2324_2023-10-03_Luton_Burnley,soccer,EPL,2023-24,,2023-10-03,Luton,Burnley,1,2,A,2.92,2.63,3.18,,,football-data.co.uk,2026-09-10T16:48:43.497953+00:00
soccer_E0_2324_2023-10-07_Burnley_Chelsea,soccer,EPL,2023-24,,2023-10-07,Burnley,Chelsea,1,4,A,4.63,1.76,3.92,,,football-data.co.uk,2026-09-10T16:48:43.497953+00:00
soccer_E0_2324_2023-10-07_CrystalPalace_Nott'mForest,soccer,EPL,2023-24,,2023-10-07,Crystal Palace,Nott'm Forest,0,0,D,2.24,3.49,3.25,,,football-data.co.uk,2026-09-10T16:48:43.497953+00:00
soccer_E0_2324_2023-10-07_Everton_Bournemouth,soccer,EPL,2023-24,,2023-10-07,Everton,Bournemouth,3,0,H,1.97,3.81,3.7,,,football-data.co.uk,2026-09-10T16:48:43.497953+00:00
soccer_E0_2324_2023-10-07_Fulham_SheffieldUnited,soccer,EPL,2023-24,,2023-10-07,Fulham,Sheffield United,3,1,H,1.64,5.69,3.96,,,football-data.co.uk,2026-09-10T16:48:43.497953+00:00
soccer_E0_2324_2023-10-07_Luton_Tottenham,soccer,EPL,2023-24,,2023-10-07,Luton,Tottenham,0,1,A,6.46,1.48,4.79,,,football-data.co.uk,2026-09-10T16:48:43.497953+00:00
soccer_E0_2324_2023-10-07_ManUnited_Brentford,soccer,EPL,2023-24,,2023-10-07,Man United,Brentford,2,1,H,1.69,4.78,4.2,,,football-data.co.uk,2026-09-10T16:48:43.497953+00:00
soccer_E0_2324_2023-10-08_Arsenal_ManCity,soccer,EPL,2023-24,,2023-10-08,Arsenal,Man City,1,0,H,2.92,2.44,3.49,,,football-data.co.uk,2026-09-10T16:48:43.497953+00:00
soccer_E0_2324_2023-10-08_Brighton_Liverpool,soccer,EPL,2023-24,,2023-10-08,Brighton,Liverpool,2,2,D,3.05,2.17,4.01,,,football-data.co.uk,2026-09-10T16:48:43.497953+00:00
soccer_E0_2324_2023-10-08_WestHam_Newcastle,soccer,EPL,2023-24,,2023-10-08,West Ham,Newcastle,2,2,D,3.32,2.13,3.72,,,football-data.co.uk,2026-09-10T16:48:43.497953+00:00
soccer_E0_2324_2023-10-08_Wolves_AstonVilla,soccer,EPL,2023-24,,2023-10-08,Wolves,Aston Villa,1,1,D,3.4,2.14,3.59,,,football-data.co.uk,2026-09-10T16:48:43.497953+00:00
soccer_E0_2324_2023-10-21_Bournemouth_Wolves,soccer,EPL,2023-24,,2023-10-21,Bournemouth,Wolves,1,2,A,2.41,2.95,3.48,,,football-data.co.uk,2026-09-10T16:48:43.497953+00:00
soccer_E0_2324_2023-10-21_Brentford_Burnley,soccer,EPL,2023-24,,2023-10-21,Brentford,Burnley,3,0,H,1.83,4.4,3.74,,,football-data.co.uk,2026-09-10T16:48:43.497953+00:00
soccer_E0_2324_2023-10-21_Chelsea_Arsenal,soccer,EPL,2023-24,,2023-10-21,Chelsea,Arsenal,2,2,D,3.24,2.26,3.47,,,football-data.co.uk,2026-09-10T16:48:43.497953+00:00
soccer_E0_2324_2023-10-21_Liverpool_Everton,soccer,EPL,2023-24,,2023-10-21,Liverpool,Everton,2,0,H,1.36,8.01,5.66,,,football-data.co.uk,2026-09-10T16:48:43.497953+00:00
soccer_E0_2324_2023-10-21_ManCity_Brighton,soccer,EPL,2023-24,,2023-10-21,Man City,Brighton,2,1,H,1.41,6.83,5.36,,,football-data.co.uk,2026-09-10T16:48:43.497953+00:00
soccer_E0_2324_2023-10-21_Newcastle_CrystalPalace,soccer,EPL,2023-24,,2023-10-21,Newcastle,Crystal Palace,4,0,H,1.46,7.44,4.53,,,football-data.co.uk,2026-09-10T16:48:43.497953+00:00
soccer_E0_2324_2023-10-21_Nott'mForest_Luton,soccer,EPL,2023-24,,2023-10-21,Nott'm Forest,Luton,2,2,D,1.69,5.33,3.82,,,football-data.co.uk,2026-09-10T16:48:43.497953+00:00
soccer_E0_2324_2023-10-21_SheffieldUnited_ManUnited,soccer,EPL,2023-24,,2023-10-21,Sheffield United,Man United,1,2,A,7.27,1.42,5.07,,,football-data.co.uk,2026-09-10T16:48:43.497953+00:00
soccer_E0_2324_2023-10-22_AstonVilla_WestHam,soccer,EPL,2023-24,,2023-10-22,Aston Villa,West Ham,4,1,H,1.9,3.88,3.86,,,football-data.co.uk,2026-09-10T16:48:43.497953+00:00
soccer_E0_2324_2023-10-23_Tottenham_Fulham,soccer,EPL,2023-24,,2023-10-23,Tottenham,Fulham,2,0,H,1.51,5.99,4.7,,,football-data.co.uk,2026-09-10T16:48:43.497953+00:00
soccer_E0_2324_2023-10-27_CrystalPalace_Tottenham,soccer,EPL,2023-24,,2023-10-27,Crystal Palace,Tottenham,1,2,A,4.64,1.79,3.83,,,football-data.co.uk,2026-09-10T16:48:43.497953+00:00
soccer_E0_2324_2023-10-28_Arsenal_SheffieldUnited,soccer,EPL,2023-24,,2023-10-28,Arsenal,Sheffield United,5,0,H,1.13,21.6,9.61,,,football-data.co.uk,2026-09-10T16:48:43.497953+00:00
soccer_E0_2324_2023-10-28_Bournemouth_Burnley,soccer,EPL,2023-24,,2023-10-28,Bournemouth,Burnley,2,1,H,2.13,3.38,3.66,,,football-data.co.uk,2026-09-10T16:48:43.497953+00:00
soccer_E0_2324_2023-10-28_Chelsea_Brentford,soccer,EPL,2023-24,,2023-10-28,Chelsea,Brentford,0,2,A,1.65,5.31,4.1,,,football-data.co.uk,2026-09-10T16:48:43.497953+00:00
soccer_E0_2324_2023-10-28_Wolves_Newcastle,soccer,EPL,2023-24,,2023-10-28,Wolves,Newcastle,2,2,D,4.26,1.82,3.94,,,football-data.co.uk,2026-09-10T16:48:43.497953+00:00
soccer_E0_2324_2023-10-29_AstonVilla_Luton,soccer,EPL,2023-24,,2023-10-29,Aston Villa,Luton,3,1,H,1.28,10.79,6.19,,,football-data.co.uk,2026-09-10T16:48:43.497953+00:00
soccer_E0_2324_2023-10-29_Brighton_Fulham,soccer,EPL,2023-24,,2023-10-29,Brighton,Fulham,1,1,D,1.56,5.42,4.6,,,football-data.co.uk,2026-09-10T16:48:43.497953+00:00
soccer_E0_2324_2023-10-29_Liverpool_Nott'mForest,soccer,EPL,2023-24,,2023-10-29,Liverpool,Nott'm Forest,3,0,H,1.27,10.39,6.38,,,football-data.co.uk,2026-09-10T16:48:43.497953+00:00
soccer_E0_2324_2023-10-29_ManUnited_ManCity,soccer,EPL,2023-24,,2023-10-29,Man United,Man City,0,3,A,4.99,1.69,4.04,,,football-data.co.uk,2026-09-10T16:48:43.497953+00:00
soccer_E0_2324_2023-10-29_WestHam_Everton,soccer,EPL,2023-24,,2023-10-29,West Ham,Everton,0,1,A,2.15,3.32,3.64,,,football-data.co.uk,2026-09-10T16:48:43.497953+00:00
soccer_E0_2324_2023-11-04_Brentford_WestHam,soccer,EPL,2023-24,,2023-11-04,Brentford,West Ham,3,2,H,2.08,3.46,3.67,,,football-data.co.uk,2026-09-10T16:48:43.497953+00:00
soccer_E0_2324_2023-11-04_Burnley_CrystalPalace,soccer,EPL,2023-24,,2023-11-04,Burnley,Crystal Palace,0,2,A,2.85,2.63,3.23,,,football-data.co.uk,2026-09-10T16:48:43.497953+00:00
soccer_E0_2324_2023-11-04_Everton_Brighton,soccer,EPL,2023-24,,2023-11-04,Everton,Brighton,1,1,D,3.09,2.2,3.81,,,football-data.co.uk,2026-09-10T16:48:43.497953+00:00
soccer_E0_2324_2023-11-04_Fulham_ManUnited,soccer,EPL,2023-24,,2023-11-04,Fulham,Man United,0,1,A,3.24,2.2,3.61,,,football-data.co.uk,2026-09-10T16:48:43.497953+00:00
soccer_E0_2324_2023-11-04_ManCity_Bournemouth,soccer,EPL,2023-24,,2023-11-04,Man City,Bournemouth,6,1,H,1.1,26.19,11.39,,,football-data.co.uk,2026-09-10T16:48:43.497953+00:00
soccer_E0_2324_2023-11-04_Newcastle_Arsenal,soccer,EPL,2023-24,,2023-11-04,Newcastle,Arsenal,1,0,H,2.82,2.56,3.39,,,football-data.co.uk,2026-09-10T16:48:43.497953+00:00
soccer_E0_2324_2023-11-04_SheffieldUnited_Wolves,soccer,EPL,2023-24,,2023-11-04,Sheffield United,Wolves,2,1,H,3.83,1.98,3.64,,,football-data.co.uk,2026-09-10T16:48:43.497953+00:00
soccer_E0_2324_2023-11-05_Luton_Liverpool,soccer,EPL,2023-24,,2023-11-05,Luton,Liverpool,1,1,D,11.46,1.24,6.8,,,football-data.co.uk,2026-09-10T16:48:43.497953+00:00
soccer_E0_2324_2023-11-05_Nott'mForest_AstonVilla,soccer,EPL,2023-24,,2023-11-05,Nott'm Forest,Aston Villa,2,0,H,4.09,1.89,3.77,,,football-data.co.uk,2026-09-10T16:48:43.497953+00:00
soccer_E0_2324_2023-11-06_Tottenham_Chelsea,soccer,EPL,2023-24,,2023-11-06,Tottenham,Chelsea,1,4,A,2.13,3.29,3.73,,,football-data.co.uk,2026-09-10T16:48:43.497953+00:00
soccer_E0_2324_2023-11-11_Arsenal_Burnley,soccer,EPL,2023-24,,2023-11-11,Arsenal,Burnley,3,1,H,1.19,15.07,7.34,,,football-data.co.uk,2026-09-10T16:48:43.497953+00:00
soccer_E0_2324_2023-11-11_Bournemouth_Newcastle,soccer,EPL,2023-24,,2023-11-11,Bournemouth,Newcastle,2,0,H,4.67,1.73,4.03,,,football-data.co.uk,2026-09-10T16:48:43.497953+00:00
soccer_E0_2324_2023-11-11_CrystalPalace_Everton,soccer,EPL,2023-24,,2023-11-11,Crystal Palace,Everton,2,3,A,2.44,3.11,3.21,,,football-data.co.uk,2026-09-10T16:48:43.497953+00:00
soccer_E0_2324_2023-11-11_ManUnited_Luton,soccer,EPL,2023-24,,2023-11-11,Man United,Luton,1,0,H,1.33,9.17,5.6,,,football-data.co.uk,2026-09-10T16:48:43.497953+00:00
soccer_E0_2324_2023-11-11_Wolves_Tottenham,soccer,EPL,2023-24,,2023-11-11,Wolves,Tottenham,2,1,H,3.13,2.21,3.73,,,football-data.co.uk,2026-09-10T16:48:43.497953+00:00
soccer_E0_2324_2023-11-12_AstonVilla_Fulham,soccer,EPL,2023-24,,2023-11-12,Aston Villa,Fulham,3,1,H,1.59,5.66,4.28,,,football-data.co.uk,2026-09-10T16:48:43.497953+00:00
soccer_E0_2324_2023-11-12_Brighton_SheffieldUnited,soccer,EPL,2023-24,,2023-11-12,Brighton,Sheffield United,1,1,D,1.24,11.71,6.73,,,football-data.co.uk,2026-09-10T16:48:43.497953+00:00
soccer_E0_2324_2023-11-12_Chelsea_ManCity,soccer,EPL,2023-24,,2023-11-12,Chelsea,Man City,4,4,D,4.93,1.74,3.83,,,football-data.co.uk,2026-09-10T16:48:43.497953+00:00
soccer_E0_2324_2023-11-12_Liverpool_Brentford,soccer,EPL,2023-24,,2023-11-12,Liverpool,Brentford,3,0,H,1.42,7.05,5.16,,,football-data.co.uk,2026-09-10T16:48:43.497953+00:00
soccer_E0_2324_2023-11-12_WestHam_Nott'mForest,soccer,EPL,2023-24,,2023-11-12,West Ham,Nott'm Forest,3,2,H,1.89,4.09,3.77,,,football-data.co.uk,2026-09-10T16:48:43.497953+00:00
soccer_E0_2324_2023-11-25_Brentford_Arsenal,soccer,EPL,2023-24,,2023-11-25,Brentford,Arsenal,0,1,A,4.64,1.77,3.84,,,football-data.co.uk,2026-09-10T16:48:43.497953+00:00
soccer_E0_2324_2023-11-25_Burnley_WestHam,soccer,EPL,2023-24,,2023-11-25,Burnley,West Ham,1,2,A,3.47,2.1,3.62,,,football-data.co.uk,2026-09-10T16:48:43.497953+00:00
soccer_E0_2324_2023-11-25_Luton_CrystalPalace,soccer,EPL,2023-24,,2023-11-25,Luton,Crystal Palace,2,1,H,3.63,2.13,3.38,,,football-data.co.uk,2026-09-10T16:48:43.497953+00:00
soccer_E0_2324_2023-11-25_ManCity_Liverpool,soccer,EPL,2023-24,,2023-11-25,Man City,Liverpool,1,1,D,1.75,4.29,4.31,,,football-data.co.uk,2026-09-10T16:48:43.497953+00:00
soccer_E0_2324_2023-11-25_Newcastle_Chelsea,soccer,EPL,2023-24,,2023-11-25,Newcastle,Chelsea,4,1,H,2.62,2.68,3.5,,,football-data.co.uk,2026-09-10T16:48:43.497953+00:00
soccer_E0_2324_2023-11-25_Nott'mForest_Brighton,soccer,EPL,2023-24,,2023-11-25,Nott'm Forest,Brighton,2,3,A,3.22,2.2,3.64,,,football-data.co.uk,2026-09-10T16:48:43.497953+00:00
soccer_E0_2324_2023-11-25_SheffieldUnited_Bournemouth,soccer,EPL,2023-24,,2023-11-25,Sheffield United,Bournemouth,1,3,A,3.29,2.21,3.53,,,football-data.co.uk,2026-09-10T16:48:43.497953+00:00
soccer_E0_2324_2023-11-26_Everton_ManUnited,soccer,EPL,2023-24,,2023-11-26,Everton,Man United,0,3,A,2.74,2.56,3.52,,,football-data.co.uk,2026-09-10T16:48:43.497953+00:00
soccer_E0_2324_2023-11-26_Tottenham_AstonVilla,soccer,EPL,2023-24,,2023-11-26,Tottenham,Aston Villa,1,2,A,2.35,2.8,3.89,,,football-data.co.uk,2026-09-10T16:48:43.497953+00:00
soccer_E0_2324_2023-11-27_Fulham_Wolves,soccer,EPL,2023-24,,2023-11-27,Fulham,Wolves,3,2,H,2.43,3.02,3.34,,,football-data.co.uk,2026-09-10T16:48:43.497953+00:00
soccer_E0_2324_2023-12-02_Arsenal_Wolves,soccer,EPL,2023-24,,2023-12-02,Arsenal,Wolves,2,1,H,1.27,11.58,5.95,,,football-data.co.uk,2026-09-10T16:48:43.497953+00:00
soccer_E0_2324_2023-12-02_Brentford_Luton,soccer,EPL,2023-24,,2023-12-02,Brentford,Luton,3,1,H,1.48,6.88,4.63,,,football-data.co.uk,2026-09-10T16:48:43.497953+00:00
soccer_E0_2324_2023-12-02_Burnley_SheffieldUnited,soccer,EPL,2023-24,,2023-12-02,Burnley,Sheffield United,5,0,H,1.83,4.55,3.68,,,football-data.co.uk,2026-09-10T16:48:43.497953+00:00
soccer_E0_2324_2023-12-02_Newcastle_ManUnited,soccer,EPL,2023-24,,2023-12-02,Newcastle,Man United,1,0,H,1.94,3.84,3.84,,,football-data.co.uk,2026-09-10T16:48:43.497953+00:00
soccer_E0_2324_2023-12-02_Nott'mForest_Everton,soccer,EPL,2023-24,,2023-12-02,Nott'm Forest,Everton,0,1,A,2.8,2.62,3.35,,,football-data.co.uk,2026-09-10T16:48:43.497953+00:00
soccer_E0_2324_2023-12-03_Bournemouth_AstonVilla,soccer,EPL,2023-24,,2023-12-03,Bournemouth,Aston Villa,2,2,D,3.45,2.01,4.0,,,football-data.co.uk,2026-09-10T16:48:43.497953+00:00
soccer_E0_2324_2023-12-03_Chelsea_Brighton,soccer,EPL,2023-24,,2023-12-03,Chelsea,Brighton,3,2,H,1.75,4.37,4.24,,,football-data.co.uk,2026-09-10T16:48:43.497953+00:00
soccer_E0_2324_2023-12-03_Liverpool_Fulham,soccer,EPL,2023-24,,2023-12-03,Liverpool,Fulham,4,3,H,1.26,10.56,6.62,,,football-data.co.uk,2026-09-10T16:48:43.497953+00:00
soccer_E0_2324_2023-12-03_ManCity_Tottenham,soccer,EPL,2023-24,,2023-12-03,Man City,Tottenham,3,3,D,1.3,9.27,6.18,,,football-data.co.uk,2026-09-10T16:48:43.497953+00:00
soccer_E0_2324_2023-12-03_WestHam_CrystalPalace,soccer,EPL,2023-24,,2023-12-03,West Ham,Crystal Palace,1,1,D,2.02,3.84,3.53,,,football-data.co.uk,2026-09-10T16:48:43.497953+00:00
soccer_E0_2324_2023-12-05_Luton_Arsenal,soccer,EPL,2023-24,,2023-12-05,Luton,Arsenal,3,4,A,14.98,1.21,6.73,,,football-data.co.uk,2026-09-10T16:48:43.497953+00:00
soccer_E0_2324_2023-12-05_Wolves_Burnley,soccer,EPL,2023-24,,2023-12-05,Wolves,Burnley,1,0,H,1.89,4.31,3.62,,,football-data.co.uk,2026-09-10T16:48:43.497953+00:00
soccer_E0_2324_2023-12-06_AstonVilla_ManCity,soccer,EPL,2023-24,,2023-12-06,Aston Villa,Man City,1,0,H,4.45,1.73,4.26,,,football-data.co.uk,2026-09-10T16:48:43.497953+00:00
soccer_E0_2324_2023-12-06_Brighton_Brentford,soccer,EPL,2023-24,,2023-12-06,Brighton,Brentford,2,1,H,1.93,3.77,3.91,,,football-data.co.uk,2026-09-10T16:48:43.497953+00:00
soccer_E0_2324_2023-12-06_CrystalPalace_Bournemouth,soccer,EPL,2023-24,,2023-12-06,Crystal Palace,Bournemouth,0,2,A,2.27,3.25,3.45,,,football-data.co.uk,2026-09-10T16:48:43.497953+00:00
soccer_E0_2324_2023-12-06_Fulham_Nott'mForest,soccer,EPL,2023-24,,2023-12-06,Fulham,Nott'm Forest,5,0,H,2.05,3.78,3.49,,,football-data.co.uk,2026-09-10T16:48:43.497953+00:00
soccer_E0_2324_2023-12-06_ManUnited_Chelsea,soccer,EPL,2023-24,,2023-12-06,Man United,Chelsea,2,1,H,2.82,2.43,3.65,,,football-data.co.uk,2026-09-10T16:48:43.497953+00:00
soccer_E0_2324_2023-12-06_SheffieldUnited_Liverpool,soccer,EPL,2023-24,,2023-12-06,Sheffield United,Liverpool,0,2,A,13.54,1.2,7.67,,,football-data.co.uk,2026-09-10T16:48:43.497953+00:00
soccer_E0_2324_2023-12-07_Everton_Newcastle,soccer,EPL,2023-24,,2023-12-07,Everton,Newcastle,3,0,H,3.13,2.33,3.44,,,football-data.co.uk,2026-09-10T16:48:43.497953+00:00
soccer_E0_2324_2023-12-07_Tottenham_WestHam,soccer,EPL,2023-24,,2023-12-07,Tottenham,West Ham,1,2,A,1.79,4.08,4.22,,,football-data.co.uk,2026-09-10T16:48:43.497953+00:00
soccer_E0_2324_2023-12-09_AstonVilla_Arsenal,soccer,EPL,2023-24,,2023-12-09,Aston Villa,Arsenal,1,0,H,3.41,2.11,3.66,,,football-data.co.uk,2026-09-10T16:48:43.497953+00:00
soccer_E0_2324_2023-12-09_Brighton_Burnley,soccer,EPL,2023-24,,2023-12-09,Brighton,Burnley,1,1,D,1.5,6.18,4.69,,,football-data.co.uk,2026-09-10T16:48:43.497953+00:00
soccer_E0_2324_2023-12-09_CrystalPalace_Liverpool,soccer,EPL,2023-24,,2023-12-09,Crystal Palace,Liverpool,1,2,A,6.12,1.52,4.54,,,football-data.co.uk,2026-09-10T16:48:43.497953+00:00
soccer_E0_2324_2023-12-09_ManUnited_Bournemouth,soccer,EPL,2023-24,,2023-12-09,Man United,Bournemouth,0,3,A,1.55,5.54,4.65,,,football-data.co.uk,2026-09-10T16:48:43.497953+00:00
soccer_E0_2324_2023-12-09_SheffieldUnited_Brentford,soccer,EPL,2023-24,,2023-12-09,Sheffield United,Brentford,1,0,H,4.48,1.8,3.82,,,football-data.co.uk,2026-09-10T16:48:43.497953+00:00
soccer_E0_2324_2023-12-09_Wolves_Nott'mForest,soccer,EPL,2023-24,,2023-12-09,Wolves,Nott'm Forest,1,1,D,1.87,4.34,3.64,,,football-data.co.uk,2026-09-10T16:48:43.497953+00:00
soccer_E0_2324_2023-12-10_Everton_Chelsea,soccer,EPL,2023-24,,2023-12-10,Everton,Chelsea,2,0,H,3.02,2.31,3.59,,,football-data.co.uk,2026-09-10T16:48:43.497953+00:00
soccer_E0_2324_2023-12-10_Fulham_WestHam,soccer,EPL,2023-24,,2023-12-10,Fulham,West Ham,5,0,H,2.39,2.95,3.49,,,football-data.co.uk,2026-09-10T16:48:43.497953+00:00
soccer_E0_2324_2023-12-10_Luton_ManCity,soccer,EPL,2023-24,,2023-12-10,Luton,Man City,1,2,A,18.02,1.15,8.94,,,football-data.co.uk,2026-09-10T16:48:43.497953+00:00
soccer_E0_2324_2023-12-10_Tottenham_Newcastle,soccer,EPL,2023-24,,2023-12-10,Tottenham,Newcastle,4,1,H,2.2,3.05,3.84,,,football-data.co.uk,2026-09-10T16:48:43.497953+00:00
soccer_E0_2324_2023-12-15_Nott'mForest_Tottenham,soccer,EPL,2023-24,,2023-12-15,Nott'm Forest,Tottenham,0,2,A,4.52,1.74,4.13,,,football-data.co.uk,2026-09-10T16:48:43.497953+00:00
soccer_E0_2324_2023-12-16_Burnley_Everton,soccer,EPL,2023-24,,2023-12-16,Burnley,Everton,0,2,A,3.55,2.14,3.45,,,football-data.co.uk,2026-09-10T16:48:43.497953+00:00
soccer_E0_2324_2023-12-16_Chelsea_SheffieldUnited,soccer,EPL,2023-24,,2023-12-16,Chelsea,Sheffield United,2,0,H,1.24,12.28,6.49,,,football-data.co.uk,2026-09-10T16:48:43.497953+00:00
soccer_E0_2324_2023-12-16_ManCity_CrystalPalace,soccer,EPL,2023-24,,2023-12-16,Man City,Crystal Palace,2,2,D,1.18,16.06,7.77,,,football-data.co.uk,2026-09-10T16:48:43.497953+00:00
soccer_E0_2324_2023-12-16_Newcastle_Fulham,soccer,EPL,2023-24,,2023-12-16,Newcastle,Fulham,3,0,H,1.87,4.03,3.91,,,football-data.co.uk,2026-09-10T16:48:43.497953+00:00
soccer_E0_2324_2023-12-17_Arsenal_Brighton,soccer,EPL,2023-24,,2023-12-17,Arsenal,Brighton,2,0,H,1.48,6.5,4.73,,,football-data.co.uk,2026-09-10T16:48:43.497953+00:00
soccer_E0_2324_2023-12-17_Brentford_AstonVilla,soccer,EPL,2023-24,,2023-12-17,Brentford,Aston Villa,1,2,A,3.26,2.16,3.71,,,football-data.co.uk,2026-09-10T16:48:43.497953+00:00
soccer_E0_2324_2023-12-17_Liverpool_ManUnited,soccer,EPL,2023-24,,2023-12-17,Liverpool,Man United,0,0,D,1.32,8.5,6.09,,,football-data.co.uk,2026-09-10T16:48:43.497953+00:00
soccer_E0_2324_2023-12-17_WestHam_Wolves,soccer,EPL,2023-24,,2023-12-17,West Ham,Wolves,3,0,H,2.16,3.4,3.55,,,football-data.co.uk,2026-09-10T16:48:43.497953+00:00
soccer_E0_2324_2023-12-21_CrystalPalace_Brighton,soccer,EPL,2023-24,,2023-12-21,Crystal Palace,Brighton,1,1,D,3.35,2.18,3.5,,,football-data.co.uk,2026-09-10T16:48:43.497953+00:00
soccer_E0_2324_2023-12-22_AstonVilla_SheffieldUnited,soccer,EPL,2023-24,,2023-12-22,Aston Villa,Sheffield United,1,1,D,1.24,11.7,6.67,,,football-data.co.uk,2026-09-10T16:48:43.497953+00:00
soccer_E0_2324_2023-12-23_Fulham_Burnley,soccer,EPL,2023-24,,2023-12-23,Fulham,Burnley,0,2,A,1.7,5.01,3.94,,,football-data.co.uk,2026-09-10T16:48:43.497953+00:00
soccer_E0_2324_2023-12-23_Liverpool_Arsenal,soccer,EPL,2023-24,,2023-12-23,Liverpool,Arsenal,1,1,D,2.43,2.83,3.63,,,football-data.co.uk,2026-09-10T16:48:43.497953+00:00
soccer_E0_2324_2023-12-23_Luton_Newcastle,soccer,EPL,2023-24,,2023-12-23,Luton,Newcastle,1,0,H,5.0,1.65,4.23,,,football-data.co.uk,2026-09-10T16:48:43.497953+00:00
soccer_E0_2324_2023-12-23_Nott'mForest_Bournemouth,soccer,EPL,2023-24,,2023-12-23,Nott'm Forest,Bournemouth,2,3,A,2.76,2.54,3.49,,,football-data.co.uk,2026-09-10T16:48:43.497953+00:00
soccer_E0_2324_2023-12-23_Tottenham_Everton,soccer,EPL,2023-24,,2023-12-23,Tottenham,Everton,2,1,H,1.8,4.08,4.16,,,football-data.co.uk,2026-09-10T16:48:43.497953+00:00
soccer_E0_2324_2023-12-23_WestHam_ManUnited,soccer,EPL,2023-24,,2023-12-23,West Ham,Man United,2,0,H,2.61,2.6,3.65,,,football-data.co.uk,2026-09-10T16:48:43.497953+00:00
soccer_E0_2324_2023-12-24_Wolves_Chelsea,soccer,EPL,2023-24,,2023-12-24,Wolves,Chelsea,2,1,H,3.73,1.98,3.73,,,football-data.co.uk,2026-09-10T16:48:43.497953+00:00
soccer_E0_2324_2023-12-26_Bournemouth_Fulham,soccer,EPL,2023-24,,2023-12-26,Bournemouth,Fulham,3,0,H,2.22,3.2,3.62,,,football-data.co.uk,2026-09-10T16:48:43.497953+00:00
soccer_E0_2324_2023-12-26_Burnley_Liverpool,soccer,EPL,2023-24,,2023-12-26,Burnley,Liverpool,0,2,A,7.67,1.39,5.3,,,football-data.co.uk,2026-09-10T16:48:43.497953+00:00
soccer_E0_2324_2023-12-26_ManUnited_AstonVilla,soccer,EPL,2023-24,,2023-12-26,Man United,Aston Villa,3,2,H,2.63,2.61,3.63,,,football-data.co.uk,2026-09-10T16:48:43.497953+00:00
soccer_E0_2324_2023-12-26_Newcastle_Nott'mForest,soccer,EPL,2023-24,,2023-12-26,Newcastle,Nott'm Forest,1,3,A,1.51,6.57,4.41,,,football-data.co.uk,2026-09-10T16:48:43.497953+00:00
soccer_E0_2324_2023-12-26_SheffieldUnited_Luton,soccer,EPL,2023-24,,2023-12-26,Sheffield United,Luton,2,3,A,2.41,3.07,3.32,,,football-data.co.uk,2026-09-10T16:48:43.497953+00:00
soccer_E0_2324_2023-12-27_Brentford_Wolves,soccer,EPL,2023-24,,2023-12-27,Brentford,Wolves,1,4,A,1.96,3.97,3.59,,,football-data.co.uk,2026-09-10T16:48:43.497953+00:00
soccer_E0_2324_2023-12-27_Chelsea_CrystalPalace,soccer,EPL,2023-24,,2023-12-27,Chelsea,Crystal Palace,2,1,H,1.7,5.02,3.91,,,football-data.co.uk,2026-09-10T16:48:43.497953+00:00
soccer_E0_2324_2023-12-27_Everton_ManCity,soccer,EPL,2023-24,,2023-12-27,Everton,Man City,1,3,A,5.84,1.59,4.17,,,football-data.co.uk,2026-09-10T16:48:43.497953+00:00
soccer_E0_2324_2023-12-28_Arsenal_WestHam,soccer,EPL,2023-24,,2023-12-28,Arsenal,West Ham,0,2,A,1.35,8.64,5.39,,,football-data.co.uk,2026-09-10T16:48:43.497953+00:00
soccer_E0_2324_2023-12-28_Brighton_Tottenham,soccer,EPL,2023-24,,2023-12-28,Brighton,Tottenham,4,2,H,2.52,2.57,3.9,,,football-data.co.uk,2026-09-10T16:48:43.497953+00:00
soccer_E0_2324_2023-12-30_AstonVilla_Burnley,soccer,EPL,2023-24,,2023-12-30,Aston Villa,Burnley,3,2,H,1.37,8.15,5.27,,,football-data.co.uk,2026-09-10T16:48:43.497953+00:00
soccer_E0_2324_2023-12-30_CrystalPalace_Brentford,soccer,EPL,2023-24,,2023-12-30,Crystal Palace,Brentford,3,1,H,2.23,3.43,3.33,,,football-data.co.uk,2026-09-10T16:48:43.497953+00:00
soccer_E0_2324_2023-12-30_Luton_Chelsea,soccer,EPL,2023-24,,2023-12-30,Luton,Chelsea,2,3,A,6.04,1.53,4.53,,,football-data.co.uk,2026-09-10T16:48:43.497953+00:00
soccer_E0_2324_2023-12-30_ManCity_SheffieldUnited,soccer,EPL,2023-24,,2023-12-30,Man City,Sheffield United,2,0,H,1.08,29.4,12.85,,,football-data.co.uk,2026-09-10T16:48:43.497953+00:00
soccer_E0_2324_2023-12-30_Nott'mForest_ManUnited,soccer,EPL,2023-24,,2023-12-30,Nott'm Forest,Man United,2,1,H,3.27,2.16,3.68,,,football-data.co.uk,2026-09-10T16:48:43.497953+00:00
soccer_E0_2324_2023-12-30_Wolves_Everton,soccer,EPL,2023-24,,2023-12-30,Wolves,Everton,3,0,H,2.64,2.74,3.38,,,football-data.co.uk,2026-09-10T16:48:43.497953+00:00
soccer_E0_2324_2023-12-31_Fulham_Arsenal,soccer,EPL,2023-24,,2023-12-31,Fulham,Arsenal,2,1,H,5.74,1.57,4.29,,,football-data.co.uk,2026-09-10T16:48:43.497953+00:00
soccer_E0_2324_2023-12-31_Tottenham_Bournemouth,soccer,EPL,2023-24,,2023-12-31,Tottenham,Bournemouth,3,1,H,1.78,4.04,4.33,,,football-data.co.uk,2026-09-10T16:48:43.497953+00:00
soccer_E0_2324_2024-01-01_Liverpool_Newcastle,soccer,EPL,2023-24,,2024-01-01,Liverpool,Newcastle,4,2,H,1.46,6.56,4.88,,,football-data.co.uk,2026-09-10T16:48:43.497953+00:00
soccer_E0_2324_2024-01-02_WestHam_Brighton,soccer,EPL,2023-24,,2024-01-02,West Ham,Brighton,0,0,D,2.47,2.73,3.7,,,football-data.co.uk,2026-09-10T16:48:43.497953+00:00
soccer_E0_2324_2024-01-12_Burnley_Luton,soccer,EPL,2023-24,,2024-01-12,Burnley,Luton,1,1,D,2.03,3.74,3.58,,,football-data.co.uk,2026-09-10T16:48:43.497953+00:00
soccer_E0_2324_2024-01-13_Chelsea_Fulham,soccer,EPL,2023-24,,2024-01-13,Chelsea,Fulham,1,0,H,1.64,5.19,4.24,,,football-data.co.uk,2026-09-10T16:48:43.497953+00:00
soccer_E0_2324_2024-01-13_Newcastle_ManCity,soccer,EPL,2023-24,,2024-01-13,Newcastle,Man City,2,3,A,5.5,1.57,4.47,,,football-data.co.uk,2026-09-10T16:48:43.497953+00:00
soccer_E0_2324_2024-01-14_Everton_AstonVilla,soccer,EPL,2023-24,,2024-01-14,Everton,Aston Villa,0,0,D,2.79,2.45,3.62,,,football-data.co.uk,2026-09-10T16:48:43.497953+00:00
soccer_E0_2324_2024-01-14_ManUnited_Tottenham,soccer,EPL,2023-24,,2024-01-14,Man United,Tottenham,2,2,D,2.2,3.0,3.93,,,football-data.co.uk,2026-09-10T16:48:43.497953+00:00
soccer_E0_2324_2024-01-20_Arsenal_CrystalPalace,soccer,EPL,2023-24,,2024-01-20,Arsenal,Crystal Palace,5,0,H,1.29,11.19,5.74,,,football-data.co.uk,2026-09-10T16:48:43.497953+00:00
soccer_E0_2324_2024-01-20_Brentford_Nott'mForest,soccer,EPL,2023-24,,2024-01-20,Brentford,Nott'm Forest,3,2,H,1.9,4.06,3.72,,,football-data.co.uk,2026-09-10T16:48:43.497953+00:00
soccer_E0_2324_2024-01-21_Bournemouth_Liverpool,soccer,EPL,2023-24,,2024-01-21,Bournemouth,Liverpool,0,4,A,4.38,1.71,4.37,,,football-data.co.uk,2026-09-10T16:48:43.497953+00:00
soccer_E0_2324_2024-01-21_SheffieldUnited_WestHam,soccer,EPL,2023-24,,2024-01-21,Sheffield United,West Ham,2,2,D,3.43,2.18,3.43,,,football-data.co.uk,2026-09-10T16:48:43.497953+00:00
soccer_E0_2324_2024-01-22_Brighton_Wolves,soccer,EPL,2023-24,,2024-01-22,Brighton,Wolves,0,0,D,1.65,4.95,4.29,,,football-data.co.uk,2026-09-10T16:48:43.497953+00:00
soccer_E0_2324_2024-01-30_AstonVilla_Newcastle,soccer,EPL,2023-24,,2024-01-30,Aston Villa,Newcastle,1,3,A,1.86,3.92,4.07,,,football-data.co.uk,2026-09-10T16:48:43.497953+00:00
soccer_E0_2324_2024-01-30_CrystalPalace_SheffieldUnited,soccer,EPL,2023-24,,2024-01-30,Crystal Palace,Sheffield United,3,2,H,1.64,5.92,3.87,,,football-data.co.uk,2026-09-10T16:48:43.497953+00:00
soccer_E0_2324_2024-01-30_Fulham_Everton,soccer,EPL,2023-24,,2024-01-30,Fulham,Everton,0,0,D,2.45,3.01,3.33,,,football-data.co.uk,2026-09-10T16:48:43.497953+00:00
soccer_E0_2324_2024-01-30_Luton_Brighton,soccer,EPL,2023-24,,2024-01-30,Luton,Brighton,4,0,H,4.34,1.78,4.09,,,football-data.co.uk,2026-09-10T16:48:43.497953+00:00
soccer_E0_2324_2024-01-30_Nott'mForest_Arsenal,soccer,EPL,2023-24,,2024-01-30,Nott'm Forest,Arsenal,1,2,A,8.12,1.39,5.09,,,football-data.co.uk,2026-09-10T16:48:43.497953+00:00
soccer_E0_2324_2024-01-31_Liverpool_Chelsea,soccer,EPL,2023-24,,2024-01-31,Liverpool,Chelsea,4,1,H,1.58,5.15,4.61,,,football-data.co.uk,2026-09-10T16:48:43.497953+00:00
soccer_E0_2324_2024-01-31_ManCity_Burnley,soccer,EPL,2023-24,,2024-01-31,Man City,Burnley,3,1,H,1.1,24.13,11.19,,,football-data.co.uk,2026-09-10T16:48:43.497953+00:00
soccer_E0_2324_2024-01-31_Tottenham_Brentford,soccer,EPL,2023-24,,2024-01-31,Tottenham,Brentford,3,2,H,1.67,4.75,4.34,,,football-data.co.uk,2026-09-10T16:48:43.497953+00:00
soccer_E0_2324_2024-02-01_WestHam_Bournemouth,soccer,EPL,2023-24,,2024-02-01,West Ham,Bournemouth,1,1,D,2.43,2.75,3.73,,,football-data.co.uk,2026-09-10T16:48:43.497953+00:00
soccer_E0_2324_2024-02-01_Wolves_ManUnited,soccer,EPL,2023-24,,2024-02-01,Wolves,Man United,3,4,A,2.7,2.54,3.58,,,football-data.co.uk,2026-09-10T16:48:43.497953+00:00
soccer_E0_2324_2024-02-03_Brighton_CrystalPalace,soccer,EPL,2023-24,,2024-02-03,Brighton,Crystal Palace,4,1,H,1.7,4.82,4.07,,,football-data.co.uk,2026-09-10T16:48:43.497953+00:00
soccer_E0_2324_2024-02-03_Burnley_Fulham,soccer,EPL,2023-24,,2024-02-03,Burnley,Fulham,2,2,D,2.94,2.43,3.45,,,football-data.co.uk,2026-09-10T16:48:43.497953+00:00
soccer_E0_2324_2024-02-03_Everton_Tottenham,soccer,EPL,2023-24,,2024-02-03,Everton,Tottenham,2,2,D,2.94,2.34,3.69,,,football-data.co.uk,2026-09-10T16:48:43.497953+00:00
soccer_E0_2324_2024-02-03_Newcastle_Luton,soccer,EPL,2023-24,,2024-02-03,Newcastle,Luton,4,4,D,1.43,7.02,4.97,,,football-data.co.uk,2026-09-10T16:48:43.497953+00:00
soccer_E0_2324_2024-02-03_SheffieldUnited_AstonVilla,soccer,EPL,2023-24,,2024-02-03,Sheffield United,Aston Villa,0,5,A,5.1,1.63,4.29,,,football-data.co.uk,2026-09-10T16:48:43.497953+00:00
soccer_E0_2324_2024-02-04_Arsenal_Liverpool,soccer,EPL,2023-24,,2024-02-04,Arsenal,Liverpool,3,1,H,2.25,3.07,3.67,,,football-data.co.uk,2026-09-10T16:48:43.497953+00:00
soccer_E0_2324_2024-02-04_Bournemouth_Nott'mForest,soccer,EPL,2023-24,,2024-02-04,Bournemouth,Nott'm Forest,1,1,D,1.7,4.65,4.15,,,football-data.co.uk,2026-09-10T16:48:43.497953+00:00
soccer_E0_2324_2024-02-04_Chelsea_Wolves,soccer,EPL,2023-24,,2024-02-04,Chelsea,Wolves,2,4,A,1.63,5.24,4.22,,,football-data.co.uk,2026-09-10T16:48:43.497953+00:00
soccer_E0_2324_2024-02-04_ManUnited_WestHam,soccer,EPL,2023-24,,2024-02-04,Man United,West Ham,3,0,H,1.66,4.93,4.23,,,football-data.co.uk,2026-09-10T16:48:43.497953+00:00
soccer_E0_2324_2024-02-05_Brentford_ManCity,soccer,EPL,2023-24,,2024-02-05,Brentford,Man City,1,3,A,7.17,1.42,4.99,,,football-data.co.uk,2026-09-10T16:48:43.497953+00:00
soccer_E0_2324_2024-02-10_Fulham_Bournemouth,soccer,EPL,2023-24,,2024-02-10,Fulham,Bournemouth,3,1,H,2.4,2.88,3.58,,,football-data.co.uk,2026-09-10T16:48:43.497953+00:00
soccer_E0_2324_2024-02-10_Liverpool_Burnley,soccer,EPL,2023-24,,2024-02-10,Liverpool,Burnley,3,1,H,1.16,15.8,8.4,,,football-data.co.uk,2026-09-10T16:48:43.497953+00:00
soccer_E0_2324_2024-02-10_Luton_SheffieldUnited,soccer,EPL,2023-24,,2024-02-10,Luton,Sheffield United,1,3,A,1.77,4.59,3.88,,,football-data.co.uk,2026-09-10T16:48:43.497953+00:00
soccer_E0_2324_2024-02-10_ManCity_Everton,soccer,EPL,2023-24,,2024-02-10,Man City,Everton,2,0,H,1.2,13.47,7.36,,,football-data.co.uk,2026-09-10T16:48:43.497953+00:00
soccer_E0_2324_2024-02-10_Nott'mForest_Newcastle,soccer,EPL,2023-24,,2024-02-10,Nott'm Forest,Newcastle,2,3,A,3.3,2.13,3.71,,,football-data.co.uk,2026-09-10T16:48:43.497953+00:00
soccer_E0_2324_2024-02-10_Tottenham_Brighton,soccer,EPL,2023-24,,2024-02-10,Tottenham,Brighton,2,1,H,1.82,3.84,4.31,,,football-data.co.uk,2026-09-10T16:48:43.497953+00:00
soccer_E0_2324_2024-02-10_Wolves_Brentford,soccer,EPL,2023-24,,2024-02-10,Wolves,Brentford,0,2,A,2.12,3.38,3.66,,,football-data.co.uk,2026-09-10T16:48:43.497953+00:00
soccer_E0_2324_2024-02-11_AstonVilla_ManUnited,soccer,EPL,2023-24,,2024-02-11,Aston Villa,Man United,1,2,A,2.17,3.11,3.83,,,football-data.co.uk,2026-09-10T16:48:43.497953+00:00
soccer_E0_2324_2024-02-11_WestHam_Arsenal,soccer,EPL,2023-24,,2024-02-11,West Ham,Arsenal,0,6,A,5.81,1.55,4.38,,,football-data.co.uk,2026-09-10T16:48:43.497953+00:00
soccer_E0_2324_2024-02-12_CrystalPalace_Chelsea,soccer,EPL,2023-24,,2024-02-12,Crystal Palace,Chelsea,1,3,A,4.2,1.84,3.8,,,football-data.co.uk,2026-09-10T16:48:43.497953+00:00
soccer_E0_2324_2024-02-17_Brentford_Liverpool,soccer,EPL,2023-24,,2024-02-17,Brentford,Liverpool,1,4,A,5.24,1.59,4.52,,,football-data.co.uk,2026-09-10T16:48:43.497953+00:00
soccer_E0_2324_2024-02-17_Burnley_Arsenal,soccer,EPL,2023-24,,2024-02-17,Burnley,Arsenal,0,5,A,9.94,1.31,5.73,,,football-data.co.uk,2026-09-10T16:48:43.497953+00:00
soccer_E0_2324_2024-02-17_Fulham_AstonVilla,soccer,EPL,2023-24,,2024-02-17,Fulham,Aston Villa,1,2,A,2.94,2.29,3.77,,,football-data.co.uk,2026-09-10T16:48:43.497953+00:00
soccer_E0_2324_2024-02-17_ManCity_Chelsea,soccer,EPL,2023-24,,2024-02-17,Man City,Chelsea,1,1,D,1.35,8.22,5.64,,,football-data.co.uk,2026-09-10T16:48:43.497953+00:00
soccer_E0_2324_2024-02-17_Newcastle_Bournemouth,soccer,EPL,2023-24,,2024-02-17,Newcastle,Bournemouth,2,2,D,1.85,3.83,4.16,,,football-data.co.uk,2026-09-10T16:48:43.497953+00:00
soccer_E0_2324_2024-02-17_Nott'mForest_WestHam,soccer,EPL,2023-24,,2024-02-17,Nott'm Forest,West Ham,2,0,H,2.43,2.9,3.51,,,football-data.co.uk,2026-09-10T16:48:43.497953+00:00
soccer_E0_2324_2024-02-17_Tottenham_Wolves,soccer,EPL,2023-24,,2024-02-17,Tottenham,Wolves,1,2,A,1.55,5.37,4.75,,,football-data.co.uk,2026-09-10T16:48:43.497953+00:00
soccer_E0_2324_2024-02-18_Luton_ManUnited,soccer,EPL,2023-24,,2024-02-18,Luton,Man United,1,2,A,4.07,1.81,4.09,,,football-data.co.uk,2026-09-10T16:48:43.497953+00:00
soccer_E0_2324_2024-02-18_SheffieldUnited_Brighton,soccer,EPL,2023-24,,2024-02-18,Sheffield United,Brighton,0,5,A,4.92,1.65,4.3,,,football-data.co.uk,2026-09-10T16:48:43.497953+00:00
soccer_E0_2324_2024-02-19_Everton_CrystalPalace,soccer,EPL,2023-24,,2024-02-19,Everton,Crystal Palace,1,1,D,1.73,5.12,3.68,,,football-data.co.uk,2026-09-10T16:48:43.497953+00:00
soccer_E0_2324_2024-02-20_ManCity_Brentford,soccer,EPL,2023-24,,2024-02-20,Man City,Brentford,1,0,H,1.18,15.16,8.12,,,football-data.co.uk,2026-09-10T16:48:43.497953+00:00
soccer_E0_2324_2024-02-21_Liverpool_Luton,soccer,EPL,2023-24,,2024-02-21,Liverpool,Luton,4,1,H,1.2,13.14,7.72,,,football-data.co.uk,2026-09-10T16:48:43.497953+00:00
soccer_E0_2324_2024-02-24_Arsenal_Newcastle,soccer,EPL,2023-24,,2024-02-24,Arsenal,Newcastle,4,1,H,1.38,7.53,5.34,,,football-data.co.uk,2026-09-10T16:48:43.497953+00:00
soccer_E0_2324_2024-02-24_AstonVilla_Nott'mForest,soccer,EPL,2023-24,,2024-02-24,Aston Villa,Nott'm Forest,4,2,H,1.55,5.63,4.54,,,football-data.co.uk,2026-09-10T16:48:43.497953+00:00
soccer_E0_2324_2024-02-24_Bournemouth_ManCity,soccer,EPL,2023-24,,2024-02-24,Bournemouth,Man City,0,1,A,6.96,1.42,5.16,,,football-data.co.uk,2026-09-10T16:48:43.497953+00:00
soccer_E0_2324_2024-02-24_Brighton_Everton,soccer,EPL,2023-24,,2024-02-24,Brighton,Everton,1,1,D,1.84,4.1,3.93,,,football-data.co.uk,2026-09-10T16:48:43.497953+00:00
soccer_E0_2324_2024-02-24_CrystalPalace_Burnley,soccer,EPL,2023-24,,2024-02-24,Crystal Palace,Burnley,3,0,H,2.01,3.92,3.46,,,football-data.co.uk,2026-09-10T16:48:43.497953+00:00
soccer_E0_2324_2024-02-24_ManUnited_Fulham,soccer,EPL,2023-24,,2024-02-24,Man United,Fulham,1,2,A,1.58,5.33,4.47,,,football-data.co.uk,2026-09-10T16:48:43.497953+00:00
soccer_E0_2324_2024-02-25_Wolves_SheffieldUnited,soccer,EPL,2023-24,,2024-02-25,Wolves,Sheffield United,1,0,H,1.46,6.86,4.69,,,football-data.co.uk,2026-09-10T16:48:43.497953+00:00
soccer_E0_2324_2024-02-26_WestHam_Brentford,soccer,EPL,2023-24,,2024-02-26,West Ham,Brentford,4,2,H,2.5,2.73,3.6,,,football-data.co.uk,2026-09-10T16:48:43.497953+00:00
soccer_E0_2324_2024-03-02_Brentford_Chelsea,soccer,EPL,2023-24,,2024-03-02,Brentford,Chelsea,2,2,D,3.07,2.19,3.86,,,football-data.co.uk,2026-09-10T16:48:43.497953+00:00
soccer_E0_2324_2024-03-02_Everton_WestHam,soccer,EPL,2023-24,,2024-03-02,Everton,West Ham,1,3,A,2.09,3.52,3.57,,,football-data.co.uk,2026-09-10T16:48:43.497953+00:00
soccer_E0_2324_2024-03-02_Fulham_Brighton,soccer,EPL,2023-24,,2024-03-02,Fulham,Brighton,3,0,H,2.59,2.62,3.64,,,football-data.co.uk,2026-09-10T16:48:43.497953+00:00
soccer_E0_2324_2024-03-02_Luton_AstonVilla,soccer,EPL,2023-24,,2024-03-02,Luton,Aston Villa,2,3,A,4.29,1.74,4.3,,,football-data.co.uk,2026-09-10T16:48:43.497953+00:00
soccer_E0_2324_2024-03-02_Newcastle_Wolves,soccer,EPL,2023-24,,2024-03-02,Newcastle,Wolves,3,0,H,1.9,3.8,3.95,,,football-data.co.uk,2026-09-10T16:48:43.497953+00:00
soccer_E0_2324_2024-03-02_Nott'mForest_Liverpool,soccer,EPL,2023-24,,2024-03-02,Nott'm Forest,Liverpool,0,1,A,5.63,1.54,4.67,,,football-data.co.uk,2026-09-10T16:48:43.497953+00:00
soccer_E0_2324_2024-03-02_Tottenham_CrystalPalace,soccer,EPL,2023-24,,2024-03-02,Tottenham,Crystal Palace,3,1,H,1.49,6.26,4.66,,,football-data.co.uk,2026-09-10T16:48:43.497953+00:00
soccer_E0_2324_2024-03-03_Burnley_Bournemouth,soccer,EPL,2023-24,,2024-03-03,Burnley,Bournemouth,0,2,A,3.72,1.96,3.78,,,football-data.co.uk,2026-09-10T16:48:43.497953+00:00
soccer_E0_2324_2024-03-03_ManCity_ManUnited,soccer,EPL,2023-24,,2024-03-03,Man City,Man United,3,1,H,1.27,10.06,6.33,,,football-data.co.uk,2026-09-10T16:48:43.497953+00:00
soccer_E0_2324_2024-03-04_SheffieldUnited_Arsenal,soccer,EPL,2023-24,,2024-03-04,Sheffield United,Arsenal,0,6,A,16.28,1.17,7.82,,,football-data.co.uk,2026-09-10T16:48:43.497953+00:00
soccer_E0_2324_2024-03-09_Arsenal_Brentford,soccer,EPL,2023-24,,2024-03-09,Arsenal,Brentford,2,1,H,1.23,12.02,6.84,,,football-data.co.uk,2026-09-10T16:48:43.497953+00:00
soccer_E0_2324_2024-03-09_Bournemouth_SheffieldUnited,soccer,EPL,2023-24,,2024-03-09,Bournemouth,Sheffield United,2,2,D,1.34,8.58,5.51,,,football-data.co.uk,2026-09-10T16:48:43.497953+00:00
soccer_E0_2324_2024-03-09_CrystalPalace_Luton,soccer,EPL,2023-24,,2024-03-09,Crystal Palace,Luton,1,1,D,1.78,4.49,3.89,,,football-data.co.uk,2026-09-10T16:48:43.497953+00:00
soccer_E0_2324_2024-03-09_ManUnited_Everton,soccer,EPL,2023-24,,2024-03-09,Man United,Everton,2,0,H,1.85,4.09,3.89,,,football-data.co.uk,2026-09-10T16:48:43.497953+00:00
soccer_E0_2324_2024-03-09_Wolves_Fulham,soccer,EPL,2023-24,,2024-03-09,Wolves,Fulham,2,1,H,2.54,2.79,3.45,,,football-data.co.uk,2026-09-10T16:48:43.497953+00:00
soccer_E0_2324_2024-03-10_AstonVilla_Tottenham,soccer,EPL,2023-24,,2024-03-10,Aston Villa,Tottenham,0,4,A,2.42,2.62,4.08,,,football-data.co.uk,2026-09-10T16:48:43.497953+00:00
soccer_E0_2324_2024-03-10_Brighton_Nott'mForest,soccer,EPL,2023-24,,2024-03-10,Brighton,Nott'm Forest,1,0,H,1.78,4.25,4.04,,,football-data.co.uk,2026-09-10T16:48:43.497953+00:00
soccer_E0_2324_2024-03-10_Liverpool_ManCity,soccer,EPL,2023-24,,2024-03-10,Liverpool,Man City,1,1,D,2.95,2.25,3.83,,,football-data.co.uk,2026-09-10T16:48:43.497953+00:00
soccer_E0_2324_2024-03-10_WestHam_Burnley,soccer,EPL,2023-24,,2024-03-10,West Ham,Burnley,2,2,D,1.67,4.97,4.08,,,football-data.co.uk,2026-09-10T16:48:43.497953+00:00
soccer_E0_2324_2024-03-11_Chelsea_Newcastle,soccer,EPL,2023-24,,2024-03-11,Chelsea,Newcastle,3,2,H,1.94,3.54,4.08,,,football-data.co.uk,2026-09-10T16:48:43.497953+00:00
soccer_E0_2324_2024-03-13_Bournemouth_Luton,soccer,EPL,2023-24,,2024-03-13,Bournemouth,Luton,4,3,H,1.5,6.0,4.77,,,football-data.co.uk,2026-09-10T16:48:43.497953+00:00
soccer_E0_2324_2024-03-16_Burnley_Brentford,soccer,EPL,2023-24,,2024-03-16,Burnley,Brentford,2,1,H,3.27,2.16,3.66,,,football-data.co.uk,2026-09-10T16:48:43.497953+00:00
soccer_E0_2324_2024-03-16_Fulham_Tottenham,soccer,EPL,2023-24,,2024-03-16,Fulham,Tottenham,3,0,H,3.4,2.01,3.93,,,football-data.co.uk,2026-09-10T16:48:43.497953+00:00
soccer_E0_2324_2024-03-16_Luton_Nott'mForest,soccer,EPL,2023-24,,2024-03-16,Luton,Nott'm Forest,1,1,D,2.81,2.42,3.63,,,football-data.co.uk,2026-09-10T16:48:43.497953+00:00
soccer_E0_2324_2024-03-17_WestHam_AstonVilla,soccer,EPL,2023-24,,2024-03-17,West Ham,Aston Villa,1,1,D,2.65,2.51,3.73,,,football-data.co.uk,2026-09-10T16:48:43.497953+00:00
soccer_E0_2324_2024-03-30_AstonVilla_Wolves,soccer,EPL,2023-24,,2024-03-30,Aston Villa,Wolves,2,0,H,1.64,4.86,4.38,,,football-data.co.uk,2026-09-10T16:48:43.497953+00:00
soccer_E0_2324_2024-03-30_Bournemouth_Everton,soccer,EPL,2023-24,,2024-03-30,Bournemouth,Everton,2,1,H,2.2,3.23,3.61,,,football-data.co.uk,2026-09-10T16:48:43.497953+00:00
soccer_E0_2324_2024-03-30_Brentford_ManUnited,soccer,EPL,2023-24,,2024-03-30,Brentford,Man United,1,1,D,3.06,2.2,3.83,,,football-data.co.uk,2026-09-10T16:48:43.497953+00:00
soccer_E0_2324_2024-03-30_Chelsea_Burnley,soccer,EPL,2023-24,,2024-03-30,Chelsea,Burnley,2,2,D,1.3,9.44,5.96,,,football-data.co.uk,2026-09-10T16:48:43.497953+00:00
soccer_E0_2324_2024-03-30_Newcastle_WestHam,soccer,EPL,2023-24,,2024-03-30,Newcastle,West Ham,4,3,H,1.84,3.87,4.16,,,football-data.co.uk,2026-09-10T16:48:43.497953+00:00
soccer_E0_2324_2024-03-30_Nott'mForest_CrystalPalace,soccer,EPL,2023-24,,2024-03-30,Nott'm Forest,Crystal Palace,1,1,D,2.26,3.31,3.36,,,football-data.co.uk,2026-09-10T16:48:43.497953+00:00
soccer_E0_2324_2024-03-30_SheffieldUnited_Fulham,soccer,EPL,2023-24,,2024-03-30,Sheffield United,Fulham,3,3,D,4.64,1.73,4.03,,,football-data.co.uk,2026-09-10T16:48:43.497953+00:00
soccer_E0_2324_2024-03-30_Tottenham_Luton,soccer,EPL,2023-24,,2024-03-30,Tottenham,Luton,2,1,H,1.22,11.31,7.47,,,football-data.co.uk,2026-09-10T16:48:43.497953+00:00
soccer_E0_2324_2024-03-31_Liverpool_Brighton,soccer,EPL,2023-24,,2024-03-31,Liverpool,Brighton,2,1,H,1.37,7.37,5.63,,,football-data.co.uk,2026-09-10T16:48:43.497953+00:00
soccer_E0_2324_2024-03-31_ManCity_Arsenal,soccer,EPL,2023-24,,2024-03-31,Man City,Arsenal,0,0,D,1.92,3.86,3.8,,,football-data.co.uk,2026-09-10T16:48:43.497953+00:00
soccer_E0_2324_2024-04-02_Bournemouth_CrystalPalace,soccer,EPL,2023-24,,2024-04-02,Bournemouth,Crystal Palace,1,0,H,1.99,3.69,3.76,,,football-data.co.uk,2026-09-10T16:48:43.497953+00:00
soccer_E0_2324_2024-04-02_Burnley_Wolves,soccer,EPL,2023-24,,2024-04-02,Burnley,Wolves,1,1,D,2.53,2.8,3.49,,,football-data.co.uk,2026-09-10T16:48:43.497953+00:00
soccer_E0_2324_2024-04-02_Newcastle_Everton,soccer,EPL,2023-24,,2024-04-02,Newcastle,Everton,1,1,D,2.01,3.55,3.82,,,football-data.co.uk,2026-09-10T16:48:43.497953+00:00
soccer_E0_2324_2024-04-02_Nott'mForest_Fulham,soccer,EPL,2023-24,,2024-04-02,Nott'm Forest,Fulham,3,1,H,2.71,2.62,3.49,,,football-data.co.uk,2026-09-10T16:48:43.497953+00:00
soccer_E0_2324_2024-04-02_WestHam_Tottenham,soccer,EPL,2023-24,,2024-04-02,West Ham,Tottenham,1,1,D,3.3,2.01,4.16,,,football-data.co.uk,2026-09-10T16:48:43.497953+00:00
soccer_E0_2324_2024-04-03_Arsenal_Luton,soccer,EPL,2023-24,,2024-04-03,Arsenal,Luton,2,0,H,1.1,22.73,11.25,,,football-data.co.uk,2026-09-10T16:48:43.497953+00:00
soccer_E0_2324_2024-04-03_Brentford_Brighton,soccer,EPL,2023-24,,2024-04-03,Brentford,Brighton,0,0,D,2.39,2.78,3.79,,,football-data.co.uk,2026-09-10T16:48:43.497953+00:00
soccer_E0_2324_2024-04-03_ManCity_AstonVilla,soccer,EPL,2023-24,,2024-04-03,Man City,Aston Villa,4,1,H,1.3,9.06,6.08,,,football-data.co.uk,2026-09-10T16:48:43.497953+00:00
soccer_E0_2324_2024-04-04_Chelsea_ManUnited,soccer,EPL,2023-24,,2024-04-04,Chelsea,Man United,4,3,H,2.02,3.31,4.05,,,football-data.co.uk,2026-09-10T16:48:43.497953+00:00
soccer_E0_2324_2024-04-04_Liverpool_SheffieldUnited,soccer,EPL,2023-24,,2024-04-04,Liverpool,Sheffield United,3,1,H,1.08,25.43,12.59,,,football-data.co.uk,2026-09-10T16:48:43.497953+00:00
soccer_E0_2324_2024-04-06_AstonVilla_Brentford,soccer,EPL,2023-24,,2024-04-06,Aston Villa,Brentford,3,3,D,1.7,4.68,4.2,,,football-data.co.uk,2026-09-10T16:48:43.497953+00:00
soccer_E0_2324_2024-04-06_Brighton_Arsenal,soccer,EPL,2023-24,,2024-04-06,Brighton,Arsenal,0,3,A,5.15,1.64,4.25,,,football-data.co.uk,2026-09-10T16:48:43.497953+00:00
soccer_E0_2324_2024-04-06_CrystalPalace_ManCity,soccer,EPL,2023-24,,2024-04-06,Crystal Palace,Man City,2,4,A,10.3,1.31,5.59,,,football-data.co.uk,2026-09-10T16:48:43.497953+00:00
soccer_E0_2324_2024-04-06_Everton_Burnley,soccer,EPL,2023-24,,2024-04-06,Everton,Burnley,1,0,H,1.67,5.04,4.07,,,football-data.co.uk,2026-09-10T16:48:43.497953+00:00
soccer_E0_2324_2024-04-06_Fulham_Newcastle,soccer,EPL,2023-24,,2024-04-06,Fulham,Newcastle,0,1,A,2.37,2.81,3.82,,,football-data.co.uk,2026-09-10T16:48:43.497953+00:00
soccer_E0_2324_2024-04-06_Luton_Bournemouth,soccer,EPL,2023-24,,2024-04-06,Luton,Bournemouth,2,1,H,3.68,1.91,4.04,,,football-data.co.uk,2026-09-10T16:48:43.497953+00:00
soccer_E0_2324_2024-04-06_Wolves_WestHam,soccer,EPL,2023-24,,2024-04-06,Wolves,West Ham,1,2,A,2.51,2.75,3.58,,,football-data.co.uk,2026-09-10T16:48:43.497953+00:00
soccer_E0_2324_2024-04-07_ManUnited_Liverpool,soccer,EPL,2023-24,,2024-04-07,Man United,Liverpool,2,2,D,4.69,1.63,4.65,,,football-data.co.uk,2026-09-10T16:48:43.497953+00:00
soccer_E0_2324_2024-04-07_SheffieldUnited_Chelsea,soccer,EPL,2023-24,,2024-04-07,Sheffield United,Chelsea,2,2,D,6.88,1.41,5.28,,,football-data.co.uk,2026-09-10T16:48:43.497953+00:00
soccer_E0_2324_2024-04-07_Tottenham_Nott'mForest,soccer,EPL,2023-24,,2024-04-07,Tottenham,Nott'm Forest,3,1,H,1.4,7.23,5.3,,,football-data.co.uk,2026-09-10T16:48:43.497953+00:00
soccer_E0_2324_2024-04-13_Bournemouth_ManUnited,soccer,EPL,2023-24,,2024-04-13,Bournemouth,Man United,2,2,D,2.42,2.68,3.91,,,football-data.co.uk,2026-09-10T16:48:43.497953+00:00
soccer_E0_2324_2024-04-13_Brentford_SheffieldUnited,soccer,EPL,2023-24,,2024-04-13,Brentford,Sheffield United,2,0,H,1.43,6.86,5.09,,,football-data.co.uk,2026-09-10T16:48:43.497953+00:00
soccer_E0_2324_2024-04-13_Burnley_Brighton,soccer,EPL,2023-24,,2024-04-13,Burnley,Brighton,1,1,D,3.5,2.02,3.8,,,football-data.co.uk,2026-09-10T16:48:43.497953+00:00
soccer_E0_2324_2024-04-13_ManCity_Luton,soccer,EPL,2023-24,,2024-04-13,Man City,Luton,5,1,H,1.1,23.86,11.66,,,football-data.co.uk,2026-09-10T16:48:43.497953+00:00
soccer_E0_2324_2024-04-13_Newcastle_Tottenham,soccer,EPL,2023-24,,2024-04-13,Newcastle,Tottenham,4,0,H,2.75,2.34,4.02,,,football-data.co.uk,2026-09-10T16:48:43.497953+00:00
soccer_E0_2324_2024-04-13_Nott'mForest_Wolves,soccer,EPL,2023-24,,2024-04-13,Nott'm Forest,Wolves,2,2,D,2.16,3.37,3.55,,,football-data.co.uk,2026-09-10T16:48:43.497953+00:00
soccer_E0_2324_2024-04-14_Arsenal_AstonVilla,soccer,EPL,2023-24,,2024-04-14,Arsenal,Aston Villa,0,2,A,1.28,9.89,6.1,,,football-data.co.uk,2026-09-10T16:48:43.497953+00:00
soccer_E0_2324_2024-04-14_Liverpool_CrystalPalace,soccer,EPL,2023-24,,2024-04-14,Liverpool,Crystal Palace,0,1,A,1.21,13.35,7.37,,,football-data.co.uk,2026-09-10T16:48:43.497953+00:00
soccer_E0_2324_2024-04-14_WestHam_Fulham,soccer,EPL,2023-24,,2024-04-14,West Ham,Fulham,0,2,A,2.38,2.88,3.65,,,football-data.co.uk,2026-09-10T16:48:43.497953+00:00
soccer_E0_2324_2024-04-15_Chelsea_Everton,soccer,EPL,2023-24,,2024-04-15,Chelsea,Everton,6,0,H,1.71,4.53,4.2,,,football-data.co.uk,2026-09-10T16:48:43.497953+00:00
soccer_E0_2324_2024-04-20_Luton_Brentford,soccer,EPL,2023-24,,2024-04-20,Luton,Brentford,1,5,A,3.18,2.17,3.75,,,football-data.co.uk,2026-09-10T16:48:43.497953+00:00
soccer_E0_2324_2024-04-20_SheffieldUnited_Burnley,soccer,EPL,2023-24,,2024-04-20,Sheffield United,Burnley,1,4,A,2.76,2.47,3.63,,,football-data.co.uk,2026-09-10T16:48:43.497953+00:00
soccer_E0_2324_2024-04-20_Wolves_Arsenal,soccer,EPL,2023-24,,2024-04-20,Wolves,Arsenal,0,2,A,8.05,1.39,5.05,,,football-data.co.uk,2026-09-10T16:48:43.497953+00:00
soccer_E0_2324_2024-04-21_AstonVilla_Bournemouth,soccer,EPL,2023-24,,2024-04-21,Aston Villa,Bournemouth,3,1,H,1.87,3.76,4.11,,,football-data.co.uk,2026-09-10T16:48:43.497953+00:00
soccer_E0_2324_2024-04-21_CrystalPalace_WestHam,soccer,EPL,2023-24,,2024-04-21,Crystal Palace,West Ham,5,2,H,2.15,3.34,3.59,,,football-data.co.uk,2026-09-10T16:48:43.497953+00:00
soccer_E0_2324_2024-04-21_Everton_Nott'mForest,soccer,EPL,2023-24,,2024-04-21,Everton,Nott'm Forest,2,0,H,2.07,3.63,3.52,,,football-data.co.uk,2026-09-10T16:48:43.497953+00:00
soccer_E0_2324_2024-04-21_Fulham_Liverpool,soccer,EPL,2023-24,,2024-04-21,Fulham,Liverpool,1,3,A,5.19,1.57,4.67,,,football-data.co.uk,2026-09-10T16:48:43.497953+00:00
soccer_E0_2324_2024-04-23_Arsenal_Chelsea,soccer,EPL,2023-24,,2024-04-23,Arsenal,Chelsea,5,0,H,1.45,6.78,4.93,,,football-data.co.uk,2026-09-10T16:48:43.497953+00:00
soccer_E0_2324_2024-04-24_CrystalPalace_Newcastle,soccer,EPL,2023-24,,2024-04-24,Crystal Palace,Newcastle,2,0,H,2.76,2.43,3.68,,,football-data.co.uk,2026-09-10T16:48:43.497953+00:00
soccer_E0_2324_2024-04-24_Everton_Liverpool,soccer,EPL,2023-24,,2024-04-24,Everton,Liverpool,2,0,H,7.11,1.42,4.98,,,football-data.co.uk,2026-09-10T16:48:43.497953+00:00
soccer_E0_2324_2024-04-24_ManUnited_SheffieldUnited,soccer,EPL,2023-24,,2024-04-24,Man United,Sheffield United,4,2,H,1.31,8.44,6.11,,,football-data.co.uk,2026-09-10T16:48:43.497953+00:00
soccer_E0_2324_2024-04-24_Wolves_Bournemouth,soccer,EPL,2023-24,,2024-04-24,Wolves,Bournemouth,0,1,A,2.72,2.52,3.6,,,football-data.co.uk,2026-09-10T16:48:43.497953+00:00
soccer_E0_2324_2024-04-25_Brighton_ManCity,soccer,EPL,2023-24,,2024-04-25,Brighton,Man City,0,4,A,6.65,1.44,4.95,,,football-data.co.uk,2026-09-10T16:48:43.497953+00:00
soccer_E0_2324_2024-04-27_AstonVilla_Chelsea,soccer,EPL,2023-24,,2024-04-27,Aston Villa,Chelsea,2,2,D,2.17,3.06,3.9,,,football-data.co.uk,2026-09-10T16:48:43.497953+00:00
soccer_E0_2324_2024-04-27_Everton_Brentford,soccer,EPL,2023-24,,2024-04-27,Everton,Brentford,1,0,H,2.36,2.97,3.5,,,football-data.co.uk,2026-09-10T16:48:43.497953+00:00
soccer_E0_2324_2024-04-27_Fulham_CrystalPalace,soccer,EPL,2023-24,,2024-04-27,Fulham,Crystal Palace,1,1,D,2.11,3.42,3.6,,,football-data.co.uk,2026-09-10T16:48:43.497953+00:00
soccer_E0_2324_2024-04-27_ManUnited_Burnley,soccer,EPL,2023-24,,2024-04-27,Man United,Burnley,1,1,D,1.52,5.44,4.9,,,football-data.co.uk,2026-09-10T16:48:43.497953+00:00
soccer_E0_2324_2024-04-27_Newcastle_SheffieldUnited,soccer,EPL,2023-24,,2024-04-27,Newcastle,Sheffield United,5,1,H,1.23,11.1,7.04,,,football-data.co.uk,2026-09-10T16:48:43.497953+00:00
soccer_E0_2324_2024-04-27_WestHam_Liverpool,soccer,EPL,2023-24,,2024-04-27,West Ham,Liverpool,2,2,D,5.63,1.51,4.89,,,football-data.co.uk,2026-09-10T16:48:43.497953+00:00
soccer_E0_2324_2024-04-27_Wolves_Luton,soccer,EPL,2023-24,,2024-04-27,Wolves,Luton,2,1,H,1.98,3.58,3.83,,,football-data.co.uk,2026-09-10T16:48:43.497953+00:00
soccer_E0_2324_2024-04-28_Bournemouth_Brighton,soccer,EPL,2023-24,,2024-04-28,Bournemouth,Brighton,3,0,H,2.26,2.94,3.8,,,football-data.co.uk,2026-09-10T16:48:43.497953+00:00
soccer_E0_2324_2024-04-28_Nott'mForest_ManCity,soccer,EPL,2023-24,,2024-04-28,Nott'm Forest,Man City,0,2,A,9.5,1.31,5.72,,,football-data.co.uk,2026-09-10T16:48:43.497953+00:00
soccer_E0_2324_2024-04-28_Tottenham_Arsenal,soccer,EPL,2023-24,,2024-04-28,Tottenham,Arsenal,2,3,A,4.12,1.8,4.07,,,football-data.co.uk,2026-09-10T16:48:43.497953+00:00
soccer_E0_2324_2024-05-02_Chelsea_Tottenham,soccer,EPL,2023-24,,2024-05-02,Chelsea,Tottenham,2,0,H,2.2,2.91,4.05,,,football-data.co.uk,2026-09-10T16:48:43.497953+00:00
soccer_E0_2324_2024-05-03_Luton_Everton,soccer,EPL,2023-24,,2024-05-03,Luton,Everton,1,1,D,2.66,2.62,3.58,,,football-data.co.uk,2026-09-10T16:48:43.497953+00:00
soccer_E0_2324_2024-05-04_Arsenal_Bournemouth,soccer,EPL,2023-24,,2024-05-04,Arsenal,Bournemouth,3,0,H,1.2,12.74,7.59,,,football-data.co.uk,2026-09-10T16:48:43.497953+00:00
soccer_E0_2324_2024-05-04_Brentford_Fulham,soccer,EPL,2023-24,,2024-05-04,Brentford,Fulham,0,0,D,2.12,3.25,3.8,,,football-data.co.uk,2026-09-10T16:48:43.497953+00:00
soccer_E0_2324_2024-05-04_Burnley_Newcastle,soccer,EPL,2023-24,,2024-05-04,Burnley,Newcastle,1,4,A,3.38,2.02,3.98,,,football-data.co.uk,2026-09-10T16:48:43.497953+00:00
soccer_E0_2324_2024-05-04_ManCity_Wolves,soccer,EPL,2023-24,,2024-05-04,Man City,Wolves,5,1,H,1.09,25.33,11.51,,,football-data.co.uk,2026-09-10T16:48:43.497953+00:00
soccer_E0_2324_2024-05-04_SheffieldUnited_Nott'mForest,soccer,EPL,2023-24,,2024-05-04,Sheffield United,Nott'm Forest,1,3,A,4.68,1.69,4.25,,,football-data.co.uk,2026-09-10T16:48:43.497953+00:00
soccer_E0_2324_2024-05-05_Brighton_AstonVilla,soccer,EPL,2023-24,,2024-05-05,Brighton,Aston Villa,1,0,H,2.72,2.43,3.77,,,football-data.co.uk,2026-09-10T16:48:43.497953+00:00
soccer_E0_2324_2024-05-05_Chelsea_WestHam,soccer,EPL,2023-24,,2024-05-05,Chelsea,West Ham,5,0,H,1.65,4.58,4.55,,,football-data.co.uk,2026-09-10T16:48:43.497953+00:00
soccer_E0_2324_2024-05-05_Liverpool_Tottenham,soccer,EPL,2023-24,,2024-05-05,Liverpool,Tottenham,4,2,H,1.48,5.61,5.26,,,football-data.co.uk,2026-09-10T16:48:43.497953+00:00
soccer_E0_2324_2024-05-06_CrystalPalace_ManUnited,soccer,EPL,2023-24,,2024-05-06,Crystal Palace,Man United,4,0,H,2.38,2.79,3.76,,,football-data.co.uk,2026-09-10T16:48:43.497953+00:00
soccer_E0_2324_2024-05-11_Bournemouth_Brentford,soccer,EPL,2023-24,,2024-05-11,Bournemouth,Brentford,1,2,A,1.98,3.5,3.99,,,football-data.co.uk,2026-09-10T16:48:43.497953+00:00
soccer_E0_2324_2024-05-11_Everton_SheffieldUnited,soccer,EPL,2023-24,,2024-05-11,Everton,Sheffield United,1,0,H,1.4,7.46,5.13,,,football-data.co.uk,2026-09-10T16:48:43.497953+00:00
soccer_E0_2324_2024-05-11_Fulham_ManCity,soccer,EPL,2023-24,,2024-05-11,Fulham,Man City,0,4,A,12.3,1.22,7.05,,,football-data.co.uk,2026-09-10T16:48:43.497953+00:00
soccer_E0_2324_2024-05-11_Newcastle_Brighton,soccer,EPL,2023-24,,2024-05-11,Newcastle,Brighton,1,1,D,1.59,4.84,4.81,,,football-data.co.uk,2026-09-10T16:48:43.497953+00:00
soccer_E0_2324_2024-05-11_Nott'mForest_Chelsea,soccer,EPL,2023-24,,2024-05-11,Nott'm Forest,Chelsea,2,3,A,3.39,2.03,3.94,,,football-data.co.uk,2026-09-10T16:48:43.497953+00:00
soccer_E0_2324_2024-05-11_Tottenham_Burnley,soccer,EPL,2023-24,,2024-05-11,Tottenham,Burnley,2,1,H,1.35,7.33,6.01,,,football-data.co.uk,2026-09-10T16:48:43.497953+00:00
soccer_E0_2324_2024-05-11_WestHam_Luton,soccer,EPL,2023-24,,2024-05-11,West Ham,Luton,3,1,H,1.82,3.83,4.33,,,football-data.co.uk,2026-09-10T16:48:43.497953+00:00
soccer_E0_2324_2024-05-11_Wolves_CrystalPalace,soccer,EPL,2023-24,,2024-05-11,Wolves,Crystal Palace,1,3,A,2.86,2.47,3.51,,,football-data.co.uk,2026-09-10T16:48:43.497953+00:00
soccer_E0_2324_2024-05-12_ManUnited_Arsenal,soccer,EPL,2023-24,,2024-05-12,Man United,Arsenal,0,1,A,7.08,1.39,5.5,,,football-data.co.uk,2026-09-10T16:48:43.497953+00:00
soccer_E0_2324_2024-05-13_AstonVilla_Liverpool,soccer,EPL,2023-24,,2024-05-13,Aston Villa,Liverpool,3,3,D,4.15,1.71,4.55,,,football-data.co.uk,2026-09-10T16:48:43.497953+00:00
soccer_E0_2324_2024-05-14_Tottenham_ManCity,soccer,EPL,2023-24,,2024-05-14,Tottenham,Man City,0,2,A,6.94,1.38,5.91,,,football-data.co.uk,2026-09-10T16:48:43.497953+00:00
soccer_E0_2324_2024-05-15_Brighton_Chelsea,soccer,EPL,2023-24,,2024-05-15,Brighton,Chelsea,1,2,A,3.37,2.02,3.99,,,football-data.co.uk,2026-09-10T16:48:43.497953+00:00
soccer_E0_2324_2024-05-15_ManUnited_Newcastle,soccer,EPL,2023-24,,2024-05-15,Man United,Newcastle,3,2,H,2.73,2.34,4.04,,,football-data.co.uk,2026-09-10T16:48:43.497953+00:00
soccer_E0_2324_2024-05-19_Arsenal_Everton,soccer,EPL,2023-24,,2024-05-19,Arsenal,Everton,2,1,H,1.17,15.37,8.04,,,football-data.co.uk,2026-09-10T16:48:43.497953+00:00
soccer_E0_2324_2024-05-19_Brentford_Newcastle,soccer,EPL,2023-24,,2024-05-19,Brentford,Newcastle,2,4,A,2.94,2.22,3.96,,,football-data.co.uk,2026-09-10T16:48:43.497953+00:00
soccer_E0_2324_2024-05-19_Brighton_ManUnited,soccer,EPL,2023-24,,2024-05-19,Brighton,Man United,0,2,A,2.17,2.95,4.11,,,football-data.co.uk,2026-09-10T16:48:43.497953+00:00
soccer_E0_2324_2024-05-19_Burnley_Nott'mForest,soccer,EPL,2023-24,,2024-05-19,Burnley,Nott'm Forest,1,2,A,2.9,2.32,3.74,,,football-data.co.uk,2026-09-10T16:48:43.497953+00:00
soccer_E0_2324_2024-05-19_Chelsea_Bournemouth,soccer,EPL,2023-24,,2024-05-19,Chelsea,Bournemouth,2,1,H,1.45,5.99,5.32,,,football-data.co.uk,2026-09-10T16:48:43.497953+00:00
soccer_E0_2324_2024-05-19_CrystalPalace_AstonVilla,soccer,EPL,2023-24,,2024-05-19,Crystal Palace,Aston Villa,5,0,H,1.87,3.67,4.28,,,football-data.co.uk,2026-09-10T16:48:43.497953+00:00
soccer_E0_2324_2024-05-19_Liverpool_Wolves,soccer,EPL,2023-24,,2024-05-19,Liverpool,Wolves,2,0,H,1.16,14.55,8.71,,,football-data.co.uk,2026-09-10T16:48:43.497953+00:00
soccer_E0_2324_2024-05-19_Luton_Fulham,soccer,EPL,2023-24,,2024-05-19,Luton,Fulham,2,4,A,2.92,2.23,3.95,,,football-data.co.uk,2026-09-10T16:48:43.497953+00:00
soccer_E0_2324_2024-05-19_ManCity_WestHam,soccer,EPL,2023-24,,2024-05-19,Man City,West Ham,3,1,H,1.1,21.81,11.72,,,football-data.co.uk,2026-09-10T16:48:43.497953+00:00
soccer_E0_2324_2024-05-19_SheffieldUnited_Tottenham,soccer,EPL,2023-24,,2024-05-19,Sheffield United,Tottenham,0,3,A,7.32,1.35,6.04,,,football-data.co.uk,2026-09-10T16:48:43.497953+00:00
soccer_E0_2425_2024-08-16_ManUnited_Fulham,soccer,EPL,2024-25,,2024-08-16,Man United,Fulham,1,0,H,1.62,5.15,4.36,,,football-data.co.uk,2026-09-10T16:48:43.497953+00:00
soccer_E0_2425_2024-08-17_Arsenal_Wolves,soccer,EPL,2024-25,,2024-08-17,Arsenal,Wolves,2,0,H,1.18,15.87,7.86,,,football-data.co.uk,2026-09-10T16:48:43.497953+00:00
soccer_E0_2425_2024-08-17_Everton_Brighton,soccer,EPL,2024-25,,2024-08-17,Everton,Brighton,0,3,A,2.67,2.68,3.41,,,football-data.co.uk,2026-09-10T16:48:43.497953+00:00
soccer_E0_2425_2024-08-17_Ipswich_Liverpool,soccer,EPL,2024-25,,2024-08-17,Ipswich,Liverpool,0,2,A,8.28,1.34,5.76,,,football-data.co.uk,2026-09-10T16:48:43.497953+00:00
soccer_E0_2425_2024-08-17_Newcastle_Southampton,soccer,EPL,2024-25,,2024-08-17,Newcastle,Southampton,1,0,H,1.35,8.1,5.62,,,football-data.co.uk,2026-09-10T16:48:43.497953+00:00
soccer_E0_2425_2024-08-17_Nott'mForest_Bournemouth,soccer,EPL,2024-25,,2024-08-17,Nott'm Forest,Bournemouth,1,1,D,2.45,2.89,3.49,,,football-data.co.uk,2026-09-10T16:48:43.497953+00:00
soccer_E0_2425_2024-08-17_WestHam_AstonVilla,soccer,EPL,2024-25,,2024-08-17,West Ham,Aston Villa,1,2,A,2.44,2.79,3.69,,,football-data.co.uk,2026-09-10T16:48:43.497953+00:00
soccer_E0_2425_2024-08-18_Brentford_CrystalPalace,soccer,EPL,2024-25,,2024-08-18,Brentford,Crystal Palace,2,1,H,2.46,2.9,3.44,,,football-data.co.uk,2026-09-10T16:48:43.497953+00:00
soccer_E0_2425_2024-08-18_Chelsea_ManCity,soccer,EPL,2024-25,,2024-08-18,Chelsea,Man City,0,2,A,4.05,1.83,4.0,,,football-data.co.uk,2026-09-10T16:48:43.497953+00:00
soccer_E0_2425_2024-08-19_Leicester_Tottenham,soccer,EPL,2024-25,,2024-08-19,Leicester,Tottenham,1,1,D,5.01,1.63,4.37,,,football-data.co.uk,2026-09-10T16:48:43.497953+00:00
soccer_E0_2425_2024-08-24_AstonVilla_Arsenal,soccer,EPL,2024-25,,2024-08-24,Aston Villa,Arsenal,0,2,A,4.41,1.78,3.92,,,football-data.co.uk,2026-09-10T16:48:43.497953+00:00
soccer_E0_2425_2024-08-24_Brighton_ManUnited,soccer,EPL,2024-25,,2024-08-24,Brighton,Man United,2,1,H,2.5,2.69,3.72,,,football-data.co.uk,2026-09-10T16:48:43.497953+00:00
soccer_E0_2425_2024-08-24_CrystalPalace_WestHam,soccer,EPL,2024-25,,2024-08-24,Crystal Palace,West Ham,0,2,A,2.17,3.25,3.63,,,football-data.co.uk,2026-09-10T16:48:43.497953+00:00
soccer_E0_2425_2024-08-24_Fulham_Leicester,soccer,EPL,2024-25,,2024-08-24,Fulham,Leicester,2,1,H,1.83,4.38,3.73,,,football-data.co.uk,2026-09-10T16:48:43.497953+00:00
soccer_E0_2425_2024-08-24_ManCity_Ipswich,soccer,EPL,2024-25,,2024-08-24,Man City,Ipswich,4,1,H,1.09,26.97,12.17,,,football-data.co.uk,2026-09-10T16:48:43.497953+00:00
soccer_E0_2425_2024-08-24_Southampton_Nott'mForest,soccer,EPL,2024-25,,2024-08-24,Southampton,Nott'm Forest,0,1,A,2.57,2.84,3.32,,,football-data.co.uk,2026-09-10T16:48:43.497953+00:00
soccer_E0_2425_2024-08-24_Tottenham_Everton,soccer,EPL,2024-25,,2024-08-24,Tottenham,Everton,4,0,H,1.44,6.75,4.95,,,football-data.co.uk,2026-09-10T16:48:43.497953+00:00
soccer_E0_2425_2024-08-25_Bournemouth_Newcastle,soccer,EPL,2024-25,,2024-08-25,Bournemouth,Newcastle,1,1,D,2.99,2.25,3.8,,,football-data.co.uk,2026-09-10T16:48:43.497953+00:00
soccer_E0_2425_2024-08-25_Liverpool_Brentford,soccer,EPL,2024-25,,2024-08-25,Liverpool,Brentford,2,0,H,1.25,10.37,6.78,,,football-data.co.uk,2026-09-10T16:48:43.497953+00:00
soccer_E0_2425_2024-08-25_Wolves_Chelsea,soccer,EPL,2024-25,,2024-08-25,Wolves,Chelsea,2,6,A,4.37,1.77,4.0,,,football-data.co.uk,2026-09-10T16:48:43.497953+00:00
soccer_E0_2425_2024-08-31_Arsenal_Brighton,soccer,EPL,2024-25,,2024-08-31,Arsenal,Brighton,1,1,D,1.35,8.11,5.66,,,football-data.co.uk,2026-09-10T16:48:43.497953+00:00
soccer_E0_2425_2024-08-31_Brentford_Southampton,soccer,EPL,2024-25,,2024-08-31,Brentford,Southampton,3,1,H,1.77,4.46,3.97,,,football-data.co.uk,2026-09-10T16:48:43.497953+00:00
soccer_E0_2425_2024-08-31_Everton_Bournemouth,soccer,EPL,2024-25,,2024-08-31,Everton,Bournemouth,2,3,A,2.78,2.59,3.4,,,football-data.co.uk,2026-09-10T16:48:43.497953+00:00
soccer_E0_2425_2024-08-31_Ipswich_Fulham,soccer,EPL,2024-25,,2024-08-31,Ipswich,Fulham,1,1,D,3.1,2.31,3.5,,,football-data.co.uk,2026-09-10T16:48:43.497953+00:00
soccer_E0_2425_2024-08-31_Leicester_AstonVilla,soccer,EPL,2024-25,,2024-08-31,Leicester,Aston Villa,1,2,A,4.62,1.74,4.02,,,football-data.co.uk,2026-09-10T16:48:43.497953+00:00
soccer_E0_2425_2024-08-31_Nott'mForest_Wolves,soccer,EPL,2024-25,,2024-08-31,Nott'm Forest,Wolves,1,1,D,2.03,3.65,3.66,,,football-data.co.uk,2026-09-10T16:48:43.497953+00:00
soccer_E0_2425_2024-08-31_WestHam_ManCity,soccer,EPL,2024-25,,2024-08-31,West Ham,Man City,1,3,A,7.57,1.38,5.49,,,football-data.co.uk,2026-09-10T16:48:43.497953+00:00
soccer_E0_2425_2024-09-01_Chelsea_CrystalPalace,soccer,EPL,2024-25,,2024-09-01,Chelsea,Crystal Palace,1,1,D,1.63,5.01,4.4,,,football-data.co.uk,2026-09-10T16:48:43.497953+00:00
soccer_E0_2425_2024-09-01_ManUnited_Liverpool,soccer,EPL,2024-25,,2024-09-01,Man United,Liverpool,0,3,A,3.82,1.85,4.2,,,football-data.co.uk,2026-09-10T16:48:43.497953+00:00
soccer_E0_2425_2024-09-01_Newcastle_Tottenham,soccer,EPL,2024-25,,2024-09-01,Newcastle,Tottenham,2,1,H,2.51,2.56,3.97,,,football-data.co.uk,2026-09-10T16:48:43.497953+00:00
soccer_E0_2425_2024-09-14_AstonVilla_Everton,soccer,EPL,2024-25,,2024-09-14,Aston Villa,Everton,3,2,H,1.51,6.34,4.48,,,football-data.co.uk,2026-09-10T16:48:43.497953+00:00
soccer_E0_2425_2024-09-14_Bournemouth_Chelsea,soccer,EPL,2024-25,,2024-09-14,Bournemouth,Chelsea,0,1,A,3.33,2.05,3.96,,,football-data.co.uk,2026-09-10T16:48:43.497953+00:00
soccer_E0_2425_2024-09-14_Brighton_Ipswich,soccer,EPL,2024-25,,2024-09-14,Brighton,Ipswich,0,0,D,1.38,7.89,5.16,,,football-data.co.uk,2026-09-10T16:48:43.497953+00:00
soccer_E0_2425_2024-09-14_CrystalPalace_Leicester,soccer,EPL,2024-25,,2024-09-14,Crystal Palace,Leicester,2,2,D,1.63,5.38,4.14,,,football-data.co.uk,2026-09-10T16:48:43.497953+00:00
soccer_E0_2425_2024-09-14_Fulham_WestHam,soccer,EPL,2024-25,,2024-09-14,Fulham,West Ham,1,1,D,2.42,2.92,3.48,,,football-data.co.uk,2026-09-10T16:48:43.497953+00:00
soccer_E0_2425_2024-09-14_Liverpool_Nott'mForest,soccer,EPL,2024-25,,2024-09-14,Liverpool,Nott'm Forest,0,1,A,1.22,12.4,7.03,,,football-data.co.uk,2026-09-10T16:48:43.497953+00:00
soccer_E0_2425_2024-09-14_ManCity_Brentford,soccer,EPL,2024-25,,2024-09-14,Man City,Brentford,2,1,H,1.17,14.79,8.2,,,football-data.co.uk,2026-09-10T16:48:43.497953+00:00
soccer_E0_2425_2024-09-14_Southampton_ManUnited,soccer,EPL,2024-25,,2024-09-14,Southampton,Man United,0,3,A,4.56,1.74,4.04,,,football-data.co.uk,2026-09-10T16:48:43.497953+00:00
soccer_E0_2425_2024-09-15_Tottenham_Arsenal,soccer,EPL,2024-25,,2024-09-15,Tottenham,Arsenal,0,1,A,2.99,2.33,3.59,,,football-data.co.uk,2026-09-10T16:48:43.497953+00:00
soccer_E0_2425_2024-09-15_Wolves_Newcastle,soccer,EPL,2024-25,,2024-09-15,Wolves,Newcastle,1,2,A,3.36,2.11,3.69,,,football-data.co.uk,2026-09-10T16:48:43.497953+00:00
soccer_E0_2425_2024-09-21_AstonVilla_Wolves,soccer,EPL,2024-25,,2024-09-21,Aston Villa,Wolves,3,1,H,1.59,5.35,4.39,,,football-data.co.uk,2026-09-10T16:48:43.497953+00:00
soccer_E0_2425_2024-09-21_CrystalPalace_ManUnited,soccer,EPL,2024-25,,2024-09-21,Crystal Palace,Man United,0,0,D,2.85,2.36,3.72,,,football-data.co.uk,2026-09-10T16:48:43.497953+00:00
soccer_E0_2425_2024-09-21_Fulham_Newcastle,soccer,EPL,2024-25,,2024-09-21,Fulham,Newcastle,3,1,H,2.86,2.45,3.51,,,football-data.co.uk,2026-09-10T16:48:43.497953+00:00
soccer_E0_2425_2024-09-21_Leicester_Everton,soccer,EPL,2024-25,,2024-09-21,Leicester,Everton,1,1,D,2.52,2.82,3.44,,,football-data.co.uk,2026-09-10T16:48:43.497953+00:00
soccer_E0_2425_2024-09-21_Liverpool_Bournemouth,soccer,EPL,2024-25,,2024-09-21,Liverpool,Bournemouth,3,0,H,1.29,9.35,6.31,,,football-data.co.uk,2026-09-10T16:48:43.497953+00:00
soccer_E0_2425_2024-09-21_Southampton_Ipswich,soccer,EPL,2024-25,,2024-09-21,Southampton,Ipswich,1,1,D,2.25,3.17,3.52,,,football-data.co.uk,2026-09-10T16:48:43.497953+00:00
soccer_E0_2425_2024-09-21_Tottenham_Brentford,soccer,EPL,2024-25,,2024-09-21,Tottenham,Brentford,3,1,H,1.55,5.41,4.72,,,football-data.co.uk,2026-09-10T16:48:43.497953+00:00
soccer_E0_2425_2024-09-21_WestHam_Chelsea,soccer,EPL,2024-25,,2024-09-21,West Ham,Chelsea,0,3,A,3.49,2.01,3.89,,,football-data.co.uk,2026-09-10T16:48:43.497953+00:00
soccer_E0_2425_2024-09-22_Brighton_Nott'mForest,soccer,EPL,2024-25,,2024-09-22,Brighton,Nott'm Forest,2,2,D,1.86,4.21,3.83,,,football-data.co.uk,2026-09-10T16:48:43.497953+00:00
soccer_E0_2425_2024-09-22_ManCity_Arsenal,soccer,EPL,2024-25,,2024-09-22,Man City,Arsenal,2,2,D,1.83,4.52,3.62,,,football-data.co.uk,2026-09-10T16:48:43.497953+00:00
soccer_E0_2425_2024-09-28_Arsenal_Leicester,soccer,EPL,2024-25,,2024-09-28,Arsenal,Leicester,4,2,H,1.18,15.12,7.82,,,football-data.co.uk,2026-09-10T16:48:43.497953+00:00
soccer_E0_2425_2024-09-28_Brentford_WestHam,soccer,EPL,2024-25,,2024-09-28,Brentford,West Ham,1,1,D,2.23,3.16,3.62,,,football-data.co.uk,2026-09-10T16:48:43.497953+00:00
soccer_E0_2425_2024-09-28_Chelsea_Brighton,soccer,EPL,2024-25,,2024-09-28,Chelsea,Brighton,4,2,H,1.74,4.35,4.23,,,football-data.co.uk,2026-09-10T16:48:43.497953+00:00
soccer_E0_2425_2024-09-28_Everton_CrystalPalace,soccer,EPL,2024-25,,2024-09-28,Everton,Crystal Palace,2,1,H,2.73,2.63,3.39,,,football-data.co.uk,2026-09-10T16:48:43.497953+00:00
soccer_E0_2425_2024-09-28_Newcastle_ManCity,soccer,EPL,2024-25,,2024-09-28,Newcastle,Man City,1,1,D,5.09,1.61,4.47,,,football-data.co.uk,2026-09-10T16:48:43.497953+00:00
soccer_E0_2425_2024-09-28_Nott'mForest_Fulham,soccer,EPL,2024-25,,2024-09-28,Nott'm Forest,Fulham,0,1,A,2.4,3.07,3.34,,,football-data.co.uk,2026-09-10T16:48:43.497953+00:00
soccer_E0_2425_2024-09-28_Wolves_Liverpool,soccer,EPL,2024-25,,2024-09-28,Wolves,Liverpool,1,2,A,8.05,1.35,5.55,,,football-data.co.uk,2026-09-10T16:48:43.497953+00:00
soccer_E0_2425_2024-09-29_Ipswich_AstonVilla,soccer,EPL,2024-25,,2024-09-29,Ipswich,Aston Villa,2,2,D,4.15,1.87,3.77,,,football-data.co.uk,2026-09-10T16:48:43.497953+00:00
soccer_E0_2425_2024-09-29_ManUnited_Tottenham,soccer,EPL,2024-25,,2024-09-29,Man United,Tottenham,0,3,A,2.36,2.77,3.89,,,football-data.co.uk,2026-09-10T16:48:43.497953+00:00
soccer_E0_2425_2024-09-30_Bournemouth_Southampton,soccer,EPL,2024-25,,2024-09-30,Bournemouth,Southampton,3,1,H,1.65,4.91,4.29,,,football-data.co.uk,2026-09-10T16:48:43.497953+00:00
soccer_E0_2425_2024-10-05_Arsenal_Southampton,soccer,EPL,2024-25,,2024-10-05,Arsenal,Southampton,3,1,H,1.14,18.63,9.2,,,football-data.co.uk,2026-09-10T16:48:43.497953+00:00
soccer_E0_2425_2024-10-05_Brentford_Wolves,soccer,EPL,2024-25,,2024-10-05,Brentford,Wolves,5,3,H,2.09,3.47,3.64,,,football-data.co.uk,2026-09-10T16:48:43.497953+00:00
soccer_E0_2425_2024-10-05_CrystalPalace_Liverpool,soccer,EPL,2024-25,,2024-10-05,Crystal Palace,Liverpool,0,1,A,6.36,1.49,4.65,,,football-data.co.uk,2026-09-10T16:48:43.497953+00:00
soccer_E0_2425_2024-10-05_Everton_Newcastle,soccer,EPL,2024-25,,2024-10-05,Everton,Newcastle,0,0,D,3.15,2.23,3.62,,,football-data.co.uk,2026-09-10T16:48:43.497953+00:00
soccer_E0_2425_2024-10-05_Leicester_Bournemouth,soccer,EPL,2024-25,,2024-10-05,Leicester,Bournemouth,1,0,H,3.24,2.17,3.66,,,football-data.co.uk,2026-09-10T16:48:43.497953+00:00
soccer_E0_2425_2024-10-05_ManCity_Fulham,soccer,EPL,2024-25,,2024-10-05,Man City,Fulham,3,2,H,1.24,11.11,6.85,,,football-data.co.uk,2026-09-10T16:48:43.497953+00:00
soccer_E0_2425_2024-10-05_WestHam_Ipswich,soccer,EPL,2024-25,,2024-10-05,West Ham,Ipswich,4,1,H,1.8,4.25,3.96,,,football-data.co.uk,2026-09-10T16:48:43.497953+00:00
soccer_E0_2425_2024-10-06_AstonVilla_ManUnited,soccer,EPL,2024-25,,2024-10-06,Aston Villa,Man United,0,0,D,2.21,3.06,3.82,,,football-data.co.uk,2026-09-10T16:48:43.497953+00:00
soccer_E0_2425_2024-10-06_Brighton_Tottenham,soccer,EPL,2024-25,,2024-10-06,Brighton,Tottenham,3,2,H,2.9,2.23,4.01,,,football-data.co.uk,2026-09-10T16:48:43.497953+00:00
soccer_E0_2425_2024-10-06_Chelsea_Nott'mForest,soccer,EPL,2024-25,,2024-10-06,Chelsea,Nott'm Forest,1,1,D,1.48,6.32,4.73,,,football-data.co.uk,2026-09-10T16:48:43.497953+00:00
soccer_E0_2425_2024-10-19_Bournemouth_Arsenal,soccer,EPL,2024-25,,2024-10-19,Bournemouth,Arsenal,2,0,H,4.94,1.68,4.09,,,football-data.co.uk,2026-09-10T16:48:43.497953+00:00
soccer_E0_2425_2024-10-19_Fulham_AstonVilla,soccer,EPL,2024-25,,2024-10-19,Fulham,Aston Villa,1,3,A,2.44,2.89,3.5,,,football-data.co.uk,2026-09-10T16:48:43.497953+00:00
soccer_E0_2425_2024-10-19_Ipswich_Everton,soccer,EPL,2024-25,,2024-10-19,Ipswich,Everton,0,2,A,2.4,3.01,3.42,,,football-data.co.uk,2026-09-10T16:48:43.497953+00:00
soccer_E0_2425_2024-10-19_ManUnited_Brentford,soccer,EPL,2024-25,,2024-10-19,Man United,Brentford,2,1,H,1.71,4.48,4.28,,,football-data.co.uk,2026-09-10T16:48:43.497953+00:00
soccer_E0_2425_2024-10-19_Newcastle_Brighton,soccer,EPL,2024-25,,2024-10-19,Newcastle,Brighton,0,1,A,2.01,3.51,3.88,,,football-data.co.uk,2026-09-10T16:48:43.497953+00:00
soccer_E0_2425_2024-10-19_Southampton_Leicester,soccer,EPL,2024-25,,2024-10-19,Southampton,Leicester,2,3,A,2.33,3.03,3.54,,,football-data.co.uk,2026-09-10T16:48:43.497953+00:00
soccer_E0_2425_2024-10-19_Tottenham_WestHam,soccer,EPL,2024-25,,2024-10-19,Tottenham,West Ham,4,1,H,1.5,5.73,4.91,,,football-data.co.uk,2026-09-10T16:48:43.497953+00:00
soccer_E0_2425_2024-10-20_Liverpool_Chelsea,soccer,EPL,2024-25,,2024-10-20,Liverpool,Chelsea,2,1,H,1.63,4.89,4.39,,,football-data.co.uk,2026-09-10T16:48:43.497953+00:00
soccer_E0_2425_2024-10-20_Wolves_ManCity,soccer,EPL,2024-25,,2024-10-20,Wolves,Man City,1,2,A,8.88,1.31,5.85,,,football-data.co.uk,2026-09-10T16:48:43.497953+00:00
soccer_E0_2425_2024-10-21_Nott'mForest_CrystalPalace,soccer,EPL,2024-25,,2024-10-21,Nott'm Forest,Crystal Palace,1,0,H,2.36,3.11,3.31,,,football-data.co.uk,2026-09-10T16:48:43.497953+00:00
soccer_E0_2425_2024-10-25_Leicester_Nott'mForest,soccer,EPL,2024-25,,2024-10-25,Leicester,Nott'm Forest,1,3,A,3.09,2.41,3.32,,,football-data.co.uk,2026-09-10T16:48:43.497953+00:00
soccer_E0_2425_2024-10-26_AstonVilla_Bournemouth,soccer,EPL,2024-25,,2024-10-26,Aston Villa,Bournemouth,1,1,D,1.86,3.97,3.97,,,football-data.co.uk,2026-09-10T16:48:43.497953+00:00
soccer_E0_2425_2024-10-26_Brentford_Ipswich,soccer,EPL,2024-25,,2024-10-26,Brentford,Ipswich,4,3,H,1.67,4.86,4.27,,,football-data.co.uk,2026-09-10T16:48:43.497953+00:00
soccer_E0_2425_2024-10-26_Brighton_Wolves,soccer,EPL,2024-25,,2024-10-26,Brighton,Wolves,2,2,D,1.64,4.94,4.32,,,football-data.co.uk,2026-09-10T16:48:43.497953+00:00
soccer_E0_2425_2024-10-26_Everton_Fulham,soccer,EPL,2024-25,,2024-10-26,Everton,Fulham,1,1,D,2.76,2.6,3.37,,,football-data.co.uk,2026-09-10T16:48:43.497953+00:00
soccer_E0_2425_2024-10-26_ManCity_Southampton,soccer,EPL,2024-25,,2024-10-26,Man City,Southampton,1,0,H,1.11,21.04,10.94,,,football-data.co.uk,2026-09-10T16:48:43.497953+00:00
soccer_E0_2425_2024-10-27_Arsenal_Liverpool,soccer,EPL,2024-25,,2024-10-27,Arsenal,Liverpool,2,2,D,2.49,2.89,3.37,,,football-data.co.uk,2026-09-10T16:48:43.497953+00:00
soccer_E0_2425_2024-10-27_Chelsea_Newcastle,soccer,EPL,2024-25,,2024-10-27,Chelsea,Newcastle,2,1,H,1.76,4.15,4.26,,,football-data.co.uk,2026-09-10T16:48:43.497953+00:00
soccer_E0_2425_2024-10-27_CrystalPalace_Tottenham,soccer,EPL,2024-25,,2024-10-27,Crystal Palace,Tottenham,1,0,H,3.97,1.85,3.97,,,football-data.co.uk,2026-09-10T16:48:43.497953+00:00
soccer_E0_2425_2024-10-27_WestHam_ManUnited,soccer,EPL,2024-25,,2024-10-27,West Ham,Man United,2,1,H,2.89,2.33,3.71,,,football-data.co.uk,2026-09-10T16:48:43.497953+00:00
soccer_E0_2425_2024-11-02_Bournemouth_ManCity,soccer,EPL,2024-25,,2024-11-02,Bournemouth,Man City,2,1,H,5.32,1.59,4.44,,,football-data.co.uk,2026-09-10T16:48:43.497953+00:00
soccer_E0_2425_2024-11-02_Ipswich_Leicester,soccer,EPL,2024-25,,2024-11-02,Ipswich,Leicester,1,1,D,2.27,3.09,3.61,,,football-data.co.uk,2026-09-10T16:48:43.497953+00:00
soccer_E0_2425_2024-11-02_Liverpool_Brighton,soccer,EPL,2024-25,,2024-11-02,Liverpool,Brighton,2,1,H,1.39,7.12,5.4,,,football-data.co.uk,2026-09-10T16:48:43.497953+00:00
soccer_E0_2425_2024-11-02_Newcastle_Arsenal,soccer,EPL,2024-25,,2024-11-02,Newcastle,Arsenal,1,0,H,3.77,1.98,3.69,,,football-data.co.uk,2026-09-10T16:48:43.497953+00:00
soccer_E0_2425_2024-11-02_Nott'mForest_WestHam,soccer,EPL,2024-25,,2024-11-02,Nott'm Forest,West Ham,3,0,H,2.15,3.43,3.52,,,football-data.co.uk,2026-09-10T16:48:43.497953+00:00
soccer_E0_2425_2024-11-02_Southampton_Everton,soccer,EPL,2024-25,,2024-11-02,Southampton,Everton,1,0,H,2.65,2.66,3.48,,,football-data.co.uk,2026-09-10T16:48:43.497953+00:00
soccer_E0_2425_2024-11-02_Wolves_CrystalPalace,soccer,EPL,2024-25,,2024-11-02,Wolves,Crystal Palace,2,2,D,2.53,2.85,3.4,,,football-data.co.uk,2026-09-10T16:48:43.497953+00:00
soccer_E0_2425_2024-11-03_ManUnited_Chelsea,soccer,EPL,2024-25,,2024-11-03,Man United,Chelsea,1,1,D,2.58,2.56,3.78,,,football-data.co.uk,2026-09-10T16:48:43.497953+00:00
soccer_E0_2425_2024-11-03_Tottenham_AstonVilla,soccer,EPL,2024-25,,2024-11-03,Tottenham,Aston Villa,4,1,H,1.93,3.55,4.07,,,football-data.co.uk,2026-09-10T16:48:43.497953+00:00
soccer_E0_2425_2024-11-04_Fulham_Brentford,soccer,EPL,2024-25,,2024-11-04,Fulham,Brentford,2,1,H,2.03,3.52,3.73,,,football-data.co.uk,2026-09-10T16:48:43.497953+00:00
soccer_E0_2425_2024-11-09_Brentford_Bournemouth,soccer,EPL,2024-25,,2024-11-09,Brentford,Bournemouth,3,2,H,2.53,2.72,3.59,,,football-data.co.uk,2026-09-10T16:48:43.497953+00:00
soccer_E0_2425_2024-11-09_Brighton_ManCity,soccer,EPL,2024-25,,2024-11-09,Brighton,Man City,2,1,H,4.34,1.75,4.17,,,football-data.co.uk,2026-09-10T16:48:43.497953+00:00
soccer_E0_2425_2024-11-09_CrystalPalace_Fulham,soccer,EPL,2024-25,,2024-11-09,Crystal Palace,Fulham,0,2,A,2.7,2.61,3.48,,,football-data.co.uk,2026-09-10T16:48:43.497953+00:00
soccer_E0_2425_2024-11-09_Liverpool_AstonVilla,soccer,EPL,2024-25,,2024-11-09,Liverpool,Aston Villa,2,0,H,1.42,6.7,5.26,,,football-data.co.uk,2026-09-10T16:48:43.497953+00:00
soccer_E0_2425_2024-11-09_WestHam_Everton,soccer,EPL,2024-25,,2024-11-09,West Ham,Everton,0,0,D,2.18,3.38,3.47,,,football-data.co.uk,2026-09-10T16:48:43.497953+00:00
soccer_E0_2425_2024-11-09_Wolves_Southampton,soccer,EPL,2024-25,,2024-11-09,Wolves,Southampton,2,0,H,1.96,3.67,3.84,,,football-data.co.uk,2026-09-10T16:48:43.497953+00:00
soccer_E0_2425_2024-11-10_Chelsea_Arsenal,soccer,EPL,2024-25,,2024-11-10,Chelsea,Arsenal,1,1,D,2.75,2.53,3.49,,,football-data.co.uk,2026-09-10T16:48:43.497953+00:00
soccer_E0_2425_2024-11-10_ManUnited_Leicester,soccer,EPL,2024-25,,2024-11-10,Man United,Leicester,3,0,H,1.39,7.46,5.35,,,football-data.co.uk,2026-09-10T16:48:43.497953+00:00
soccer_E0_2425_2024-11-10_Nott'mForest_Newcastle,soccer,EPL,2024-25,,2024-11-10,Nott'm Forest,Newcastle,1,3,A,2.69,2.72,3.31,,,football-data.co.uk,2026-09-10T16:48:43.497953+00:00
soccer_E0_2425_2024-11-10_Tottenham_Ipswich,soccer,EPL,2024-25,,2024-11-10,Tottenham,Ipswich,1,2,A,1.26,9.98,6.76,,,football-data.co.uk,2026-09-10T16:48:43.497953+00:00
soccer_E0_2425_2024-11-23_Arsenal_Nott'mForest,soccer,EPL,2024-25,,2024-11-23,Arsenal,Nott'm Forest,3,0,H,1.37,8.9,4.97,,,football-data.co.uk,2026-09-10T16:48:43.497953+00:00
soccer_E0_2425_2024-11-23_AstonVilla_CrystalPalace,soccer,EPL,2024-25,,2024-11-23,Aston Villa,Crystal Palace,2,2,D,1.63,5.45,4.11,,,football-data.co.uk,2026-09-10T16:48:43.497953+00:00
soccer_E0_2425_2024-11-23_Bournemouth_Brighton,soccer,EPL,2024-25,,2024-11-23,Bournemouth,Brighton,1,2,A,2.41,2.86,3.62,,,football-data.co.uk,2026-09-10T16:48:43.497953+00:00
soccer_E0_2425_2024-11-23_Everton_Brentford,soccer,EPL,2024-25,,2024-11-23,Everton,Brentford,0,0,D,2.46,2.94,3.41,,,football-data.co.uk,2026-09-10T16:48:43.497953+00:00
soccer_E0_2425_2024-11-23_Fulham_Wolves,soccer,EPL,2024-25,,2024-11-23,Fulham,Wolves,1,4,A,1.65,5.23,4.09,,,football-data.co.uk,2026-09-10T16:48:43.497953+00:00
soccer_E0_2425_2024-11-23_Leicester_Chelsea,soccer,EPL,2024-25,,2024-11-23,Leicester,Chelsea,1,2,A,6.75,1.46,4.81,,,football-data.co.uk,2026-09-10T16:48:43.497953+00:00
soccer_E0_2425_2024-11-23_ManCity_Tottenham,soccer,EPL,2024-25,,2024-11-23,Man City,Tottenham,0,4,A,1.49,5.92,5.01,,,football-data.co.uk,2026-09-10T16:48:43.497953+00:00
soccer_E0_2425_2024-11-24_Ipswich_ManUnited,soccer,EPL,2024-25,,2024-11-24,Ipswich,Man United,1,1,D,5.06,1.63,4.22,,,football-data.co.uk,2026-09-10T16:48:43.497953+00:00
soccer_E0_2425_2024-11-24_Southampton_Liverpool,soccer,EPL,2024-25,,2024-11-24,Southampton,Liverpool,2,3,A,10.4,1.28,5.96,,,football-data.co.uk,2026-09-10T16:48:43.497953+00:00
soccer_E0_2425_2024-11-25_Newcastle_WestHam,soccer,EPL,2024-25,,2024-11-25,Newcastle,West Ham,0,2,A,1.5,6.21,4.57,,,football-data.co.uk,2026-09-10T16:48:43.497953+00:00
soccer_E0_2425_2024-11-29_Brighton_Southampton,soccer,EPL,2024-25,,2024-11-29,Brighton,Southampton,1,1,D,1.39,7.57,5.29,,,football-data.co.uk,2026-09-10T16:48:43.497953+00:00
soccer_E0_2425_2024-11-30_Brentford_Leicester,soccer,EPL,2024-25,,2024-11-30,Brentford,Leicester,4,1,H,1.66,4.87,4.24,,,football-data.co.uk,2026-09-10T16:48:43.497953+00:00
soccer_E0_2425_2024-11-30_CrystalPalace_Newcastle,soccer,EPL,2024-25,,2024-11-30,Crystal Palace,Newcastle,1,1,D,3.04,2.3,3.56,,,football-data.co.uk,2026-09-10T16:48:43.497953+00:00
soccer_E0_2425_2024-11-30_Nott'mForest_Ipswich,soccer,EPL,2024-25,,2024-11-30,Nott'm Forest,Ipswich,1,0,H,1.75,4.79,3.82,,,football-data.co.uk,2026-09-10T16:48:43.497953+00:00
soccer_E0_2425_2024-11-30_WestHam_Arsenal,soccer,EPL,2024-25,,2024-11-30,West Ham,Arsenal,2,5,A,7.09,1.46,4.68,,,football-data.co.uk,2026-09-10T16:48:43.497953+00:00
soccer_E0_2425_2024-11-30_Wolves_Bournemouth,soccer,EPL,2024-25,,2024-11-30,Wolves,Bournemouth,2,4,A,2.81,2.44,3.61,,,football-data.co.uk,2026-09-10T16:48:43.497953+00:00
soccer_E0_2425_2024-12-01_Chelsea_AstonVilla,soccer,EPL,2024-25,,2024-12-01,Chelsea,Aston Villa,3,0,H,1.71,4.51,4.21,,,football-data.co.uk,2026-09-10T16:48:43.497953+00:00
soccer_E0_2425_2024-12-01_Liverpool_ManCity,soccer,EPL,2024-25,,2024-12-01,Liverpool,Man City,2,0,H,2.09,3.37,3.7,,,football-data.co.uk,2026-09-10T16:48:43.497953+00:00
soccer_E0_2425_2024-12-01_ManUnited_Everton,soccer,EPL,2024-25,,2024-12-01,Man United,Everton,4,0,H,1.54,6.08,4.33,,,football-data.co.uk,2026-09-10T16:48:43.497953+00:00
soccer_E0_2425_2024-12-01_Tottenham_Fulham,soccer,EPL,2024-25,,2024-12-01,Tottenham,Fulham,1,1,D,1.72,4.24,4.35,,,football-data.co.uk,2026-09-10T16:48:43.497953+00:00
soccer_E0_2425_2024-12-03_Ipswich_CrystalPalace,soccer,EPL,2024-25,,2024-12-03,Ipswich,Crystal Palace,0,1,A,3.09,2.38,3.37,,,football-data.co.uk,2026-09-10T16:48:43.497953+00:00
soccer_E0_2425_2024-12-03_Leicester_WestHam,soccer,EPL,2024-25,,2024-12-03,Leicester,West Ham,3,1,H,2.9,2.47,3.44,,,football-data.co.uk,2026-09-10T16:48:43.497953+00:00
soccer_E0_2425_2024-12-04_Arsenal_ManUnited,soccer,EPL,2024-25,,2024-12-04,Arsenal,Man United,2,0,H,1.46,6.92,4.73,,,football-data.co.uk,2026-09-10T16:48:43.497953+00:00
soccer_E0_2425_2024-12-04_AstonVilla_Brentford,soccer,EPL,2024-25,,2024-12-04,Aston Villa,Brentford,3,1,H,1.8,4.24,4.01,,,football-data.co.uk,2026-09-10T16:48:43.497953+00:00
soccer_E0_2425_2024-12-04_Everton_Wolves,soccer,EPL,2024-25,,2024-12-04,Everton,Wolves,4,0,H,2.14,3.51,3.46,,,football-data.co.uk,2026-09-10T16:48:43.497953+00:00
soccer_E0_2425_2024-12-04_ManCity_Nott'mForest,soccer,EPL,2024-25,,2024-12-04,Man City,Nott'm Forest,3,0,H,1.37,8.25,5.21,,,football-data.co.uk,2026-09-10T16:48:43.497953+00:00
soccer_E0_2425_2024-12-04_Newcastle_Liverpool,soccer,EPL,2024-25,,2024-12-04,Newcastle,Liverpool,3,3,D,4.27,1.78,4.04,,,football-data.co.uk,2026-09-10T16:48:43.497953+00:00
soccer_E0_2425_2024-12-04_Southampton_Chelsea,soccer,EPL,2024-25,,2024-12-04,Southampton,Chelsea,1,5,A,8.39,1.34,5.64,,,football-data.co.uk,2026-09-10T16:48:43.497953+00:00
soccer_E0_2425_2024-12-05_Bournemouth_Tottenham,soccer,EPL,2024-25,,2024-12-05,Bournemouth,Tottenham,1,0,H,2.65,2.42,3.92,,,football-data.co.uk,2026-09-10T16:48:43.497953+00:00
soccer_E0_2425_2024-12-05_Fulham_Brighton,soccer,EPL,2024-25,,2024-12-05,Fulham,Brighton,3,1,H,2.33,2.92,3.65,,,football-data.co.uk,2026-09-10T16:48:43.497953+00:00
soccer_E0_2425_2024-12-07_AstonVilla_Southampton,soccer,EPL,2024-25,,2024-12-07,Aston Villa,Southampton,1,0,H,1.37,7.78,5.41,,,football-data.co.uk,2026-09-10T16:48:43.497953+00:00
soccer_E0_2425_2024-12-07_Brentford_Newcastle,soccer,EPL,2024-25,,2024-12-07,Brentford,Newcastle,4,2,H,2.86,2.36,3.74,,,football-data.co.uk,2026-09-10T16:48:43.497953+00:00
soccer_E0_2425_2024-12-07_CrystalPalace_ManCity,soccer,EPL,2024-25,,2024-12-07,Crystal Palace,Man City,2,2,D,5.39,1.6,4.33,,,football-data.co.uk,2026-09-10T16:48:43.497953+00:00
soccer_E0_2425_2024-12-07_ManUnited_Nott'mForest,soccer,EPL,2024-25,,2024-12-07,Man United,Nott'm Forest,2,3,A,1.67,5.12,4.05,,,football-data.co.uk,2026-09-10T16:48:43.497953+00:00
soccer_E0_2425_2024-12-08_Fulham_Arsenal,soccer,EPL,2024-25,,2024-12-08,Fulham,Arsenal,1,1,D,5.4,1.61,4.24,,,football-data.co.uk,2026-09-10T16:48:43.497953+00:00
soccer_E0_2425_2024-12-08_Ipswich_Bournemouth,soccer,EPL,2024-25,,2024-12-08,Ipswich,Bournemouth,1,2,A,3.57,2.02,3.73,,,football-data.co.uk,2026-09-10T16:48:43.497953+00:00
soccer_E0_2425_2024-12-08_Leicester_Brighton,soccer,EPL,2024-25,,2024-12-08,Leicester,Brighton,2,2,D,4.48,1.75,4.02,,,football-data.co.uk,2026-09-10T16:48:43.497953+00:00
soccer_E0_2425_2024-12-08_Tottenham_Chelsea,soccer,EPL,2024-25,,2024-12-08,Tottenham,Chelsea,3,4,A,3.21,2.07,4.04,,,football-data.co.uk,2026-09-10T16:48:43.497953+00:00
soccer_E0_2425_2024-12-09_WestHam_Wolves,soccer,EPL,2024-25,,2024-12-09,West Ham,Wolves,2,1,H,1.91,3.81,3.85,,,football-data.co.uk,2026-09-10T16:48:43.497953+00:00
soccer_E0_2425_2024-12-14_Arsenal_Everton,soccer,EPL,2024-25,,2024-12-14,Arsenal,Everton,0,0,D,1.23,13.36,6.33,,,football-data.co.uk,2026-09-10T16:48:43.497953+00:00
soccer_E0_2425_2024-12-14_Liverpool_Fulham,soccer,EPL,2024-25,,2024-12-14,Liverpool,Fulham,2,2,D,1.32,8.89,5.75,,,football-data.co.uk,2026-09-10T16:48:43.497953+00:00
soccer_E0_2425_2024-12-14_Newcastle_Leicester,soccer,EPL,2024-25,,2024-12-14,Newcastle,Leicester,4,0,H,1.31,9.08,5.83,,,football-data.co.uk,2026-09-10T16:48:43.497953+00:00
soccer_E0_2425_2024-12-14_Nott'mForest_AstonVilla,soccer,EPL,2024-25,,2024-12-14,Nott'm Forest,Aston Villa,2,1,H,2.64,2.68,3.39,,,football-data.co.uk,2026-09-10T16:48:43.497953+00:00
soccer_E0_2425_2024-12-14_Wolves_Ipswich,soccer,EPL,2024-25,,2024-12-14,Wolves,Ipswich,1,2,A,1.9,3.85,3.83,,,football-data.co.uk,2026-09-10T16:48:43.497953+00:00
soccer_E0_2425_2024-12-15_Brighton_CrystalPalace,soccer,EPL,2024-25,,2024-12-15,Brighton,Crystal Palace,1,3,A,1.89,3.9,3.82,,,football-data.co.uk,2026-09-10T16:48:43.497953+00:00
soccer_E0_2425_2024-12-15_Chelsea_Brentford,soccer,EPL,2024-25,,2024-12-15,Chelsea,Brentford,2,1,H,1.33,8.08,5.89,,,football-data.co.uk,2026-09-10T16:48:43.497953+00:00
soccer_E0_2425_2024-12-15_ManCity_ManUnited,soccer,EPL,2024-25,,2024-12-15,Man City,Man United,1,2,A,1.58,5.04,4.59,,,football-data.co.uk,2026-09-10T16:48:43.497953+00:00
soccer_E0_2425_2024-12-15_Southampton_Tottenham,soccer,EPL,2024-25,,2024-12-15,Southampton,Tottenham,0,5,A,4.29,1.69,4.47,,,football-data.co.uk,2026-09-10T16:48:43.497953+00:00
soccer_E0_2425_2024-12-16_Bournemouth_WestHam,soccer,EPL,2024-25,,2024-12-16,Bournemouth,West Ham,1,1,D,1.71,4.43,4.19,,,football-data.co.uk,2026-09-10T16:48:43.497953+00:00
soccer_E0_2425_2024-12-21_AstonVilla_ManCity,soccer,EPL,2024-25,,2024-12-21,Aston Villa,Man City,2,1,H,3.29,2.12,3.71,,,football-data.co.uk,2026-09-10T16:48:43.497953+00:00
soccer_E0_2425_2024-12-21_Brentford_Nott'mForest,soccer,EPL,2024-25,,2024-12-21,Brentford,Nott'm Forest,0,2,A,2.35,2.99,3.52,,,football-data.co.uk,2026-09-10T16:48:43.497953+00:00
soccer_E0_2425_2024-12-21_CrystalPalace_Arsenal,soccer,EPL,2024-25,,2024-12-21,Crystal Palace,Arsenal,1,5,A,6.08,1.57,4.11,,,football-data.co.uk,2026-09-10T16:48:43.497953+00:00
soccer_E0_2425_2024-12-21_Ipswich_Newcastle,soccer,EPL,2024-25,,2024-12-21,Ipswich,Newcastle,0,4,A,4.61,1.74,3.95,,,football-data.co.uk,2026-09-10T16:48:43.497953+00:00
soccer_E0_2425_2024-12-21_WestHam_Brighton,soccer,EPL,2024-25,,2024-12-21,West Ham,Brighton,1,1,D,2.8,2.38,3.75,,,football-data.co.uk,2026-09-10T16:48:43.497953+00:00
soccer_E0_2425_2024-12-22_Everton_Chelsea,soccer,EPL,2024-25,,2024-12-22,Everton,Chelsea,0,0,D,5.18,1.63,4.13,,,football-data.co.uk,2026-09-10T16:48:43.497953+00:00
soccer_E0_2425_2024-12-22_Fulham_Southampton,soccer,EPL,2024-25,,2024-12-22,Fulham,Southampton,0,0,D,1.42,7.21,4.96,,,football-data.co.uk,2026-09-10T16:48:43.497953+00:00
soccer_E0_2425_2024-12-22_Leicester_Wolves,soccer,EPL,2024-25,,2024-12-22,Leicester,Wolves,0,3,A,2.55,2.69,3.56,,,football-data.co.uk,2026-09-10T16:48:43.497953+00:00
soccer_E0_2425_2024-12-22_ManUnited_Bournemouth,soccer,EPL,2024-25,,2024-12-22,Man United,Bournemouth,0,3,A,1.85,4.07,3.88,,,football-data.co.uk,2026-09-10T16:48:43.497953+00:00
soccer_E0_2425_2024-12-22_Tottenham_Liverpool,soccer,EPL,2024-25,,2024-12-22,Tottenham,Liverpool,3,6,A,4.29,1.72,4.33,,,football-data.co.uk,2026-09-10T16:48:43.497953+00:00
soccer_E0_2425_2024-12-26_Bournemouth_CrystalPalace,soccer,EPL,2024-25,,2024-12-26,Bournemouth,Crystal Palace,0,0,D,1.9,3.87,3.77,,,football-data.co.uk,2026-09-10T16:48:43.497953+00:00
soccer_E0_2425_2024-12-26_Chelsea_Fulham,soccer,EPL,2024-25,,2024-12-26,Chelsea,Fulham,1,2,A,1.47,6.15,4.88,,,football-data.co.uk,2026-09-10T16:48:43.497953+00:00
soccer_E0_2425_2024-12-26_Liverpool_Leicester,soccer,EPL,2024-25,,2024-12-26,Liverpool,Leicester,3,1,H,1.08,25.35,12.4,,,football-data.co.uk,2026-09-10T16:48:43.497953+00:00
soccer_E0_2425_2024-12-26_ManCity_Everton,soccer,EPL,2024-25,,2024-12-26,Man City,Everton,1,1,D,1.34,8.59,5.46,,,football-data.co.uk,2026-09-10T16:48:43.497953+00:00
soccer_E0_2425_2024-12-26_Newcastle_AstonVilla,soccer,EPL,2024-25,,2024-12-26,Newcastle,Aston Villa,3,0,H,1.93,3.66,3.91,,,football-data.co.uk,2026-09-10T16:48:43.497953+00:00
soccer_E0_2425_2024-12-26_Nott'mForest_Tottenham,soccer,EPL,2024-25,,2024-12-26,Nott'm Forest,Tottenham,1,0,H,2.35,2.82,3.74,,,football-data.co.uk,2026-09-10T16:48:43.497953+00:00
soccer_E0_2425_2024-12-26_Southampton_WestHam,soccer,EPL,2024-25,,2024-12-26,Southampton,West Ham,0,1,A,3.24,2.18,3.56,,,football-data.co.uk,2026-09-10T16:48:43.497953+00:00
soccer_E0_2425_2024-12-26_Wolves_ManUnited,soccer,EPL,2024-25,,2024-12-26,Wolves,Man United,2,0,H,3.8,1.94,3.7,,,football-data.co.uk,2026-09-10T16:48:43.497953+00:00
soccer_E0_2425_2024-12-27_Arsenal_Ipswich,soccer,EPL,2024-25,,2024-12-27,Arsenal,Ipswich,1,0,H,1.16,17.31,8.37,,,football-data.co.uk,2026-09-10T16:48:43.497953+00:00
soccer_E0_2425_2024-12-27_Brighton_Brentford,soccer,EPL,2024-25,,2024-12-27,Brighton,Brentford,0,0,D,1.64,4.89,4.44,,,football-data.co.uk,2026-09-10T16:48:43.497953+00:00
soccer_E0_2425_2024-12-29_CrystalPalace_Southampton,soccer,EPL,2024-25,,2024-12-29,Crystal Palace,Southampton,2,1,H,1.61,5.42,4.11,,,football-data.co.uk,2026-09-10T16:48:43.497953+00:00
soccer_E0_2425_2024-12-29_Everton_Nott'mForest,soccer,EPL,2024-25,,2024-12-29,Everton,Nott'm Forest,0,2,A,2.64,2.83,3.16,,,football-data.co.uk,2026-09-10T16:48:43.497953+00:00
soccer_E0_2425_2024-12-29_Fulham_Bournemouth,soccer,EPL,2024-25,,2024-12-29,Fulham,Bournemouth,2,2,D,2.35,2.91,3.58,,,football-data.co.uk,2026-09-10T16:48:43.497953+00:00
soccer_E0_2425_2024-12-29_Leicester_ManCity,soccer,EPL,2024-25,,2024-12-29,Leicester,Man City,0,2,A,7.92,1.34,5.62,,,football-data.co.uk,2026-09-10T16:48:43.497953+00:00
soccer_E0_2425_2024-12-29_Tottenham_Wolves,soccer,EPL,2024-25,,2024-12-29,Tottenham,Wolves,2,2,D,1.61,4.56,4.77,,,football-data.co.uk,2026-09-10T16:48:43.497953+00:00
soccer_E0_2425_2024-12-29_WestHam_Liverpool,soccer,EPL,2024-25,,2024-12-29,West Ham,Liverpool,0,5,A,7.04,1.4,5.21,,,football-data.co.uk,2026-09-10T16:48:43.497953+00:00
soccer_E0_2425_2024-12-30_AstonVilla_Brighton,soccer,EPL,2024-25,,2024-12-30,Aston Villa,Brighton,2,2,D,1.94,3.61,3.86,,,football-data.co.uk,2026-09-10T16:48:43.497953+00:00
soccer_E0_2425_2024-12-30_Ipswich_Chelsea,soccer,EPL,2024-25,,2024-12-30,Ipswich,Chelsea,2,0,H,6.87,1.41,5.02,,,football-data.co.uk,2026-09-10T16:48:43.497953+00:00
soccer_E0_2425_2024-12-30_ManUnited_Newcastle,soccer,EPL,2024-25,,2024-12-30,Man United,Newcastle,0,2,A,2.7,2.49,3.61,,,football-data.co.uk,2026-09-10T16:48:43.497953+00:00
soccer_E0_2425_2025-01-01_Brentford_Arsenal,soccer,EPL,2024-25,,2025-01-01,Brentford,Arsenal,1,3,A,6.67,1.44,4.8,,,football-data.co.uk,2026-09-10T16:48:43.497953+00:00
soccer_E0_2425_2025-01-04_AstonVilla_Leicester,soccer,EPL,2024-25,,2025-01-04,Aston Villa,Leicester,2,1,H,1.32,9.16,5.51,,,football-data.co.uk,2026-09-10T16:48:43.497953+00:00
soccer_E0_2425_2025-01-04_Bournemouth_Everton,soccer,EPL,2024-25,,2025-01-04,Bournemouth,Everton,1,0,H,1.75,4.71,3.82,,,football-data.co.uk,2026-09-10T16:48:43.497953+00:00
soccer_E0_2425_2025-01-04_Brighton_Arsenal,soccer,EPL,2024-25,,2025-01-04,Brighton,Arsenal,1,1,D,4.36,1.8,3.83,,,football-data.co.uk,2026-09-10T16:48:43.497953+00:00
soccer_E0_2425_2025-01-04_CrystalPalace_Chelsea,soccer,EPL,2024-25,,2025-01-04,Crystal Palace,Chelsea,1,1,D,3.65,1.95,3.88,,,football-data.co.uk,2026-09-10T16:48:43.497953+00:00
soccer_E0_2425_2025-01-04_ManCity_WestHam,soccer,EPL,2024-25,,2025-01-04,Man City,West Ham,4,1,H,1.31,8.3,6.09,,,football-data.co.uk,2026-09-10T16:48:43.497953+00:00
soccer_E0_2425_2025-01-04_Southampton_Brentford,soccer,EPL,2024-25,,2025-01-04,Southampton,Brentford,0,5,A,2.78,2.48,3.54,,,football-data.co.uk,2026-09-10T16:48:43.497953+00:00
soccer_E0_2425_2025-01-04_Tottenham_Newcastle,soccer,EPL,2024-25,,2025-01-04,Tottenham,Newcastle,1,2,A,2.88,2.24,3.94,,,football-data.co.uk,2026-09-10T16:48:43.497953+00:00
soccer_E0_2425_2025-01-05_Fulham_Ipswich,soccer,EPL,2024-25,,2025-01-05,Fulham,Ipswich,2,2,D,1.56,5.68,4.34,,,football-data.co.uk,2026-09-10T16:48:43.497953+00:00
soccer_E0_2425_2025-01-05_Liverpool_ManUnited,soccer,EPL,2024-25,,2025-01-05,Liverpool,Man United,2,2,D,1.29,9.49,6.05,,,football-data.co.uk,2026-09-10T16:48:43.497953+00:00
soccer_E0_2425_2025-01-06_Wolves_Nott'mForest,soccer,EPL,2024-25,,2025-01-06,Wolves,Nott'm Forest,0,3,A,3.22,2.33,3.22,,,football-data.co.uk,2026-09-10T16:48:43.497953+00:00
soccer_E0_2425_2025-01-14_Brentford_ManCity,soccer,EPL,2024-25,,2025-01-14,Brentford,Man City,2,2,D,4.76,1.64,4.47,,,football-data.co.uk,2026-09-10T16:48:43.497953+00:00
soccer_E0_2425_2025-01-14_Chelsea_Bournemouth,soccer,EPL,2024-25,,2025-01-14,Chelsea,Bournemouth,2,2,D,1.5,5.92,4.81,,,football-data.co.uk,2026-09-10T16:48:43.497953+00:00
soccer_E0_2425_2025-01-14_Nott'mForest_Liverpool,soccer,EPL,2024-25,,2025-01-14,Nott'm Forest,Liverpool,1,1,D,5.14,1.64,4.16,,,football-data.co.uk,2026-09-10T16:48:43.497953+00:00
soccer_E0_2425_2025-01-14_WestHam_Fulham,soccer,EPL,2024-25,,2025-01-14,West Ham,Fulham,3,2,H,2.97,2.41,3.43,,,football-data.co.uk,2026-09-10T16:48:43.497953+00:00
soccer_E0_2425_2025-01-15_Arsenal_Tottenham,soccer,EPL,2024-25,,2025-01-15,Arsenal,Tottenham,2,1,H,1.4,6.86,5.29,,,football-data.co.uk,2026-09-10T16:48:43.497953+00:00
soccer_E0_2425_2025-01-15_Everton_AstonVilla,soccer,EPL,2024-25,,2025-01-15,Everton,Aston Villa,0,1,A,3.2,2.35,3.24,,,football-data.co.uk,2026-09-10T16:48:43.497953+00:00
soccer_E0_2425_2025-01-15_Leicester_CrystalPalace,soccer,EPL,2024-25,,2025-01-15,Leicester,Crystal Palace,0,2,A,3.88,1.92,3.73,,,football-data.co.uk,2026-09-10T16:48:43.497953+00:00
soccer_E0_2425_2025-01-15_Newcastle_Wolves,soccer,EPL,2024-25,,2025-01-15,Newcastle,Wolves,3,0,H,1.35,8.08,5.54,,,football-data.co.uk,2026-09-10T16:48:43.497953+00:00
soccer_E0_2425_2025-01-16_Ipswich_Brighton,soccer,EPL,2024-25,,2025-01-16,Ipswich,Brighton,0,2,A,3.8,1.94,3.73,,,football-data.co.uk,2026-09-10T16:48:43.497953+00:00
soccer_E0_2425_2025-01-16_ManUnited_Southampton,soccer,EPL,2024-25,,2025-01-16,Man United,Southampton,3,1,H,1.3,9.4,5.79,,,football-data.co.uk,2026-09-10T16:48:43.497953+00:00
soccer_E0_2425_2025-01-18_Arsenal_AstonVilla,soccer,EPL,2024-25,,2025-01-18,Arsenal,Aston Villa,2,2,D,1.51,6.45,4.35,,,football-data.co.uk,2026-09-10T16:48:43.497953+00:00
soccer_E0_2425_2025-01-18_Brentford_Liverpool,soccer,EPL,2024-25,,2025-01-18,Brentford,Liverpool,0,2,A,6.43,1.43,5.15,,,football-data.co.uk,2026-09-10T16:48:43.497953+00:00
soccer_E0_2425_2025-01-18_Leicester_Fulham,soccer,EPL,2024-25,,2025-01-18,Leicester,Fulham,0,2,A,4.17,1.84,3.81,,,football-data.co.uk,2026-09-10T16:48:43.497953+00:00
soccer_E0_2425_2025-01-18_Newcastle_Bournemouth,soccer,EPL,2024-25,,2025-01-18,Newcastle,Bournemouth,1,4,A,1.64,4.93,4.3,,,football-data.co.uk,2026-09-10T16:48:43.497953+00:00
soccer_E0_2425_2025-01-18_WestHam_CrystalPalace,soccer,EPL,2024-25,,2025-01-18,West Ham,Crystal Palace,0,2,A,2.62,2.69,3.41,,,football-data.co.uk,2026-09-10T16:48:43.497953+00:00
soccer_E0_2425_2025-01-19_Everton_Tottenham,soccer,EPL,2024-25,,2025-01-19,Everton,Tottenham,3,2,H,2.91,2.41,3.51,,,football-data.co.uk,2026-09-10T16:48:43.497953+00:00
soccer_E0_2425_2025-01-19_Ipswich_ManCity,soccer,EPL,2024-25,,2025-01-19,Ipswich,Man City,0,6,A,7.72,1.36,5.36,,,football-data.co.uk,2026-09-10T16:48:43.497953+00:00
soccer_E0_2425_2025-01-19_ManUnited_Brighton,soccer,EPL,2024-25,,2025-01-19,Man United,Brighton,1,3,A,2.09,3.36,3.71,,,football-data.co.uk,2026-09-10T16:48:43.497953+00:00
soccer_E0_2425_2025-01-19_Nott'mForest_Southampton,soccer,EPL,2024-25,,2025-01-19,Nott'm Forest,Southampton,3,2,H,1.39,8.03,4.86,,,football-data.co.uk,2026-09-10T16:48:43.497953+00:00
soccer_E0_2425_2025-01-20_Chelsea_Wolves,soccer,EPL,2024-25,,2025-01-20,Chelsea,Wolves,3,1,H,1.37,7.3,5.51,,,football-data.co.uk,2026-09-10T16:48:43.497953+00:00
soccer_E0_2425_2025-01-25_Bournemouth_Nott'mForest,soccer,EPL,2024-25,,2025-01-25,Bournemouth,Nott'm Forest,5,0,H,2.09,3.42,3.64,,,football-data.co.uk,2026-09-10T16:48:43.497953+00:00
soccer_E0_2425_2025-01-25_Brighton_Everton,soccer,EPL,2024-25,,2025-01-25,Brighton,Everton,0,1,A,1.67,5.39,3.86,,,football-data.co.uk,2026-09-10T16:48:43.497953+00:00
soccer_E0_2425_2025-01-25_Liverpool_Ipswich,soccer,EPL,2024-25,,2025-01-25,Liverpool,Ipswich,4,1,H,1.1,20.87,11.04,,,football-data.co.uk,2026-09-10T16:48:43.497953+00:00
soccer_E0_2425_2025-01-25_ManCity_Chelsea,soccer,EPL,2024-25,,2025-01-25,Man City,Chelsea,3,1,H,2.03,3.29,4.03,,,football-data.co.uk,2026-09-10T16:48:43.497953+00:00
soccer_E0_2425_2025-01-25_Southampton_Newcastle,soccer,EPL,2024-25,,2025-01-25,Southampton,Newcastle,1,3,A,6.82,1.42,5.09,,,football-data.co.uk,2026-09-10T16:48:43.497953+00:00
soccer_E0_2425_2025-01-25_Wolves_Arsenal,soccer,EPL,2024-25,,2025-01-25,Wolves,Arsenal,0,1,A,6.85,1.46,4.65,,,football-data.co.uk,2026-09-10T16:48:43.497953+00:00
soccer_E0_2425_2025-01-26_AstonVilla_WestHam,soccer,EPL,2024-25,,2025-01-26,Aston Villa,West Ham,1,1,D,1.55,5.81,4.39,,,football-data.co.uk,2026-09-10T16:48:43.497953+00:00
soccer_E0_2425_2025-01-26_CrystalPalace_Brentford,soccer,EPL,2024-25,,2025-01-26,Crystal Palace,Brentford,1,2,A,2.06,3.47,3.68,,,football-data.co.uk,2026-09-10T16:48:43.497953+00:00
soccer_E0_2425_2025-01-26_Fulham_ManUnited,soccer,EPL,2024-25,,2025-01-26,Fulham,Man United,0,1,A,2.31,3.1,3.44,,,football-data.co.uk,2026-09-10T16:48:43.497953+00:00
soccer_E0_2425_2025-01-26_Tottenham_Leicester,soccer,EPL,2024-25,,2025-01-26,Tottenham,Leicester,1,2,A,1.46,5.89,5.21,,,football-data.co.uk,2026-09-10T16:48:43.497953+00:00
soccer_E0_2425_2025-02-01_Bournemouth_Liverpool,soccer,EPL,2024-25,,2025-02-01,Bournemouth,Liverpool,0,2,A,4.56,1.68,4.32,,,football-data.co.uk,2026-09-10T16:48:43.497953+00:00
soccer_E0_2425_2025-02-01_Everton_Leicester,soccer,EPL,2024-25,,2025-02-01,Everton,Leicester,4,0,H,1.79,4.67,3.67,,,football-data.co.uk,2026-09-10T16:48:43.497953+00:00
soccer_E0_2425_2025-02-01_Ipswich_Southampton,soccer,EPL,2024-25,,2025-02-01,Ipswich,Southampton,1,2,A,1.98,3.74,3.67,,,football-data.co.uk,2026-09-10T16:48:43.497953+00:00
soccer_E0_2425_2025-02-01_Newcastle_Fulham,soccer,EPL,2024-25,,2025-02-01,Newcastle,Fulham,1,2,A,1.71,4.66,4.07,,,football-data.co.uk,2026-09-10T16:48:43.497953+00:00
soccer_E0_2425_2025-02-01_Nott'mForest_Brighton,soccer,EPL,2024-25,,2025-02-01,Nott'm Forest,Brighton,7,0,H,2.44,2.89,3.46,,,football-data.co.uk,2026-09-10T16:48:43.497953+00:00
soccer_E0_2425_2025-02-01_Wolves_AstonVilla,soccer,EPL,2024-25,,2025-02-01,Wolves,Aston Villa,2,0,H,3.36,2.14,3.58,,,football-data.co.uk,2026-09-10T16:48:43.497953+00:00
soccer_E0_2425_2025-02-02_Arsenal_ManCity,soccer,EPL,2024-25,,2025-02-02,Arsenal,Man City,5,1,H,1.97,3.83,3.58,,,football-data.co.uk,2026-09-10T16:48:43.497953+00:00
soccer_E0_2425_2025-02-02_Brentford_Tottenham,soccer,EPL,2024-25,,2025-02-02,Brentford,Tottenham,0,2,A,2.11,3.1,3.97,,,football-data.co.uk,2026-09-10T16:48:43.497953+00:00
soccer_E0_2425_2025-02-02_ManUnited_CrystalPalace,soccer,EPL,2024-25,,2025-02-02,Man United,Crystal Palace,0,2,A,2.04,3.71,3.48,,,football-data.co.uk,2026-09-10T16:48:43.497953+00:00
soccer_E0_2425_2025-02-03_Chelsea_WestHam,soccer,EPL,2024-25,,2025-02-03,Chelsea,West Ham,2,1,H,1.36,7.58,5.54,,,football-data.co.uk,2026-09-10T16:48:43.497953+00:00
soccer_E0_2425_2025-02-12_Everton_Liverpool,soccer,EPL,2024-25,,2025-02-12,Everton,Liverpool,2,2,D,7.36,1.44,4.71,,,football-data.co.uk,2026-09-10T16:48:43.497953+00:00
soccer_E0_2425_2025-02-14_Brighton_Chelsea,soccer,EPL,2024-25,,2025-02-14,Brighton,Chelsea,3,0,H,2.85,2.43,3.6,,,football-data.co.uk,2026-09-10T16:48:43.497953+00:00
soccer_E0_2425_2025-02-15_AstonVilla_Ipswich,soccer,EPL,2024-25,,2025-02-15,Aston Villa,Ipswich,1,1,D,1.41,7.45,4.96,,,football-data.co.uk,2026-09-10T16:48:43.497953+00:00
soccer_E0_2425_2025-02-15_CrystalPalace_Everton,soccer,EPL,2024-25,,2025-02-15,Crystal Palace,Everton,1,2,A,1.81,4.94,3.45,,,football-data.co.uk,2026-09-10T16:48:43.497953+00:00
soccer_E0_2425_2025-02-15_Fulham_Nott'mForest,soccer,EPL,2024-25,,2025-02-15,Fulham,Nott'm Forest,2,1,H,2.22,3.39,3.35,,,football-data.co.uk,2026-09-10T16:48:43.497953+00:00
soccer_E0_2425_2025-02-15_Leicester_Arsenal,soccer,EPL,2024-25,,2025-02-15,Leicester,Arsenal,0,2,A,9.45,1.34,5.29,,,football-data.co.uk,2026-09-10T16:48:43.497953+00:00
soccer_E0_2425_2025-02-15_ManCity_Newcastle,soccer,EPL,2024-25,,2025-02-15,Man City,Newcastle,4,0,H,1.97,3.44,4.07,,,football-data.co.uk,2026-09-10T16:48:43.497953+00:00
soccer_E0_2425_2025-02-15_Southampton_Bournemouth,soccer,EPL,2024-25,,2025-02-15,Southampton,Bournemouth,1,3,A,5.83,1.52,4.64,,,football-data.co.uk,2026-09-10T16:48:43.497953+00:00
soccer_E0_2425_2025-02-15_WestHam_Brentford,soccer,EPL,2024-25,,2025-02-15,West Ham,Brentford,0,1,A,2.41,2.82,3.64,,,football-data.co.uk,2026-09-10T16:48:43.497953+00:00
soccer_E0_2425_2025-02-16_Liverpool_Wolves,soccer,EPL,2024-25,,2025-02-16,Liverpool,Wolves,2,1,H,1.19,12.84,7.85,,,football-data.co.uk,2026-09-10T16:48:43.497953+00:00
soccer_E0_2425_2025-02-16_Tottenham_ManUnited,soccer,EPL,2024-25,,2025-02-16,Tottenham,Man United,1,0,H,2.45,2.69,3.73,,,football-data.co.uk,2026-09-10T16:48:43.497953+00:00
soccer_E0_2425_2025-02-19_AstonVilla_Liverpool,soccer,EPL,2024-25,,2025-02-19,Aston Villa,Liverpool,2,2,D,3.93,1.85,4.0,,,football-data.co.uk,2026-09-10T16:48:43.497953+00:00
soccer_E0_2425_2025-02-21_Leicester_Brentford,soccer,EPL,2024-25,,2025-02-21,Leicester,Brentford,0,4,A,3.7,1.96,3.86,,,football-data.co.uk,2026-09-10T16:48:43.497953+00:00
soccer_E0_2425_2025-02-22_Arsenal_WestHam,soccer,EPL,2024-25,,2025-02-22,Arsenal,West Ham,0,1,A,1.25,11.63,6.2,,,football-data.co.uk,2026-09-10T16:48:43.497953+00:00
soccer_E0_2425_2025-02-22_AstonVilla_Chelsea,soccer,EPL,2024-25,,2025-02-22,Aston Villa,Chelsea,2,1,H,2.62,2.56,3.7,,,football-data.co.uk,2026-09-10T16:48:43.497953+00:00
soccer_E0_2425_2025-02-22_Bournemouth_Wolves,soccer,EPL,2024-25,,2025-02-22,Bournemouth,Wolves,0,1,A,1.56,5.5,4.45,,,football-data.co.uk,2026-09-10T16:48:43.497953+00:00
soccer_E0_2425_2025-02-22_Everton_ManUnited,soccer,EPL,2024-25,,2025-02-22,Everton,Man United,2,2,D,2.55,2.96,3.2,,,football-data.co.uk,2026-09-10T16:48:43.497953+00:00
soccer_E0_2425_2025-02-22_Fulham_CrystalPalace,soccer,EPL,2024-25,,2025-02-22,Fulham,Crystal Palace,0,2,A,2.05,3.74,3.48,,,football-data.co.uk,2026-09-10T16:48:43.497953+00:00
soccer_E0_2425_2025-02-22_Ipswich_Tottenham,soccer,EPL,2024-25,,2025-02-22,Ipswich,Tottenham,1,4,A,3.87,1.89,3.89,,,football-data.co.uk,2026-09-10T16:48:43.497953+00:00
soccer_E0_2425_2025-02-22_Southampton_Brighton,soccer,EPL,2024-25,,2025-02-22,Southampton,Brighton,0,4,A,5.52,1.57,4.38,,,football-data.co.uk,2026-09-10T16:48:43.497953+00:00
soccer_E0_2425_2025-02-23_ManCity_Liverpool,soccer,EPL,2024-25,,2025-02-23,Man City,Liverpool,0,2,A,2.9,2.26,3.86,,,football-data.co.uk,2026-09-10T16:48:43.497953+00:00
soccer_E0_2425_2025-02-23_Newcastle_Nott'mForest,soccer,EPL,2024-25,,2025-02-23,Newcastle,Nott'm Forest,4,3,H,1.81,4.11,3.96,,,football-data.co.uk,2026-09-10T16:48:43.497953+00:00
soccer_E0_2425_2025-02-25_Brighton_Bournemouth,soccer,EPL,2024-25,,2025-02-25,Brighton,Bournemouth,2,1,H,2.06,3.43,3.81,,,football-data.co.uk,2026-09-10T16:48:43.497953+00:00
soccer_E0_2425_2025-02-25_Chelsea_Southampton,soccer,EPL,2024-25,,2025-02-25,Chelsea,Southampton,4,0,H,1.17,14.69,8.55,,,football-data.co.uk,2026-09-10T16:48:43.497953+00:00
soccer_E0_2425_2025-02-25_CrystalPalace_AstonVilla,soccer,EPL,2024-25,,2025-02-25,Crystal Palace,Aston Villa,4,1,H,2.55,2.83,3.38,,,football-data.co.uk,2026-09-10T16:48:43.497953+00:00
soccer_E0_2425_2025-02-25_Wolves_Fulham,soccer,EPL,2024-25,,2025-02-25,Wolves,Fulham,1,2,A,2.71,2.69,3.34,,,football-data.co.uk,2026-09-10T16:48:43.497953+00:00
soccer_E0_2425_2025-02-26_Brentford_Everton,soccer,EPL,2024-25,,2025-02-26,Brentford,Everton,1,1,D,2.02,3.59,3.68,,,football-data.co.uk,2026-09-10T16:48:43.497953+00:00
soccer_E0_2425_2025-02-26_Liverpool_Newcastle,soccer,EPL,2024-25,,2025-02-26,Liverpool,Newcastle,2,0,H,1.52,5.64,4.77,,,football-data.co.uk,2026-09-10T16:48:43.497953+00:00
soccer_E0_2425_2025-02-26_ManUnited_Ipswich,soccer,EPL,2024-25,,2025-02-26,Man United,Ipswich,3,2,H,1.52,5.83,4.55,,,football-data.co.uk,2026-09-10T16:48:43.497953+00:00
soccer_E0_2425_2025-02-26_Nott'mForest_Arsenal,soccer,EPL,2024-25,,2025-02-26,Nott'm Forest,Arsenal,0,0,D,3.94,1.98,3.48,,,football-data.co.uk,2026-09-10T16:48:43.497953+00:00
soccer_E0_2425_2025-02-26_Tottenham_ManCity,soccer,EPL,2024-25,,2025-02-26,Tottenham,Man City,0,1,A,3.22,2.04,4.09,,,football-data.co.uk,2026-09-10T16:48:43.497953+00:00
soccer_E0_2425_2025-02-27_WestHam_Leicester,soccer,EPL,2024-25,,2025-02-27,West Ham,Leicester,2,0,H,1.63,5.17,4.15,,,football-data.co.uk,2026-09-10T16:48:43.497953+00:00
soccer_E0_2425_2025-03-08_Brentford_AstonVilla,soccer,EPL,2024-25,,2025-03-08,Brentford,Aston Villa,0,1,A,2.26,2.95,3.8,,,football-data.co.uk,2026-09-10T16:48:43.497953+00:00
soccer_E0_2425_2025-03-08_Brighton_Fulham,soccer,EPL,2024-25,,2025-03-08,Brighton,Fulham,2,1,H,1.99,3.77,3.62,,,football-data.co.uk,2026-09-10T16:48:43.497953+00:00
soccer_E0_2425_2025-03-08_CrystalPalace_Ipswich,soccer,EPL,2024-25,,2025-03-08,Crystal Palace,Ipswich,1,0,H,1.48,6.74,4.55,,,football-data.co.uk,2026-09-10T16:48:43.497953+00:00
soccer_E0_2425_2025-03-08_Liverpool_Southampton,soccer,EPL,2024-25,,2025-03-08,Liverpool,Southampton,3,1,H,1.12,19.5,9.97,,,football-data.co.uk,2026-09-10T16:48:43.497953+00:00
soccer_E0_2425_2025-03-08_Nott'mForest_ManCity,soccer,EPL,2024-25,,2025-03-08,Nott'm Forest,Man City,1,0,H,3.88,1.89,3.89,,,football-data.co.uk,2026-09-10T16:48:43.497953+00:00
soccer_E0_2425_2025-03-08_Wolves_Everton,soccer,EPL,2024-25,,2025-03-08,Wolves,Everton,1,1,D,2.63,2.87,3.14,,,football-data.co.uk,2026-09-10T16:48:43.497953+00:00
soccer_E0_2425_2025-03-09_Chelsea_Leicester,soccer,EPL,2024-25,,2025-03-09,Chelsea,Leicester,1,0,H,1.2,12.34,7.67,,,football-data.co.uk,2026-09-10T16:48:43.497953+00:00
soccer_E0_2425_2025-03-09_ManUnited_Arsenal,soccer,EPL,2024-25,,2025-03-09,Man United,Arsenal,1,1,D,5.41,1.72,3.58,,,football-data.co.uk,2026-09-10T16:48:43.497953+00:00
soccer_E0_2425_2025-03-09_Tottenham_Bournemouth,soccer,EPL,2024-25,,2025-03-09,Tottenham,Bournemouth,2,2,D,2.71,2.4,3.88,,,football-data.co.uk,2026-09-10T16:48:43.497953+00:00
soccer_E0_2425_2025-03-10_WestHam_Newcastle,soccer,EPL,2024-25,,2025-03-10,West Ham,Newcastle,0,1,A,3.21,2.19,3.57,,,football-data.co.uk,2026-09-10T16:48:43.497953+00:00
soccer_E0_2425_2025-03-15_Bournemouth_Brentford,soccer,EPL,2024-25,,2025-03-15,Bournemouth,Brentford,1,2,A,1.76,4.25,4.16,,,football-data.co.uk,2026-09-10T16:48:43.497953+00:00
soccer_E0_2425_2025-03-15_Everton_WestHam,soccer,EPL,2024-25,,2025-03-15,Everton,West Ham,1,1,D,2.11,3.81,3.27,,,football-data.co.uk,2026-09-10T16:48:43.497953+00:00
soccer_E0_2425_2025-03-15_Ipswich_Nott'mForest,soccer,EPL,2024-25,,2025-03-15,Ipswich,Nott'm Forest,2,4,A,3.8,1.99,3.59,,,football-data.co.uk,2026-09-10T16:48:43.497953+00:00
soccer_E0_2425_2025-03-15_ManCity_Brighton,soccer,EPL,2024-25,,2025-03-15,Man City,Brighton,2,2,D,1.66,4.63,4.45,,,football-data.co.uk,2026-09-10T16:48:43.497953+00:00
soccer_E0_2425_2025-03-15_Southampton_Wolves,soccer,EPL,2024-25,,2025-03-15,Southampton,Wolves,1,2,A,3.63,2.06,3.51,,,football-data.co.uk,2026-09-10T16:48:43.497953+00:00
soccer_E0_2425_2025-03-16_Arsenal_Chelsea,soccer,EPL,2024-25,,2025-03-16,Arsenal,Chelsea,1,0,H,1.81,4.44,3.74,,,football-data.co.uk,2026-09-10T16:48:43.497953+00:00
soccer_E0_2425_2025-03-16_Fulham_Tottenham,soccer,EPL,2024-25,,2025-03-16,Fulham,Tottenham,2,0,H,2.01,3.48,3.84,,,football-data.co.uk,2026-09-10T16:48:43.497953+00:00
soccer_E0_2425_2025-03-16_Leicester_ManUnited,soccer,EPL,2024-25,,2025-03-16,Leicester,Man United,0,3,A,4.21,1.84,3.76,,,football-data.co.uk,2026-09-10T16:48:43.497953+00:00
soccer_E0_2425_2025-04-01_Arsenal_Fulham,soccer,EPL,2024-25,,2025-04-01,Arsenal,Fulham,2,1,H,1.48,7.73,4.2,,,football-data.co.uk,2026-09-10T16:48:43.497953+00:00
soccer_E0_2425_2025-04-01_Nott'mForest_ManUnited,soccer,EPL,2024-25,,2025-04-01,Nott'm Forest,Man United,1,0,H,2.32,3.13,3.42,,,football-data.co.uk,2026-09-10T16:48:43.497953+00:00
soccer_E0_2425_2025-04-01_Wolves_WestHam,soccer,EPL,2024-25,,2025-04-01,Wolves,West Ham,1,0,H,2.57,2.92,3.2,,,football-data.co.uk,2026-09-10T16:48:43.497953+00:00
soccer_E0_2425_2025-04-02_Bournemouth_Ipswich,soccer,EPL,2024-25,,2025-04-02,Bournemouth,Ipswich,1,2,A,1.38,7.72,5.23,,,football-data.co.uk,2026-09-10T16:48:43.497953+00:00
soccer_E0_2425_2025-04-02_Brighton_AstonVilla,soccer,EPL,2024-25,,2025-04-02,Brighton,Aston Villa,0,3,A,2.09,3.27,3.81,,,football-data.co.uk,2026-09-10T16:48:43.497953+00:00
soccer_E0_2425_2025-04-02_Liverpool_Everton,soccer,EPL,2024-25,,2025-04-02,Liverpool,Everton,1,0,H,1.36,8.78,5.02,,,football-data.co.uk,2026-09-10T16:48:43.497953+00:00
soccer_E0_2425_2025-04-02_ManCity_Leicester,soccer,EPL,2024-25,,2025-04-02,Man City,Leicester,2,0,H,1.2,12.4,7.61,,,football-data.co.uk,2026-09-10T16:48:43.497953+00:00
soccer_E0_2425_2025-04-02_Newcastle_Brentford,soccer,EPL,2024-25,,2025-04-02,Newcastle,Brentford,2,1,H,1.73,4.21,4.31,,,football-data.co.uk,2026-09-10T16:48:43.497953+00:00
soccer_E0_2425_2025-04-02_Southampton_CrystalPalace,soccer,EPL,2024-25,,2025-04-02,Southampton,Crystal Palace,1,1,D,5.5,1.62,4.01,,,football-data.co.uk,2026-09-10T16:48:43.497953+00:00
soccer_E0_2425_2025-04-03_Chelsea_Tottenham,soccer,EPL,2024-25,,2025-04-03,Chelsea,Tottenham,1,0,H,1.64,4.57,4.5,,,football-data.co.uk,2026-09-10T16:48:43.497953+00:00
soccer_E0_2425_2025-04-05_AstonVilla_Nott'mForest,soccer,EPL,2024-25,,2025-04-05,Aston Villa,Nott'm Forest,2,1,H,1.99,3.72,3.63,,,football-data.co.uk,2026-09-10T16:48:43.497953+00:00
soccer_E0_2425_2025-04-05_CrystalPalace_Brighton,soccer,EPL,2024-25,,2025-04-05,Crystal Palace,Brighton,2,1,H,2.43,2.87,3.46,,,football-data.co.uk,2026-09-10T16:48:43.497953+00:00
soccer_E0_2425_2025-04-05_Everton_Arsenal,soccer,EPL,2024-25,,2025-04-05,Everton,Arsenal,1,1,D,5.15,1.78,3.44,,,football-data.co.uk,2026-09-10T16:48:43.497953+00:00
soccer_E0_2425_2025-04-05_Ipswich_Wolves,soccer,EPL,2024-25,,2025-04-05,Ipswich,Wolves,1,2,A,2.74,2.65,3.28,,,football-data.co.uk,2026-09-10T16:48:43.497953+00:00
soccer_E0_2425_2025-04-05_WestHam_Bournemouth,soccer,EPL,2024-25,,2025-04-05,West Ham,Bournemouth,2,2,D,3.04,2.34,3.47,,,football-data.co.uk,2026-09-10T16:48:43.497953+00:00
soccer_E0_2425_2025-04-06_Brentford_Chelsea,soccer,EPL,2024-25,,2025-04-06,Brentford,Chelsea,0,0,D,3.2,2.15,3.73,,,football-data.co.uk,2026-09-10T16:48:43.497953+00:00
soccer_E0_2425_2025-04-06_Fulham_Liverpool,soccer,EPL,2024-25,,2025-04-06,Fulham,Liverpool,3,2,H,4.24,1.86,3.7,,,football-data.co.uk,2026-09-10T16:48:43.497953+00:00
soccer_E0_2425_2025-04-06_ManUnited_ManCity,soccer,EPL,2024-25,,2025-04-06,Man United,Man City,0,0,D,3.33,2.13,3.61,,,football-data.co.uk,2026-09-10T16:48:43.497953+00:00
soccer_E0_2425_2025-04-06_Tottenham_Southampton,soccer,EPL,2024-25,,2025-04-06,Tottenham,Southampton,3,1,H,1.39,7.12,5.32,,,football-data.co.uk,2026-09-10T16:48:43.497953+00:00
soccer_E0_2425_2025-04-07_Leicester_Newcastle,soccer,EPL,2024-25,,2025-04-07,Leicester,Newcastle,0,3,A,6.4,1.5,4.44,,,football-data.co.uk,2026-09-10T16:48:43.497953+00:00
soccer_E0_2425_2025-04-12_Arsenal_Brentford,soccer,EPL,2024-25,,2025-04-12,Arsenal,Brentford,1,1,D,1.61,5.35,4.16,,,football-data.co.uk,2026-09-10T16:48:43.497953+00:00
soccer_E0_2425_2025-04-12_Brighton_Leicester,soccer,EPL,2024-25,,2025-04-12,Brighton,Leicester,2,2,D,1.27,10.98,5.89,,,football-data.co.uk,2026-09-10T16:48:43.497953+00:00
soccer_E0_2425_2025-04-12_ManCity_CrystalPalace,soccer,EPL,2024-25,,2025-04-12,Man City,Crystal Palace,5,2,H,1.5,5.95,4.7,,,football-data.co.uk,2026-09-10T16:48:43.497953+00:00
soccer_E0_2425_2025-04-12_Nott'mForest_Everton,soccer,EPL,2024-25,,2025-04-12,Nott'm Forest,Everton,0,1,A,2.11,3.67,3.33,,,football-data.co.uk,2026-09-10T16:48:43.497953+00:00
soccer_E0_2425_2025-04-12_Southampton_AstonVilla,soccer,EPL,2024-25,,2025-04-12,Southampton,Aston Villa,0,3,A,5.65,1.55,4.42,,,football-data.co.uk,2026-09-10T16:48:43.497953+00:00
soccer_E0_2425_2025-04-13_Chelsea_Ipswich,soccer,EPL,2024-25,,2025-04-13,Chelsea,Ipswich,2,2,D,1.25,9.7,6.57,,,football-data.co.uk,2026-09-10T16:48:43.497953+00:00
soccer_E0_2425_2025-04-13_Liverpool_WestHam,soccer,EPL,2024-25,,2025-04-13,Liverpool,West Ham,2,1,H,1.3,9.45,5.89,,,football-data.co.uk,2026-09-10T16:48:43.497953+00:00
soccer_E0_2425_2025-04-13_Newcastle_ManUnited,soccer,EPL,2024-25,,2025-04-13,Newcastle,Man United,4,1,H,1.65,4.73,4.21,,,football-data.co.uk,2026-09-10T16:48:43.497953+00:00
soccer_E0_2425_2025-04-13_Wolves_Tottenham,soccer,EPL,2024-25,,2025-04-13,Wolves,Tottenham,4,2,H,2.23,3.14,3.55,,,football-data.co.uk,2026-09-10T16:48:43.497953+00:00
soccer_E0_2425_2025-04-14_Bournemouth_Fulham,soccer,EPL,2024-25,,2025-04-14,Bournemouth,Fulham,1,0,H,2.15,3.3,3.58,,,football-data.co.uk,2026-09-10T16:48:43.497953+00:00
soccer_E0_2425_2025-04-16_Newcastle_CrystalPalace,soccer,EPL,2024-25,,2025-04-16,Newcastle,Crystal Palace,5,0,H,1.71,4.75,3.96,,,football-data.co.uk,2026-09-10T16:48:43.497953+00:00
soccer_E0_2425_2025-04-19_AstonVilla_Newcastle,soccer,EPL,2024-25,,2025-04-19,Aston Villa,Newcastle,4,1,H,2.36,2.85,3.63,,,football-data.co.uk,2026-09-10T16:48:43.497953+00:00
soccer_E0_2425_2025-04-19_Brentford_Brighton,soccer,EPL,2024-25,,2025-04-19,Brentford,Brighton,4,2,H,2.5,2.7,3.61,,,football-data.co.uk,2026-09-10T16:48:43.497953+00:00
soccer_E0_2425_2025-04-19_CrystalPalace_Bournemouth,soccer,EPL,2024-25,,2025-04-19,Crystal Palace,Bournemouth,0,0,D,2.54,2.69,3.54,,,football-data.co.uk,2026-09-10T16:48:43.497953+00:00
soccer_E0_2425_2025-04-19_Everton_ManCity,soccer,EPL,2024-25,,2025-04-19,Everton,Man City,0,2,A,3.8,1.96,3.65,,,football-data.co.uk,2026-09-10T16:48:43.497953+00:00
soccer_E0_2425_2025-04-19_WestHam_Southampton,soccer,EPL,2024-25,,2025-04-19,West Ham,Southampton,1,1,D,1.49,6.44,4.49,,,football-data.co.uk,2026-09-10T16:48:43.497953+00:00
soccer_E0_2425_2025-04-20_Fulham_Chelsea,soccer,EPL,2024-25,,2025-04-20,Fulham,Chelsea,1,2,A,2.82,2.43,3.52,,,football-data.co.uk,2026-09-10T16:48:43.497953+00:00
soccer_E0_2425_2025-04-20_Ipswich_Arsenal,soccer,EPL,2024-25,,2025-04-20,Ipswich,Arsenal,0,4,A,7.83,1.4,4.81,,,football-data.co.uk,2026-09-10T16:48:43.497953+00:00
soccer_E0_2425_2025-04-20_Leicester_Liverpool,soccer,EPL,2024-25,,2025-04-20,Leicester,Liverpool,0,1,A,11.76,1.23,6.63,,,football-data.co.uk,2026-09-10T16:48:43.497953+00:00
soccer_E0_2425_2025-04-20_ManUnited_Wolves,soccer,EPL,2024-25,,2025-04-20,Man United,Wolves,0,1,A,2.0,3.72,3.58,,,football-data.co.uk,2026-09-10T16:48:43.497953+00:00
soccer_E0_2425_2025-04-21_Tottenham_Nott'mForest,soccer,EPL,2024-25,,2025-04-21,Tottenham,Nott'm Forest,1,2,A,2.47,2.66,3.71,,,football-data.co.uk,2026-09-10T16:48:43.497953+00:00
soccer_E0_2425_2025-04-22_ManCity_AstonVilla,soccer,EPL,2024-25,,2025-04-22,Man City,Aston Villa,2,1,H,1.85,3.93,4.06,,,football-data.co.uk,2026-09-10T16:48:43.497953+00:00
soccer_E0_2425_2025-04-23_Arsenal_CrystalPalace,soccer,EPL,2024-25,,2025-04-23,Arsenal,Crystal Palace,2,2,D,1.41,8.13,4.66,,,football-data.co.uk,2026-09-10T16:48:43.497953+00:00
soccer_E0_2425_2025-04-26_Brighton_WestHam,soccer,EPL,2024-25,,2025-04-26,Brighton,West Ham,3,2,H,1.67,4.76,4.14,,,football-data.co.uk,2026-09-10T16:48:43.497953+00:00
soccer_E0_2425_2025-04-26_Chelsea_Everton,soccer,EPL,2024-25,,2025-04-26,Chelsea,Everton,1,0,H,1.58,5.91,4.08,,,football-data.co.uk,2026-09-10T16:48:43.497953+00:00
soccer_E0_2425_2025-04-26_Newcastle_Ipswich,soccer,EPL,2024-25,,2025-04-26,Newcastle,Ipswich,3,0,H,1.18,14.89,7.72,,,football-data.co.uk,2026-09-10T16:48:43.497953+00:00
soccer_E0_2425_2025-04-26_Southampton_Fulham,soccer,EPL,2024-25,,2025-04-26,Southampton,Fulham,1,2,A,5.17,1.64,4.11,,,football-data.co.uk,2026-09-10T16:48:43.497953+00:00
soccer_E0_2425_2025-04-26_Wolves_Leicester,soccer,EPL,2024-25,,2025-04-26,Wolves,Leicester,3,0,H,1.51,6.24,4.38,,,football-data.co.uk,2026-09-10T16:48:43.497953+00:00
soccer_E0_2425_2025-04-27_Bournemouth_ManUnited,soccer,EPL,2024-25,,2025-04-27,Bournemouth,Man United,1,1,D,1.67,4.77,4.13,,,football-data.co.uk,2026-09-10T16:48:43.497953+00:00
soccer_E0_2425_2025-04-27_Liverpool_Tottenham,soccer,EPL,2024-25,,2025-04-27,Liverpool,Tottenham,5,1,H,1.25,9.98,6.57,,,football-data.co.uk,2026-09-10T16:48:43.497953+00:00
soccer_E0_2425_2025-05-01_Nott'mForest_Brentford,soccer,EPL,2024-25,,2025-05-01,Nott'm Forest,Brentford,0,2,A,2.17,3.27,3.55,,,football-data.co.uk,2026-09-10T16:48:43.497953+00:00
soccer_E0_2425_2025-05-02_ManCity_Wolves,soccer,EPL,2024-25,,2025-05-02,Man City,Wolves,1,0,H,1.4,7.49,5.14,,,football-data.co.uk,2026-09-10T16:48:43.497953+00:00
soccer_E0_2425_2025-05-03_Arsenal_Bournemouth,soccer,EPL,2024-25,,2025-05-03,Arsenal,Bournemouth,1,2,A,2.08,3.47,3.6,,,football-data.co.uk,2026-09-10T16:48:43.497953+00:00
soccer_E0_2425_2025-05-03_AstonVilla_Fulham,soccer,EPL,2024-25,,2025-05-03,Aston Villa,Fulham,1,0,H,1.79,4.32,3.88,,,football-data.co.uk,2026-09-10T16:48:43.497953+00:00
soccer_E0_2425_2025-05-03_Everton_Ipswich,soccer,EPL,2024-25,,2025-05-03,Everton,Ipswich,2,2,D,1.47,7.07,4.4,,,football-data.co.uk,2026-09-10T16:48:43.497953+00:00
soccer_E0_2425_2025-05-03_Leicester_Southampton,soccer,EPL,2024-25,,2025-05-03,Leicester,Southampton,2,0,H,2.33,2.93,3.62,,,football-data.co.uk,2026-09-10T16:48:43.497953+00:00
soccer_E0_2425_2025-05-04_Brentford_ManUnited,soccer,EPL,2024-25,,2025-05-04,Brentford,Man United,4,3,H,1.67,4.74,4.14,,,football-data.co.uk,2026-09-10T16:48:43.497953+00:00
soccer_E0_2425_2025-05-04_Brighton_Newcastle,soccer,EPL,2024-25,,2025-05-04,Brighton,Newcastle,1,1,D,2.86,2.31,3.77,,,football-data.co.uk,2026-09-10T16:48:43.497953+00:00
soccer_E0_2425_2025-05-04_Chelsea_Liverpool,soccer,EPL,2024-25,,2025-05-04,Chelsea,Liverpool,3,1,H,2.18,3.14,3.71,,,football-data.co.uk,2026-09-10T16:48:43.497953+00:00
soccer_E0_2425_2025-05-04_WestHam_Tottenham,soccer,EPL,2024-25,,2025-05-04,West Ham,Tottenham,1,1,D,2.1,3.31,3.73,,,football-data.co.uk,2026-09-10T16:48:43.497953+00:00
soccer_E0_2425_2025-05-05_CrystalPalace_Nott'mForest,soccer,EPL,2024-25,,2025-05-05,Crystal Palace,Nott'm Forest,1,1,D,2.29,3.15,3.38,,,football-data.co.uk,2026-09-10T16:48:43.497953+00:00
soccer_E0_2425_2025-05-10_Bournemouth_AstonVilla,soccer,EPL,2024-25,,2025-05-10,Bournemouth,Aston Villa,0,1,A,2.45,2.71,3.68,,,football-data.co.uk,2026-09-10T16:48:43.497953+00:00
soccer_E0_2425_2025-05-10_Fulham_Everton,soccer,EPL,2024-25,,2025-05-10,Fulham,Everton,1,3,A,1.87,4.32,3.55,,,football-data.co.uk,2026-09-10T16:48:43.497953+00:00
soccer_E0_2425_2025-05-10_Ipswich_Brentford,soccer,EPL,2024-25,,2025-05-10,Ipswich,Brentford,0,1,A,4.94,1.65,4.2,,,football-data.co.uk,2026-09-10T16:48:43.497953+00:00
soccer_E0_2425_2025-05-10_Southampton_ManCity,soccer,EPL,2024-25,,2025-05-10,Southampton,Man City,0,0,D,13.37,1.19,7.58,,,football-data.co.uk,2026-09-10T16:48:43.497953+00:00
soccer_E0_2425_2025-05-10_Wolves_Brighton,soccer,EPL,2024-25,,2025-05-10,Wolves,Brighton,0,2,A,2.73,2.54,3.47,,,football-data.co.uk,2026-09-10T16:48:43.497953+00:00
soccer_E0_2425_2025-05-11_Liverpool_Arsenal,soccer,EPL,2024-25,,2025-05-11,Liverpool,Arsenal,2,2,D,2.06,3.57,3.54,,,football-data.co.uk,2026-09-10T16:48:43.497953+00:00
soccer_E0_2425_2025-05-11_ManUnited_WestHam,soccer,EPL,2024-25,,2025-05-11,Man United,West Ham,0,2,A,1.92,3.83,3.72,,,football-data.co.uk,2026-09-10T16:48:43.497953+00:00
soccer_E0_2425_2025-05-11_Newcastle_Chelsea,soccer,EPL,2024-25,,2025-05-11,Newcastle,Chelsea,2,0,H,2.13,3.18,3.76,,,football-data.co.uk,2026-09-10T16:48:43.497953+00:00
soccer_E0_2425_2025-05-11_Nott'mForest_Leicester,soccer,EPL,2024-25,,2025-05-11,Nott'm Forest,Leicester,2,2,D,1.33,8.83,5.34,,,football-data.co.uk,2026-09-10T16:48:43.497953+00:00
soccer_E0_2425_2025-05-11_Tottenham_CrystalPalace,soccer,EPL,2024-25,,2025-05-11,Tottenham,Crystal Palace,0,2,A,2.65,2.5,3.68,,,football-data.co.uk,2026-09-10T16:48:43.497953+00:00
soccer_E0_2425_2025-05-16_AstonVilla_Tottenham,soccer,EPL,2024-25,,2025-05-16,Aston Villa,Tottenham,2,0,H,1.32,8.45,5.95,,,football-data.co.uk,2026-09-10T16:48:43.497953+00:00
soccer_E0_2425_2025-05-16_Chelsea_ManUnited,soccer,EPL,2024-25,,2025-05-16,Chelsea,Man United,1,0,H,1.46,6.51,4.9,,,football-data.co.uk,2026-09-10T16:48:43.497953+00:00
soccer_E0_2425_2025-05-18_Arsenal_Newcastle,soccer,EPL,2024-25,,2025-05-18,Arsenal,Newcastle,1,0,H,2.01,3.7,3.59,,,football-data.co.uk,2026-09-10T16:48:43.497953+00:00
soccer_E0_2425_2025-05-18_Brentford_Fulham,soccer,EPL,2024-25,,2025-05-18,Brentford,Fulham,2,3,A,1.93,3.64,3.9,,,football-data.co.uk,2026-09-10T16:48:43.497953+00:00
soccer_E0_2425_2025-05-18_Everton_Southampton,soccer,EPL,2024-25,,2025-05-18,Everton,Southampton,2,0,H,1.4,7.93,4.79,,,football-data.co.uk,2026-09-10T16:48:43.497953+00:00
soccer_E0_2425_2025-05-18_Leicester_Ipswich,soccer,EPL,2024-25,,2025-05-18,Leicester,Ipswich,2,0,H,2.33,2.94,3.59,,,football-data.co.uk,2026-09-10T16:48:43.497953+00:00
soccer_E0_2425_2025-05-18_WestHam_Nott'mForest,soccer,EPL,2024-25,,2025-05-18,West Ham,Nott'm Forest,1,2,A,2.8,2.53,3.4,,,football-data.co.uk,2026-09-10T16:48:43.497953+00:00
soccer_E0_2425_2025-05-19_Brighton_Liverpool,soccer,EPL,2024-25,,2025-05-19,Brighton,Liverpool,3,2,H,2.63,2.46,3.82,,,football-data.co.uk,2026-09-10T16:48:43.497953+00:00
soccer_E0_2425_2025-05-20_CrystalPalace_Wolves,soccer,EPL,2024-25,,2025-05-20,Crystal Palace,Wolves,4,2,H,2.27,3.26,3.32,,,football-data.co.uk,2026-09-10T16:48:43.497953+00:00
soccer_E0_2425_2025-05-20_ManCity_Bournemouth,soccer,EPL,2024-25,,2025-05-20,Man City,Bournemouth,3,1,H,1.55,5.49,4.51,,,football-data.co.uk,2026-09-10T16:48:43.497953+00:00
soccer_E0_2425_2025-05-25_Bournemouth_Leicester,soccer,EPL,2024-25,,2025-05-25,Bournemouth,Leicester,2,0,H,1.33,8.35,5.61,,,football-data.co.uk,2026-09-10T16:48:43.497953+00:00
soccer_E0_2425_2025-05-25_Fulham_ManCity,soccer,EPL,2024-25,,2025-05-25,Fulham,Man City,0,2,A,5.15,1.61,4.28,,,football-data.co.uk,2026-09-10T16:48:43.497953+00:00
soccer_E0_2425_2025-05-25_Ipswich_WestHam,soccer,EPL,2024-25,,2025-05-25,Ipswich,West Ham,1,3,A,2.99,2.21,3.85,,,football-data.co.uk,2026-09-10T16:48:43.497953+00:00
soccer_E0_2425_2025-05-25_Liverpool_CrystalPalace,soccer,EPL,2024-25,,2025-05-25,Liverpool,Crystal Palace,1,1,D,1.4,6.27,5.65,,,football-data.co.uk,2026-09-10T16:48:43.497953+00:00
soccer_E0_2425_2025-05-25_ManUnited_AstonVilla,soccer,EPL,2024-25,,2025-05-25,Man United,Aston Villa,2,0,H,4.37,1.73,4.16,,,football-data.co.uk,2026-09-10T16:48:43.497953+00:00
soccer_E0_2425_2025-05-25_Newcastle_Everton,soccer,EPL,2024-25,,2025-05-25,Newcastle,Everton,0,1,A,1.32,8.77,5.6,,,football-data.co.uk,2026-09-10T16:48:43.497953+00:00
soccer_E0_2425_2025-05-25_Nott'mForest_Chelsea,soccer,EPL,2024-25,,2025-05-25,Nott'm Forest,Chelsea,0,1,A,3.09,2.2,3.72,,,football-data.co.uk,2026-09-10T16:48:43.497953+00:00
soccer_E0_2425_2025-05-25_Southampton_Arsenal,soccer,EPL,2024-25,,2025-05-25,Southampton,Arsenal,1,2,A,9.45,1.29,5.83,,,football-data.co.uk,2026-09-10T16:48:43.497953+00:00
soccer_E0_2425_2025-05-25_Tottenham_Brighton,soccer,EPL,2024-25,,2025-05-25,Tottenham,Brighton,1,4,A,4.23,1.71,4.43,,,football-data.co.uk,2026-09-10T16:48:43.497953+00:00
soccer_E0_2425_2025-05-25_Wolves_Brentford,soccer,EPL,2024-25,,2025-05-25,Wolves,Brentford,1,1,D,2.71,2.43,3.76,,,football-data.co.uk,2026-09-10T16:48:43.497953+00:00
soccer_E0_2526_2025-08-15_Liverpool_Bournemouth,soccer,EPL,2025-26,,2025-08-15,Liverpool,Bournemouth,4,2,H,1.31,8.31,5.96,,,football-data.co.uk,2026-09-10T16:48:43.497953+00:00
soccer_E0_2526_2025-08-16_AstonVilla_Newcastle,soccer,EPL,2025-26,,2025-08-16,Aston Villa,Newcastle,0,0,D,2.3,2.94,3.56,,,football-data.co.uk,2026-09-10T16:48:43.497953+00:00
soccer_E0_2526_2025-08-16_Brighton_Fulham,soccer,EPL,2025-26,,2025-08-16,Brighton,Fulham,1,1,D,1.92,3.91,3.62,,,football-data.co.uk,2026-09-10T16:48:43.497953+00:00
soccer_E0_2526_2025-08-16_Sunderland_WestHam,soccer,EPL,2025-26,,2025-08-16,Sunderland,West Ham,3,0,H,3.17,2.26,3.38,,,football-data.co.uk,2026-09-10T16:48:43.497953+00:00
soccer_E0_2526_2025-08-16_Tottenham_Burnley,soccer,EPL,2025-26,,2025-08-16,Tottenham,Burnley,3,0,H,1.37,8.3,4.8,,,football-data.co.uk,2026-09-10T16:48:43.497953+00:00
soccer_E0_2526_2025-08-16_Wolves_ManCity,soccer,EPL,2025-26,,2025-08-16,Wolves,Man City,0,4,A,6.73,1.44,4.73,,,football-data.co.uk,2026-09-10T16:48:43.497953+00:00
soccer_E0_2526_2025-08-17_Chelsea_CrystalPalace,soccer,EPL,2025-26,,2025-08-17,Chelsea,Crystal Palace,0,0,D,1.61,5.08,4.21,,,football-data.co.uk,2026-09-10T16:48:43.497953+00:00
soccer_E0_2526_2025-08-17_ManUnited_Arsenal,soccer,EPL,2025-26,,2025-08-17,Man United,Arsenal,0,1,A,3.57,2.01,3.56,,,football-data.co.uk,2026-09-10T16:48:43.497953+00:00
soccer_E0_2526_2025-08-17_Nott'mForest_Brentford,soccer,EPL,2025-26,,2025-08-17,Nott'm Forest,Brentford,3,1,H,2.15,3.43,3.36,,,football-data.co.uk,2026-09-10T16:48:43.497953+00:00
soccer_E0_2526_2025-08-18_Leeds_Everton,soccer,EPL,2025-26,,2025-08-18,Leeds,Everton,1,0,H,2.39,2.96,3.29,,,football-data.co.uk,2026-09-10T16:48:43.497953+00:00
soccer_E0_2526_2025-08-22_WestHam_Chelsea,soccer,EPL,2025-26,,2025-08-22,West Ham,Chelsea,1,5,A,4.68,1.71,3.88,,,football-data.co.uk,2026-09-10T16:48:43.497953+00:00
soccer_E0_2526_2025-08-23_Arsenal_Leeds,soccer,EPL,2025-26,,2025-08-23,Arsenal,Leeds,5,0,H,1.27,10.61,5.93,,,football-data.co.uk,2026-09-10T16:48:43.497953+00:00
soccer_E0_2526_2025-08-23_Bournemouth_Wolves,soccer,EPL,2025-26,,2025-08-23,Bournemouth,Wolves,1,0,H,1.79,4.24,3.88,,,football-data.co.uk,2026-09-10T16:48:43.497953+00:00
soccer_E0_2526_2025-08-23_Brentford_AstonVilla,soccer,EPL,2025-26,,2025-08-23,Brentford,Aston Villa,1,0,H,3.11,2.21,3.53,,,football-data.co.uk,2026-09-10T16:48:43.497953+00:00
soccer_E0_2526_2025-08-23_Burnley_Sunderland,soccer,EPL,2025-26,,2025-08-23,Burnley,Sunderland,2,0,H,2.25,3.42,3.16,,,football-data.co.uk,2026-09-10T16:48:43.497953+00:00
soccer_E0_2526_2025-08-23_ManCity_Tottenham,soccer,EPL,2025-26,,2025-08-23,Man City,Tottenham,0,2,A,1.48,6.08,4.7,,,football-data.co.uk,2026-09-10T16:48:43.497953+00:00
soccer_E0_2526_2025-08-24_CrystalPalace_Nott'mForest,soccer,EPL,2025-26,,2025-08-24,Crystal Palace,Nott'm Forest,1,1,D,2.35,3.07,3.26,,,football-data.co.uk,2026-09-10T16:48:43.497953+00:00
soccer_E0_2526_2025-08-24_Everton_Brighton,soccer,EPL,2025-26,,2025-08-24,Everton,Brighton,2,0,H,3.08,2.32,3.3,,,football-data.co.uk,2026-09-10T16:48:43.497953+00:00
soccer_E0_2526_2025-08-24_Fulham_ManUnited,soccer,EPL,2025-26,,2025-08-24,Fulham,Man United,1,1,D,3.27,2.13,3.53,,,football-data.co.uk,2026-09-10T16:48:43.497953+00:00
soccer_E0_2526_2025-08-25_Newcastle_Liverpool,soccer,EPL,2025-26,,2025-08-25,Newcastle,Liverpool,2,3,A,3.3,2.02,3.83,,,football-data.co.uk,2026-09-10T16:48:43.497953+00:00
soccer_E0_2526_2025-08-30_Chelsea_Fulham,soccer,EPL,2025-26,,2025-08-30,Chelsea,Fulham,2,0,H,1.55,5.6,4.35,,,football-data.co.uk,2026-09-10T16:48:43.497953+00:00
soccer_E0_2526_2025-08-30_Leeds_Newcastle,soccer,EPL,2025-26,,2025-08-30,Leeds,Newcastle,0,0,D,3.37,2.12,3.49,,,football-data.co.uk,2026-09-10T16:48:43.497953+00:00
soccer_E0_2526_2025-08-30_ManUnited_Burnley,soccer,EPL,2025-26,,2025-08-30,Man United,Burnley,3,2,H,1.35,8.28,5.15,,,football-data.co.uk,2026-09-10T16:48:43.497953+00:00
soccer_E0_2526_2025-08-30_Sunderland_Brentford,soccer,EPL,2025-26,,2025-08-30,Sunderland,Brentford,2,1,H,2.92,2.46,3.27,,,football-data.co.uk,2026-09-10T16:48:43.497953+00:00
soccer_E0_2526_2025-08-30_Tottenham_Bournemouth,soccer,EPL,2025-26,,2025-08-30,Tottenham,Bournemouth,0,1,A,1.73,4.29,4.06,,,football-data.co.uk,2026-09-10T16:48:43.497953+00:00
soccer_E0_2526_2025-08-30_Wolves_Everton,soccer,EPL,2025-26,,2025-08-30,Wolves,Everton,2,3,A,2.66,2.74,3.19,,,football-data.co.uk,2026-09-10T16:48:43.497953+00:00
soccer_E0_2526_2025-08-31_AstonVilla_CrystalPalace,soccer,EPL,2025-26,,2025-08-31,Aston Villa,Crystal Palace,0,3,A,1.88,4.07,3.56,,,football-data.co.uk,2026-09-10T16:48:43.497953+00:00
soccer_E0_2526_2025-08-31_Brighton_ManCity,soccer,EPL,2025-26,,2025-08-31,Brighton,Man City,2,1,H,3.78,1.85,3.84,,,football-data.co.uk,2026-09-10T16:48:43.497953+00:00
soccer_E0_2526_2025-08-31_Liverpool_Arsenal,soccer,EPL,2025-26,,2025-08-31,Liverpool,Arsenal,1,0,H,2.2,3.17,3.49,,,football-data.co.uk,2026-09-10T16:48:43.497953+00:00
soccer_E0_2526_2025-08-31_Nott'mForest_WestHam,soccer,EPL,2025-26,,2025-08-31,Nott'm Forest,West Ham,0,3,A,1.69,5.03,3.74,,,football-data.co.uk,2026-09-10T16:48:43.497953+00:00
soccer_E0_2526_2025-09-13_Arsenal_Nott'mForest,soccer,EPL,2025-26,,2025-09-13,Arsenal,Nott'm Forest,3,0,H,1.38,8.16,4.85,,,football-data.co.uk,2026-09-10T16:48:43.497953+00:00
soccer_E0_2526_2025-09-13_Bournemouth_Brighton,soccer,EPL,2025-26,,2025-09-13,Bournemouth,Brighton,2,1,H,2.38,2.87,3.5,,,football-data.co.uk,2026-09-10T16:48:43.497953+00:00
soccer_E0_2526_2025-09-13_Brentford_Chelsea,soccer,EPL,2025-26,,2025-09-13,Brentford,Chelsea,2,2,D,4.54,1.73,3.92,,,football-data.co.uk,2026-09-10T16:48:43.497953+00:00
soccer_E0_2526_2025-09-13_CrystalPalace_Sunderland,soccer,EPL,2025-26,,2025-09-13,Crystal Palace,Sunderland,0,0,D,1.66,5.42,3.76,,,football-data.co.uk,2026-09-10T16:48:43.497953+00:00
soccer_E0_2526_2025-09-13_Everton_AstonVilla,soccer,EPL,2025-26,,2025-09-13,Everton,Aston Villa,0,0,D,2.44,2.95,3.27,,,football-data.co.uk,2026-09-10T16:48:43.497953+00:00
soccer_E0_2526_2025-09-13_Fulham_Leeds,soccer,EPL,2025-26,,2025-09-13,Fulham,Leeds,1,0,H,1.96,3.89,3.51,,,football-data.co.uk,2026-09-10T16:48:43.497953+00:00
soccer_E0_2526_2025-09-13_Newcastle_Wolves,soccer,EPL,2025-26,,2025-09-13,Newcastle,Wolves,1,0,H,1.43,7.45,4.62,,,football-data.co.uk,2026-09-10T16:48:43.497953+00:00
soccer_E0_2526_2025-09-13_WestHam_Tottenham,soccer,EPL,2025-26,,2025-09-13,West Ham,Tottenham,0,3,A,3.36,2.1,3.56,,,football-data.co.uk,2026-09-10T16:48:43.497953+00:00
soccer_E0_2526_2025-09-14_Burnley_Liverpool,soccer,EPL,2025-26,,2025-09-14,Burnley,Liverpool,0,1,A,8.6,1.33,5.43,,,football-data.co.uk,2026-09-10T16:48:43.497953+00:00
soccer_E0_2526_2025-09-14_ManCity_ManUnited,soccer,EPL,2025-26,,2025-09-14,Man City,Man United,3,0,H,1.76,4.19,3.99,,,football-data.co.uk,2026-09-10T16:48:43.497953+00:00
soccer_E0_2526_2025-09-20_Brighton_Tottenham,soccer,EPL,2025-26,,2025-09-20,Brighton,Tottenham,2,2,D,2.25,3.0,3.61,,,football-data.co.uk,2026-09-10T16:48:43.497953+00:00
soccer_E0_2526_2025-09-20_Burnley_Nott'mForest,soccer,EPL,2025-26,,2025-09-20,Burnley,Nott'm Forest,1,1,D,3.36,2.18,3.37,,,football-data.co.uk,2026-09-10T16:48:43.497953+00:00
soccer_E0_2526_2025-09-20_Fulham_Brentford,soccer,EPL,2025-26,,2025-09-20,Fulham,Brentford,3,1,H,2.02,3.69,3.48,,,football-data.co.uk,2026-09-10T16:48:43.497953+00:00
soccer_E0_2526_2025-09-20_Liverpool_Everton,soccer,EPL,2025-26,,2025-09-20,Liverpool,Everton,2,1,H,1.45,6.7,4.65,,,football-data.co.uk,2026-09-10T16:48:43.497953+00:00
soccer_E0_2526_2025-09-20_ManUnited_Chelsea,soccer,EPL,2025-26,,2025-09-20,Man United,Chelsea,2,1,H,2.68,2.44,3.69,,,football-data.co.uk,2026-09-10T16:48:43.497953+00:00
soccer_E0_2526_2025-09-20_WestHam_CrystalPalace,soccer,EPL,2025-26,,2025-09-20,West Ham,Crystal Palace,1,2,A,2.98,2.37,3.36,,,football-data.co.uk,2026-09-10T16:48:43.497953+00:00
soccer_E0_2526_2025-09-20_Wolves_Leeds,soccer,EPL,2025-26,,2025-09-20,Wolves,Leeds,1,3,A,2.67,2.74,3.16,,,football-data.co.uk,2026-09-10T16:48:43.497953+00:00
soccer_E0_2526_2025-09-21_Arsenal_ManCity,soccer,EPL,2025-26,,2025-09-21,Arsenal,Man City,1,1,D,1.9,3.85,3.7,,,football-data.co.uk,2026-09-10T16:48:43.497953+00:00
soccer_E0_2526_2025-09-21_Bournemouth_Newcastle,soccer,EPL,2025-26,,2025-09-21,Bournemouth,Newcastle,0,0,D,2.44,2.78,3.45,,,football-data.co.uk,2026-09-10T16:48:43.497953+00:00
soccer_E0_2526_2025-09-21_Sunderland_AstonVilla,soccer,EPL,2025-26,,2025-09-21,Sunderland,Aston Villa,1,1,D,3.56,2.1,3.34,,,football-data.co.uk,2026-09-10T16:48:43.497953+00:00
soccer_E0_2526_2025-09-27_Brentford_ManUnited,soccer,EPL,2025-26,,2025-09-27,Brentford,Man United,3,1,H,3.4,2.02,3.77,,,football-data.co.uk,2026-09-10T16:48:43.497953+00:00
soccer_E0_2526_2025-09-27_Chelsea_Brighton,soccer,EPL,2025-26,,2025-09-27,Chelsea,Brighton,1,3,A,1.86,3.86,3.86,,,football-data.co.uk,2026-09-10T16:48:43.497953+00:00
soccer_E0_2526_2025-09-27_CrystalPalace_Liverpool,soccer,EPL,2025-26,,2025-09-27,Crystal Palace,Liverpool,2,1,H,3.82,1.91,3.72,,,football-data.co.uk,2026-09-10T16:48:43.497953+00:00
soccer_E0_2526_2025-09-27_Leeds_Bournemouth,soccer,EPL,2025-26,,2025-09-27,Leeds,Bournemouth,2,2,D,2.98,2.41,3.29,,,football-data.co.uk,2026-09-10T16:48:43.497953+00:00
soccer_E0_2526_2025-09-27_ManCity_Burnley,soccer,EPL,2025-26,,2025-09-27,Man City,Burnley,5,1,H,1.17,15.54,7.48,,,football-data.co.uk,2026-09-10T16:48:43.497953+00:00
soccer_E0_2526_2025-09-27_Nott'mForest_Sunderland,soccer,EPL,2025-26,,2025-09-27,Nott'm Forest,Sunderland,0,1,A,1.77,4.64,3.67,,,football-data.co.uk,2026-09-10T16:48:43.497953+00:00
soccer_E0_2526_2025-09-27_Tottenham_Wolves,soccer,EPL,2025-26,,2025-09-27,Tottenham,Wolves,1,1,D,1.47,6.38,4.57,,,football-data.co.uk,2026-09-10T16:48:43.497953+00:00
soccer_E0_2526_2025-09-28_AstonVilla_Fulham,soccer,EPL,2025-26,,2025-09-28,Aston Villa,Fulham,3,1,H,2.29,3.3,3.19,,,football-data.co.uk,2026-09-10T16:48:43.497953+00:00
soccer_E0_2526_2025-09-28_Newcastle_Arsenal,soccer,EPL,2025-26,,2025-09-28,Newcastle,Arsenal,1,2,A,3.51,2.12,3.32,,,football-data.co.uk,2026-09-10T16:48:43.497953+00:00
soccer_E0_2526_2025-09-29_Everton_WestHam,soccer,EPL,2025-26,,2025-09-29,Everton,West Ham,1,1,D,1.72,4.83,3.69,,,football-data.co.uk,2026-09-10T16:48:43.497953+00:00
soccer_E0_2526_2025-10-03_Bournemouth_Fulham,soccer,EPL,2025-26,,2025-10-03,Bournemouth,Fulham,3,1,H,1.97,3.85,3.5,,,football-data.co.uk,2026-09-10T16:48:43.497953+00:00
soccer_E0_2526_2025-10-04_Arsenal_WestHam,soccer,EPL,2025-26,,2025-10-04,Arsenal,West Ham,2,0,H,1.19,15.25,6.83,,,football-data.co.uk,2026-09-10T16:48:43.497953+00:00
soccer_E0_2526_2025-10-04_Chelsea_Liverpool,soccer,EPL,2025-26,,2025-10-04,Chelsea,Liverpool,2,1,H,2.87,2.28,3.7,,,football-data.co.uk,2026-09-10T16:48:43.497953+00:00
soccer_E0_2526_2025-10-04_Leeds_Tottenham,soccer,EPL,2025-26,,2025-10-04,Leeds,Tottenham,1,2,A,2.75,2.49,3.46,,,football-data.co.uk,2026-09-10T16:48:43.497953+00:00
soccer_E0_2526_2025-10-04_ManUnited_Sunderland,soccer,EPL,2025-26,,2025-10-04,Man United,Sunderland,2,0,H,1.5,5.98,4.55,,,football-data.co.uk,2026-09-10T16:48:43.497953+00:00
soccer_E0_2526_2025-10-05_AstonVilla_Burnley,soccer,EPL,2025-26,,2025-10-05,Aston Villa,Burnley,2,1,H,1.59,5.76,4.0,,,football-data.co.uk,2026-09-10T16:48:43.497953+00:00
soccer_E0_2526_2025-10-05_Brentford_ManCity,soccer,EPL,2025-26,,2025-10-05,Brentford,Man City,0,1,A,4.73,1.64,4.27,,,football-data.co.uk,2026-09-10T16:48:43.497953+00:00
soccer_E0_2526_2025-10-05_Everton_CrystalPalace,soccer,EPL,2025-26,,2025-10-05,Everton,Crystal Palace,2,1,H,2.53,2.89,3.21,,,football-data.co.uk,2026-09-10T16:48:43.497953+00:00
soccer_E0_2526_2025-10-05_Newcastle_Nott'mForest,soccer,EPL,2025-26,,2025-10-05,Newcastle,Nott'm Forest,2,0,H,1.58,5.46,4.21,,,football-data.co.uk,2026-09-10T16:48:43.497953+00:00
soccer_E0_2526_2025-10-05_Wolves_Brighton,soccer,EPL,2025-26,,2025-10-05,Wolves,Brighton,1,1,D,3.67,1.99,3.6,,,football-data.co.uk,2026-09-10T16:48:43.497953+00:00
soccer_E0_2526_2025-10-18_Brighton_Newcastle,soccer,EPL,2025-26,,2025-10-18,Brighton,Newcastle,2,1,H,2.61,2.62,3.48,,,football-data.co.uk,2026-09-10T16:48:43.497953+00:00
soccer_E0_2526_2025-10-18_Burnley_Leeds,soccer,EPL,2025-26,,2025-10-18,Burnley,Leeds,2,0,H,3.3,2.26,3.25,,,football-data.co.uk,2026-09-10T16:48:43.497953+00:00
soccer_E0_2526_2025-10-18_CrystalPalace_Bournemouth,soccer,EPL,2025-26,,2025-10-18,Crystal Palace,Bournemouth,3,3,D,2.25,3.22,3.35,,,football-data.co.uk,2026-09-10T16:48:43.497953+00:00
soccer_E0_2526_2025-10-18_Fulham_Arsenal,soccer,EPL,2025-26,,2025-10-18,Fulham,Arsenal,0,1,A,6.14,1.54,4.13,,,football-data.co.uk,2026-09-10T16:48:43.497953+00:00
soccer_E0_2526_2025-10-18_ManCity_Everton,soccer,EPL,2025-26,,2025-10-18,Man City,Everton,2,0,H,1.38,7.91,4.92,,,football-data.co.uk,2026-09-10T16:48:43.497953+00:00
soccer_E0_2526_2025-10-18_Nott'mForest_Chelsea,soccer,EPL,2025-26,,2025-10-18,Nott'm Forest,Chelsea,0,3,A,3.75,1.93,3.74,,,football-data.co.uk,2026-09-10T16:48:43.497953+00:00
soccer_E0_2526_2025-10-18_Sunderland_Wolves,soccer,EPL,2025-26,,2025-10-18,Sunderland,Wolves,2,0,H,2.46,3.13,3.07,,,football-data.co.uk,2026-09-10T16:48:43.497953+00:00
soccer_E0_2526_2025-10-19_Liverpool_ManUnited,soccer,EPL,2025-26,,2025-10-19,Liverpool,Man United,1,2,A,1.6,4.89,4.4,,,football-data.co.uk,2026-09-10T16:48:43.497953+00:00
soccer_E0_2526_2025-10-19_Tottenham_AstonVilla,soccer,EPL,2025-26,,2025-10-19,Tottenham,Aston Villa,1,2,A,2.06,3.42,3.56,,,football-data.co.uk,2026-09-10T16:48:43.497953+00:00
soccer_E0_2526_2025-10-20_WestHam_Brentford,soccer,EPL,2025-26,,2025-10-20,West Ham,Brentford,0,2,A,2.46,2.82,3.37,,,football-data.co.uk,2026-09-10T16:48:43.497953+00:00
soccer_E0_2526_2025-10-24_Leeds_WestHam,soccer,EPL,2025-26,,2025-10-24,Leeds,West Ham,2,1,H,1.81,4.59,3.57,,,football-data.co.uk,2026-09-10T16:48:43.497953+00:00
soccer_E0_2526_2025-10-25_Brentford_Liverpool,soccer,EPL,2025-26,,2025-10-25,Brentford,Liverpool,3,2,H,4.28,1.73,4.13,,,football-data.co.uk,2026-09-10T16:48:43.497953+00:00
soccer_E0_2526_2025-10-25_Chelsea_Sunderland,soccer,EPL,2025-26,,2025-10-25,Chelsea,Sunderland,1,2,A,1.37,8.31,4.99,,,football-data.co.uk,2026-09-10T16:48:43.497953+00:00
soccer_E0_2526_2025-10-25_ManUnited_Brighton,soccer,EPL,2025-26,,2025-10-25,Man United,Brighton,4,2,H,2.0,3.45,3.83,,,football-data.co.uk,2026-09-10T16:48:43.497953+00:00
soccer_E0_2526_2025-10-25_Newcastle_Fulham,soccer,EPL,2025-26,,2025-10-25,Newcastle,Fulham,2,1,H,1.62,5.44,3.97,,,football-data.co.uk,2026-09-10T16:48:43.497953+00:00
soccer_E0_2526_2025-10-26_Arsenal_CrystalPalace,soccer,EPL,2025-26,,2025-10-26,Arsenal,Crystal Palace,1,0,H,1.41,7.76,4.6,,,football-data.co.uk,2026-09-10T16:48:43.497953+00:00
soccer_E0_2526_2025-10-26_AstonVilla_ManCity,soccer,EPL,2025-26,,2025-10-26,Aston Villa,Man City,1,0,H,4.08,1.83,3.8,,,football-data.co.uk,2026-09-10T16:48:43.497953+00:00
soccer_E0_2526_2025-10-26_Bournemouth_Nott'mForest,soccer,EPL,2025-26,,2025-10-26,Bournemouth,Nott'm Forest,2,0,H,1.79,4.29,3.79,,,football-data.co.uk,2026-09-10T16:48:43.497953+00:00
soccer_E0_2526_2025-10-26_Everton_Tottenham,soccer,EPL,2025-26,,2025-10-26,Everton,Tottenham,0,3,A,2.35,2.99,3.38,,,football-data.co.uk,2026-09-10T16:48:43.497953+00:00
soccer_E0_2526_2025-10-26_Wolves_Burnley,soccer,EPL,2025-26,,2025-10-26,Wolves,Burnley,2,3,A,1.97,4.06,3.3,,,football-data.co.uk,2026-09-10T16:48:43.497953+00:00
soccer_E0_2526_2025-11-01_Brighton_Leeds,soccer,EPL,2025-26,,2025-11-01,Brighton,Leeds,3,0,H,1.85,4.11,3.74,,,football-data.co.uk,2026-09-10T16:48:43.497953+00:00
soccer_E0_2526_2025-11-01_Burnley_Arsenal,soccer,EPL,2025-26,,2025-11-01,Burnley,Arsenal,0,2,A,10.97,1.28,5.65,,,football-data.co.uk,2026-09-10T16:48:43.497953+00:00
soccer_E0_2526_2025-11-01_CrystalPalace_Brentford,soccer,EPL,2025-26,,2025-11-01,Crystal Palace,Brentford,2,0,H,1.92,3.85,3.65,,,football-data.co.uk,2026-09-10T16:48:43.497953+00:00
soccer_E0_2526_2025-11-01_Fulham_Wolves,soccer,EPL,2025-26,,2025-11-01,Fulham,Wolves,3,0,H,1.84,4.51,3.46,,,football-data.co.uk,2026-09-10T16:48:43.497953+00:00
soccer_E0_2526_2025-11-01_Liverpool_AstonVilla,soccer,EPL,2025-26,,2025-11-01,Liverpool,Aston Villa,2,0,H,1.63,4.81,4.32,,,football-data.co.uk,2026-09-10T16:48:43.497953+00:00
soccer_E0_2526_2025-11-01_Nott'mForest_ManUnited,soccer,EPL,2025-26,,2025-11-01,Nott'm Forest,Man United,2,2,D,3.41,2.05,3.67,,,football-data.co.uk,2026-09-10T16:48:43.497953+00:00
soccer_E0_2526_2025-11-01_Tottenham_Chelsea,soccer,EPL,2025-26,,2025-11-01,Tottenham,Chelsea,0,1,A,2.71,2.5,3.52,,,football-data.co.uk,2026-09-10T16:48:43.497953+00:00
soccer_E0_2526_2025-11-02_ManCity_Bournemouth,soccer,EPL,2025-26,,2025-11-02,Man City,Bournemouth,3,1,H,1.49,5.9,4.64,,,football-data.co.uk,2026-09-10T16:48:43.497953+00:00
soccer_E0_2526_2025-11-02_WestHam_Newcastle,soccer,EPL,2025-26,,2025-11-02,West Ham,Newcastle,3,1,H,4.99,1.64,4.08,,,football-data.co.uk,2026-09-10T16:48:43.497953+00:00
soccer_E0_2526_2025-11-03_Sunderland_Everton,soccer,EPL,2025-26,,2025-11-03,Sunderland,Everton,1,1,D,2.74,2.67,3.12,,,football-data.co.uk,2026-09-10T16:48:43.497953+00:00
soccer_E0_2526_2025-11-08_Chelsea_Wolves,soccer,EPL,2025-26,,2025-11-08,Chelsea,Wolves,3,0,H,1.36,8.27,5.06,,,football-data.co.uk,2026-09-10T16:48:43.497953+00:00
soccer_E0_2526_2025-11-08_Everton_Fulham,soccer,EPL,2025-26,,2025-11-08,Everton,Fulham,2,0,H,2.2,3.4,3.28,,,football-data.co.uk,2026-09-10T16:48:43.497953+00:00
soccer_E0_2526_2025-11-08_Sunderland_Arsenal,soccer,EPL,2025-26,,2025-11-08,Sunderland,Arsenal,2,2,D,8.39,1.39,4.67,,,football-data.co.uk,2026-09-10T16:48:43.497953+00:00
soccer_E0_2526_2025-11-08_Tottenham_ManUnited,soccer,EPL,2025-26,,2025-11-08,Tottenham,Man United,2,2,D,2.65,2.52,3.58,,,football-data.co.uk,2026-09-10T16:48:43.497953+00:00
soccer_E0_2526_2025-11-08_WestHam_Burnley,soccer,EPL,2025-26,,2025-11-08,West Ham,Burnley,3,2,H,1.94,3.98,3.5,,,football-data.co.uk,2026-09-10T16:48:43.497953+00:00
soccer_E0_2526_2025-11-09_AstonVilla_Bournemouth,soccer,EPL,2025-26,,2025-11-09,Aston Villa,Bournemouth,4,0,H,2.19,3.25,3.45,,,football-data.co.uk,2026-09-10T16:48:43.497953+00:00
soccer_E0_2526_2025-11-09_Brentford_Newcastle,soccer,EPL,2025-26,,2025-11-09,Brentford,Newcastle,3,1,H,2.84,2.45,3.4,,,football-data.co.uk,2026-09-10T16:48:43.497953+00:00
soccer_E0_2526_2025-11-09_CrystalPalace_Brighton,soccer,EPL,2025-26,,2025-11-09,Crystal Palace,Brighton,0,0,D,2.27,3.04,3.52,,,football-data.co.uk,2026-09-10T16:48:43.497953+00:00
soccer_E0_2526_2025-11-09_ManCity_Liverpool,soccer,EPL,2025-26,,2025-11-09,Man City,Liverpool,3,0,H,1.88,3.72,3.92,,,football-data.co.uk,2026-09-10T16:48:43.497953+00:00
soccer_E0_2526_2025-11-09_Nott'mForest_Leeds,soccer,EPL,2025-26,,2025-11-09,Nott'm Forest,Leeds,3,1,H,2.22,3.29,3.32,,,football-data.co.uk,2026-09-10T16:48:43.497953+00:00
soccer_E0_2526_2025-11-22_Bournemouth_WestHam,soccer,EPL,2025-26,,2025-11-22,Bournemouth,West Ham,2,2,D,1.62,5.14,4.09,,,football-data.co.uk,2026-09-10T16:48:43.497953+00:00
soccer_E0_2526_2025-11-22_Brighton_Brentford,soccer,EPL,2025-26,,2025-11-22,Brighton,Brentford,2,1,H,1.93,3.82,3.66,,,football-data.co.uk,2026-09-10T16:48:43.497953+00:00
soccer_E0_2526_2025-11-22_Burnley_Chelsea,soccer,EPL,2025-26,,2025-11-22,Burnley,Chelsea,0,2,A,6.56,1.48,4.45,,,football-data.co.uk,2026-09-10T16:48:43.497953+00:00
soccer_E0_2526_2025-11-22_Fulham_Sunderland,soccer,EPL,2025-26,,2025-11-22,Fulham,Sunderland,1,0,H,2.1,3.74,3.24,,,football-data.co.uk,2026-09-10T16:48:43.497953+00:00
soccer_E0_2526_2025-11-22_Liverpool_Nott'mForest,soccer,EPL,2025-26,,2025-11-22,Liverpool,Nott'm Forest,0,3,A,1.42,6.97,4.86,,,football-data.co.uk,2026-09-10T16:48:43.497953+00:00
soccer_E0_2526_2025-11-22_Newcastle_ManCity,soccer,EPL,2025-26,,2025-11-22,Newcastle,Man City,2,1,H,3.54,1.98,3.75,,,football-data.co.uk,2026-09-10T16:48:43.497953+00:00
soccer_E0_2526_2025-11-22_Wolves_CrystalPalace,soccer,EPL,2025-26,,2025-11-22,Wolves,Crystal Palace,0,2,A,3.86,1.97,3.5,,,football-data.co.uk,2026-09-10T16:48:43.497953+00:00
soccer_E0_2526_2025-11-23_Arsenal_Tottenham,soccer,EPL,2025-26,,2025-11-23,Arsenal,Tottenham,4,1,H,1.39,8.03,4.66,,,football-data.co.uk,2026-09-10T16:48:43.497953+00:00
soccer_E0_2526_2025-11-23_Leeds_AstonVilla,soccer,EPL,2025-26,,2025-11-23,Leeds,Aston Villa,1,2,A,3.04,2.37,3.25,,,football-data.co.uk,2026-09-10T16:48:43.497953+00:00
soccer_E0_2526_2025-11-24_ManUnited_Everton,soccer,EPL,2025-26,,2025-11-24,Man United,Everton,0,1,A,1.74,4.49,3.83,,,football-data.co.uk,2026-09-10T16:48:43.497953+00:00
soccer_E0_2526_2025-11-29_Brentford_Burnley,soccer,EPL,2025-26,,2025-11-29,Brentford,Burnley,3,1,H,1.45,6.96,4.54,,,football-data.co.uk,2026-09-10T16:48:43.497953+00:00
soccer_E0_2526_2025-11-29_Everton_Newcastle,soccer,EPL,2025-26,,2025-11-29,Everton,Newcastle,1,4,A,2.79,2.55,3.31,,,football-data.co.uk,2026-09-10T16:48:43.497953+00:00
soccer_E0_2526_2025-11-29_ManCity_Leeds,soccer,EPL,2025-26,,2025-11-29,Man City,Leeds,3,2,H,1.23,11.78,6.42,,,football-data.co.uk,2026-09-10T16:48:43.497953+00:00
soccer_E0_2526_2025-11-29_Sunderland_Bournemouth,soccer,EPL,2025-26,,2025-11-29,Sunderland,Bournemouth,3,2,H,3.04,2.35,3.3,,,football-data.co.uk,2026-09-10T16:48:43.497953+00:00
soccer_E0_2526_2025-11-29_Tottenham_Fulham,soccer,EPL,2025-26,,2025-11-29,Tottenham,Fulham,1,2,A,2.18,3.33,3.39,,,football-data.co.uk,2026-09-10T16:48:43.497953+00:00
soccer_E0_2526_2025-11-30_AstonVilla_Wolves,soccer,EPL,2025-26,,2025-11-30,Aston Villa,Wolves,1,0,H,1.48,6.57,4.39,,,football-data.co.uk,2026-09-10T16:48:43.497953+00:00
soccer_E0_2526_2025-11-30_Chelsea_Arsenal,soccer,EPL,2025-26,,2025-11-30,Chelsea,Arsenal,1,1,D,3.33,2.18,3.35,,,football-data.co.uk,2026-09-10T16:48:43.497953+00:00
soccer_E0_2526_2025-11-30_CrystalPalace_ManUnited,soccer,EPL,2025-26,,2025-11-30,Crystal Palace,Man United,1,2,A,2.32,2.93,3.51,,,football-data.co.uk,2026-09-10T16:48:43.497953+00:00
soccer_E0_2526_2025-11-30_Nott'mForest_Brighton,soccer,EPL,2025-26,,2025-11-30,Nott'm Forest,Brighton,0,2,A,2.72,2.54,3.36,,,football-data.co.uk,2026-09-10T16:48:43.497953+00:00
soccer_E0_2526_2025-11-30_WestHam_Liverpool,soccer,EPL,2025-26,,2025-11-30,West Ham,Liverpool,0,2,A,4.28,1.74,4.06,,,football-data.co.uk,2026-09-10T16:48:43.497953+00:00
soccer_E0_2526_2025-12-02_Bournemouth_Everton,soccer,EPL,2025-26,,2025-12-02,Bournemouth,Everton,0,1,A,2.2,3.38,3.29,,,football-data.co.uk,2026-09-10T16:48:43.497953+00:00
soccer_E0_2526_2025-12-02_Fulham_ManCity,soccer,EPL,2025-26,,2025-12-02,Fulham,Man City,4,5,A,4.66,1.69,4.04,,,football-data.co.uk,2026-09-10T16:48:43.497953+00:00
soccer_E0_2526_2025-12-02_Newcastle_Tottenham,soccer,EPL,2025-26,,2025-12-02,Newcastle,Tottenham,2,2,D,1.8,4.24,3.78,,,football-data.co.uk,2026-09-10T16:48:43.497953+00:00
soccer_E0_2526_2025-12-03_Arsenal_Brentford,soccer,EPL,2025-26,,2025-12-03,Arsenal,Brentford,2,0,H,1.35,8.94,4.97,,,football-data.co.uk,2026-09-10T16:48:43.497953+00:00
soccer_E0_2526_2025-12-03_Brighton_AstonVilla,soccer,EPL,2025-26,,2025-12-03,Brighton,Aston Villa,3,4,A,2.15,3.33,3.48,,,football-data.co.uk,2026-09-10T16:48:43.497953+00:00
soccer_E0_2526_2025-12-03_Burnley_CrystalPalace,soccer,EPL,2025-26,,2025-12-03,Burnley,Crystal Palace,0,1,A,4.57,1.77,3.71,,,football-data.co.uk,2026-09-10T16:48:43.497953+00:00
soccer_E0_2526_2025-12-03_Leeds_Chelsea,soccer,EPL,2025-26,,2025-12-03,Leeds,Chelsea,3,1,H,4.31,1.78,3.87,,,football-data.co.uk,2026-09-10T16:48:43.497953+00:00
soccer_E0_2526_2025-12-03_Liverpool_Sunderland,soccer,EPL,2025-26,,2025-12-03,Liverpool,Sunderland,1,1,D,1.35,8.05,5.29,,,football-data.co.uk,2026-09-10T16:48:43.497953+00:00
soccer_E0_2526_2025-12-03_Wolves_Nott'mForest,soccer,EPL,2025-26,,2025-12-03,Wolves,Nott'm Forest,0,1,A,3.28,2.24,3.3,,,football-data.co.uk,2026-09-10T16:48:43.497953+00:00
soccer_E0_2526_2025-12-04_ManUnited_WestHam,soccer,EPL,2025-26,,2025-12-04,Man United,West Ham,1,1,D,1.43,6.59,4.81,,,football-data.co.uk,2026-09-10T16:48:43.497953+00:00
soccer_E0_2526_2025-12-06_AstonVilla_Arsenal,soccer,EPL,2025-26,,2025-12-06,Aston Villa,Arsenal,2,1,H,4.13,1.91,3.45,,,football-data.co.uk,2026-09-10T16:48:43.497953+00:00
soccer_E0_2526_2025-12-06_Bournemouth_Chelsea,soccer,EPL,2025-26,,2025-12-06,Bournemouth,Chelsea,0,0,D,3.14,2.16,3.67,,,football-data.co.uk,2026-09-10T16:48:43.497953+00:00
soccer_E0_2526_2025-12-06_Everton_Nott'mForest,soccer,EPL,2025-26,,2025-12-06,Everton,Nott'm Forest,3,0,H,2.17,3.52,3.25,,,football-data.co.uk,2026-09-10T16:48:43.497953+00:00
soccer_E0_2526_2025-12-06_Leeds_Liverpool,soccer,EPL,2025-26,,2025-12-06,Leeds,Liverpool,3,3,D,3.95,1.84,3.9,,,football-data.co.uk,2026-09-10T16:48:43.497953+00:00
soccer_E0_2526_2025-12-06_ManCity_Sunderland,soccer,EPL,2025-26,,2025-12-06,Man City,Sunderland,3,0,H,1.24,11.38,6.22,,,football-data.co.uk,2026-09-10T16:48:43.497953+00:00
soccer_E0_2526_2025-12-06_Newcastle_Burnley,soccer,EPL,2025-26,,2025-12-06,Newcastle,Burnley,2,1,H,1.28,10.39,5.72,,,football-data.co.uk,2026-09-10T16:48:43.497953+00:00
soccer_E0_2526_2025-12-06_Tottenham_Brentford,soccer,EPL,2025-26,,2025-12-06,Tottenham,Brentford,2,0,H,2.31,3.03,3.44,,,football-data.co.uk,2026-09-10T16:48:43.497953+00:00
soccer_E0_2526_2025-12-07_Brighton_WestHam,soccer,EPL,2025-26,,2025-12-07,Brighton,West Ham,1,1,D,1.55,5.63,4.32,,,football-data.co.uk,2026-09-10T16:48:43.497953+00:00
soccer_E0_2526_2025-12-07_Fulham_CrystalPalace,soccer,EPL,2025-26,,2025-12-07,Fulham,Crystal Palace,1,2,A,2.57,2.77,3.27,,,football-data.co.uk,2026-09-10T16:48:43.497953+00:00
soccer_E0_2526_2025-12-08_Wolves_ManUnited,soccer,EPL,2025-26,,2025-12-08,Wolves,Man United,1,4,A,4.22,1.77,3.9,,,football-data.co.uk,2026-09-10T16:48:43.497953+00:00
soccer_E0_2526_2025-12-13_Arsenal_Wolves,soccer,EPL,2025-26,,2025-12-13,Arsenal,Wolves,2,1,H,1.12,22.31,8.62,,,football-data.co.uk,2026-09-10T16:48:43.497953+00:00
soccer_E0_2526_2025-12-13_Burnley_Fulham,soccer,EPL,2025-26,,2025-12-13,Burnley,Fulham,2,3,A,3.93,1.95,3.48,,,football-data.co.uk,2026-09-10T16:48:43.497953+00:00
soccer_E0_2526_2025-12-13_Chelsea_Everton,soccer,EPL,2025-26,,2025-12-13,Chelsea,Everton,2,0,H,1.66,5.09,3.9,,,football-data.co.uk,2026-09-10T16:48:43.497953+00:00
soccer_E0_2526_2025-12-13_Liverpool_Brighton,soccer,EPL,2025-26,,2025-12-13,Liverpool,Brighton,2,0,H,1.67,4.62,4.17,,,football-data.co.uk,2026-09-10T16:48:43.497953+00:00
soccer_E0_2526_2025-12-14_Brentford_Leeds,soccer,EPL,2025-26,,2025-12-14,Brentford,Leeds,1,1,D,1.94,3.85,3.54,,,football-data.co.uk,2026-09-10T16:48:43.497953+00:00
soccer_E0_2526_2025-12-14_CrystalPalace_ManCity,soccer,EPL,2025-26,,2025-12-14,Crystal Palace,Man City,0,3,A,3.98,1.83,3.81,,,football-data.co.uk,2026-09-10T16:48:43.497953+00:00
soccer_E0_2526_2025-12-14_Nott'mForest_Tottenham,soccer,EPL,2025-26,,2025-12-14,Nott'm Forest,Tottenham,3,0,H,2.55,2.76,3.28,,,football-data.co.uk,2026-09-10T16:48:43.497953+00:00
soccer_E0_2526_2025-12-14_Sunderland_Newcastle,soccer,EPL,2025-26,,2025-12-14,Sunderland,Newcastle,1,0,H,3.26,2.22,3.33,,,football-data.co.uk,2026-09-10T16:48:43.497953+00:00
soccer_E0_2526_2025-12-14_WestHam_AstonVilla,soccer,EPL,2025-26,,2025-12-14,West Ham,Aston Villa,2,3,A,3.63,2.0,3.51,,,football-data.co.uk,2026-09-10T16:48:43.497953+00:00
soccer_E0_2526_2025-12-15_ManUnited_Bournemouth,soccer,EPL,2025-26,,2025-12-15,Man United,Bournemouth,4,4,D,1.82,3.84,3.98,,,football-data.co.uk,2026-09-10T16:48:43.497953+00:00
soccer_E0_2526_2025-12-20_Bournemouth_Burnley,soccer,EPL,2025-26,,2025-12-20,Bournemouth,Burnley,1,1,D,1.47,6.59,4.44,,,football-data.co.uk,2026-09-10T16:48:43.497953+00:00
soccer_E0_2526_2025-12-20_Brighton_Sunderland,soccer,EPL,2025-26,,2025-12-20,Brighton,Sunderland,0,0,D,1.65,5.16,3.95,,,football-data.co.uk,2026-09-10T16:48:43.497953+00:00
soccer_E0_2526_2025-12-20_Everton_Arsenal,soccer,EPL,2025-26,,2025-12-20,Everton,Arsenal,0,1,A,6.03,1.57,3.89,,,football-data.co.uk,2026-09-10T16:48:43.497953+00:00
soccer_E0_2526_2025-12-20_Leeds_CrystalPalace,soccer,EPL,2025-26,,2025-12-20,Leeds,Crystal Palace,4,1,H,2.6,2.76,3.25,,,football-data.co.uk,2026-09-10T16:48:43.497953+00:00
soccer_E0_2526_2025-12-20_ManCity_WestHam,soccer,EPL,2025-26,,2025-12-20,Man City,West Ham,3,0,H,1.2,11.88,7.36,,,football-data.co.uk,2026-09-10T16:48:43.497953+00:00
soccer_E0_2526_2025-12-20_Newcastle_Chelsea,soccer,EPL,2025-26,,2025-12-20,Newcastle,Chelsea,2,2,D,2.73,2.47,3.51,,,football-data.co.uk,2026-09-10T16:48:43.497953+00:00
soccer_E0_2526_2025-12-20_Tottenham_Liverpool,soccer,EPL,2025-26,,2025-12-20,Tottenham,Liverpool,1,2,A,3.36,2.02,3.71,,,football-data.co.uk,2026-09-10T16:48:43.497953+00:00
soccer_E0_2526_2025-12-20_Wolves_Brentford,soccer,EPL,2025-26,,2025-12-20,Wolves,Brentford,0,2,A,3.59,2.05,3.48,,,football-data.co.uk,2026-09-10T16:48:43.497953+00:00
soccer_E0_2526_2025-12-21_AstonVilla_ManUnited,soccer,EPL,2025-26,,2025-12-21,Aston Villa,Man United,2,1,H,2.1,3.26,3.64,,,football-data.co.uk,2026-09-10T16:48:43.497953+00:00
soccer_E0_2526_2025-12-22_Fulham_Nott'mForest,soccer,EPL,2025-26,,2025-12-22,Fulham,Nott'm Forest,1,0,H,2.42,2.93,3.27,,,football-data.co.uk,2026-09-10T16:48:43.497953+00:00
soccer_E0_2526_2025-12-26_ManUnited_Newcastle,soccer,EPL,2025-26,,2025-12-26,Man United,Newcastle,1,0,H,2.47,2.67,3.58,,,football-data.co.uk,2026-09-10T16:48:43.497953+00:00
soccer_E0_2526_2025-12-27_Arsenal_Brighton,soccer,EPL,2025-26,,2025-12-27,Arsenal,Brighton,2,1,H,1.41,7.34,4.73,,,football-data.co.uk,2026-09-10T16:48:43.497953+00:00
soccer_E0_2526_2025-12-27_Brentford_Bournemouth,soccer,EPL,2025-26,,2025-12-27,Brentford,Bournemouth,4,1,H,2.25,2.98,3.57,,,football-data.co.uk,2026-09-10T16:48:43.497953+00:00
soccer_E0_2526_2025-12-27_Burnley_Everton,soccer,EPL,2025-26,,2025-12-27,Burnley,Everton,0,0,D,4.03,1.96,3.33,,,football-data.co.uk,2026-09-10T16:48:43.497953+00:00
soccer_E0_2526_2025-12-27_Chelsea_AstonVilla,soccer,EPL,2025-26,,2025-12-27,Chelsea,Aston Villa,1,2,A,1.84,3.97,3.82,,,football-data.co.uk,2026-09-10T16:48:43.497953+00:00
soccer_E0_2526_2025-12-27_Liverpool_Wolves,soccer,EPL,2025-26,,2025-12-27,Liverpool,Wolves,2,1,H,1.24,11.25,6.31,,,football-data.co.uk,2026-09-10T16:48:43.497953+00:00
soccer_E0_2526_2025-12-27_Nott'mForest_ManCity,soccer,EPL,2025-26,,2025-12-27,Nott'm Forest,Man City,1,2,A,5.21,1.59,4.24,,,football-data.co.uk,2026-09-10T16:48:43.497953+00:00
soccer_E0_2526_2025-12-27_WestHam_Fulham,soccer,EPL,2025-26,,2025-12-27,West Ham,Fulham,0,1,A,2.65,2.59,3.38,,,football-data.co.uk,2026-09-10T16:48:43.497953+00:00
soccer_E0_2526_2025-12-28_CrystalPalace_Tottenham,soccer,EPL,2025-26,,2025-12-28,Crystal Palace,Tottenham,0,1,A,2.25,3.19,3.33,,,football-data.co.uk,2026-09-10T16:48:43.497953+00:00
soccer_E0_2526_2025-12-28_Sunderland_Leeds,soccer,EPL,2025-26,,2025-12-28,Sunderland,Leeds,1,1,D,2.56,2.8,3.18,,,football-data.co.uk,2026-09-10T16:48:43.497953+00:00
soccer_E0_2526_2025-12-30_Arsenal_AstonVilla,soccer,EPL,2025-26,,2025-12-30,Arsenal,Aston Villa,4,1,H,1.43,7.02,4.68,,,football-data.co.uk,2026-09-10T16:48:43.497953+00:00
soccer_E0_2526_2025-12-30_Burnley_Newcastle,soccer,EPL,2025-26,,2025-12-30,Burnley,Newcastle,1,3,A,5.5,1.59,4.11,,,football-data.co.uk,2026-09-10T16:48:43.497953+00:00
soccer_E0_2526_2025-12-30_Chelsea_Bournemouth,soccer,EPL,2025-26,,2025-12-30,Chelsea,Bournemouth,2,2,D,1.51,5.81,4.56,,,football-data.co.uk,2026-09-10T16:48:43.497953+00:00
soccer_E0_2526_2025-12-30_ManUnited_Wolves,soccer,EPL,2025-26,,2025-12-30,Man United,Wolves,1,1,D,1.37,8.09,5.06,,,football-data.co.uk,2026-09-10T16:48:43.497953+00:00
soccer_E0_2526_2025-12-30_Nott'mForest_Everton,soccer,EPL,2025-26,,2025-12-30,Nott'm Forest,Everton,0,2,A,2.12,3.7,3.21,,,football-data.co.uk,2026-09-10T16:48:43.497953+00:00
soccer_E0_2526_2025-12-30_WestHam_Brighton,soccer,EPL,2025-26,,2025-12-30,West Ham,Brighton,2,2,D,3.41,2.04,3.67,,,football-data.co.uk,2026-09-10T16:48:43.497953+00:00
soccer_E0_2526_2026-01-01_Brentford_Tottenham,soccer,EPL,2025-26,,2026-01-01,Brentford,Tottenham,0,0,D,2.11,3.35,3.49,,,football-data.co.uk,2026-09-10T16:48:43.497953+00:00
soccer_E0_2526_2026-01-01_CrystalPalace_Fulham,soccer,EPL,2025-26,,2026-01-01,Crystal Palace,Fulham,1,1,D,2.17,3.4,3.34,,,football-data.co.uk,2026-09-10T16:48:43.497953+00:00
soccer_E0_2526_2026-01-01_Liverpool_Leeds,soccer,EPL,2025-26,,2026-01-01,Liverpool,Leeds,0,0,D,1.53,5.83,4.41,,,football-data.co.uk,2026-09-10T16:48:43.497953+00:00
soccer_E0_2526_2026-01-01_Sunderland_ManCity,soccer,EPL,2025-26,,2026-01-01,Sunderland,Man City,0,0,D,7.81,1.39,4.82,,,football-data.co.uk,2026-09-10T16:48:43.497953+00:00
soccer_E0_2526_2026-01-03_AstonVilla_Nott'mForest,soccer,EPL,2025-26,,2026-01-03,Aston Villa,Nott'm Forest,3,1,H,1.76,4.54,3.74,,,football-data.co.uk,2026-09-10T16:48:43.497953+00:00
soccer_E0_2526_2026-01-03_Bournemouth_Arsenal,soccer,EPL,2025-26,,2026-01-03,Bournemouth,Arsenal,2,3,A,6.13,1.48,4.57,,,football-data.co.uk,2026-09-10T16:48:43.497953+00:00
soccer_E0_2526_2026-01-03_Brighton_Burnley,soccer,EPL,2025-26,,2026-01-03,Brighton,Burnley,2,0,H,1.49,6.56,4.35,,,football-data.co.uk,2026-09-10T16:48:43.497953+00:00
soccer_E0_2526_2026-01-03_Wolves_WestHam,soccer,EPL,2025-26,,2026-01-03,Wolves,West Ham,3,0,H,2.48,2.82,3.37,,,football-data.co.uk,2026-09-10T16:48:43.497953+00:00
soccer_E0_2526_2026-01-04_Everton_Brentford,soccer,EPL,2025-26,,2026-01-04,Everton,Brentford,2,4,A,2.36,3.1,3.19,,,football-data.co.uk,2026-09-10T16:48:43.497953+00:00
soccer_E0_2526_2026-01-04_Fulham_Liverpool,soccer,EPL,2025-26,,2026-01-04,Fulham,Liverpool,2,2,D,3.74,1.92,3.68,,,football-data.co.uk,2026-09-10T16:48:43.497953+00:00
soccer_E0_2526_2026-01-04_Leeds_ManUnited,soccer,EPL,2025-26,,2026-01-04,Leeds,Man United,1,1,D,2.68,2.56,3.44,,,football-data.co.uk,2026-09-10T16:48:43.497953+00:00
soccer_E0_2526_2026-01-04_ManCity_Chelsea,soccer,EPL,2025-26,,2026-01-04,Man City,Chelsea,1,1,D,1.63,4.66,4.39,,,football-data.co.uk,2026-09-10T16:48:43.497953+00:00
soccer_E0_2526_2026-01-04_Newcastle_CrystalPalace,soccer,EPL,2025-26,,2026-01-04,Newcastle,Crystal Palace,2,0,H,1.67,4.89,3.92,,,football-data.co.uk,2026-09-10T16:48:43.497953+00:00
soccer_E0_2526_2026-01-04_Tottenham_Sunderland,soccer,EPL,2025-26,,2026-01-04,Tottenham,Sunderland,1,1,D,1.8,4.37,3.65,,,football-data.co.uk,2026-09-10T16:48:43.497953+00:00
soccer_E0_2526_2026-01-06_WestHam_Nott'mForest,soccer,EPL,2025-26,,2026-01-06,West Ham,Nott'm Forest,1,2,A,3.1,2.3,3.33,,,football-data.co.uk,2026-09-10T16:48:43.497953+00:00
soccer_E0_2526_2026-01-07_Bournemouth_Tottenham,soccer,EPL,2025-26,,2026-01-07,Bournemouth,Tottenham,3,2,H,2.11,3.27,3.62,,,football-data.co.uk,2026-09-10T16:48:43.497953+00:00
soccer_E0_2526_2026-01-07_Brentford_Sunderland,soccer,EPL,2025-26,,2026-01-07,Brentford,Sunderland,3,0,H,1.83,4.36,3.56,,,football-data.co.uk,2026-09-10T16:48:43.497953+00:00
soccer_E0_2526_2026-01-07_Burnley_ManUnited,soccer,EPL,2025-26,,2026-01-07,Burnley,Man United,2,2,D,4.68,1.7,3.95,,,football-data.co.uk,2026-09-10T16:48:43.497953+00:00
soccer_E0_2526_2026-01-07_CrystalPalace_AstonVilla,soccer,EPL,2025-26,,2026-01-07,Crystal Palace,Aston Villa,0,0,D,3.08,2.31,3.36,,,football-data.co.uk,2026-09-10T16:48:43.497953+00:00
soccer_E0_2526_2026-01-07_Everton_Wolves,soccer,EPL,2025-26,,2026-01-07,Everton,Wolves,1,1,D,1.76,4.85,3.55,,,football-data.co.uk,2026-09-10T16:48:43.497953+00:00
soccer_E0_2526_2026-01-07_Fulham_Chelsea,soccer,EPL,2025-26,,2026-01-07,Fulham,Chelsea,2,1,H,3.38,2.07,3.59,,,football-data.co.uk,2026-09-10T16:48:43.497953+00:00
soccer_E0_2526_2026-01-07_ManCity_Brighton,soccer,EPL,2025-26,,2026-01-07,Man City,Brighton,1,1,D,1.37,7.27,5.23,,,football-data.co.uk,2026-09-10T16:48:43.497953+00:00
soccer_E0_2526_2026-01-07_Newcastle_Leeds,soccer,EPL,2025-26,,2026-01-07,Newcastle,Leeds,4,3,H,1.67,5.02,3.87,,,football-data.co.uk,2026-09-10T16:48:43.497953+00:00
soccer_E0_2526_2026-01-08_Arsenal_Liverpool,soccer,EPL,2025-26,,2026-01-08,Arsenal,Liverpool,0,0,D,1.6,5.25,4.11,,,football-data.co.uk,2026-09-10T16:48:43.497953+00:00
soccer_E0_2526_2026-01-17_Chelsea_Brentford,soccer,EPL,2025-26,,2026-01-17,Chelsea,Brentford,2,0,H,1.69,4.75,3.97,,,football-data.co.uk,2026-09-10T16:48:43.497953+00:00
soccer_E0_2526_2026-01-17_Leeds_Fulham,soccer,EPL,2025-26,,2026-01-17,Leeds,Fulham,1,0,H,2.17,3.41,3.33,,,football-data.co.uk,2026-09-10T16:48:43.497953+00:00
soccer_E0_2526_2026-01-17_Liverpool_Burnley,soccer,EPL,2025-26,,2026-01-17,Liverpool,Burnley,1,1,D,1.22,12.44,6.4,,,football-data.co.uk,2026-09-10T16:48:43.497953+00:00
soccer_E0_2526_2026-01-17_ManUnited_ManCity,soccer,EPL,2025-26,,2026-01-17,Man United,Man City,2,0,H,3.55,1.94,3.87,,,football-data.co.uk,2026-09-10T16:48:43.497953+00:00
soccer_E0_2526_2026-01-17_Nott'mForest_Arsenal,soccer,EPL,2025-26,,2026-01-17,Nott'm Forest,Arsenal,0,0,D,6.1,1.54,4.16,,,football-data.co.uk,2026-09-10T16:48:43.497953+00:00
soccer_E0_2526_2026-01-17_Sunderland_CrystalPalace,soccer,EPL,2025-26,,2026-01-17,Sunderland,Crystal Palace,2,1,H,2.69,2.74,3.15,,,football-data.co.uk,2026-09-10T16:48:43.497953+00:00
soccer_E0_2526_2026-01-17_Tottenham_WestHam,soccer,EPL,2025-26,,2026-01-17,Tottenham,West Ham,1,2,A,1.71,4.63,3.91,,,football-data.co.uk,2026-09-10T16:48:43.497953+00:00
soccer_E0_2526_2026-01-18_AstonVilla_Everton,soccer,EPL,2025-26,,2026-01-18,Aston Villa,Everton,0,1,A,1.66,5.09,3.87,,,football-data.co.uk,2026-09-10T16:48:43.497953+00:00
soccer_E0_2526_2026-01-18_Wolves_Newcastle,soccer,EPL,2025-26,,2026-01-18,Wolves,Newcastle,0,0,D,4.6,1.7,3.98,,,football-data.co.uk,2026-09-10T16:48:43.497953+00:00
soccer_E0_2526_2026-01-19_Brighton_Bournemouth,soccer,EPL,2025-26,,2026-01-19,Brighton,Bournemouth,1,1,D,1.85,3.75,3.92,,,football-data.co.uk,2026-09-10T16:48:43.497953+00:00
soccer_E0_2526_2026-01-24_Bournemouth_Liverpool,soccer,EPL,2025-26,,2026-01-24,Bournemouth,Liverpool,3,2,H,3.73,1.89,3.87,,,football-data.co.uk,2026-09-10T16:48:43.497953+00:00
soccer_E0_2526_2026-01-24_Burnley_Tottenham,soccer,EPL,2025-26,,2026-01-24,Burnley,Tottenham,2,2,D,3.64,2.05,3.39,,,football-data.co.uk,2026-09-10T16:48:43.497953+00:00
soccer_E0_2526_2026-01-24_Fulham_Brighton,soccer,EPL,2025-26,,2026-01-24,Fulham,Brighton,2,1,H,2.54,2.71,3.42,,,football-data.co.uk,2026-09-10T16:48:43.497953+00:00
soccer_E0_2526_2026-01-24_ManCity_Wolves,soccer,EPL,2025-26,,2026-01-24,Man City,Wolves,2,0,H,1.21,12.0,6.68,,,football-data.co.uk,2026-09-10T16:48:43.497953+00:00
soccer_E0_2526_2026-01-24_WestHam_Sunderland,soccer,EPL,2025-26,,2026-01-24,West Ham,Sunderland,3,1,H,2.51,2.85,3.24,,,football-data.co.uk,2026-09-10T16:48:43.497953+00:00
soccer_E0_2526_2026-01-25_Arsenal_ManUnited,soccer,EPL,2025-26,,2026-01-25,Arsenal,Man United,2,3,A,1.55,5.89,4.08,,,football-data.co.uk,2026-09-10T16:48:43.497953+00:00
soccer_E0_2526_2026-01-25_Brentford_Nott'mForest,soccer,EPL,2025-26,,2026-01-25,Brentford,Nott'm Forest,0,2,A,1.9,4.02,3.49,,,football-data.co.uk,2026-09-10T16:48:43.497953+00:00
soccer_E0_2526_2026-01-25_CrystalPalace_Chelsea,soccer,EPL,2025-26,,2026-01-25,Crystal Palace,Chelsea,1,3,A,3.5,2.0,3.66,,,football-data.co.uk,2026-09-10T16:48:43.497953+00:00
soccer_E0_2526_2026-01-25_Newcastle_AstonVilla,soccer,EPL,2025-26,,2026-01-25,Newcastle,Aston Villa,0,2,A,1.98,3.54,3.66,,,football-data.co.uk,2026-09-10T16:48:43.497953+00:00
soccer_E0_2526_2026-01-26_Everton_Leeds,soccer,EPL,2025-26,,2026-01-26,Everton,Leeds,1,1,D,2.48,2.92,3.15,,,football-data.co.uk,2026-09-10T16:48:43.497953+00:00
soccer_E0_2526_2026-01-31_Brighton_Everton,soccer,EPL,2025-26,,2026-01-31,Brighton,Everton,1,1,D,1.86,4.13,3.6,,,football-data.co.uk,2026-09-10T16:48:43.497953+00:00
soccer_E0_2526_2026-01-31_Chelsea_WestHam,soccer,EPL,2025-26,,2026-01-31,Chelsea,West Ham,3,2,H,1.49,6.05,4.53,,,football-data.co.uk,2026-09-10T16:48:43.497953+00:00
soccer_E0_2526_2026-01-31_Leeds_Arsenal,soccer,EPL,2025-26,,2026-01-31,Leeds,Arsenal,0,4,A,6.16,1.54,4.1,,,football-data.co.uk,2026-09-10T16:48:43.497953+00:00
soccer_E0_2526_2026-01-31_Liverpool_Newcastle,soccer,EPL,2025-26,,2026-01-31,Liverpool,Newcastle,4,1,H,1.77,4.12,3.99,,,football-data.co.uk,2026-09-10T16:48:43.497953+00:00
soccer_E0_2526_2026-01-31_Wolves_Bournemouth,soccer,EPL,2025-26,,2026-01-31,Wolves,Bournemouth,0,2,A,2.95,2.31,3.5,,,football-data.co.uk,2026-09-10T16:48:43.497953+00:00
soccer_E0_2526_2026-02-01_AstonVilla_Brentford,soccer,EPL,2025-26,,2026-02-01,Aston Villa,Brentford,0,1,A,2.08,3.46,3.47,,,football-data.co.uk,2026-09-10T16:48:43.497953+00:00
soccer_E0_2526_2026-02-01_ManUnited_Fulham,soccer,EPL,2025-26,,2026-02-01,Man United,Fulham,3,2,H,1.58,5.2,4.32,,,football-data.co.uk,2026-09-10T16:48:43.497953+00:00
soccer_E0_2526_2026-02-01_Nott'mForest_CrystalPalace,soccer,EPL,2025-26,,2026-02-01,Nott'm Forest,Crystal Palace,1,1,D,1.95,3.88,3.48,,,football-data.co.uk,2026-09-10T16:48:43.497953+00:00
soccer_E0_2526_2026-02-01_Tottenham_ManCity,soccer,EPL,2025-26,,2026-02-01,Tottenham,Man City,2,2,D,4.41,1.71,4.06,,,football-data.co.uk,2026-09-10T16:48:43.497953+00:00
soccer_E0_2526_2026-02-02_Sunderland_Burnley,soccer,EPL,2025-26,,2026-02-02,Sunderland,Burnley,3,0,H,1.8,4.73,3.42,,,football-data.co.uk,2026-09-10T16:48:43.497953+00:00
soccer_E0_2526_2026-02-06_Leeds_Nott'mForest,soccer,EPL,2025-26,,2026-02-06,Leeds,Nott'm Forest,3,1,H,2.21,3.37,3.26,,,football-data.co.uk,2026-09-10T16:48:43.497953+00:00
soccer_E0_2526_2026-02-07_Arsenal_Sunderland,soccer,EPL,2025-26,,2026-02-07,Arsenal,Sunderland,3,0,H,1.21,14.08,6.23,,,football-data.co.uk,2026-09-10T16:48:43.497953+00:00
soccer_E0_2526_2026-02-07_Bournemouth_AstonVilla,soccer,EPL,2025-26,,2026-02-07,Bournemouth,Aston Villa,1,1,D,2.68,2.46,3.6,,,football-data.co.uk,2026-09-10T16:48:43.497953+00:00
soccer_E0_2526_2026-02-07_Burnley_WestHam,soccer,EPL,2025-26,,2026-02-07,Burnley,West Ham,0,2,A,3.28,2.14,3.5,,,football-data.co.uk,2026-09-10T16:48:43.497953+00:00
soccer_E0_2526_2026-02-07_Fulham_Everton,soccer,EPL,2025-26,,2026-02-07,Fulham,Everton,1,2,A,2.1,3.64,3.27,,,football-data.co.uk,2026-09-10T16:48:43.497953+00:00
soccer_E0_2526_2026-02-07_ManUnited_Tottenham,soccer,EPL,2025-26,,2026-02-07,Man United,Tottenham,2,0,H,1.57,4.97,4.54,,,football-data.co.uk,2026-09-10T16:48:43.497953+00:00
soccer_E0_2526_2026-02-07_Newcastle_Brentford,soccer,EPL,2025-26,,2026-02-07,Newcastle,Brentford,2,3,A,2.05,3.51,3.53,,,football-data.co.uk,2026-09-10T16:48:43.497953+00:00
soccer_E0_2526_2026-02-07_Wolves_Chelsea,soccer,EPL,2025-26,,2026-02-07,Wolves,Chelsea,1,3,A,4.9,1.65,4.05,,,football-data.co.uk,2026-09-10T16:48:43.497953+00:00
soccer_E0_2526_2026-02-08_Brighton_CrystalPalace,soccer,EPL,2025-26,,2026-02-08,Brighton,Crystal Palace,0,1,A,1.96,3.68,3.57,,,football-data.co.uk,2026-09-10T16:48:43.497953+00:00
soccer_E0_2526_2026-02-08_Liverpool_ManCity,soccer,EPL,2025-26,,2026-02-08,Liverpool,Man City,1,2,A,2.34,2.76,3.68,,,football-data.co.uk,2026-09-10T16:48:43.497953+00:00
soccer_E0_2526_2026-02-10_Chelsea_Leeds,soccer,EPL,2025-26,,2026-02-10,Chelsea,Leeds,2,2,D,1.55,5.66,4.28,,,football-data.co.uk,2026-09-10T16:48:43.497953+00:00
soccer_E0_2526_2026-02-10_Everton_Bournemouth,soccer,EPL,2025-26,,2026-02-10,Everton,Bournemouth,1,2,A,2.41,2.91,3.35,,,football-data.co.uk,2026-09-10T16:48:43.497953+00:00
soccer_E0_2526_2026-02-10_Tottenham_Newcastle,soccer,EPL,2025-26,,2026-02-10,Tottenham,Newcastle,1,2,A,3.18,2.2,3.48,,,football-data.co.uk,2026-09-10T16:48:43.497953+00:00
soccer_E0_2526_2026-02-10_WestHam_ManUnited,soccer,EPL,2025-26,,2026-02-10,West Ham,Man United,1,1,D,4.36,1.7,4.23,,,football-data.co.uk,2026-09-10T16:48:43.497953+00:00
soccer_E0_2526_2026-02-11_AstonVilla_Brighton,soccer,EPL,2025-26,,2026-02-11,Aston Villa,Brighton,1,0,H,1.92,3.79,3.67,,,football-data.co.uk,2026-09-10T16:48:43.497953+00:00
soccer_E0_2526_2026-02-11_CrystalPalace_Burnley,soccer,EPL,2025-26,,2026-02-11,Crystal Palace,Burnley,2,3,A,1.55,6.18,3.98,,,football-data.co.uk,2026-09-10T16:48:43.497953+00:00
soccer_E0_2526_2026-02-11_ManCity_Fulham,soccer,EPL,2025-26,,2026-02-11,Man City,Fulham,3,0,H,1.34,8.08,5.33,,,football-data.co.uk,2026-09-10T16:48:43.497953+00:00
soccer_E0_2526_2026-02-11_Nott'mForest_Wolves,soccer,EPL,2025-26,,2026-02-11,Nott'm Forest,Wolves,0,0,D,1.69,5.09,3.72,,,football-data.co.uk,2026-09-10T16:48:43.497953+00:00
soccer_E0_2526_2026-02-11_Sunderland_Liverpool,soccer,EPL,2025-26,,2026-02-11,Sunderland,Liverpool,0,1,A,4.65,1.72,3.83,,,football-data.co.uk,2026-09-10T16:48:43.497953+00:00
soccer_E0_2526_2026-02-12_Brentford_Arsenal,soccer,EPL,2025-26,,2026-02-12,Brentford,Arsenal,1,1,D,4.83,1.69,3.86,,,football-data.co.uk,2026-09-10T16:48:43.497953+00:00
soccer_E0_2526_2026-02-18_Wolves_Arsenal,soccer,EPL,2025-26,,2026-02-18,Wolves,Arsenal,2,2,D,10.94,1.28,5.48,,,football-data.co.uk,2026-09-10T16:48:43.497953+00:00
soccer_E0_2526_2026-02-21_AstonVilla_Leeds,soccer,EPL,2025-26,,2026-02-21,Aston Villa,Leeds,1,1,D,1.84,4.24,3.62,,,football-data.co.uk,2026-09-10T16:48:43.497953+00:00
soccer_E0_2526_2026-02-21_Brentford_Brighton,soccer,EPL,2025-26,,2026-02-21,Brentford,Brighton,0,2,A,2.01,3.45,3.7,,,football-data.co.uk,2026-09-10T16:48:43.497953+00:00
soccer_E0_2526_2026-02-21_Chelsea_Burnley,soccer,EPL,2025-26,,2026-02-21,Chelsea,Burnley,1,1,D,1.2,12.88,6.7,,,football-data.co.uk,2026-09-10T16:48:43.497953+00:00
soccer_E0_2526_2026-02-21_ManCity_Newcastle,soccer,EPL,2025-26,,2026-02-21,Man City,Newcastle,2,1,H,1.46,5.82,4.92,,,football-data.co.uk,2026-09-10T16:48:43.497953+00:00
soccer_E0_2526_2026-02-21_WestHam_Bournemouth,soccer,EPL,2025-26,,2026-02-21,West Ham,Bournemouth,0,0,D,2.41,2.71,3.65,,,football-data.co.uk,2026-09-10T16:48:43.497953+00:00
soccer_E0_2526_2026-02-22_CrystalPalace_Wolves,soccer,EPL,2025-26,,2026-02-22,Crystal Palace,Wolves,1,0,H,1.62,5.26,3.99,,,football-data.co.uk,2026-09-10T16:48:43.497953+00:00
soccer_E0_2526_2026-02-22_Nott'mForest_Liverpool,soccer,EPL,2025-26,,2026-02-22,Nott'm Forest,Liverpool,0,1,A,4.08,1.8,3.88,,,football-data.co.uk,2026-09-10T16:48:43.497953+00:00
soccer_E0_2526_2026-02-22_Sunderland_Fulham,soccer,EPL,2025-26,,2026-02-22,Sunderland,Fulham,1,3,A,2.65,2.67,3.27,,,football-data.co.uk,2026-09-10T16:48:43.497953+00:00
soccer_E0_2526_2026-02-22_Tottenham_Arsenal,soccer,EPL,2025-26,,2026-02-22,Tottenham,Arsenal,1,4,A,5.83,1.56,3.98,,,football-data.co.uk,2026-09-10T16:48:43.497953+00:00
soccer_E0_2526_2026-02-23_Everton_ManUnited,soccer,EPL,2025-26,,2026-02-23,Everton,Man United,0,1,A,3.57,1.94,3.73,,,football-data.co.uk,2026-09-10T16:48:43.497953+00:00
soccer_E0_2526_2026-02-27_Wolves_AstonVilla,soccer,EPL,2025-26,,2026-02-27,Wolves,Aston Villa,2,0,H,4.17,1.84,3.64,,,football-data.co.uk,2026-09-10T16:48:43.497953+00:00
soccer_E0_2526_2026-02-28_Bournemouth_Sunderland,soccer,EPL,2025-26,,2026-02-28,Bournemouth,Sunderland,1,1,D,1.77,4.34,3.8,,,football-data.co.uk,2026-09-10T16:48:43.497953+00:00
soccer_E0_2526_2026-02-28_Burnley_Brentford,soccer,EPL,2025-26,,2026-02-28,Burnley,Brentford,3,4,A,4.58,1.73,3.81,,,football-data.co.uk,2026-09-10T16:48:43.497953+00:00
soccer_E0_2526_2026-02-28_Leeds_ManCity,soccer,EPL,2025-26,,2026-02-28,Leeds,Man City,0,1,A,5.0,1.6,4.25,,,football-data.co.uk,2026-09-10T16:48:43.497953+00:00
soccer_E0_2526_2026-02-28_Liverpool_WestHam,soccer,EPL,2025-26,,2026-02-28,Liverpool,West Ham,5,2,H,1.41,6.68,5.02,,,football-data.co.uk,2026-09-10T16:48:43.497953+00:00
soccer_E0_2526_2026-02-28_Newcastle_Everton,soccer,EPL,2025-26,,2026-02-28,Newcastle,Everton,2,3,A,1.69,4.67,3.92,,,football-data.co.uk,2026-09-10T16:48:43.497953+00:00
soccer_E0_2526_2026-03-01_Arsenal_Chelsea,soccer,EPL,2025-26,,2026-03-01,Arsenal,Chelsea,2,1,H,1.6,5.28,3.98,,,football-data.co.uk,2026-09-10T16:48:43.497953+00:00
soccer_E0_2526_2026-03-01_Brighton_Nott'mForest,soccer,EPL,2025-26,,2026-03-01,Brighton,Nott'm Forest,2,1,H,2.05,3.42,3.54,,,football-data.co.uk,2026-09-10T16:48:43.497953+00:00
soccer_E0_2526_2026-03-01_Fulham_Tottenham,soccer,EPL,2025-26,,2026-03-01,Fulham,Tottenham,2,1,H,2.08,3.3,3.57,,,football-data.co.uk,2026-09-10T16:48:43.497953+00:00
soccer_E0_2526_2026-03-01_ManUnited_CrystalPalace,soccer,EPL,2025-26,,2026-03-01,Man United,Crystal Palace,2,1,H,1.53,5.61,4.31,,,football-data.co.uk,2026-09-10T16:48:43.497953+00:00
soccer_E0_2526_2026-03-03_Bournemouth_Brentford,soccer,EPL,2025-26,,2026-03-03,Bournemouth,Brentford,0,0,D,2.48,2.65,3.59,,,football-data.co.uk,2026-09-10T16:48:43.497953+00:00
soccer_E0_2526_2026-03-03_Everton_Burnley,soccer,EPL,2025-26,,2026-03-03,Everton,Burnley,2,0,H,1.56,6.06,3.96,,,football-data.co.uk,2026-09-10T16:48:43.497953+00:00
soccer_E0_2526_2026-03-03_Leeds_Sunderland,soccer,EPL,2025-26,,2026-03-03,Leeds,Sunderland,0,1,A,1.86,4.31,3.43,,,football-data.co.uk,2026-09-10T16:48:43.497953+00:00
soccer_E0_2526_2026-03-03_Wolves_Liverpool,soccer,EPL,2025-26,,2026-03-03,Wolves,Liverpool,2,1,H,6.08,1.48,4.61,,,football-data.co.uk,2026-09-10T16:48:43.497953+00:00
soccer_E0_2526_2026-03-04_AstonVilla_Chelsea,soccer,EPL,2025-26,,2026-03-04,Aston Villa,Chelsea,1,4,A,2.67,2.46,3.57,,,football-data.co.uk,2026-09-10T16:48:43.497953+00:00
soccer_E0_2526_2026-03-04_Brighton_Arsenal,soccer,EPL,2025-26,,2026-03-04,Brighton,Arsenal,0,1,A,5.03,1.64,3.92,,,football-data.co.uk,2026-09-10T16:48:43.497953+00:00
soccer_E0_2526_2026-03-04_Fulham_WestHam,soccer,EPL,2025-26,,2026-03-04,Fulham,West Ham,0,1,A,2.03,3.52,3.56,,,football-data.co.uk,2026-09-10T16:48:43.497953+00:00
soccer_E0_2526_2026-03-04_ManCity_Nott'mForest,soccer,EPL,2025-26,,2026-03-04,Man City,Nott'm Forest,2,2,D,1.37,7.65,4.95,,,football-data.co.uk,2026-09-10T16:48:43.497953+00:00
soccer_E0_2526_2026-03-04_Newcastle_ManUnited,soccer,EPL,2025-26,,2026-03-04,Newcastle,Man United,2,1,H,2.56,2.53,3.66,,,football-data.co.uk,2026-09-10T16:48:43.497953+00:00
soccer_E0_2526_2026-03-05_Tottenham_CrystalPalace,soccer,EPL,2025-26,,2026-03-05,Tottenham,Crystal Palace,1,3,A,2.34,2.97,3.32,,,football-data.co.uk,2026-09-10T16:48:43.497953+00:00
soccer_E0_2526_2026-03-14_Arsenal_Everton,soccer,EPL,2025-26,,2026-03-14,Arsenal,Everton,2,0,H,1.37,8.83,4.56,,,football-data.co.uk,2026-09-10T16:48:43.497953+00:00
soccer_E0_2526_2026-03-14_Burnley_Bournemouth,soccer,EPL,2025-26,,2026-03-14,Burnley,Bournemouth,0,0,D,4.02,1.82,3.83,,,football-data.co.uk,2026-09-10T16:48:43.497953+00:00
soccer_E0_2526_2026-03-14_Chelsea_Newcastle,soccer,EPL,2025-26,,2026-03-14,Chelsea,Newcastle,0,1,A,1.79,3.86,4.12,,,football-data.co.uk,2026-09-10T16:48:43.497953+00:00
soccer_E0_2526_2026-03-14_Sunderland_Brighton,soccer,EPL,2025-26,,2026-03-14,Sunderland,Brighton,0,1,A,3.26,2.23,3.27,,,football-data.co.uk,2026-09-10T16:48:43.497953+00:00
soccer_E0_2526_2026-03-14_WestHam_ManCity,soccer,EPL,2025-26,,2026-03-14,West Ham,Man City,1,1,D,4.43,1.69,4.15,,,football-data.co.uk,2026-09-10T16:48:43.497953+00:00
soccer_E0_2526_2026-03-15_CrystalPalace_Leeds,soccer,EPL,2025-26,,2026-03-15,Crystal Palace,Leeds,0,0,D,2.49,2.85,3.24,,,football-data.co.uk,2026-09-10T16:48:43.497953+00:00
soccer_E0_2526_2026-03-15_Liverpool_Tottenham,soccer,EPL,2025-26,,2026-03-15,Liverpool,Tottenham,1,1,D,1.29,8.72,5.79,,,football-data.co.uk,2026-09-10T16:48:43.497953+00:00
soccer_E0_2526_2026-03-15_ManUnited_AstonVilla,soccer,EPL,2025-26,,2026-03-15,Man United,Aston Villa,3,1,H,1.71,4.38,4.02,,,football-data.co.uk,2026-09-10T16:48:43.497953+00:00
soccer_E0_2526_2026-03-15_Nott'mForest_Fulham,soccer,EPL,2025-26,,2026-03-15,Nott'm Forest,Fulham,0,0,D,2.19,3.24,3.4,,,football-data.co.uk,2026-09-10T16:48:43.497953+00:00
soccer_E0_2526_2026-03-16_Brentford_Wolves,soccer,EPL,2025-26,,2026-03-16,Brentford,Wolves,2,2,D,1.54,5.68,4.15,,,football-data.co.uk,2026-09-10T16:48:43.497953+00:00
soccer_E0_2526_2026-03-20_Bournemouth_ManUnited,soccer,EPL,2025-26,,2026-03-20,Bournemouth,Man United,2,2,D,3.22,2.07,3.76,,,football-data.co.uk,2026-09-10T16:48:43.497953+00:00
soccer_E0_2526_2026-03-21_Brighton_Liverpool,soccer,EPL,2025-26,,2026-03-21,Brighton,Liverpool,2,1,H,3.02,2.22,3.55,,,football-data.co.uk,2026-09-10T16:48:43.497953+00:00
soccer_E0_2526_2026-03-21_Everton_Chelsea,soccer,EPL,2025-26,,2026-03-21,Everton,Chelsea,3,0,H,3.38,2.08,3.5,,,football-data.co.uk,2026-09-10T16:48:43.497953+00:00
soccer_E0_2526_2026-03-21_Fulham_Burnley,soccer,EPL,2025-26,,2026-03-21,Fulham,Burnley,3,1,H,1.53,6.22,4.09,,,football-data.co.uk,2026-09-10T16:48:43.497953+00:00
soccer_E0_2526_2026-03-21_Leeds_Brentford,soccer,EPL,2025-26,,2026-03-21,Leeds,Brentford,0,0,D,2.46,2.77,3.42,,,football-data.co.uk,2026-09-10T16:48:43.497953+00:00
soccer_E0_2526_2026-03-22_AstonVilla_WestHam,soccer,EPL,2025-26,,2026-03-22,Aston Villa,West Ham,2,0,H,1.95,3.7,3.56,,,football-data.co.uk,2026-09-10T16:48:43.497953+00:00
soccer_E0_2526_2026-03-22_Newcastle_Sunderland,soccer,EPL,2025-26,,2026-03-22,Newcastle,Sunderland,1,2,A,1.65,5.04,3.89,,,football-data.co.uk,2026-09-10T16:48:43.497953+00:00
soccer_E0_2526_2026-03-22_Tottenham_Nott'mForest,soccer,EPL,2025-26,,2026-03-22,Tottenham,Nott'm Forest,0,3,A,2.24,3.11,3.39,,,football-data.co.uk,2026-09-10T16:48:43.497953+00:00
soccer_E0_2526_2026-04-10_WestHam_Wolves,soccer,EPL,2025-26,,2026-04-10,West Ham,Wolves,4,0,H,1.78,4.34,3.74,,,football-data.co.uk,2026-09-10T16:48:43.497953+00:00
soccer_E0_2526_2026-04-11_Arsenal_Bournemouth,soccer,EPL,2025-26,,2026-04-11,Arsenal,Bournemouth,1,2,A,1.43,7.06,4.55,,,football-data.co.uk,2026-09-10T16:48:43.497953+00:00
soccer_E0_2526_2026-04-11_Brentford_Everton,soccer,EPL,2025-26,,2026-04-11,Brentford,Everton,2,2,D,2.13,3.45,3.31,,,football-data.co.uk,2026-09-10T16:48:43.497953+00:00
soccer_E0_2526_2026-04-11_Burnley_Brighton,soccer,EPL,2025-26,,2026-04-11,Burnley,Brighton,0,2,A,4.48,1.72,3.93,,,football-data.co.uk,2026-09-10T16:48:43.497953+00:00
soccer_E0_2526_2026-04-11_Liverpool_Fulham,soccer,EPL,2025-26,,2026-04-11,Liverpool,Fulham,2,0,H,1.62,4.83,4.18,,,football-data.co.uk,2026-09-10T16:48:43.497953+00:00
soccer_E0_2526_2026-04-12_Chelsea_ManCity,soccer,EPL,2025-26,,2026-04-12,Chelsea,Man City,0,3,A,3.08,2.1,3.8,,,football-data.co.uk,2026-09-10T16:48:43.497953+00:00
soccer_E0_2526_2026-04-12_CrystalPalace_Newcastle,soccer,EPL,2025-26,,2026-04-12,Crystal Palace,Newcastle,2,1,H,3.07,2.22,3.5,,,football-data.co.uk,2026-09-10T16:48:43.497953+00:00
soccer_E0_2526_2026-04-12_Nott'mForest_AstonVilla,soccer,EPL,2025-26,,2026-04-12,Nott'm Forest,Aston Villa,1,1,D,2.61,2.65,3.33,,,football-data.co.uk,2026-09-10T16:48:43.497953+00:00
soccer_E0_2526_2026-04-12_Sunderland_Tottenham,soccer,EPL,2025-26,,2026-04-12,Sunderland,Tottenham,1,0,H,2.62,2.63,3.34,,,football-data.co.uk,2026-09-10T16:48:43.497953+00:00
soccer_E0_2526_2026-04-13_ManUnited_Leeds,soccer,EPL,2025-26,,2026-04-13,Man United,Leeds,1,2,A,1.59,5.3,4.07,,,football-data.co.uk,2026-09-10T16:48:43.497953+00:00
soccer_E0_2526_2026-04-18_Brentford_Fulham,soccer,EPL,2025-26,,2026-04-18,Brentford,Fulham,0,0,D,2.09,3.26,3.63,,,football-data.co.uk,2026-09-10T16:48:43.497953+00:00
soccer_E0_2526_2026-04-18_Chelsea_ManUnited,soccer,EPL,2025-26,,2026-04-18,Chelsea,Man United,0,1,A,2.21,3.07,3.54,,,football-data.co.uk,2026-09-10T16:48:43.497953+00:00
soccer_E0_2526_2026-04-18_Leeds_Wolves,soccer,EPL,2025-26,,2026-04-18,Leeds,Wolves,3,0,H,1.6,5.5,3.93,,,football-data.co.uk,2026-09-10T16:48:43.497953+00:00
soccer_E0_2526_2026-04-18_Newcastle_Bournemouth,soccer,EPL,2025-26,,2026-04-18,Newcastle,Bournemouth,1,2,A,1.96,3.48,3.81,,,football-data.co.uk,2026-09-10T16:48:43.497953+00:00
soccer_E0_2526_2026-04-18_Tottenham_Brighton,soccer,EPL,2025-26,,2026-04-18,Tottenham,Brighton,2,2,D,2.68,2.41,3.65,,,football-data.co.uk,2026-09-10T16:48:43.497953+00:00
soccer_E0_2526_2026-04-19_AstonVilla_Sunderland,soccer,EPL,2025-26,,2026-04-19,Aston Villa,Sunderland,4,3,H,1.65,5.25,3.78,,,football-data.co.uk,2026-09-10T16:48:43.497953+00:00
soccer_E0_2526_2026-04-19_Everton_Liverpool,soccer,EPL,2025-26,,2026-04-19,Everton,Liverpool,1,2,A,3.11,2.25,3.36,,,football-data.co.uk,2026-09-10T16:48:43.497953+00:00
soccer_E0_2526_2026-04-19_ManCity_Arsenal,soccer,EPL,2025-26,,2026-04-19,Man City,Arsenal,2,1,H,1.82,4.25,3.6,,,football-data.co.uk,2026-09-10T16:48:43.497953+00:00
soccer_E0_2526_2026-04-19_Nott'mForest_Burnley,soccer,EPL,2025-26,,2026-04-19,Nott'm Forest,Burnley,4,1,H,1.49,6.32,4.25,,,football-data.co.uk,2026-09-10T16:48:43.497953+00:00
soccer_E0_2526_2026-04-20_CrystalPalace_WestHam,soccer,EPL,2025-26,,2026-04-20,Crystal Palace,West Ham,0,0,D,2.31,3.11,3.21,,,football-data.co.uk,2026-09-10T16:48:43.497953+00:00
soccer_E0_2526_2026-04-21_Brighton_Chelsea,soccer,EPL,2025-26,,2026-04-21,Brighton,Chelsea,3,0,H,2.44,2.66,3.62,,,football-data.co.uk,2026-09-10T16:48:43.497953+00:00
soccer_E0_2526_2026-04-22_Bournemouth_Leeds,soccer,EPL,2025-26,,2026-04-22,Bournemouth,Leeds,2,2,D,2.02,3.57,3.51,,,football-data.co.uk,2026-09-10T16:48:43.497953+00:00
soccer_E0_2526_2026-04-22_Burnley_ManCity,soccer,EPL,2025-26,,2026-04-22,Burnley,Man City,0,1,A,16.53,1.14,8.3,,,football-data.co.uk,2026-09-10T16:48:43.497953+00:00
soccer_E0_2526_2026-04-24_Sunderland_Nott'mForest,soccer,EPL,2025-26,,2026-04-24,Sunderland,Nott'm Forest,0,5,A,2.67,2.66,3.18,,,football-data.co.uk,2026-09-10T16:48:43.497953+00:00
soccer_E0_2526_2026-04-25_Arsenal_Newcastle,soccer,EPL,2025-26,,2026-04-25,Arsenal,Newcastle,1,0,H,1.45,6.22,4.66,,,football-data.co.uk,2026-09-10T16:48:43.497953+00:00
soccer_E0_2526_2026-04-25_Fulham_AstonVilla,soccer,EPL,2025-26,,2026-04-25,Fulham,Aston Villa,1,0,H,2.67,2.47,3.5,,,football-data.co.uk,2026-09-10T16:48:43.497953+00:00
soccer_E0_2526_2026-04-25_Liverpool_CrystalPalace,soccer,EPL,2025-26,,2026-04-25,Liverpool,Crystal Palace,3,1,H,1.44,6.31,4.76,,,football-data.co.uk,2026-09-10T16:48:43.497953+00:00
soccer_E0_2526_2026-04-25_WestHam_Everton,soccer,EPL,2025-26,,2026-04-25,West Ham,Everton,2,1,H,2.38,2.9,3.34,,,football-data.co.uk,2026-09-10T16:48:43.497953+00:00
soccer_E0_2526_2026-04-25_Wolves_Tottenham,soccer,EPL,2025-26,,2026-04-25,Wolves,Tottenham,0,1,A,4.48,1.7,3.99,,,football-data.co.uk,2026-09-10T16:48:43.497953+00:00
soccer_E0_2526_2026-04-27_ManUnited_Brentford,soccer,EPL,2025-26,,2026-04-27,Man United,Brentford,2,1,H,1.84,3.84,3.82,,,football-data.co.uk,2026-09-10T16:48:43.497953+00:00
soccer_E0_2526_2026-05-01_Leeds_Burnley,soccer,EPL,2025-26,,2026-05-01,Leeds,Burnley,3,1,H,1.34,8.57,5.09,,,football-data.co.uk,2026-09-10T16:48:43.497953+00:00
soccer_E0_2526_2026-05-02_Arsenal_Fulham,soccer,EPL,2025-26,,2026-05-02,Arsenal,Fulham,3,0,H,1.44,7.0,4.39,,,football-data.co.uk,2026-09-10T16:48:43.497953+00:00
soccer_E0_2526_2026-05-02_Brentford_WestHam,soccer,EPL,2025-26,,2026-05-02,Brentford,West Ham,3,0,H,1.91,3.62,3.77,,,football-data.co.uk,2026-09-10T16:48:43.497953+00:00
soccer_E0_2526_2026-05-02_Newcastle_Brighton,soccer,EPL,2025-26,,2026-05-02,Newcastle,Brighton,3,1,H,2.5,2.6,3.6,,,football-data.co.uk,2026-09-10T16:48:43.497953+00:00
soccer_E0_2526_2026-05-02_Wolves_Sunderland,soccer,EPL,2025-26,,2026-05-02,Wolves,Sunderland,1,1,D,3.24,2.18,3.35,,,football-data.co.uk,2026-09-10T16:48:43.497953+00:00
soccer_E0_2526_2026-05-03_AstonVilla_Tottenham,soccer,EPL,2025-26,,2026-05-03,Aston Villa,Tottenham,1,2,A,2.1,3.21,3.59,,,football-data.co.uk,2026-09-10T16:48:43.497953+00:00
soccer_E0_2526_2026-05-03_Bournemouth_CrystalPalace,soccer,EPL,2025-26,,2026-05-03,Bournemouth,Crystal Palace,3,0,H,1.58,5.2,4.16,,,football-data.co.uk,2026-09-10T16:48:43.497953+00:00
soccer_E0_2526_2026-05-03_ManUnited_Liverpool,soccer,EPL,2025-26,,2026-05-03,Man United,Liverpool,3,2,H,2.29,2.76,3.73,,,football-data.co.uk,2026-09-10T16:48:43.497953+00:00
soccer_E0_2526_2026-05-04_Chelsea_Nott'mForest,soccer,EPL,2025-26,,2026-05-04,Chelsea,Nott'm Forest,1,3,A,1.68,4.65,3.93,,,football-data.co.uk,2026-09-10T16:48:43.497953+00:00
soccer_E0_2526_2026-05-04_Everton_ManCity,soccer,EPL,2025-26,,2026-05-04,Everton,Man City,3,3,D,6.38,1.44,4.63,,,football-data.co.uk,2026-09-10T16:48:43.497953+00:00
soccer_E0_2526_2026-05-09_Brighton_Wolves,soccer,EPL,2025-26,,2026-05-09,Brighton,Wolves,3,0,H,1.27,9.98,5.88,,,football-data.co.uk,2026-09-10T16:48:43.497953+00:00
soccer_E0_2526_2026-05-09_Fulham_Bournemouth,soccer,EPL,2025-26,,2026-05-09,Fulham,Bournemouth,0,1,A,2.68,2.39,3.66,,,football-data.co.uk,2026-09-10T16:48:43.497953+00:00
soccer_E0_2526_2026-05-09_Liverpool_Chelsea,soccer,EPL,2025-26,,2026-05-09,Liverpool,Chelsea,1,1,D,1.82,3.81,3.95,,,football-data.co.uk,2026-09-10T16:48:43.497953+00:00
soccer_E0_2526_2026-05-09_ManCity_Brentford,soccer,EPL,2025-26,,2026-05-09,Man City,Brentford,3,0,H,1.35,7.23,5.51,,,football-data.co.uk,2026-09-10T16:48:43.497953+00:00
soccer_E0_2526_2026-05-09_Sunderland_ManUnited,soccer,EPL,2025-26,,2026-05-09,Sunderland,Man United,0,0,D,3.93,1.86,3.7,,,football-data.co.uk,2026-09-10T16:48:43.497953+00:00
soccer_E0_2526_2026-05-10_Burnley_AstonVilla,soccer,EPL,2025-26,,2026-05-10,Burnley,Aston Villa,2,2,D,5.34,1.58,4.09,,,football-data.co.uk,2026-09-10T16:48:43.497953+00:00
soccer_E0_2526_2026-05-10_CrystalPalace_Everton,soccer,EPL,2025-26,,2026-05-10,Crystal Palace,Everton,2,2,D,2.71,2.56,3.26,,,football-data.co.uk,2026-09-10T16:48:43.497953+00:00
soccer_E0_2526_2026-05-10_Nott'mForest_Newcastle,soccer,EPL,2025-26,,2026-05-10,Nott'm Forest,Newcastle,1,1,D,2.58,2.56,3.48,,,football-data.co.uk,2026-09-10T16:48:43.497953+00:00
soccer_E0_2526_2026-05-10_WestHam_Arsenal,soccer,EPL,2025-26,,2026-05-10,West Ham,Arsenal,0,1,A,5.29,1.58,4.09,,,football-data.co.uk,2026-09-10T16:48:43.497953+00:00
soccer_E0_2526_2026-05-11_Tottenham_Leeds,soccer,EPL,2025-26,,2026-05-11,Tottenham,Leeds,1,1,D,1.82,3.92,3.82,,,football-data.co.uk,2026-09-10T16:48:43.497953+00:00
soccer_E0_2526_2026-05-13_ManCity_CrystalPalace,soccer,EPL,2025-26,,2026-05-13,Man City,Crystal Palace,3,0,H,1.19,12.75,7.03,,,football-data.co.uk,2026-09-10T16:48:43.497953+00:00
soccer_E0_2526_2026-05-15_AstonVilla_Liverpool,soccer,EPL,2025-26,,2026-05-15,Aston Villa,Liverpool,4,2,H,2.76,2.43,3.44,,,football-data.co.uk,2026-09-10T16:48:43.497953+00:00
soccer_E0_2526_2026-05-17_Brentford_CrystalPalace,soccer,EPL,2025-26,,2026-05-17,Brentford,Crystal Palace,2,2,D,1.71,4.17,4.09,,,football-data.co.uk,2026-09-10T16:48:43.497953+00:00
soccer_E0_2526_2026-05-17_Everton_Sunderland,soccer,EPL,2025-26,,2026-05-17,Everton,Sunderland,1,3,A,1.81,4.18,3.63,,,football-data.co.uk,2026-09-10T16:48:43.497953+00:00
soccer_E0_2526_2026-05-17_Leeds_Brighton,soccer,EPL,2025-26,,2026-05-17,Leeds,Brighton,1,0,H,3.09,2.14,3.57,,,football-data.co.uk,2026-09-10T16:48:43.497953+00:00
soccer_E0_2526_2026-05-17_ManUnited_Nott'mForest,soccer,EPL,2025-26,,2026-05-17,Man United,Nott'm Forest,3,2,H,1.58,4.94,4.23,,,football-data.co.uk,2026-09-10T16:48:43.497953+00:00
soccer_E0_2526_2026-05-17_Newcastle_WestHam,soccer,EPL,2025-26,,2026-05-17,Newcastle,West Ham,3,1,H,2.05,3.15,3.78,,,football-data.co.uk,2026-09-10T16:48:43.497953+00:00
soccer_E0_2526_2026-05-17_Wolves_Fulham,soccer,EPL,2025-26,,2026-05-17,Wolves,Fulham,1,1,D,3.68,1.87,3.78,,,football-data.co.uk,2026-09-10T16:48:43.497953+00:00
soccer_E0_2526_2026-05-18_Arsenal_Burnley,soccer,EPL,2025-26,,2026-05-18,Arsenal,Burnley,1,0,H,1.08,22.13,10.12,,,football-data.co.uk,2026-09-10T16:48:43.497953+00:00
soccer_E0_2526_2026-05-19_Bournemouth_ManCity,soccer,EPL,2025-26,,2026-05-19,Bournemouth,Man City,1,1,D,4.42,1.66,4.27,,,football-data.co.uk,2026-09-10T16:48:43.497953+00:00
soccer_E0_2526_2026-05-19_Chelsea_Tottenham,soccer,EPL,2025-26,,2026-05-19,Chelsea,Tottenham,2,1,H,1.9,3.76,3.64,,,football-data.co.uk,2026-09-10T16:48:43.497953+00:00
soccer_E0_2526_2026-05-24_Brighton_ManUnited,soccer,EPL,2025-26,,2026-05-24,Brighton,Man United,0,3,A,1.86,3.58,3.98,,,football-data.co.uk,2026-09-10T16:48:43.497953+00:00
soccer_E0_2526_2026-05-24_Burnley_Wolves,soccer,EPL,2025-26,,2026-05-24,Burnley,Wolves,1,1,D,2.36,2.77,3.5,,,football-data.co.uk,2026-09-10T16:48:43.497953+00:00
soccer_E0_2526_2026-05-24_CrystalPalace_Arsenal,soccer,EPL,2025-26,,2026-05-24,Crystal Palace,Arsenal,1,2,A,4.13,1.76,3.86,,,football-data.co.uk,2026-09-10T16:48:43.497953+00:00
soccer_E0_2526_2026-05-24_Fulham_Newcastle,soccer,EPL,2025-26,,2026-05-24,Fulham,Newcastle,2,0,H,2.82,2.27,3.66,,,football-data.co.uk,2026-09-10T16:48:43.497953+00:00
soccer_E0_2526_2026-05-24_Liverpool_Brentford,soccer,EPL,2025-26,,2026-05-24,Liverpool,Brentford,1,1,D,1.8,3.73,4.09,,,football-data.co.uk,2026-09-10T16:48:43.497953+00:00
soccer_E0_2526_2026-05-24_ManCity_AstonVilla,soccer,EPL,2025-26,,2026-05-24,Man City,Aston Villa,1,2,A,1.28,8.39,5.93,,,football-data.co.uk,2026-09-10T16:48:43.497953+00:00
soccer_E0_2526_2026-05-24_Nott'mForest_Bournemouth,soccer,EPL,2025-26,,2026-05-24,Nott'm Forest,Bournemouth,1,1,D,3.19,2.05,3.72,,,football-data.co.uk,2026-09-10T16:48:43.497953+00:00
soccer_E0_2526_2026-05-24_Sunderland_Chelsea,soccer,EPL,2025-26,,2026-05-24,Sunderland,Chelsea,2,1,H,3.47,1.99,3.59,,,football-data.co.uk,2026-09-10T16:48:43.497953+00:00
soccer_E0_2526_2026-05-24_Tottenham_Everton,soccer,EPL,2025-26,,2026-05-24,Tottenham,Everton,1,0,H,1.89,3.78,3.63,,,football-data.co.uk,2026-09-10T16:48:43.497953+00:00
soccer_E0_2526_2026-05-24_WestHam_Leeds,soccer,EPL,2025-26,,2026-05-24,West Ham,Leeds,3,0,H,1.82,3.75,3.9,,,football-data.co.uk,2026-09-10T16:48:43.497953+00:00
soccer_E0_2627_2026-08-21_Arsenal_Coventry,soccer,EPL,2026-27,,2026-08-21,Arsenal,Coventry,3,0,H,1.19,14.19,6.77,,,football-data.co.uk,2026-09-10T16:48:43.497953+00:00
soccer_E0_2627_2026-08-22_Brentford_Tottenham,soccer,EPL,2026-27,,2026-08-22,Brentford,Tottenham,3,0,H,2.48,2.69,3.58,,,football-data.co.uk,2026-09-10T16:48:43.497953+00:00
soccer_E0_2627_2026-08-22_Everton_CrystalPalace,soccer,EPL,2026-27,,2026-08-22,Everton,Crystal Palace,2,0,H,2.23,3.24,3.4,,,football-data.co.uk,2026-09-10T16:48:43.497953+00:00
soccer_E0_2627_2026-08-22_Hull_ManUnited,soccer,EPL,2026-27,,2026-08-22,Hull,Man United,2,0,H,8.37,1.36,4.93,,,football-data.co.uk,2026-09-10T16:48:43.497953+00:00
soccer_E0_2627_2026-08-22_Ipswich_Sunderland,soccer,EPL,2026-27,,2026-08-22,Ipswich,Sunderland,2,1,H,2.69,2.6,3.29,,,football-data.co.uk,2026-09-10T16:48:43.497953+00:00
soccer_E0_2627_2026-08-22_Nott'mForest_Leeds,soccer,EPL,2026-27,,2026-08-22,Nott'm Forest,Leeds,0,1,A,2.27,3.1,3.35,,,football-data.co.uk,2026-09-10T16:48:43.497953+00:00
soccer_E0_2627_2026-08-23_Brighton_AstonVilla,soccer,EPL,2026-27,,2026-08-23,Brighton,Aston Villa,4,0,H,2.19,3.08,3.54,,,football-data.co.uk,2026-09-10T16:48:43.497953+00:00
soccer_E0_2627_2026-08-23_ManCity_Bournemouth,soccer,EPL,2026-27,,2026-08-23,Man City,Bournemouth,2,1,H,1.45,5.93,4.72,,,football-data.co.uk,2026-09-10T16:48:43.497953+00:00
soccer_E0_2627_2026-08-23_Newcastle_Liverpool,soccer,EPL,2026-27,,2026-08-23,Newcastle,Liverpool,2,2,D,3.57,1.92,3.85,,,football-data.co.uk,2026-09-10T16:48:43.497953+00:00
soccer_E0_2627_2026-08-24_Fulham_Chelsea,soccer,EPL,2026-27,,2026-08-24,Fulham,Chelsea,2,3,A,3.66,1.89,3.76,,,football-data.co.uk,2026-09-10T16:48:43.497953+00:00
soccer_E0_2627_2026-08-28_CrystalPalace_ManCity,soccer,EPL,2026-27,,2026-08-28,Crystal Palace,Man City,1,4,A,4.83,1.67,3.95,,,football-data.co.uk,2026-09-10T16:48:43.497953+00:00
soccer_E0_2627_2026-08-29_Bournemouth_Everton,soccer,EPL,2026-27,,2026-08-29,Bournemouth,Everton,1,1,D,2.1,3.41,3.5,,,football-data.co.uk,2026-09-10T16:48:43.497953+00:00
soccer_E0_2627_2026-08-29_Coventry_Hull,soccer,EPL,2026-27,,2026-08-29,Coventry,Hull,0,1,A,1.87,4.19,3.53,,,football-data.co.uk,2026-09-10T16:48:43.497953+00:00
soccer_E0_2627_2026-08-29_Liverpool_Nott'mForest,soccer,EPL,2026-27,,2026-08-29,Liverpool,Nott'm Forest,2,2,D,1.57,5.53,4.39,,,football-data.co.uk,2026-09-10T16:48:43.497953+00:00
soccer_E0_2627_2026-08-29_Tottenham_Newcastle,soccer,EPL,2026-27,,2026-08-29,Tottenham,Newcastle,0,2,A,2.25,2.88,3.65,,,football-data.co.uk,2026-09-10T16:48:43.497953+00:00
soccer_E0_2627_2026-08-30_Chelsea_Brighton,soccer,EPL,2026-27,,2026-08-30,Chelsea,Brighton,4,3,H,1.82,3.93,3.85,,,football-data.co.uk,2026-09-10T16:48:43.497953+00:00
soccer_E0_2627_2026-08-30_Leeds_Brentford,soccer,EPL,2026-27,,2026-08-30,Leeds,Brentford,1,1,D,2.58,2.67,3.36,,,football-data.co.uk,2026-09-10T16:48:43.497953+00:00
soccer_E0_2627_2026-08-30_ManUnited_Ipswich,soccer,EPL,2026-27,,2026-08-30,Man United,Ipswich,5,2,H,1.4,6.94,4.82,,,football-data.co.uk,2026-09-10T16:48:43.497953+00:00
soccer_E0_2627_2026-08-30_Sunderland_Fulham,soccer,EPL,2026-27,,2026-08-30,Sunderland,Fulham,1,0,H,2.39,2.96,3.24,,,football-data.co.uk,2026-09-10T16:48:43.497953+00:00
soccer_E0_2627_2026-08-31_AstonVilla_Arsenal,soccer,EPL,2026-27,,2026-08-31,Aston Villa,Arsenal,0,1,A,5.99,1.52,4.11,,,football-data.co.uk,2026-09-10T16:48:43.497953+00:00
soccer_E0_2627_2026-09-04_Ipswich_Liverpool,soccer,EPL,2026-27,,2026-09-04,Ipswich,Liverpool,0,2,A,5.48,1.5,4.8,,,football-data.co.uk,2026-09-10T16:48:43.497953+00:00
soccer_E0_2627_2026-09-05_Brentford_Sunderland,soccer,EPL,2026-27,,2026-09-05,Brentford,Sunderland,1,1,D,1.62,5.29,3.9,,,football-data.co.uk,2026-09-10T16:48:43.497953+00:00
soccer_E0_2627_2026-09-05_Brighton_Leeds,soccer,EPL,2026-27,,2026-09-05,Brighton,Leeds,1,1,D,1.98,3.68,3.52,,,football-data.co.uk,2026-09-10T16:48:43.497953+00:00
soccer_E0_2627_2026-09-05_Fulham_CrystalPalace,soccer,EPL,2026-27,,2026-09-05,Fulham,Crystal Palace,2,3,A,2.32,3.03,3.37,,,football-data.co.uk,2026-09-10T16:48:43.497953+00:00
soccer_E0_2627_2026-09-05_Hull_AstonVilla,soccer,EPL,2026-27,,2026-09-05,Hull,Aston Villa,0,0,D,4.04,1.86,3.62,,,football-data.co.uk,2026-09-10T16:48:43.497953+00:00
soccer_E0_2627_2026-09-05_ManCity_Coventry,soccer,EPL,2026-27,,2026-09-05,Man City,Coventry,1,0,H,1.17,13.85,7.64,,,football-data.co.uk,2026-09-10T16:48:43.497953+00:00
soccer_E0_2627_2026-09-05_Newcastle_Bournemouth,soccer,EPL,2026-27,,2026-09-05,Newcastle,Bournemouth,2,2,D,2.1,3.19,3.64,,,football-data.co.uk,2026-09-10T16:48:43.497953+00:00
soccer_E0_2627_2026-09-05_Nott'mForest_Tottenham,soccer,EPL,2026-27,,2026-09-05,Nott'm Forest,Tottenham,0,0,D,2.4,2.86,3.36,,,football-data.co.uk,2026-09-10T16:48:43.497953+00:00
soccer_E0_2627_2026-09-06_Arsenal_Chelsea,soccer,EPL,2026-27,,2026-09-06,Arsenal,Chelsea,2,1,H,1.69,4.82,3.8,,,football-data.co.uk,2026-09-10T16:48:43.497953+00:00
soccer_E0_2627_2026-09-06_Everton_ManUnited,soccer,EPL,2026-27,,2026-09-06,Everton,Man United,2,2,D,3.21,2.12,3.54,,,football-data.co.uk,2026-09-10T16:48:43.497953+00:00
