game_id,sport,league,season,week,game_date,home_team,away_team,home_score,away_score,home_odds_decimal,away_odds_decimal,draw_odds_decimal,spread_line,total_line,source,ingested_at,result,kickoff_utc
2018_01_ATL_PHI,nfl,NFL,2018,1,2018-09-06,PHI,ATL,18.0,12.0,1.9433962264150944,1.9615384615384617,,1.0,44.5,nflverse,2026-09-11T10:54:50.615246+00:00,H,2018-09-07T00:20:00+00:00
2018_01_BUF_BAL,nfl,NFL,2018,1,2018-09-09,BAL,BUF,47.0,3.0,1.2816901408450705,4.09,,7.5,39.0,nflverse,2026-09-11T10:54:50.615246+00:00,H,2018-09-09T17:00:00+00:00
2018_01_CHI_GB,nfl,NFL,2018,1,2018-09-09,GB,CHI,24.0,23.0,1.3690036900369003,3.4,,6.5,45.0,nflverse,2026-09-11T10:54:50.615246+00:00,H,2018-09-10T00:20:00+00:00
2018_01_CIN_IND,nfl,NFL,2018,1,2018-09-09,IND,CIN,23.0,34.0,1.9523809523809523,1.9523809523809523,,-1.0,47.5,nflverse,2026-09-11T10:54:50.615246+00:00,A,2018-09-09T17:00:00+00:00
2018_01_DAL_CAR,nfl,NFL,2018,1,2018-09-09,CAR,DAL,16.0,8.0,1.6711409395973154,2.34,,2.5,42.5,nflverse,2026-09-11T10:54:50.615246+00:00,H,2018-09-09T20:25:00+00:00
2018_01_HOU_NE,nfl,NFL,2018,1,2018-09-09,NE,HOU,27.0,20.0,1.4166666666666667,3.14,,6.0,49.5,nflverse,2026-09-11T10:54:50.615246+00:00,H,2018-09-09T17:00:00+00:00
2018_01_JAX_NYG,nfl,NFL,2018,1,2018-09-09,NYG,JAX,15.0,20.0,2.27,1.7092198581560285,,-2.5,43.0,nflverse,2026-09-11T10:54:50.615246+00:00,A,2018-09-09T17:00:00+00:00
2018_01_KC_LAC,nfl,NFL,2018,1,2018-09-09,LAC,KC,28.0,38.0,1.5405405405405406,2.66,,3.5,48.0,nflverse,2026-09-11T10:54:50.615246+00:00,A,2018-09-09T20:05:00+00:00
2018_01_PIT_CLE,nfl,NFL,2018,1,2018-09-09,CLE,PIT,21.0,21.0,2.56,1.5780346820809248,,-3.5,41.0,nflverse,2026-09-11T10:54:50.615246+00:00,D,2018-09-09T17:00:00+00:00
2018_01_SEA_DEN,nfl,NFL,2018,1,2018-09-09,DEN,SEA,27.0,24.0,1.5714285714285714,2.5700000000000003,,3.0,42.5,nflverse,2026-09-11T10:54:50.615246+00:00,H,2018-09-09T20:25:00+00:00
2018_01_SF_MIN,nfl,NFL,2018,1,2018-09-09,MIN,SF,24.0,16.0,1.373134328358209,3.38,,6.0,46.5,nflverse,2026-09-11T10:54:50.615246+00:00,H,2018-09-09T17:00:00+00:00
2018_01_TB_NO,nfl,NFL,2018,1,2018-09-09,NO,TB,40.0,48.0,1.2222222222222223,4.85,,10.0,50.0,nflverse,2026-09-11T10:54:50.615246+00:00,A,2018-09-09T17:00:00+00:00
2018_01_TEN_MIA,nfl,NFL,2018,1,2018-09-09,MIA,TEN,27.0,20.0,2.04,1.8695652173913042,,-1.0,43.5,nflverse,2026-09-11T10:54:50.615246+00:00,H,2018-09-09T17:00:00+00:00
2018_01_WAS_ARI,nfl,NFL,2018,1,2018-09-09,ARI,WAS,6.0,24.0,1.7751937984496124,2.17,,2.0,43.5,nflverse,2026-09-11T10:54:50.615246+00:00,A,2018-09-09T20:25:00+00:00
2018_01_LA_OAK,nfl,NFL,2018,1,2018-09-10,OAK,LA,13.0,33.0,3.12,1.4201680672268908,,-6.0,47.5,nflverse,2026-09-11T10:54:50.615246+00:00,A,2018-09-11T02:20:00+00:00
2018_01_NYJ_DET,nfl,NFL,2018,1,2018-09-10,DET,NYJ,17.0,48.0,1.294985250737463,3.97,,7.0,44.0,nflverse,2026-09-11T10:54:50.615246+00:00,A,2018-09-10T23:10:00+00:00
2018_02_BAL_CIN,nfl,NFL,2018,2,2018-09-13,CIN,BAL,34.0,23.0,1.8695652173913042,2.04,,1.0,43.0,nflverse,2026-09-11T10:54:50.615246+00:00,H,2018-09-14T00:20:00+00:00
2018_02_ARI_LA,nfl,NFL,2018,2,2018-09-16,LA,ARI,34.0,0.0,1.129032258064516,7.21,,13.5,43.5,nflverse,2026-09-11T10:54:50.615246+00:00,H,2018-09-16T20:05:00+00:00
2018_02_CAR_ATL,nfl,NFL,2018,2,2018-09-16,ATL,CAR,31.0,24.0,1.4166666666666667,3.14,,5.5,44.0,nflverse,2026-09-11T10:54:50.615246+00:00,H,2018-09-16T17:00:00+00:00
2018_02_CLE_NO,nfl,NFL,2018,2,2018-09-16,NO,CLE,21.0,18.0,1.2457002457002457,4.51,,10.0,51.0,nflverse,2026-09-11T10:54:50.615246+00:00,H,2018-09-16T17:00:00+00:00
2018_02_DET_SF,nfl,NFL,2018,2,2018-09-16,SF,DET,30.0,27.0,1.425531914893617,3.1,,6.0,48.5,nflverse,2026-09-11T10:54:50.615246+00:00,H,2018-09-16T20:05:00+00:00
2018_02_HOU_TEN,nfl,NFL,2018,2,2018-09-16,TEN,HOU,20.0,17.0,2.59,1.5681818181818183,,-3.5,41.0,nflverse,2026-09-11T10:54:50.615246+00:00,H,2018-09-16T17:00:00+00:00
2018_02_IND_WAS,nfl,NFL,2018,2,2018-09-16,WAS,IND,9.0,21.0,1.4184100418410042,3.13,,6.0,48.0,nflverse,2026-09-11T10:54:50.615246+00:00,A,2018-09-16T17:00:00+00:00
2018_02_KC_PIT,nfl,NFL,2018,2,2018-09-16,PIT,KC,37.0,42.0,1.5025125628140703,2.79,,4.5,52.0,nflverse,2026-09-11T10:54:50.615246+00:00,A,2018-09-16T17:00:00+00:00
2018_02_LAC_BUF,nfl,NFL,2018,2,2018-09-16,BUF,LAC,20.0,31.0,3.61,1.3378378378378377,,-7.5,41.5,nflverse,2026-09-11T10:54:50.615246+00:00,A,2018-09-16T17:00:00+00:00
2018_02_MIA_NYJ,nfl,NFL,2018,2,2018-09-16,NYJ,MIA,12.0,20.0,1.5882352941176472,2.5300000000000002,,3.0,43.0,nflverse,2026-09-11T10:54:50.615246+00:00,A,2018-09-16T17:00:00+00:00
2018_02_MIN_GB,nfl,NFL,2018,2,2018-09-16,GB,MIN,29.0,29.0,2.1,1.8264462809917354,,-2.0,45.0,nflverse,2026-09-11T10:54:50.615246+00:00,D,2018-09-16T17:00:00+00:00
2018_02_NE_JAX,nfl,NFL,2018,2,2018-09-16,JAX,NE,31.0,20.0,2.2,1.7518796992481203,,-2.0,44.5,nflverse,2026-09-11T10:54:50.615246+00:00,H,2018-09-16T20:25:00+00:00
2018_02_NYG_DAL,nfl,NFL,2018,2,2018-09-16,DAL,NYG,20.0,13.0,1.6578947368421053,2.38,,3.0,42.0,nflverse,2026-09-11T10:54:50.615246+00:00,H,2018-09-17T00:20:00+00:00
2018_02_OAK_DEN,nfl,NFL,2018,2,2018-09-16,DEN,OAK,20.0,19.0,1.432900432900433,3.07,,5.5,44.5,nflverse,2026-09-11T10:54:50.615246+00:00,H,2018-09-16T20:25:00+00:00
2018_02_PHI_TB,nfl,NFL,2018,2,2018-09-16,TB,PHI,27.0,21.0,2.29,1.704225352112676,,-3.0,46.5,nflverse,2026-09-11T10:54:50.615246+00:00,H,2018-09-16T17:00:00+00:00
2018_02_SEA_CHI,nfl,NFL,2018,2,2018-09-17,CHI,SEA,24.0,17.0,1.432900432900433,3.06,,5.0,42.5,nflverse,2026-09-11T10:54:50.615246+00:00,H,2018-09-18T00:15:00+00:00
2018_03_NYJ_CLE,nfl,NFL,2018,3,2018-09-20,CLE,NYJ,21.0,17.0,1.5882352941176472,2.5300000000000002,,3.0,41.0,nflverse,2026-09-11T10:54:50.615246+00:00,H,2018-09-21T00:20:00+00:00
2018_03_BUF_MIN,nfl,NFL,2018,3,2018-09-23,MIN,BUF,6.0,27.0,1.0833333333333333,9.03,,16.5,41.0,nflverse,2026-09-11T10:54:50.615246+00:00,A,2018-09-23T17:00:00+00:00
2018_03_CHI_ARI,nfl,NFL,2018,3,2018-09-23,ARI,CHI,14.0,16.0,3.24,1.3968253968253967,,-6.0,39.0,nflverse,2026-09-11T10:54:50.615246+00:00,A,2018-09-23T20:25:00+00:00
2018_03_CIN_CAR,nfl,NFL,2018,3,2018-09-23,CAR,CIN,31.0,21.0,1.704225352112676,2.2800000000000002,,2.5,44.0,nflverse,2026-09-11T10:54:50.615246+00:00,H,2018-09-23T17:00:00+00:00
2018_03_DAL_SEA,nfl,NFL,2018,3,2018-09-23,SEA,DAL,24.0,13.0,1.8547008547008548,2.06,,1.0,40.0,nflverse,2026-09-11T10:54:50.615246+00:00,H,2018-09-23T20:25:00+00:00
2018_03_DEN_BAL,nfl,NFL,2018,3,2018-09-23,BAL,DEN,27.0,14.0,1.4444444444444444,3.01,,5.5,46.0,nflverse,2026-09-11T10:54:50.615246+00:00,H,2018-09-23T17:00:00+00:00
2018_03_GB_WAS,nfl,NFL,2018,3,2018-09-23,WAS,GB,31.0,17.0,2.2199999999999998,1.7407407407407407,,-2.5,46.5,nflverse,2026-09-11T10:54:50.615246+00:00,H,2018-09-23T17:00:00+00:00
2018_03_IND_PHI,nfl,NFL,2018,3,2018-09-23,PHI,IND,20.0,16.0,1.364963503649635,3.43,,6.5,45.5,nflverse,2026-09-11T10:54:50.615246+00:00,H,2018-09-23T17:00:00+00:00
2018_03_LAC_LA,nfl,NFL,2018,3,2018-09-23,LA,LAC,35.0,23.0,1.3472222222222223,3.54,,7.5,49.0,nflverse,2026-09-11T10:54:50.615246+00:00,H,2018-09-23T20:05:00+00:00
2018_03_NE_DET,nfl,NFL,2018,3,2018-09-23,DET,NE,26.0,10.0,3.69,1.326797385620915,,-7.0,55.5,nflverse,2026-09-11T10:54:50.615246+00:00,H,2018-09-24T00:20:00+00:00
2018_03_NO_ATL,nfl,NFL,2018,3,2018-09-23,ATL,NO,37.0,43.0,1.8,2.13,,1.5,54.0,nflverse,2026-09-11T10:54:50.615246+00:00,A,2018-09-23T17:00:00+00:00
2018_03_NYG_HOU,nfl,NFL,2018,3,2018-09-23,HOU,NYG,22.0,27.0,1.3861003861003862,3.3,,6.5,44.0,nflverse,2026-09-11T10:54:50.615246+00:00,A,2018-09-23T17:00:00+00:00
2018_03_OAK_MIA,nfl,NFL,2018,3,2018-09-23,MIA,OAK,28.0,20.0,1.7246376811594204,2.25,,3.0,46.0,nflverse,2026-09-11T10:54:50.615246+00:00,H,2018-09-23T17:00:00+00:00
2018_03_SF_KC,nfl,NFL,2018,3,2018-09-23,KC,SF,38.0,27.0,1.4,3.22,,6.0,53.0,nflverse,2026-09-11T10:54:50.615246+00:00,H,2018-09-23T17:00:00+00:00
2018_03_TEN_JAX,nfl,NFL,2018,3,2018-09-23,JAX,TEN,6.0,9.0,1.2409638554216866,4.57,,10.0,39.0,nflverse,2026-09-11T10:54:50.615246+00:00,A,2018-09-23T17:00:00+00:00
2018_03_PIT_TB,nfl,NFL,2018,3,2018-09-24,TB,PIT,27.0,30.0,1.8547008547008548,2.06,,1.0,55.0,nflverse,2026-09-11T10:54:50.615246+00:00,A,2018-09-25T00:15:00+00:00
2018_04_MIN_LA,nfl,NFL,2018,4,2018-09-27,LA,MIN,38.0,31.0,1.3115264797507789,3.82,,7.5,48.5,nflverse,2026-09-11T10:54:50.615246+00:00,H,2018-09-28T00:20:00+00:00
2018_04_BAL_PIT,nfl,NFL,2018,4,2018-09-30,PIT,BAL,14.0,26.0,1.5882352941176472,2.5300000000000002,,3.0,51.0,nflverse,2026-09-11T10:54:50.615246+00:00,A,2018-10-01T00:20:00+00:00
2018_04_BUF_GB,nfl,NFL,2018,4,2018-09-30,GB,BUF,22.0,0.0,1.273972602739726,4.17,,8.5,44.0,nflverse,2026-09-11T10:54:50.615246+00:00,H,2018-09-30T17:00:00+00:00
2018_04_CIN_ATL,nfl,NFL,2018,4,2018-09-30,ATL,CIN,36.0,37.0,1.558659217877095,2.6100000000000003,,3.5,52.0,nflverse,2026-09-11T10:54:50.615246+00:00,A,2018-09-30T17:00:00+00:00
2018_04_CLE_OAK,nfl,NFL,2018,4,2018-09-30,OAK,CLE,45.0,42.0,1.7407407407407407,2.2199999999999998,,2.5,44.5,nflverse,2026-09-11T10:54:50.615246+00:00,H,2018-09-30T20:05:00+00:00
2018_04_DET_DAL,nfl,NFL,2018,4,2018-09-30,DAL,DET,26.0,24.0,1.7142857142857144,2.27,,2.5,44.0,nflverse,2026-09-11T10:54:50.615246+00:00,H,2018-09-30T17:00:00+00:00
2018_04_HOU_IND,nfl,NFL,2018,4,2018-09-30,IND,HOU,34.0,37.0,2.04,1.8695652173913042,,-1.0,48.0,nflverse,2026-09-11T10:54:50.615246+00:00,A,2018-09-30T17:00:00+00:00
2018_04_MIA_NE,nfl,NFL,2018,4,2018-09-30,NE,MIA,38.0,7.0,1.3584229390681004,3.47,,6.5,50.5,nflverse,2026-09-11T10:54:50.615246+00:00,H,2018-09-30T17:00:00+00:00
2018_04_NO_NYG,nfl,NFL,2018,4,2018-09-30,NYG,NO,18.0,33.0,2.5300000000000002,1.5882352941176472,,-3.5,51.5,nflverse,2026-09-11T10:54:50.615246+00:00,A,2018-09-30T20:25:00+00:00
2018_04_NYJ_JAX,nfl,NFL,2018,4,2018-09-30,JAX,NYJ,31.0,12.0,1.2985074626865671,3.93,,7.5,40.5,nflverse,2026-09-11T10:54:50.615246+00:00,H,2018-09-30T17:00:00+00:00
2018_04_PHI_TEN,nfl,NFL,2018,4,2018-09-30,TEN,PHI,26.0,23.0,2.3200000000000003,1.6849315068493151,,-3.0,41.5,nflverse,2026-09-11T10:54:50.615246+00:00,H,2018-09-30T17:00:00+00:00
2018_04_SEA_ARI,nfl,NFL,2018,4,2018-09-30,ARI,SEA,17.0,20.0,2.73,1.5208333333333335,,-3.5,40.0,nflverse,2026-09-11T10:54:50.615246+00:00,A,2018-09-30T20:05:00+00:00
2018_04_SF_LAC,nfl,NFL,2018,4,2018-09-30,LAC,SF,29.0,27.0,1.233644859813084,4.68,,10.0,46.0,nflverse,2026-09-11T10:54:50.615246+00:00,H,2018-09-30T20:25:00+00:00
2018_04_TB_CHI,nfl,NFL,2018,4,2018-09-30,CHI,TB,48.0,10.0,1.7142857142857144,2.26,,3.0,46.0,nflverse,2026-09-11T10:54:50.615246+00:00,H,2018-09-30T17:00:00+00:00
2018_04_KC_DEN,nfl,NFL,2018,4,2018-10-01,DEN,KC,23.0,27.0,2.59,1.5681818181818183,,-3.5,53.5,nflverse,2026-09-11T10:54:50.615246+00:00,A,2018-10-02T00:15:00+00:00
2018_05_IND_NE,nfl,NFL,2018,5,2018-10-04,NE,IND,38.0,24.0,1.186219739292365,5.52,,10.5,49.5,nflverse,2026-09-11T10:54:50.615246+00:00,H,2018-10-05T00:20:00+00:00
2018_05_ARI_SF,nfl,NFL,2018,5,2018-10-07,SF,ARI,18.0,28.0,1.62111801242236,2.46,,3.0,40.5,nflverse,2026-09-11T10:54:50.615246+00:00,A,2018-10-07T20:25:00+00:00
2018_05_ATL_PIT,nfl,NFL,2018,5,2018-10-07,PIT,ATL,41.0,17.0,1.5555555555555556,2.62,,3.5,57.0,nflverse,2026-09-11T10:54:50.615246+00:00,H,2018-10-07T17:00:00+00:00
2018_05_BAL_CLE,nfl,NFL,2018,5,2018-10-07,CLE,BAL,12.0,9.0,2.54,1.5847953216374269,,-3.0,44.5,nflverse,2026-09-11T10:54:50.615246+00:00,H,2018-10-07T17:00:00+00:00
2018_05_DAL_HOU,nfl,NFL,2018,5,2018-10-07,HOU,DAL,19.0,16.0,1.5780346820809248,2.56,,3.5,45.0,nflverse,2026-09-11T10:54:50.615246+00:00,H,2018-10-08T00:20:00+00:00
2018_05_DEN_NYJ,nfl,NFL,2018,5,2018-10-07,NYJ,DEN,34.0,16.0,1.9615384615384617,1.9433962264150944,,-1.0,42.0,nflverse,2026-09-11T10:54:50.615246+00:00,H,2018-10-07T17:00:00+00:00
2018_05_GB_DET,nfl,NFL,2018,5,2018-10-07,DET,GB,31.0,23.0,1.8,2.1399999999999997,,1.0,50.0,nflverse,2026-09-11T10:54:50.615246+00:00,H,2018-10-07T17:00:00+00:00
2018_05_JAX_KC,nfl,NFL,2018,5,2018-10-07,KC,JAX,30.0,14.0,1.6944444444444444,2.31,,3.0,48.0,nflverse,2026-09-11T10:54:50.615246+00:00,H,2018-10-07T17:00:00+00:00
2018_05_LA_SEA,nfl,NFL,2018,5,2018-10-07,SEA,LA,31.0,33.0,3.77,1.3174603174603174,,-7.5,50.5,nflverse,2026-09-11T10:54:50.615246+00:00,A,2018-10-07T20:25:00+00:00
2018_05_MIA_CIN,nfl,NFL,2018,5,2018-10-07,CIN,MIA,27.0,17.0,1.392156862745098,3.27,,6.0,47.5,nflverse,2026-09-11T10:54:50.615246+00:00,H,2018-10-07T17:00:00+00:00
2018_05_MIN_PHI,nfl,NFL,2018,5,2018-10-07,PHI,MIN,21.0,23.0,1.5555555555555556,2.62,,3.5,48.0,nflverse,2026-09-11T10:54:50.615246+00:00,A,2018-10-07T20:25:00+00:00
2018_05_NYG_CAR,nfl,NFL,2018,5,2018-10-07,CAR,NYG,33.0,31.0,1.378787878787879,3.34,,7.0,43.5,nflverse,2026-09-11T10:54:50.615246+00:00,H,2018-10-07T17:00:00+00:00
2018_05_OAK_LAC,nfl,NFL,2018,5,2018-10-07,LAC,OAK,26.0,10.0,1.434782608695652,3.05,,5.5,52.0,nflverse,2026-09-11T10:54:50.615246+00:00,H,2018-10-07T20:05:00+00:00
2018_05_TEN_BUF,nfl,NFL,2018,5,2018-10-07,BUF,TEN,13.0,12.0,3.38,1.3717472118959106,,-6.0,38.0,nflverse,2026-09-11T10:54:50.615246+00:00,H,2018-10-07T17:00:00+00:00
2018_05_WAS_NO,nfl,NFL,2018,5,2018-10-08,NO,WAS,43.0,19.0,1.4,3.22,,5.5,51.5,nflverse,2026-09-11T10:54:50.615246+00:00,H,2018-10-09T00:15:00+00:00
2018_06_PHI_NYG,nfl,NFL,2018,6,2018-10-11,NYG,PHI,13.0,34.0,2.1399999999999997,1.7936507936507935,,-1.5,45.5,nflverse,2026-09-11T10:54:50.615246+00:00,A,2018-10-12T00:20:00+00:00
2018_06_ARI_MIN,nfl,NFL,2018,6,2018-10-14,MIN,ARI,27.0,17.0,1.2469135802469136,4.5,,10.0,43.5,nflverse,2026-09-11T10:54:50.615246+00:00,H,2018-10-14T17:00:00+00:00
2018_06_BAL_TEN,nfl,NFL,2018,6,2018-10-14,TEN,BAL,0.0,21.0,2.24,1.72992700729927,,-2.5,43.5,nflverse,2026-09-11T10:54:50.615246+00:00,A,2018-10-14T20:25:00+00:00
2018_06_BUF_HOU,nfl,NFL,2018,6,2018-10-14,HOU,BUF,20.0,13.0,1.2277904328018223,4.76,,10.5,40.5,nflverse,2026-09-11T10:54:50.615246+00:00,H,2018-10-14T17:00:00+00:00
2018_06_CAR_WAS,nfl,NFL,2018,6,2018-10-14,WAS,CAR,23.0,17.0,2.04,1.8695652173913042,,-1.0,44.5,nflverse,2026-09-11T10:54:50.615246+00:00,H,2018-10-14T17:00:00+00:00
2018_06_CHI_MIA,nfl,NFL,2018,6,2018-10-14,MIA,CHI,31.0,28.0,3.54,1.348432055749129,,-7.5,40.5,nflverse,2026-09-11T10:54:50.615246+00:00,H,2018-10-14T17:00:00+00:00
2018_06_IND_NYJ,nfl,NFL,2018,6,2018-10-14,NYJ,IND,42.0,34.0,1.6896551724137931,2.31,,2.5,47.5,nflverse,2026-09-11T10:54:50.615246+00:00,H,2018-10-14T17:00:00+00:00
2018_06_JAX_DAL,nfl,NFL,2018,6,2018-10-14,DAL,JAX,40.0,7.0,2.56,1.5780346820809248,,-3.0,39.5,nflverse,2026-09-11T10:54:50.615246+00:00,H,2018-10-14T20:25:00+00:00
2018_06_KC_NE,nfl,NFL,2018,6,2018-10-14,NE,KC,43.0,40.0,1.526315789473684,2.71,,4.0,59.5,nflverse,2026-09-11T10:54:50.615246+00:00,H,2018-10-15T00:20:00+00:00
2018_06_LAC_CLE,nfl,NFL,2018,6,2018-10-14,CLE,LAC,14.0,38.0,1.9523809523809523,1.9523809523809523,,1.0,47.0,nflverse,2026-09-11T10:54:50.615246+00:00,A,2018-10-14T17:00:00+00:00
2018_06_LA_DEN,nfl,NFL,2018,6,2018-10-14,DEN,LA,20.0,23.0,3.64,1.3333333333333333,,-7.0,50.0,nflverse,2026-09-11T10:54:50.615246+00:00,A,2018-10-14T20:05:00+00:00
2018_06_PIT_CIN,nfl,NFL,2018,6,2018-10-14,CIN,PIT,21.0,28.0,1.8849557522123894,2.0300000000000002,,1.0,49.5,nflverse,2026-09-11T10:54:50.615246+00:00,A,2018-10-14T17:00:00+00:00
2018_06_SEA_OAK,nfl,NFL,2018,6,2018-10-14,OAK,SEA,3.0,27.0,2.37,1.6578947368421053,,-3.0,47.5,nflverse,2026-09-11T10:54:50.615246+00:00,A,2018-10-14T17:00:00+00:00
2018_06_TB_ATL,nfl,NFL,2018,6,2018-10-14,ATL,TB,34.0,29.0,1.6289308176100628,2.44,,3.0,57.5,nflverse,2026-09-11T10:54:50.615246+00:00,H,2018-10-14T17:00:00+00:00
2018_06_SF_GB,nfl,NFL,2018,6,2018-10-15,GB,SF,33.0,30.0,1.2380952380952381,4.609999999999999,,9.0,46.5,nflverse,2026-09-11T10:54:50.615246+00:00,H,2018-10-16T00:15:00+00:00
2018_07_DEN_ARI,nfl,NFL,2018,7,2018-10-18,ARI,DEN,10.0,45.0,1.99009900990099,1.9090909090909092,,-1.0,42.5,nflverse,2026-09-11T10:54:50.615246+00:00,A,2018-10-19T00:20:00+00:00
2018_07_BUF_IND,nfl,NFL,2018,7,2018-10-21,IND,BUF,37.0,5.0,1.341296928327645,3.58,,7.0,43.5,nflverse,2026-09-11T10:54:50.615246+00:00,H,2018-10-21T17:00:00+00:00
2018_07_CAR_PHI,nfl,NFL,2018,7,2018-10-21,PHI,CAR,17.0,21.0,1.4424778761061947,3.02,,5.0,45.0,nflverse,2026-09-11T10:54:50.615246+00:00,A,2018-10-21T17:00:00+00:00
2018_07_CIN_KC,nfl,NFL,2018,7,2018-10-21,KC,CIN,45.0,10.0,1.3690036900369003,3.4,,6.5,56.0,nflverse,2026-09-11T10:54:50.615246+00:00,H,2018-10-22T00:20:00+00:00
2018_07_CLE_TB,nfl,NFL,2018,7,2018-10-21,TB,CLE,26.0,23.0,1.5524861878453038,2.63,,3.5,52.5,nflverse,2026-09-11T10:54:50.615246+00:00,H,2018-10-21T17:00:00+00:00
2018_07_DAL_WAS,nfl,NFL,2018,7,2018-10-21,WAS,DAL,20.0,17.0,2.1399999999999997,1.7936507936507935,,-1.5,40.5,nflverse,2026-09-11T10:54:50.615246+00:00,H,2018-10-21T20:25:00+00:00
2018_07_DET_MIA,nfl,NFL,2018,7,2018-10-21,MIA,DET,21.0,32.0,2.59,1.5649717514124295,,-3.0,47.0,nflverse,2026-09-11T10:54:50.615246+00:00,A,2018-10-21T17:00:00+00:00
2018_07_HOU_JAX,nfl,NFL,2018,7,2018-10-21,JAX,HOU,7.0,20.0,1.4761904761904763,2.88,,4.0,43.0,nflverse,2026-09-11T10:54:50.615246+00:00,A,2018-10-21T17:00:00+00:00
2018_07_LA_SF,nfl,NFL,2018,7,2018-10-21,SF,LA,10.0,39.0,4.38,1.2564102564102564,,-8.0,52.0,nflverse,2026-09-11T10:54:50.615246+00:00,A,2018-10-21T20:25:00+00:00
2018_07_MIN_NYJ,nfl,NFL,2018,7,2018-10-21,NYJ,MIN,17.0,37.0,2.5700000000000003,1.5714285714285714,,-3.5,45.0,nflverse,2026-09-11T10:54:50.615246+00:00,A,2018-10-21T17:00:00+00:00
2018_07_NE_CHI,nfl,NFL,2018,7,2018-10-21,CHI,NE,31.0,38.0,2.16,1.78125,,-1.0,49.0,nflverse,2026-09-11T10:54:50.615246+00:00,A,2018-10-21T17:00:00+00:00
2018_07_NO_BAL,nfl,NFL,2018,7,2018-10-21,BAL,NO,23.0,24.0,1.6993006993006992,2.29,,2.5,49.0,nflverse,2026-09-11T10:54:50.615246+00:00,A,2018-10-21T20:05:00+00:00
2018_07_TEN_LAC,nfl,NFL,2018,7,2018-10-21,LAC,TEN,20.0,19.0,1.3610108303249098,3.45,,6.5,46.0,nflverse,2026-09-11T10:54:50.615246+00:00,H,2018-10-22T01:30:00+00:00
2018_07_NYG_ATL,nfl,NFL,2018,7,2018-10-22,ATL,NYG,23.0,20.0,1.4784688995215312,2.87,,4.5,52.0,nflverse,2026-09-11T10:54:50.615246+00:00,H,2018-10-23T00:15:00+00:00
2018_08_MIA_HOU,nfl,NFL,2018,8,2018-10-25,HOU,MIA,42.0,23.0,1.2967359050445104,3.95,,7.5,45.0,nflverse,2026-09-11T10:54:50.615246+00:00,H,2018-10-26T00:20:00+00:00
2018_08_BAL_CAR,nfl,NFL,2018,8,2018-10-28,CAR,BAL,36.0,21.0,2.29,1.6993006993006992,,-2.5,44.0,nflverse,2026-09-11T10:54:50.615246+00:00,H,2018-10-28T17:00:00+00:00
2018_08_CLE_PIT,nfl,NFL,2018,8,2018-10-28,PIT,CLE,33.0,18.0,1.2645502645502646,4.279999999999999,,8.5,47.5,nflverse,2026-09-11T10:54:50.615246+00:00,H,2018-10-28T17:00:00+00:00
2018_08_DEN_KC,nfl,NFL,2018,8,2018-10-28,KC,DEN,30.0,23.0,1.2570694087403598,4.37,,8.5,53.0,nflverse,2026-09-11T10:54:50.615246+00:00,H,2018-10-28T17:00:00+00:00
2018_08_GB_LA,nfl,NFL,2018,8,2018-10-28,LA,GB,29.0,27.0,1.2941176470588236,3.97,,7.5,57.0,nflverse,2026-09-11T10:54:50.615246+00:00,H,2018-10-28T20:25:00+00:00
2018_08_IND_OAK,nfl,NFL,2018,8,2018-10-28,OAK,IND,28.0,42.0,2.65,1.5464480874316942,,-3.5,51.0,nflverse,2026-09-11T10:54:50.615246+00:00,A,2018-10-28T20:05:00+00:00
2018_08_NO_MIN,nfl,NFL,2018,8,2018-10-28,MIN,NO,20.0,30.0,2.1799999999999997,1.7692307692307692,,-2.5,53.5,nflverse,2026-09-11T10:54:50.615246+00:00,A,2018-10-29T00:20:00+00:00
2018_08_NYJ_CHI,nfl,NFL,2018,8,2018-10-28,CHI,NYJ,24.0,10.0,1.2857142857142856,4.05,,8.5,42.5,nflverse,2026-09-11T10:54:50.615246+00:00,H,2018-10-28T17:00:00+00:00
2018_08_PHI_JAX,nfl,NFL,2018,8,2018-10-28,JAX,PHI,18.0,24.0,2.8600000000000003,1.4807692307692308,,-4.0,44.5,nflverse,2026-09-11T10:54:50.615246+00:00,A,2018-10-29T01:30:00+00:00
2018_08_SEA_DET,nfl,NFL,2018,8,2018-10-28,DET,SEA,14.0,28.0,1.617283950617284,2.46,,3.0,47.5,nflverse,2026-09-11T10:54:50.615246+00:00,A,2018-10-28T17:00:00+00:00
2018_08_SF_ARI,nfl,NFL,2018,8,2018-10-28,ARI,SF,18.0,15.0,2.25,1.7246376811594204,,-2.5,40.0,nflverse,2026-09-11T10:54:50.615246+00:00,H,2018-10-28T20:25:00+00:00
2018_08_TB_CIN,nfl,NFL,2018,8,2018-10-28,CIN,TB,37.0,34.0,1.5208333333333335,2.73,,3.5,55.0,nflverse,2026-09-11T10:54:50.615246+00:00,H,2018-10-28T17:00:00+00:00
2018_08_WAS_NYG,nfl,NFL,2018,8,2018-10-28,NYG,WAS,13.0,20.0,1.9803921568627452,1.925925925925926,,-1.0,43.0,nflverse,2026-09-11T10:54:50.615246+00:00,A,2018-10-28T17:00:00+00:00
2018_08_NE_BUF,nfl,NFL,2018,8,2018-10-29,BUF,NE,6.0,25.0,8.440000000000001,1.0982318271119842,,-13.5,44.0,nflverse,2026-09-11T10:54:50.615246+00:00,A,2018-10-30T00:15:00+00:00
2018_09_OAK_SF,nfl,NFL,2018,9,2018-11-01,SF,OAK,34.0,3.0,2.06,1.8547008547008548,,-1.5,44.0,nflverse,2026-09-11T10:54:50.615246+00:00,H,2018-11-02T00:20:00+00:00
2018_09_ATL_WAS,nfl,NFL,2018,9,2018-11-04,WAS,ATL,14.0,38.0,1.78125,2.16,,1.5,46.5,nflverse,2026-09-11T10:54:50.615246+00:00,A,2018-11-04T18:00:00+00:00
2018_09_CHI_BUF,nfl,NFL,2018,9,2018-11-04,BUF,CHI,9.0,41.0,4.46,1.25,,-10.5,38.0,nflverse,2026-09-11T10:54:50.615246+00:00,A,2018-11-04T18:00:00+00:00
2018_09_DET_MIN,nfl,NFL,2018,9,2018-11-04,MIN,DET,24.0,9.0,1.4587155963302751,2.95,,4.5,47.0,nflverse,2026-09-11T10:54:50.615246+00:00,H,2018-11-04T18:00:00+00:00
2018_09_GB_NE,nfl,NFL,2018,9,2018-11-04,NE,GB,31.0,17.0,1.4524886877828054,2.98,,5.0,56.0,nflverse,2026-09-11T10:54:50.615246+00:00,H,2018-11-05T01:20:00+00:00
2018_09_HOU_DEN,nfl,NFL,2018,9,2018-11-04,DEN,HOU,17.0,19.0,1.8403361344537816,2.08,,1.0,46.5,nflverse,2026-09-11T10:54:50.615246+00:00,A,2018-11-04T21:05:00+00:00
2018_09_KC_CLE,nfl,NFL,2018,9,2018-11-04,CLE,KC,21.0,37.0,4.3,1.263157894736842,,-7.5,51.0,nflverse,2026-09-11T10:54:50.615246+00:00,A,2018-11-04T18:00:00+00:00
2018_09_LAC_SEA,nfl,NFL,2018,9,2018-11-04,SEA,LAC,17.0,25.0,1.9615384615384617,1.9433962264150944,,1.0,48.5,nflverse,2026-09-11T10:54:50.615246+00:00,A,2018-11-04T21:05:00+00:00
2018_09_LA_NO,nfl,NFL,2018,9,2018-11-04,NO,LA,45.0,35.0,2.2,1.7518796992481203,,-2.5,57.5,nflverse,2026-09-11T10:54:50.615246+00:00,H,2018-11-04T21:25:00+00:00
2018_09_NYJ_MIA,nfl,NFL,2018,9,2018-11-04,MIA,NYJ,13.0,6.0,1.6451612903225805,2.4,,3.0,43.5,nflverse,2026-09-11T10:54:50.615246+00:00,H,2018-11-04T18:00:00+00:00
2018_09_PIT_BAL,nfl,NFL,2018,9,2018-11-04,BAL,PIT,16.0,23.0,1.7751937984496124,2.17,,1.5,47.0,nflverse,2026-09-11T10:54:50.615246+00:00,A,2018-11-04T18:00:00+00:00
2018_09_TB_CAR,nfl,NFL,2018,9,2018-11-04,CAR,TB,42.0,28.0,1.3496503496503496,3.53,,6.0,55.5,nflverse,2026-09-11T10:54:50.615246+00:00,H,2018-11-04T18:00:00+00:00
2018_09_TEN_DAL,nfl,NFL,2018,9,2018-11-05,DAL,TEN,14.0,28.0,1.4385964912280702,3.03,,4.5,40.0,nflverse,2026-09-11T10:54:50.615246+00:00,A,2018-11-06T01:15:00+00:00
2018_10_CAR_PIT,nfl,NFL,2018,10,2018-11-08,PIT,CAR,52.0,21.0,1.529100529100529,2.7,,3.5,51.0,nflverse,2026-09-11T10:54:50.615246+00:00,H,2018-11-09T01:20:00+00:00
2018_10_ARI_KC,nfl,NFL,2018,10,2018-11-11,KC,ARI,26.0,14.0,1.078926598263615,9.35,,16.5,49.5,nflverse,2026-09-11T10:54:50.615246+00:00,H,2018-11-11T18:00:00+00:00
2018_10_ATL_CLE,nfl,NFL,2018,10,2018-11-11,CLE,ATL,28.0,16.0,3.12,1.4201680672268908,,-5.5,49.5,nflverse,2026-09-11T10:54:50.615246+00:00,H,2018-11-11T18:00:00+00:00
2018_10_BUF_NYJ,nfl,NFL,2018,10,2018-11-11,NYJ,BUF,10.0,41.0,1.3773584905660377,3.35,,6.5,38.0,nflverse,2026-09-11T10:54:50.615246+00:00,A,2018-11-11T18:00:00+00:00
2018_10_DAL_PHI,nfl,NFL,2018,10,2018-11-11,PHI,DAL,20.0,27.0,1.2816901408450705,4.1,,7.5,45.5,nflverse,2026-09-11T10:54:50.615246+00:00,A,2018-11-12T01:20:00+00:00
2018_10_DET_CHI,nfl,NFL,2018,10,2018-11-11,CHI,DET,34.0,22.0,1.3125,3.81,,7.5,44.5,nflverse,2026-09-11T10:54:50.615246+00:00,H,2018-11-11T18:00:00+00:00
2018_10_JAX_IND,nfl,NFL,2018,10,2018-11-11,IND,JAX,29.0,26.0,1.641025641025641,2.41,,3.0,48.0,nflverse,2026-09-11T10:54:50.615246+00:00,H,2018-11-11T18:00:00+00:00
2018_10_LAC_OAK,nfl,NFL,2018,10,2018-11-11,OAK,LAC,6.0,20.0,4.91,1.2183406113537119,,-10.5,50.0,nflverse,2026-09-11T10:54:50.615246+00:00,A,2018-11-11T21:05:00+00:00
2018_10_MIA_GB,nfl,NFL,2018,10,2018-11-11,GB,MIA,31.0,12.0,1.170940170940171,5.87,,13.0,48.5,nflverse,2026-09-11T10:54:50.615246+00:00,H,2018-11-11T21:25:00+00:00
2018_10_NE_TEN,nfl,NFL,2018,10,2018-11-11,TEN,NE,34.0,10.0,3.17,1.4098360655737705,,-6.0,47.0,nflverse,2026-09-11T10:54:50.615246+00:00,H,2018-11-11T18:00:00+00:00
2018_10_NO_CIN,nfl,NFL,2018,10,2018-11-11,CIN,NO,14.0,51.0,3.25,1.3952569169960474,,-5.5,53.0,nflverse,2026-09-11T10:54:50.615246+00:00,A,2018-11-11T18:00:00+00:00
2018_10_SEA_LA,nfl,NFL,2018,10,2018-11-11,LA,SEA,36.0,31.0,1.2380952380952381,4.609999999999999,,10.0,51.0,nflverse,2026-09-11T10:54:50.615246+00:00,H,2018-11-11T21:25:00+00:00
2018_10_WAS_TB,nfl,NFL,2018,10,2018-11-11,TB,WAS,3.0,16.0,1.5464480874316942,2.65,,3.5,51.0,nflverse,2026-09-11T10:54:50.615246+00:00,A,2018-11-11T18:00:00+00:00
2018_10_NYG_SF,nfl,NFL,2018,10,2018-11-12,SF,NYG,23.0,27.0,1.558659217877095,2.6100000000000003,,3.0,45.0,nflverse,2026-09-11T10:54:50.615246+00:00,A,2018-11-13T01:15:00+00:00
2018_11_GB_SEA,nfl,NFL,2018,11,2018-11-15,SEA,GB,27.0,24.0,1.617283950617284,2.46,,3.0,49.0,nflverse,2026-09-11T10:54:50.615246+00:00,H,2018-11-16T01:20:00+00:00
2018_11_CAR_DET,nfl,NFL,2018,11,2018-11-18,DET,CAR,20.0,19.0,2.73,1.5208333333333335,,-4.0,48.0,nflverse,2026-09-11T10:54:50.615246+00:00,H,2018-11-18T18:00:00+00:00
2018_11_CIN_BAL,nfl,NFL,2018,11,2018-11-18,BAL,CIN,24.0,21.0,1.3846153846153846,3.31,,6.5,44.0,nflverse,2026-09-11T10:54:50.615246+00:00,H,2018-11-18T18:00:00+00:00
2018_11_DAL_ATL,nfl,NFL,2018,11,2018-11-18,ATL,DAL,19.0,22.0,1.5376344086021505,2.6799999999999997,,3.5,50.0,nflverse,2026-09-11T10:54:50.615246+00:00,A,2018-11-18T18:00:00+00:00
2018_11_DEN_LAC,nfl,NFL,2018,11,2018-11-18,LAC,DEN,22.0,23.0,1.303951367781155,3.88,,7.5,47.0,nflverse,2026-09-11T10:54:50.615246+00:00,A,2018-11-18T21:05:00+00:00
2018_11_HOU_WAS,nfl,NFL,2018,11,2018-11-18,WAS,HOU,21.0,23.0,2.44,1.625,,-3.0,40.5,nflverse,2026-09-11T10:54:50.615246+00:00,A,2018-11-18T18:00:00+00:00
2018_11_MIN_CHI,nfl,NFL,2018,11,2018-11-18,CHI,MIN,25.0,20.0,1.72992700729927,2.24,,2.5,44.0,nflverse,2026-09-11T10:54:50.615246+00:00,H,2018-11-19T01:20:00+00:00
2018_11_OAK_ARI,nfl,NFL,2018,11,2018-11-18,ARI,OAK,21.0,23.0,1.4739336492890995,2.8899999999999997,,4.5,41.0,nflverse,2026-09-11T10:54:50.615246+00:00,A,2018-11-18T21:05:00+00:00
2018_11_PHI_NO,nfl,NFL,2018,11,2018-11-18,NO,PHI,48.0,7.0,1.3021148036253776,3.9,,7.0,56.5,nflverse,2026-09-11T10:54:50.615246+00:00,H,2018-11-18T21:25:00+00:00
2018_11_PIT_JAX,nfl,NFL,2018,11,2018-11-18,JAX,PIT,16.0,20.0,2.81,1.495049504950495,,-4.0,47.0,nflverse,2026-09-11T10:54:50.615246+00:00,A,2018-11-18T18:00:00+00:00
2018_11_TB_NYG,nfl,NFL,2018,11,2018-11-18,NYG,TB,38.0,35.0,1.617283950617284,2.46,,3.0,54.5,nflverse,2026-09-11T10:54:50.615246+00:00,H,2018-11-18T18:00:00+00:00
2018_11_TEN_IND,nfl,NFL,2018,11,2018-11-18,IND,TEN,38.0,10.0,1.7751937984496124,2.17,,2.0,50.0,nflverse,2026-09-11T10:54:50.615246+00:00,H,2018-11-18T18:00:00+00:00
2018_11_KC_LA,nfl,NFL,2018,11,2018-11-19,LA,KC,54.0,51.0,1.5882352941176472,2.5300000000000002,,3.0,63.5,nflverse,2026-09-11T10:54:50.615246+00:00,H,2018-11-20T01:15:00+00:00
2018_12_ATL_NO,nfl,NFL,2018,12,2018-11-22,NO,ATL,31.0,17.0,1.1818181818181819,5.33,,11.5,61.0,nflverse,2026-09-11T10:54:50.615246+00:00,H,2018-11-23T01:20:00+00:00
2018_12_CHI_DET,nfl,NFL,2018,12,2018-11-22,DET,CHI,16.0,23.0,2.46,1.62111801242236,,-3.0,43.0,nflverse,2026-09-11T10:54:50.615246+00:00,A,2018-11-22T17:30:00+00:00
2018_12_WAS_DAL,nfl,NFL,2018,12,2018-11-22,DAL,WAS,31.0,23.0,1.3154574132492114,3.79,,7.0,40.0,nflverse,2026-09-11T10:54:50.615246+00:00,H,2018-11-22T21:30:00+00:00
2018_12_ARI_LAC,nfl,NFL,2018,12,2018-11-25,LAC,ARI,45.0,10.0,1.1194743130227,7.12,,14.0,43.5,nflverse,2026-09-11T10:54:50.615246+00:00,H,2018-11-25T21:05:00+00:00
2018_12_CLE_CIN,nfl,NFL,2018,12,2018-11-25,CIN,CLE,20.0,35.0,2.02,1.8849557522123894,,-1.0,46.5,nflverse,2026-09-11T10:54:50.615246+00:00,A,2018-11-25T18:00:00+00:00
2018_12_GB_MIN,nfl,NFL,2018,12,2018-11-25,MIN,GB,24.0,17.0,1.4878048780487805,2.84,,4.0,48.5,nflverse,2026-09-11T10:54:50.615246+00:00,H,2018-11-26T01:20:00+00:00
2018_12_JAX_BUF,nfl,NFL,2018,12,2018-11-25,BUF,JAX,24.0,21.0,2.4,1.6451612903225805,,-3.0,36.5,nflverse,2026-09-11T10:54:50.615246+00:00,H,2018-11-25T18:00:00+00:00
2018_12_MIA_IND,nfl,NFL,2018,12,2018-11-25,IND,MIA,27.0,24.0,1.2538071065989849,4.41,,9.0,52.5,nflverse,2026-09-11T10:54:50.615246+00:00,H,2018-11-25T21:25:00+00:00
2018_12_NE_NYJ,nfl,NFL,2018,12,2018-11-25,NYJ,NE,13.0,27.0,5.87,1.170940170940171,,-13.0,46.5,nflverse,2026-09-11T10:54:50.615246+00:00,A,2018-11-25T18:00:00+00:00
2018_12_NYG_PHI,nfl,NFL,2018,12,2018-11-25,PHI,NYG,25.0,22.0,1.4651162790697674,2.92,,4.5,49.0,nflverse,2026-09-11T10:54:50.615246+00:00,H,2018-11-25T18:00:00+00:00
2018_12_OAK_BAL,nfl,NFL,2018,12,2018-11-25,BAL,OAK,34.0,17.0,1.1447178002894356,6.24,,13.0,42.0,nflverse,2026-09-11T10:54:50.615246+00:00,H,2018-11-25T18:00:00+00:00
2018_12_PIT_DEN,nfl,NFL,2018,12,2018-11-25,DEN,PIT,24.0,17.0,2.48,1.6097560975609757,,-3.0,47.5,nflverse,2026-09-11T10:54:50.615246+00:00,H,2018-11-25T21:25:00+00:00
2018_12_SEA_CAR,nfl,NFL,2018,12,2018-11-25,CAR,SEA,27.0,30.0,1.617283950617284,2.46,,3.0,46.5,nflverse,2026-09-11T10:54:50.615246+00:00,A,2018-11-25T18:00:00+00:00
2018_12_SF_TB,nfl,NFL,2018,12,2018-11-25,TB,SF,27.0,9.0,1.7874015748031495,2.15,,1.5,54.5,nflverse,2026-09-11T10:54:50.615246+00:00,H,2018-11-25T18:00:00+00:00
2018_12_TEN_HOU,nfl,NFL,2018,12,2018-11-26,HOU,TEN,34.0,17.0,1.526315789473684,2.71,,3.5,42.5,nflverse,2026-09-11T10:54:50.615246+00:00,H,2018-11-27T01:15:00+00:00
2018_13_NO_DAL,nfl,NFL,2018,13,2018-11-29,DAL,NO,13.0,10.0,3.75,1.3194888178913737,,-7.0,51.5,nflverse,2026-09-11T10:54:50.615246+00:00,H,2018-11-30T01:20:00+00:00
2018_13_ARI_GB,nfl,NFL,2018,13,2018-12-02,GB,ARI,17.0,20.0,1.1371742112482854,6.48,,13.5,41.0,nflverse,2026-09-11T10:54:50.615246+00:00,A,2018-12-02T18:00:00+00:00
2018_13_BAL_ATL,nfl,NFL,2018,13,2018-12-02,ATL,BAL,16.0,26.0,1.6802721088435373,2.33,,2.5,46.5,nflverse,2026-09-11T10:54:50.615246+00:00,A,2018-12-02T18:00:00+00:00
2018_13_BUF_MIA,nfl,NFL,2018,13,2018-12-02,MIA,BUF,21.0,17.0,1.5555555555555556,2.62,,3.5,40.0,nflverse,2026-09-11T10:54:50.615246+00:00,H,2018-12-02T18:00:00+00:00
2018_13_CAR_TB,nfl,NFL,2018,13,2018-12-02,TB,CAR,24.0,17.0,2.66,1.5405405405405406,,-3.5,52.0,nflverse,2026-09-11T10:54:50.615246+00:00,H,2018-12-02T18:00:00+00:00
2018_13_CHI_NYG,nfl,NFL,2018,13,2018-12-02,NYG,CHI,30.0,27.0,2.66,1.5405405405405406,,-3.5,44.0,nflverse,2026-09-11T10:54:50.615246+00:00,H,2018-12-02T18:00:00+00:00
2018_13_CLE_HOU,nfl,NFL,2018,13,2018-12-02,HOU,CLE,29.0,13.0,1.4065040650406504,3.19,,5.0,47.5,nflverse,2026-09-11T10:54:50.615246+00:00,H,2018-12-02T18:00:00+00:00
2018_13_DEN_CIN,nfl,NFL,2018,13,2018-12-02,CIN,DEN,10.0,24.0,2.6,1.5617977528089888,,-3.5,45.0,nflverse,2026-09-11T10:54:50.615246+00:00,A,2018-12-02T18:00:00+00:00
2018_13_IND_JAX,nfl,NFL,2018,13,2018-12-02,JAX,IND,6.0,0.0,2.79,1.5025125628140703,,-4.0,45.5,nflverse,2026-09-11T10:54:50.615246+00:00,H,2018-12-02T18:00:00+00:00
2018_13_KC_OAK,nfl,NFL,2018,13,2018-12-02,OAK,KC,33.0,40.0,6.93,1.130039011703511,,-14.0,53.5,nflverse,2026-09-11T10:54:50.615246+00:00,A,2018-12-02T21:05:00+00:00
2018_13_LAC_PIT,nfl,NFL,2018,13,2018-12-02,PIT,LAC,30.0,33.0,1.5405405405405406,2.66,,3.5,53.5,nflverse,2026-09-11T10:54:50.615246+00:00,A,2018-12-03T01:20:00+00:00
2018_13_LA_DET,nfl,NFL,2018,13,2018-12-02,DET,LA,16.0,30.0,4.85,1.2222222222222223,,-10.5,54.0,nflverse,2026-09-11T10:54:50.615246+00:00,A,2018-12-02T18:00:00+00:00
2018_13_MIN_NE,nfl,NFL,2018,13,2018-12-02,NE,MIN,24.0,10.0,1.4098360655737705,3.17,,6.0,50.0,nflverse,2026-09-11T10:54:50.615246+00:00,H,2018-12-02T21:25:00+00:00
2018_13_NYJ_TEN,nfl,NFL,2018,13,2018-12-02,TEN,NYJ,26.0,22.0,1.2320185614849188,4.7,,10.5,40.5,nflverse,2026-09-11T10:54:50.615246+00:00,H,2018-12-02T21:05:00+00:00
2018_13_SF_SEA,nfl,NFL,2018,13,2018-12-02,SEA,SF,43.0,16.0,1.2,5.11,,10.0,45.5,nflverse,2026-09-11T10:54:50.615246+00:00,H,2018-12-02T21:25:00+00:00
2018_13_WAS_PHI,nfl,NFL,2018,13,2018-12-03,PHI,WAS,28.0,13.0,1.4184100418410042,3.13,,5.5,45.0,nflverse,2026-09-11T10:54:50.615246+00:00,H,2018-12-04T01:15:00+00:00
2018_14_JAX_TEN,nfl,NFL,2018,14,2018-12-06,TEN,JAX,30.0,9.0,1.403225806451613,3.21,,5.5,36.5,nflverse,2026-09-11T10:54:50.615246+00:00,H,2018-12-07T01:20:00+00:00
2018_14_ATL_GB,nfl,NFL,2018,14,2018-12-09,GB,ATL,34.0,20.0,1.5405405405405406,2.66,,4.0,51.0,nflverse,2026-09-11T10:54:50.615246+00:00,H,2018-12-09T18:00:00+00:00
2018_14_BAL_KC,nfl,NFL,2018,14,2018-12-09,KC,BAL,27.0,24.0,1.3717472118959106,3.39,,6.5,49.0,nflverse,2026-09-11T10:54:50.615246+00:00,H,2018-12-09T18:00:00+00:00
2018_14_CAR_CLE,nfl,NFL,2018,14,2018-12-09,CLE,CAR,26.0,20.0,2.06,1.8547008547008548,,-1.0,48.0,nflverse,2026-09-11T10:54:50.615246+00:00,H,2018-12-09T18:00:00+00:00
2018_14_CIN_LAC,nfl,NFL,2018,14,2018-12-09,LAC,CIN,26.0,21.0,1.0773993808049536,9.47,,17.0,48.5,nflverse,2026-09-11T10:54:50.615246+00:00,H,2018-12-09T21:05:00+00:00
2018_14_DEN_SF,nfl,NFL,2018,14,2018-12-09,SF,DEN,20.0,14.0,2.48,1.6097560975609757,,-3.0,45.5,nflverse,2026-09-11T10:54:50.615246+00:00,H,2018-12-09T21:05:00+00:00
2018_14_DET_ARI,nfl,NFL,2018,14,2018-12-09,ARI,DET,3.0,17.0,2.26,1.7194244604316546,,-2.5,40.0,nflverse,2026-09-11T10:54:50.615246+00:00,A,2018-12-09T21:25:00+00:00
2018_14_IND_HOU,nfl,NFL,2018,14,2018-12-09,HOU,IND,21.0,24.0,1.510204081632653,2.76,,4.0,49.5,nflverse,2026-09-11T10:54:50.615246+00:00,A,2018-12-09T18:00:00+00:00
2018_14_LA_CHI,nfl,NFL,2018,14,2018-12-09,CHI,LA,15.0,6.0,2.26,1.7194244604316546,,-3.0,50.5,nflverse,2026-09-11T10:54:50.615246+00:00,H,2018-12-10T01:20:00+00:00
2018_14_NE_MIA,nfl,NFL,2018,14,2018-12-09,MIA,NE,34.0,33.0,4.1899999999999995,1.2724795640326976,,-8.5,49.5,nflverse,2026-09-11T10:54:50.615246+00:00,H,2018-12-09T18:00:00+00:00
2018_14_NO_TB,nfl,NFL,2018,14,2018-12-09,TB,NO,14.0,28.0,4.3,1.263157894736842,,-8.5,55.0,nflverse,2026-09-11T10:54:50.615246+00:00,A,2018-12-09T18:00:00+00:00
2018_14_NYG_WAS,nfl,NFL,2018,14,2018-12-09,WAS,NYG,16.0,40.0,2.51,1.5988023952095807,,-3.0,40.5,nflverse,2026-09-11T10:54:50.615246+00:00,A,2018-12-09T18:00:00+00:00
2018_14_NYJ_BUF,nfl,NFL,2018,14,2018-12-09,BUF,NYJ,23.0,27.0,1.4739336492890995,2.8899999999999997,,4.5,37.0,nflverse,2026-09-11T10:54:50.615246+00:00,A,2018-12-09T18:00:00+00:00
2018_14_PHI_DAL,nfl,NFL,2018,14,2018-12-09,DAL,PHI,29.0,23.0,1.5405405405405406,2.66,,3.5,46.0,nflverse,2026-09-11T10:54:50.615246+00:00,H,2018-12-09T21:25:00+00:00
2018_14_PIT_OAK,nfl,NFL,2018,14,2018-12-09,OAK,PIT,24.0,21.0,4.84,1.22271714922049,,-10.5,51.0,nflverse,2026-09-11T10:54:50.615246+00:00,H,2018-12-09T21:25:00+00:00
2018_14_MIN_SEA,nfl,NFL,2018,14,2018-12-10,SEA,MIN,21.0,7.0,1.5847953216374269,2.51,,3.0,45.5,nflverse,2026-09-11T10:54:50.615246+00:00,H,2018-12-11T01:15:00+00:00
2018_15_LAC_KC,nfl,NFL,2018,15,2018-12-13,KC,LAC,28.0,29.0,1.5154639175257731,2.74,,3.5,54.0,nflverse,2026-09-11T10:54:50.615246+00:00,A,2018-12-14T01:20:00+00:00
2018_15_CLE_DEN,nfl,NFL,2018,15,2018-12-15,DEN,CLE,16.0,17.0,1.78125,2.16,,1.0,47.0,nflverse,2026-09-11T10:54:50.615246+00:00,A,2018-12-16T01:20:00+00:00
2018_15_HOU_NYJ,nfl,NFL,2018,15,2018-12-15,NYJ,HOU,22.0,29.0,3.53,1.3496503496503496,,-7.0,44.0,nflverse,2026-09-11T10:54:50.615246+00:00,A,2018-12-15T21:30:00+00:00
2018_15_ARI_ATL,nfl,NFL,2018,15,2018-12-16,ATL,ARI,40.0,14.0,1.2617801047120418,4.32,,10.0,43.5,nflverse,2026-09-11T10:54:50.615246+00:00,H,2018-12-16T18:00:00+00:00
2018_15_DAL_IND,nfl,NFL,2018,15,2018-12-16,IND,DAL,23.0,0.0,1.5813953488372094,2.55,,3.0,47.0,nflverse,2026-09-11T10:54:50.615246+00:00,H,2018-12-16T18:00:00+00:00
2018_15_DET_BUF,nfl,NFL,2018,15,2018-12-16,BUF,DET,14.0,13.0,1.6849315068493151,2.3200000000000003,,2.5,40.0,nflverse,2026-09-11T10:54:50.615246+00:00,H,2018-12-16T18:00:00+00:00
2018_15_GB_CHI,nfl,NFL,2018,15,2018-12-16,CHI,GB,24.0,17.0,1.403225806451613,3.21,,6.0,46.5,nflverse,2026-09-11T10:54:50.615246+00:00,H,2018-12-16T18:00:00+00:00
2018_15_MIA_MIN,nfl,NFL,2018,15,2018-12-16,MIN,MIA,41.0,17.0,1.2808988764044944,4.109999999999999,,7.5,45.0,nflverse,2026-09-11T10:54:50.615246+00:00,H,2018-12-16T18:00:00+00:00
2018_15_NE_PIT,nfl,NFL,2018,15,2018-12-16,PIT,NE,17.0,10.0,2.17,1.7751937984496124,,-2.5,55.0,nflverse,2026-09-11T10:54:50.615246+00:00,H,2018-12-16T21:25:00+00:00
2018_15_OAK_CIN,nfl,NFL,2018,15,2018-12-16,CIN,OAK,30.0,16.0,1.6451612903225805,2.4,,3.0,46.0,nflverse,2026-09-11T10:54:50.615246+00:00,H,2018-12-16T18:00:00+00:00
2018_15_PHI_LA,nfl,NFL,2018,15,2018-12-16,LA,PHI,23.0,30.0,1.125,6.9,,13.5,52.5,nflverse,2026-09-11T10:54:50.615246+00:00,A,2018-12-17T01:20:00+00:00
2018_15_SEA_SF,nfl,NFL,2018,15,2018-12-16,SF,SEA,26.0,23.0,2.8600000000000003,1.4830917874396135,,-3.5,44.0,nflverse,2026-09-11T10:54:50.615246+00:00,H,2018-12-16T21:05:00+00:00
2018_15_TB_BAL,nfl,NFL,2018,15,2018-12-16,BAL,TB,20.0,12.0,1.2645502645502646,4.279999999999999,,8.5,44.5,nflverse,2026-09-11T10:54:50.615246+00:00,H,2018-12-16T18:00:00+00:00
2018_15_TEN_NYG,nfl,NFL,2018,15,2018-12-16,NYG,TEN,0.0,17.0,2.12,1.8130081300813008,,-2.5,42.0,nflverse,2026-09-11T10:54:50.615246+00:00,A,2018-12-16T18:00:00+00:00
2018_15_WAS_JAX,nfl,NFL,2018,15,2018-12-16,JAX,WAS,13.0,16.0,1.2958579881656804,3.96,,7.5,36.0,nflverse,2026-09-11T10:54:50.615246+00:00,A,2018-12-16T18:00:00+00:00
2018_15_NO_CAR,nfl,NFL,2018,15,2018-12-17,CAR,NO,9.0,12.0,3.21,1.403225806451613,,-6.0,50.5,nflverse,2026-09-11T10:54:50.615246+00:00,A,2018-12-18T01:15:00+00:00
2018_16_BAL_LAC,nfl,NFL,2018,16,2018-12-22,LAC,BAL,10.0,22.0,1.5050505050505052,2.7800000000000002,,4.0,42.5,nflverse,2026-09-11T10:54:50.615246+00:00,A,2018-12-23T01:20:00+00:00
2018_16_WAS_TEN,nfl,NFL,2018,16,2018-12-22,TEN,WAS,25.0,16.0,1.1669449081803005,5.81,,12.5,38.0,nflverse,2026-09-11T10:54:50.615246+00:00,H,2018-12-22T21:30:00+00:00
2018_16_ATL_CAR,nfl,NFL,2018,16,2018-12-23,CAR,ATL,10.0,24.0,2.33,1.6802721088435373,,-2.5,46.5,nflverse,2026-09-11T10:54:50.615246+00:00,A,2018-12-23T18:00:00+00:00
2018_16_BUF_NE,nfl,NFL,2018,16,2018-12-23,NE,BUF,24.0,12.0,1.1333333333333333,6.6,,14.0,46.0,nflverse,2026-09-11T10:54:50.615246+00:00,H,2018-12-23T18:00:00+00:00
2018_16_CHI_SF,nfl,NFL,2018,16,2018-12-23,SF,CHI,9.0,14.0,2.71,1.526315789473684,,-3.5,44.0,nflverse,2026-09-11T10:54:50.615246+00:00,A,2018-12-23T21:05:00+00:00
2018_16_CIN_CLE,nfl,NFL,2018,16,2018-12-23,CLE,CIN,26.0,18.0,1.2597402597402598,4.34,,10.0,44.0,nflverse,2026-09-11T10:54:50.615246+00:00,H,2018-12-23T18:00:00+00:00
2018_16_GB_NYJ,nfl,NFL,2018,16,2018-12-23,NYJ,GB,38.0,44.0,2.2800000000000002,1.7092198581560285,,-3.0,47.5,nflverse,2026-09-11T10:54:50.615246+00:00,A,2018-12-23T18:00:00+00:00
2018_16_HOU_PHI,nfl,NFL,2018,16,2018-12-23,PHI,HOU,32.0,30.0,1.8130081300813008,2.1100000000000003,,1.0,47.0,nflverse,2026-09-11T10:54:50.615246+00:00,H,2018-12-23T18:00:00+00:00
2018_16_JAX_MIA,nfl,NFL,2018,16,2018-12-23,MIA,JAX,7.0,17.0,1.65359477124183,2.3899999999999997,,3.0,39.5,nflverse,2026-09-11T10:54:50.615246+00:00,A,2018-12-23T18:00:00+00:00
2018_16_KC_SEA,nfl,NFL,2018,16,2018-12-23,SEA,KC,38.0,31.0,2.05,1.8547008547008548,,-1.0,54.0,nflverse,2026-09-11T10:54:50.615246+00:00,H,2018-12-24T01:20:00+00:00
2018_16_LA_ARI,nfl,NFL,2018,16,2018-12-23,ARI,LA,9.0,31.0,6.16,1.1472754050073637,,-14.5,43.0,nflverse,2026-09-11T10:54:50.615246+00:00,A,2018-12-23T21:05:00+00:00
2018_16_MIN_DET,nfl,NFL,2018,16,2018-12-23,DET,MIN,9.0,27.0,3.36,1.3759398496240602,,-6.5,41.5,nflverse,2026-09-11T10:54:50.615246+00:00,A,2018-12-23T18:00:00+00:00
2018_16_NYG_IND,nfl,NFL,2018,16,2018-12-23,IND,NYG,28.0,27.0,1.25,4.46,,10.0,48.5,nflverse,2026-09-11T10:54:50.615246+00:00,H,2018-12-23T18:00:00+00:00
2018_16_PIT_NO,nfl,NFL,2018,16,2018-12-23,NO,PIT,31.0,28.0,1.3717472118959106,3.38,,6.5,53.0,nflverse,2026-09-11T10:54:50.615246+00:00,H,2018-12-23T21:25:00+00:00
2018_16_TB_DAL,nfl,NFL,2018,16,2018-12-23,DAL,TB,27.0,20.0,1.3174603174603174,3.77,,7.0,48.0,nflverse,2026-09-11T10:54:50.615246+00:00,H,2018-12-23T18:00:00+00:00
2018_16_DEN_OAK,nfl,NFL,2018,16,2018-12-24,OAK,DEN,27.0,14.0,2.1799999999999997,1.7692307692307692,,-2.5,42.5,nflverse,2026-09-11T10:54:50.615246+00:00,H,2018-12-25T01:15:00+00:00
2018_17_ARI_SEA,nfl,NFL,2018,17,2018-12-30,SEA,ARI,27.0,24.0,1.121654501216545,7.03,,15.5,39.5,nflverse,2026-09-11T10:54:50.615246+00:00,H,2018-12-30T21:25:00+00:00
2018_17_ATL_TB,nfl,NFL,2018,17,2018-12-30,TB,ATL,32.0,34.0,2.29,1.704225352112676,,-2.5,52.0,nflverse,2026-09-11T10:54:50.615246+00:00,A,2018-12-30T18:00:00+00:00
2018_17_CAR_NO,nfl,NFL,2018,17,2018-12-30,NO,CAR,14.0,33.0,1.3184713375796178,3.76,,8.0,42.0,nflverse,2026-09-11T10:54:50.615246+00:00,A,2018-12-30T18:00:00+00:00
2018_17_CHI_MIN,nfl,NFL,2018,17,2018-12-30,MIN,CHI,10.0,24.0,1.434782608695652,3.05,,6.0,39.5,nflverse,2026-09-11T10:54:50.615246+00:00,A,2018-12-30T21:25:00+00:00
2018_17_CIN_PIT,nfl,NFL,2018,17,2018-12-30,PIT,CIN,16.0,13.0,1.1488095238095237,6.12,,14.0,45.5,nflverse,2026-09-11T10:54:50.615246+00:00,H,2018-12-30T21:25:00+00:00
2018_17_CLE_BAL,nfl,NFL,2018,17,2018-12-30,BAL,CLE,26.0,24.0,1.3076923076923077,3.85,,7.0,41.0,nflverse,2026-09-11T10:54:50.615246+00:00,H,2018-12-30T21:25:00+00:00
2018_17_DAL_NYG,nfl,NFL,2018,17,2018-12-30,NYG,DAL,35.0,36.0,1.2958579881656804,3.95,,7.5,38.5,nflverse,2026-09-11T10:54:50.615246+00:00,A,2018-12-30T18:00:00+00:00
2018_17_DET_GB,nfl,NFL,2018,17,2018-12-30,GB,DET,0.0,31.0,1.308641975308642,3.84,,7.5,44.5,nflverse,2026-09-11T10:54:50.615246+00:00,A,2018-12-30T18:00:00+00:00
2018_17_IND_TEN,nfl,NFL,2018,17,2018-12-30,TEN,IND,17.0,33.0,2.9,1.4716981132075473,,-5.0,42.5,nflverse,2026-09-11T10:54:50.615246+00:00,A,2018-12-31T01:20:00+00:00
2018_17_JAX_HOU,nfl,NFL,2018,17,2018-12-30,HOU,JAX,20.0,3.0,1.3215434083601285,3.74,,7.0,39.5,nflverse,2026-09-11T10:54:50.615246+00:00,H,2018-12-30T18:00:00+00:00
2018_17_LAC_DEN,nfl,NFL,2018,17,2018-12-30,DEN,LAC,9.0,23.0,3.39,1.3703703703703702,,-7.0,43.5,nflverse,2026-09-11T10:54:50.615246+00:00,A,2018-12-30T21:25:00+00:00
2018_17_MIA_BUF,nfl,NFL,2018,17,2018-12-30,BUF,MIA,42.0,17.0,1.4,3.22,,5.5,39.5,nflverse,2026-09-11T10:54:50.615246+00:00,H,2018-12-30T18:00:00+00:00
2018_17_NYJ_NE,nfl,NFL,2018,17,2018-12-30,NE,NYJ,38.0,3.0,1.1179245283018868,7.18,,14.0,47.0,nflverse,2026-09-11T10:54:50.615246+00:00,H,2018-12-30T18:00:00+00:00
2018_17_OAK_KC,nfl,NFL,2018,17,2018-12-30,KC,OAK,35.0,3.0,1.1259445843828715,6.86,,14.5,54.0,nflverse,2026-09-11T10:54:50.615246+00:00,H,2018-12-30T21:25:00+00:00
2018_17_PHI_WAS,nfl,NFL,2018,17,2018-12-30,WAS,PHI,0.0,24.0,3.18,1.4081632653061225,,-6.0,43.0,nflverse,2026-09-11T10:54:50.615246+00:00,A,2018-12-30T21:25:00+00:00
2018_17_SF_LA,nfl,NFL,2018,17,2018-12-30,LA,SF,48.0,32.0,1.2222222222222223,4.85,,10.5,50.5,nflverse,2026-09-11T10:54:50.615246+00:00,H,2018-12-30T21:25:00+00:00
2018_18_IND_HOU,nfl,NFL,2018,18,2019-01-05,HOU,IND,7.0,21.0,1.8064516129032258,2.12,,2.0,48.5,nflverse,2026-09-11T10:54:50.615246+00:00,A,2019-01-05T21:35:00+00:00
2018_18_SEA_DAL,nfl,NFL,2018,18,2019-01-05,DAL,SEA,24.0,22.0,1.6711409395973154,2.35,,2.5,43.0,nflverse,2026-09-11T10:54:50.615246+00:00,H,2019-01-06T01:15:00+00:00
2018_18_LAC_BAL,nfl,NFL,2018,18,2019-01-06,BAL,LAC,17.0,23.0,1.6451612903225805,2.4,,3.0,43.0,nflverse,2026-09-11T10:54:50.615246+00:00,A,2019-01-06T18:05:00+00:00
2018_18_PHI_CHI,nfl,NFL,2018,18,2019-01-06,CHI,PHI,15.0,16.0,1.3773584905660377,3.35,,6.5,42.5,nflverse,2026-09-11T10:54:50.615246+00:00,A,2019-01-06T21:40:00+00:00
2018_19_DAL_LA,nfl,NFL,2018,19,2019-01-12,LA,DAL,30.0,22.0,1.2958579881656804,3.96,,7.5,48.0,nflverse,2026-09-11T10:54:50.615246+00:00,H,2019-01-13T01:15:00+00:00
2018_19_IND_KC,nfl,NFL,2018,19,2019-01-12,KC,IND,31.0,13.0,1.4926108374384237,2.8200000000000003,,4.0,54.5,nflverse,2026-09-11T10:54:50.615246+00:00,H,2019-01-12T21:35:00+00:00
2018_19_LAC_NE,nfl,NFL,2018,19,2019-01-13,NE,LAC,41.0,28.0,1.529100529100529,2.7,,4.0,47.5,nflverse,2026-09-11T10:54:50.615246+00:00,H,2019-01-13T18:05:00+00:00
2018_19_PHI_NO,nfl,NFL,2018,19,2019-01-13,NO,PHI,20.0,14.0,1.2680965147453083,4.24,,8.5,52.0,nflverse,2026-09-11T10:54:50.615246+00:00,H,2019-01-13T21:40:00+00:00
2018_20_LA_NO,nfl,NFL,2018,20,2019-01-20,NO,LA,23.0,26.0,1.6369426751592355,2.42,,3.0,55.0,nflverse,2026-09-11T10:54:50.615246+00:00,A,2019-01-20T20:05:00+00:00
2018_20_NE_KC,nfl,NFL,2018,20,2019-01-20,KC,NE,31.0,37.0,1.5780346820809248,2.56,,3.0,56.5,nflverse,2026-09-11T10:54:50.615246+00:00,A,2019-01-20T23:40:00+00:00
2018_21_NE_LA,nfl,NFL,2018,21,2019-02-03,LA,NE,3.0,13.0,2.1100000000000003,1.8130081300813008,,-2.0,55.5,nflverse,2026-09-11T10:54:50.615246+00:00,A,2019-02-03T23:30:00+00:00
2019_01_GB_CHI,nfl,NFL,2019,1,2019-09-05,CHI,GB,3.0,10.0,1.5617977528089888,2.6,,3.5,47.0,nflverse,2026-09-11T10:54:50.615246+00:00,A,2019-09-06T00:20:00+00:00
2019_01_ATL_MIN,nfl,NFL,2019,1,2019-09-08,MIN,ATL,28.0,12.0,1.5681818181818183,2.59,,3.5,47.0,nflverse,2026-09-11T10:54:50.615246+00:00,H,2019-09-08T17:00:00+00:00
2019_01_BAL_MIA,nfl,NFL,2019,1,2019-09-08,MIA,BAL,10.0,59.0,3.63,1.3355704697986577,,-7.0,41.0,nflverse,2026-09-11T10:54:50.615246+00:00,A,2019-09-08T17:00:00+00:00
2019_01_BUF_NYJ,nfl,NFL,2019,1,2019-09-08,NYJ,BUF,16.0,17.0,1.6711409395973154,2.35,,2.5,41.0,nflverse,2026-09-11T10:54:50.615246+00:00,A,2019-09-08T17:00:00+00:00
2019_01_CIN_SEA,nfl,NFL,2019,1,2019-09-08,SEA,CIN,21.0,20.0,1.2512562814070352,4.4399999999999995,,9.5,44.0,nflverse,2026-09-11T10:54:50.615246+00:00,H,2019-09-08T20:05:00+00:00
2019_01_DET_ARI,nfl,NFL,2019,1,2019-09-08,ARI,DET,27.0,27.0,2.33,1.6802721088435373,,-2.5,45.5,nflverse,2026-09-11T10:54:50.615246+00:00,D,2019-09-08T20:25:00+00:00
2019_01_IND_LAC,nfl,NFL,2019,1,2019-09-08,LAC,IND,30.0,24.0,1.3773584905660377,3.35,,6.0,44.5,nflverse,2026-09-11T10:54:50.615246+00:00,H,2019-09-08T20:05:00+00:00
2019_01_KC_JAX,nfl,NFL,2019,1,2019-09-08,JAX,KC,26.0,40.0,2.63,1.5524861878453038,,-3.5,49.0,nflverse,2026-09-11T10:54:50.615246+00:00,A,2019-09-08T17:00:00+00:00
2019_01_LA_CAR,nfl,NFL,2019,1,2019-09-08,CAR,LA,27.0,30.0,2.1100000000000003,1.819672131147541,,-1.5,49.5,nflverse,2026-09-11T10:54:50.615246+00:00,A,2019-09-08T17:00:00+00:00
2019_01_NYG_DAL,nfl,NFL,2019,1,2019-09-08,DAL,NYG,35.0,17.0,1.3246753246753247,3.71,,7.0,44.0,nflverse,2026-09-11T10:54:50.615246+00:00,H,2019-09-08T20:25:00+00:00
2019_01_PIT_NE,nfl,NFL,2019,1,2019-09-08,NE,PIT,33.0,3.0,1.4385964912280702,3.03,,5.5,49.0,nflverse,2026-09-11T10:54:50.615246+00:00,H,2019-09-09T00:20:00+00:00
2019_01_SF_TB,nfl,NFL,2019,1,2019-09-08,TB,SF,17.0,31.0,1.925925925925926,1.9803921568627452,,1.0,51.0,nflverse,2026-09-11T10:54:50.615246+00:00,A,2019-09-08T20:25:00+00:00
2019_01_TEN_CLE,nfl,NFL,2019,1,2019-09-08,CLE,TEN,13.0,43.0,1.434782608695652,3.06,,5.5,44.0,nflverse,2026-09-11T10:54:50.615246+00:00,A,2019-09-08T17:00:00+00:00
2019_01_WAS_PHI,nfl,NFL,2019,1,2019-09-08,PHI,WAS,32.0,27.0,1.2159827213822894,4.95,,10.5,44.0,nflverse,2026-09-11T10:54:50.615246+00:00,H,2019-09-08T17:00:00+00:00
2019_01_DEN_OAK,nfl,NFL,2019,1,2019-09-09,OAK,DEN,24.0,16.0,2.35,1.6711409395973154,,-3.0,42.5,nflverse,2026-09-11T10:54:50.615246+00:00,H,2019-09-10T02:20:00+00:00
2019_01_HOU_NO,nfl,NFL,2019,1,2019-09-09,NO,HOU,30.0,28.0,1.3225806451612903,3.73,,6.5,52.0,nflverse,2026-09-11T10:54:50.615246+00:00,H,2019-09-09T23:10:00+00:00
2019_02_TB_CAR,nfl,NFL,2019,2,2019-09-12,CAR,TB,14.0,20.0,1.3610108303249098,3.4,,6.5,48.0,nflverse,2026-09-11T10:54:50.615246+00:00,A,2019-09-13T00:20:00+00:00
2019_02_ARI_BAL,nfl,NFL,2019,2,2019-09-15,BAL,ARI,23.0,17.0,1.150375939849624,6.13,,13.0,46.0,nflverse,2026-09-11T10:54:50.615246+00:00,H,2019-09-15T17:00:00+00:00
2019_02_BUF_NYG,nfl,NFL,2019,2,2019-09-15,NYG,BUF,14.0,28.0,2.02,1.8849557522123894,,-1.0,44.5,nflverse,2026-09-11T10:54:50.615246+00:00,A,2019-09-15T17:00:00+00:00
2019_02_CHI_DEN,nfl,NFL,2019,2,2019-09-15,DEN,CHI,14.0,16.0,2.3200000000000003,1.6802721088435373,,-3.0,41.0,nflverse,2026-09-11T10:54:50.615246+00:00,A,2019-09-15T20:25:00+00:00
2019_02_DAL_WAS,nfl,NFL,2019,2,2019-09-15,WAS,DAL,21.0,31.0,3.33,1.373134328358209,,-6.0,46.5,nflverse,2026-09-11T10:54:50.615246+00:00,A,2019-09-15T17:00:00+00:00
2019_02_IND_TEN,nfl,NFL,2019,2,2019-09-15,TEN,IND,17.0,19.0,1.5617977528089888,2.6,,3.0,43.5,nflverse,2026-09-11T10:54:50.615246+00:00,A,2019-09-15T17:00:00+00:00
2019_02_JAX_HOU,nfl,NFL,2019,2,2019-09-15,HOU,JAX,13.0,12.0,1.2976190476190477,3.86,,7.5,43.0,nflverse,2026-09-11T10:54:50.615246+00:00,H,2019-09-15T17:00:00+00:00
2019_02_KC_OAK,nfl,NFL,2019,2,2019-09-15,OAK,KC,10.0,28.0,3.52,1.341296928327645,,-7.0,53.5,nflverse,2026-09-11T10:54:50.615246+00:00,A,2019-09-15T20:05:00+00:00
2019_02_LAC_DET,nfl,NFL,2019,2,2019-09-15,DET,LAC,13.0,10.0,1.970873786407767,1.9345794392523366,,-1.0,47.0,nflverse,2026-09-11T10:54:50.615246+00:00,H,2019-09-15T17:00:00+00:00
2019_02_MIN_GB,nfl,NFL,2019,2,2019-09-15,GB,MIN,21.0,16.0,1.606060606060606,2.48,,3.0,43.0,nflverse,2026-09-11T10:54:50.615246+00:00,H,2019-09-15T17:00:00+00:00
2019_02_NE_MIA,nfl,NFL,2019,2,2019-09-15,MIA,NE,0.0,43.0,9.8,1.0769230769230769,,-18.0,48.5,nflverse,2026-09-11T10:54:50.615246+00:00,A,2019-09-15T17:00:00+00:00
2019_02_NO_LA,nfl,NFL,2019,2,2019-09-15,LA,NO,27.0,9.0,1.847457627118644,2.0700000000000003,,2.0,52.5,nflverse,2026-09-11T10:54:50.615246+00:00,H,2019-09-15T20:25:00+00:00
2019_02_PHI_ATL,nfl,NFL,2019,2,2019-09-15,ATL,PHI,24.0,20.0,1.9523809523809523,1.9523809523809523,,-1.0,53.0,nflverse,2026-09-11T10:54:50.615246+00:00,H,2019-09-16T00:20:00+00:00
2019_02_SEA_PIT,nfl,NFL,2019,2,2019-09-15,PIT,SEA,26.0,28.0,1.5076142131979695,2.75,,4.0,47.0,nflverse,2026-09-11T10:54:50.615246+00:00,A,2019-09-15T17:00:00+00:00
2019_02_SF_CIN,nfl,NFL,2019,2,2019-09-15,CIN,SF,17.0,41.0,1.9345794392523366,1.970873786407767,,1.0,46.0,nflverse,2026-09-11T10:54:50.615246+00:00,A,2019-09-15T17:00:00+00:00
2019_02_CLE_NYJ,nfl,NFL,2019,2,2019-09-16,NYJ,CLE,3.0,23.0,3.41,1.3597122302158273,,-6.5,45.5,nflverse,2026-09-11T10:54:50.615246+00:00,A,2019-09-17T00:15:00+00:00
2019_03_TEN_JAX,nfl,NFL,2019,3,2019-09-19,JAX,TEN,20.0,7.0,2.13,1.8,,-1.5,38.0,nflverse,2026-09-11T10:54:50.615246+00:00,H,2019-09-20T00:20:00+00:00
2019_03_ATL_IND,nfl,NFL,2019,3,2019-09-22,IND,ATL,27.0,24.0,1.8620689655172413,2.05,,1.0,48.0,nflverse,2026-09-11T10:54:50.615246+00:00,H,2019-09-22T17:00:00+00:00
2019_03_BAL_KC,nfl,NFL,2019,3,2019-09-22,KC,BAL,33.0,28.0,1.462962962962963,2.91,,4.5,52.0,nflverse,2026-09-11T10:54:50.615246+00:00,H,2019-09-22T17:00:00+00:00
2019_03_CAR_ARI,nfl,NFL,2019,3,2019-09-22,ARI,CAR,20.0,38.0,1.7633587786259541,2.1799999999999997,,2.5,46.0,nflverse,2026-09-11T10:54:50.615246+00:00,A,2019-09-22T20:05:00+00:00
2019_03_CIN_BUF,nfl,NFL,2019,3,2019-09-22,BUF,CIN,21.0,17.0,1.3968253968253967,3.2,,5.5,43.5,nflverse,2026-09-11T10:54:50.615246+00:00,H,2019-09-22T17:00:00+00:00
2019_03_DEN_GB,nfl,NFL,2019,3,2019-09-22,GB,DEN,27.0,16.0,1.305810397553517,3.78,,7.0,42.0,nflverse,2026-09-11T10:54:50.615246+00:00,H,2019-09-22T17:00:00+00:00
2019_03_DET_PHI,nfl,NFL,2019,3,2019-09-22,PHI,DET,24.0,27.0,1.4716981132075473,2.88,,4.0,45.0,nflverse,2026-09-11T10:54:50.615246+00:00,A,2019-09-22T17:00:00+00:00
2019_03_HOU_LAC,nfl,NFL,2019,3,2019-09-22,LAC,HOU,20.0,27.0,1.5952380952380953,2.51,,3.0,49.0,nflverse,2026-09-11T10:54:50.615246+00:00,A,2019-09-22T20:25:00+00:00
2019_03_LA_CLE,nfl,NFL,2019,3,2019-09-22,CLE,LA,13.0,20.0,2.9,1.4651162790697674,,-4.0,48.0,nflverse,2026-09-11T10:54:50.615246+00:00,A,2019-09-23T00:20:00+00:00
2019_03_MIA_DAL,nfl,NFL,2019,3,2019-09-22,DAL,MIA,31.0,6.0,1.0393700787401574,15.54,,22.0,46.5,nflverse,2026-09-11T10:54:50.615246+00:00,H,2019-09-22T17:00:00+00:00
2019_03_NO_SEA,nfl,NFL,2019,3,2019-09-22,SEA,NO,27.0,33.0,1.4444444444444444,2.99,,5.0,44.0,nflverse,2026-09-11T10:54:50.615246+00:00,A,2019-09-22T20:25:00+00:00
2019_03_NYG_TB,nfl,NFL,2019,3,2019-09-22,TB,NYG,31.0,32.0,1.434782608695652,3.02,,5.0,48.0,nflverse,2026-09-11T10:54:50.615246+00:00,A,2019-09-22T20:05:00+00:00
2019_03_NYJ_NE,nfl,NFL,2019,3,2019-09-22,NE,NYJ,30.0,14.0,1.0509683995922527,13.03,,20.5,43.0,nflverse,2026-09-11T10:54:50.615246+00:00,H,2019-09-22T17:00:00+00:00
2019_03_OAK_MIN,nfl,NFL,2019,3,2019-09-22,MIN,OAK,34.0,14.0,1.2469135802469136,4.37,,8.5,43.0,nflverse,2026-09-11T10:54:50.615246+00:00,H,2019-09-22T17:00:00+00:00
2019_03_PIT_SF,nfl,NFL,2019,3,2019-09-22,SF,PIT,24.0,20.0,1.3623188405797102,3.39,,6.0,44.5,nflverse,2026-09-11T10:54:50.615246+00:00,H,2019-09-22T20:25:00+00:00
2019_03_CHI_WAS,nfl,NFL,2019,3,2019-09-23,WAS,CHI,15.0,31.0,3.04,1.4310344827586206,,-5.0,41.0,nflverse,2026-09-11T10:54:50.615246+00:00,A,2019-09-24T00:15:00+00:00
2019_04_PHI_GB,nfl,NFL,2019,4,2019-09-26,GB,PHI,27.0,34.0,1.526315789473684,2.69,,3.5,46.0,nflverse,2026-09-11T10:54:50.615246+00:00,A,2019-09-27T00:20:00+00:00
2019_04_CAR_HOU,nfl,NFL,2019,4,2019-09-29,HOU,CAR,10.0,16.0,1.3891050583657587,3.24,,5.5,47.5,nflverse,2026-09-11T10:54:50.615246+00:00,A,2019-09-29T17:00:00+00:00
2019_04_CLE_BAL,nfl,NFL,2019,4,2019-09-29,BAL,CLE,25.0,40.0,1.305810397553517,3.79,,7.5,47.0,nflverse,2026-09-11T10:54:50.615246+00:00,A,2019-09-29T17:00:00+00:00
2019_04_DAL_NO,nfl,NFL,2019,4,2019-09-29,NO,DAL,12.0,10.0,2.27,1.7142857142857144,,-2.5,47.0,nflverse,2026-09-11T10:54:50.615246+00:00,H,2019-09-30T00:20:00+00:00
2019_04_JAX_DEN,nfl,NFL,2019,4,2019-09-29,DEN,JAX,24.0,26.0,1.72992700729927,2.24,,2.5,37.0,nflverse,2026-09-11T10:54:50.615246+00:00,A,2019-09-29T20:25:00+00:00
2019_04_KC_DET,nfl,NFL,2019,4,2019-09-29,DET,KC,30.0,34.0,4.07,1.2747252747252746,,-7.5,54.5,nflverse,2026-09-11T10:54:50.615246+00:00,A,2019-09-29T17:00:00+00:00
2019_04_LAC_MIA,nfl,NFL,2019,4,2019-09-29,MIA,LAC,10.0,30.0,7.02,1.1240694789081886,,-15.0,43.5,nflverse,2026-09-11T10:54:50.615246+00:00,A,2019-09-29T17:00:00+00:00
2019_04_MIN_CHI,nfl,NFL,2019,4,2019-09-29,CHI,MIN,16.0,6.0,1.9803921568627452,1.925925925925926,,-1.0,38.0,nflverse,2026-09-11T10:54:50.615246+00:00,H,2019-09-29T20:25:00+00:00
2019_04_NE_BUF,nfl,NFL,2019,4,2019-09-29,BUF,NE,10.0,16.0,3.74,1.3115264797507789,,-7.0,41.5,nflverse,2026-09-11T10:54:50.615246+00:00,A,2019-09-29T17:00:00+00:00
2019_04_OAK_IND,nfl,NFL,2019,4,2019-09-29,IND,OAK,24.0,31.0,1.4132231404958677,3.12,,5.5,46.0,nflverse,2026-09-11T10:54:50.615246+00:00,A,2019-09-29T17:00:00+00:00
2019_04_SEA_ARI,nfl,NFL,2019,4,2019-09-29,ARI,SEA,10.0,27.0,3.09,1.4201680672268908,,-5.5,49.0,nflverse,2026-09-11T10:54:50.615246+00:00,A,2019-09-29T20:05:00+00:00
2019_04_TB_LA,nfl,NFL,2019,4,2019-09-29,LA,TB,40.0,55.0,1.2114164904862579,4.85,,9.0,48.5,nflverse,2026-09-11T10:54:50.615246+00:00,A,2019-09-29T20:05:00+00:00
2019_04_TEN_ATL,nfl,NFL,2019,4,2019-09-29,ATL,TEN,10.0,24.0,1.5747126436781609,2.56,,3.5,46.0,nflverse,2026-09-11T10:54:50.615246+00:00,A,2019-09-29T17:00:00+00:00
2019_04_WAS_NYG,nfl,NFL,2019,4,2019-09-29,NYG,WAS,24.0,3.0,1.6134969325153374,2.46,,3.0,48.0,nflverse,2026-09-11T10:54:50.615246+00:00,H,2019-09-29T17:00:00+00:00
2019_04_CIN_PIT,nfl,NFL,2019,4,2019-09-30,PIT,CIN,27.0,3.0,1.558659217877095,2.6,,3.5,45.5,nflverse,2026-09-11T10:54:50.615246+00:00,H,2019-10-01T00:15:00+00:00
2019_05_LA_SEA,nfl,NFL,2019,5,2019-10-03,SEA,LA,30.0,29.0,1.819672131147541,2.1100000000000003,,1.5,49.0,nflverse,2026-09-11T10:54:50.615246+00:00,H,2019-10-04T00:20:00+00:00
2019_05_ARI_CIN,nfl,NFL,2019,5,2019-10-06,CIN,ARI,23.0,26.0,1.6493506493506493,2.3899999999999997,,3.0,45.0,nflverse,2026-09-11T10:54:50.615246+00:00,A,2019-10-06T17:00:00+00:00
2019_05_ATL_HOU,nfl,NFL,2019,5,2019-10-06,HOU,ATL,53.0,32.0,1.4830917874396135,2.84,,4.0,49.0,nflverse,2026-09-11T10:54:50.615246+00:00,H,2019-10-06T17:00:00+00:00
2019_05_BAL_PIT,nfl,NFL,2019,5,2019-10-06,PIT,BAL,23.0,26.0,2.6,1.558659217877095,,-3.5,44.0,nflverse,2026-09-11T10:54:50.615246+00:00,A,2019-10-06T17:00:00+00:00
2019_05_BUF_TEN,nfl,NFL,2019,5,2019-10-06,TEN,BUF,7.0,14.0,1.5494505494505495,2.62,,3.5,39.5,nflverse,2026-09-11T10:54:50.615246+00:00,A,2019-10-06T17:00:00+00:00
2019_05_CHI_OAK,nfl,NFL,2019,5,2019-10-06,OAK,CHI,24.0,21.0,3.32,1.3759398496240602,,-6.5,39.5,nflverse,2026-09-11T10:54:50.615246+00:00,H,2019-10-06T17:00:00+00:00
2019_05_DEN_LAC,nfl,NFL,2019,5,2019-10-06,LAC,DEN,13.0,20.0,1.4424778761061947,2.99,,4.0,46.0,nflverse,2026-09-11T10:54:50.615246+00:00,A,2019-10-06T20:05:00+00:00
2019_05_GB_DAL,nfl,NFL,2019,5,2019-10-06,DAL,GB,24.0,34.0,1.5524861878453038,2.62,,3.5,46.5,nflverse,2026-09-11T10:54:50.615246+00:00,A,2019-10-06T20:25:00+00:00
2019_05_IND_KC,nfl,NFL,2019,5,2019-10-06,KC,IND,13.0,19.0,1.1984126984126984,5.07,,10.5,55.5,nflverse,2026-09-11T10:54:50.615246+00:00,A,2019-10-07T00:20:00+00:00
2019_05_JAX_CAR,nfl,NFL,2019,5,2019-10-06,CAR,JAX,34.0,27.0,1.529100529100529,2.69,,3.0,41.0,nflverse,2026-09-11T10:54:50.615246+00:00,H,2019-10-06T17:00:00+00:00
2019_05_MIN_NYG,nfl,NFL,2019,5,2019-10-06,NYG,MIN,10.0,28.0,3.13,1.4115226337448559,,-5.5,44.0,nflverse,2026-09-11T10:54:50.615246+00:00,A,2019-10-06T17:00:00+00:00
2019_05_NE_WAS,nfl,NFL,2019,5,2019-10-06,WAS,NE,7.0,33.0,7.95,1.1038421599169264,,-15.5,42.0,nflverse,2026-09-11T10:54:50.615246+00:00,A,2019-10-06T17:00:00+00:00
2019_05_NYJ_PHI,nfl,NFL,2019,5,2019-10-06,PHI,NYJ,31.0,6.0,1.1278772378516624,6.87,,14.0,43.0,nflverse,2026-09-11T10:54:50.615246+00:00,H,2019-10-06T17:00:00+00:00
2019_05_TB_NO,nfl,NFL,2019,5,2019-10-06,NO,TB,31.0,24.0,1.6756756756756757,2.33,,3.0,46.0,nflverse,2026-09-11T10:54:50.615246+00:00,H,2019-10-06T17:00:00+00:00
2019_05_CLE_SF,nfl,NFL,2019,5,2019-10-07,SF,CLE,31.0,3.0,1.4424778761061947,2.99,,5.0,47.5,nflverse,2026-09-11T10:54:50.615246+00:00,H,2019-10-08T00:15:00+00:00
2019_06_NYG_NE,nfl,NFL,2019,6,2019-10-10,NE,NYG,35.0,14.0,1.0933706816059758,8.559999999999999,,16.5,43.0,nflverse,2026-09-11T10:54:50.615246+00:00,H,2019-10-11T00:20:00+00:00
2019_06_ATL_ARI,nfl,NFL,2019,6,2019-10-13,ARI,ATL,34.0,33.0,2.45,1.62111801242236,,-3.0,52.5,nflverse,2026-09-11T10:54:50.615246+00:00,H,2019-10-13T20:05:00+00:00
2019_06_CAR_TB,nfl,NFL,2019,6,2019-10-13,TB,CAR,26.0,37.0,2.13,1.8,,-2.0,48.5,nflverse,2026-09-11T10:54:50.615246+00:00,A,2019-10-13T13:30:00+00:00
2019_06_CIN_BAL,nfl,NFL,2019,6,2019-10-13,BAL,CIN,23.0,17.0,1.1883239171374764,5.25,,10.5,47.0,nflverse,2026-09-11T10:54:50.615246+00:00,H,2019-10-13T17:00:00+00:00
2019_06_DAL_NYJ,nfl,NFL,2019,6,2019-10-13,NYJ,DAL,24.0,22.0,3.7,1.3164556962025316,,-7.0,43.5,nflverse,2026-09-11T10:54:50.615246+00:00,H,2019-10-13T20:25:00+00:00
2019_06_HOU_KC,nfl,NFL,2019,6,2019-10-13,KC,HOU,24.0,31.0,1.5376344086021505,2.66,,3.5,54.5,nflverse,2026-09-11T10:54:50.615246+00:00,A,2019-10-13T17:00:00+00:00
2019_06_NO_JAX,nfl,NFL,2019,6,2019-10-13,JAX,NO,6.0,13.0,1.7194244604316546,2.26,,2.5,42.5,nflverse,2026-09-11T10:54:50.615246+00:00,A,2019-10-13T17:00:00+00:00
2019_06_PHI_MIN,nfl,NFL,2019,6,2019-10-13,MIN,PHI,38.0,20.0,1.5681818181818183,2.5700000000000003,,3.5,44.0,nflverse,2026-09-11T10:54:50.615246+00:00,H,2019-10-13T17:00:00+00:00
2019_06_PIT_LAC,nfl,NFL,2019,6,2019-10-13,LAC,PIT,17.0,24.0,1.3968253968253967,3.2,,6.0,42.5,nflverse,2026-09-11T10:54:50.615246+00:00,A,2019-10-14T00:20:00+00:00
2019_06_SEA_CLE,nfl,NFL,2019,6,2019-10-13,CLE,SEA,28.0,32.0,1.8849557522123894,2.02,,1.0,45.5,nflverse,2026-09-11T10:54:50.615246+00:00,A,2019-10-13T17:00:00+00:00
2019_06_SF_LA,nfl,NFL,2019,6,2019-10-13,LA,SF,7.0,20.0,1.6756756756756757,2.33,,3.0,49.5,nflverse,2026-09-11T10:54:50.615246+00:00,A,2019-10-13T20:05:00+00:00
2019_06_TEN_DEN,nfl,NFL,2019,6,2019-10-13,DEN,TEN,16.0,0.0,1.8264462809917354,2.09,,1.0,41.0,nflverse,2026-09-11T10:54:50.615246+00:00,H,2019-10-13T20:25:00+00:00
2019_06_WAS_MIA,nfl,NFL,2019,6,2019-10-13,MIA,WAS,16.0,17.0,3.1,1.4166666666666667,,-6.0,42.0,nflverse,2026-09-11T10:54:50.615246+00:00,A,2019-10-13T17:00:00+00:00
2019_06_DET_GB,nfl,NFL,2019,6,2019-10-14,GB,DET,23.0,22.0,1.5050505050505052,2.76,,3.5,47.0,nflverse,2026-09-11T10:54:50.615246+00:00,H,2019-10-15T00:15:00+00:00
2019_07_KC_DEN,nfl,NFL,2019,7,2019-10-17,DEN,KC,6.0,30.0,2.34,1.6711409395973154,,-3.0,49.5,nflverse,2026-09-11T10:54:50.615246+00:00,A,2019-10-18T00:20:00+00:00
2019_07_ARI_NYG,nfl,NFL,2019,7,2019-10-20,NYG,ARI,21.0,27.0,1.5319148936170213,2.6799999999999997,,3.5,49.5,nflverse,2026-09-11T10:54:50.615246+00:00,A,2019-10-20T17:00:00+00:00
2019_07_BAL_SEA,nfl,NFL,2019,7,2019-10-20,SEA,BAL,16.0,30.0,1.6369426751592355,2.41,,3.0,49.0,nflverse,2026-09-11T10:54:50.615246+00:00,A,2019-10-20T20:25:00+00:00
2019_07_HOU_IND,nfl,NFL,2019,7,2019-10-20,IND,HOU,30.0,23.0,1.8333333333333335,2.09,,1.5,46.5,nflverse,2026-09-11T10:54:50.615246+00:00,H,2019-10-20T17:00:00+00:00
2019_07_JAX_CIN,nfl,NFL,2019,7,2019-10-20,CIN,JAX,17.0,27.0,2.8899999999999997,1.4672897196261683,,-4.0,44.5,nflverse,2026-09-11T10:54:50.615246+00:00,A,2019-10-20T17:00:00+00:00
2019_07_LAC_TEN,nfl,NFL,2019,7,2019-10-20,TEN,LAC,23.0,20.0,1.6369426751592355,2.41,,3.0,42.5,nflverse,2026-09-11T10:54:50.615246+00:00,H,2019-10-20T20:05:00+00:00
2019_07_LA_ATL,nfl,NFL,2019,7,2019-10-20,ATL,LA,10.0,37.0,2.3899999999999997,1.6493506493506493,,-3.0,54.5,nflverse,2026-09-11T10:54:50.615246+00:00,A,2019-10-20T17:00:00+00:00
2019_07_MIA_BUF,nfl,NFL,2019,7,2019-10-20,BUF,MIA,31.0,21.0,1.0879507475813543,8.93,,17.0,42.5,nflverse,2026-09-11T10:54:50.615246+00:00,H,2019-10-20T17:00:00+00:00
2019_07_MIN_DET,nfl,NFL,2019,7,2019-10-20,DET,MIN,30.0,42.0,2.24,1.72992700729927,,-2.5,43.5,nflverse,2026-09-11T10:54:50.615246+00:00,A,2019-10-20T17:00:00+00:00
2019_07_NO_CHI,nfl,NFL,2019,7,2019-10-20,CHI,NO,25.0,36.0,1.4694835680751175,2.88,,4.0,37.0,nflverse,2026-09-11T10:54:50.615246+00:00,A,2019-10-20T20:25:00+00:00
2019_07_OAK_GB,nfl,NFL,2019,7,2019-10-20,GB,OAK,42.0,24.0,1.4149377593360997,3.11,,5.5,48.0,nflverse,2026-09-11T10:54:50.615246+00:00,H,2019-10-20T17:00:00+00:00
2019_07_PHI_DAL,nfl,NFL,2019,7,2019-10-20,DAL,PHI,37.0,10.0,1.606060606060606,2.48,,3.0,50.0,nflverse,2026-09-11T10:54:50.615246+00:00,H,2019-10-21T00:20:00+00:00
2019_07_SF_WAS,nfl,NFL,2019,7,2019-10-20,WAS,SF,0.0,9.0,4.5,1.2358490566037736,,-10.0,39.0,nflverse,2026-09-11T10:54:50.615246+00:00,A,2019-10-20T17:00:00+00:00
2019_07_NE_NYJ,nfl,NFL,2019,7,2019-10-21,NYJ,NE,0.0,33.0,4.109999999999999,1.2695417789757413,,-9.5,43.0,nflverse,2026-09-11T10:54:50.615246+00:00,A,2019-10-22T00:15:00+00:00
2019_08_WAS_MIN,nfl,NFL,2019,8,2019-10-24,MIN,WAS,19.0,9.0,1.0977517106549364,8.29,,16.5,42.0,nflverse,2026-09-11T10:54:50.615246+00:00,H,2019-10-25T00:20:00+00:00
2019_08_ARI_NO,nfl,NFL,2019,8,2019-10-27,NO,ARI,31.0,9.0,1.16,5.67,,12.5,47.5,nflverse,2026-09-11T10:54:50.615246+00:00,H,2019-10-27T17:00:00+00:00
2019_08_CAR_SF,nfl,NFL,2019,8,2019-10-27,SF,CAR,51.0,13.0,1.4807692307692308,2.84,,4.5,41.0,nflverse,2026-09-11T10:54:50.615246+00:00,H,2019-10-27T20:05:00+00:00
2019_08_CIN_LA,nfl,NFL,2019,8,2019-10-27,LA,CIN,24.0,10.0,1.1683501683501682,5.67,,12.0,48.5,nflverse,2026-09-11T10:54:50.615246+00:00,H,2019-10-27T17:00:00+00:00
2019_08_CLE_NE,nfl,NFL,2019,8,2019-10-27,NE,CLE,27.0,13.0,1.2724795640326976,4.09,,9.5,43.0,nflverse,2026-09-11T10:54:50.615246+00:00,H,2019-10-27T20:25:00+00:00
2019_08_DEN_IND,nfl,NFL,2019,8,2019-10-27,IND,DEN,15.0,13.0,1.4201680672268908,3.09,,6.0,41.0,nflverse,2026-09-11T10:54:50.615246+00:00,H,2019-10-27T17:00:00+00:00
2019_08_GB_KC,nfl,NFL,2019,8,2019-10-27,KC,GB,24.0,31.0,3.02,1.434782608695652,,-5.0,48.0,nflverse,2026-09-11T10:54:50.615246+00:00,A,2019-10-28T00:20:00+00:00
2019_08_LAC_CHI,nfl,NFL,2019,8,2019-10-27,CHI,LAC,16.0,17.0,1.5494505494505495,2.63,,3.5,41.0,nflverse,2026-09-11T10:54:50.615246+00:00,A,2019-10-27T17:00:00+00:00
2019_08_NYG_DET,nfl,NFL,2019,8,2019-10-27,DET,NYG,31.0,26.0,1.3745318352059925,3.32,,6.5,49.0,nflverse,2026-09-11T10:54:50.615246+00:00,H,2019-10-27T17:00:00+00:00
2019_08_NYJ_JAX,nfl,NFL,2019,8,2019-10-27,JAX,NYJ,29.0,15.0,1.3389830508474576,3.54,,7.0,39.5,nflverse,2026-09-11T10:54:50.615246+00:00,H,2019-10-27T17:00:00+00:00
2019_08_OAK_HOU,nfl,NFL,2019,8,2019-10-27,HOU,OAK,27.0,24.0,1.423728813559322,3.07,,5.0,52.0,nflverse,2026-09-11T10:54:50.615246+00:00,H,2019-10-27T20:25:00+00:00
2019_08_PHI_BUF,nfl,NFL,2019,8,2019-10-27,BUF,PHI,13.0,31.0,1.819672131147541,2.1100000000000003,,1.0,39.5,nflverse,2026-09-11T10:54:50.615246+00:00,A,2019-10-27T17:00:00+00:00
2019_08_SEA_ATL,nfl,NFL,2019,8,2019-10-27,ATL,SEA,20.0,27.0,3.75,1.3095975232198143,,-7.5,48.5,nflverse,2026-09-11T10:54:50.615246+00:00,A,2019-10-27T17:00:00+00:00
2019_08_TB_TEN,nfl,NFL,2019,8,2019-10-27,TEN,TB,27.0,23.0,1.819672131147541,2.1,,2.0,45.5,nflverse,2026-09-11T10:54:50.615246+00:00,H,2019-10-27T17:00:00+00:00
2019_08_MIA_PIT,nfl,NFL,2019,8,2019-10-28,PIT,MIA,27.0,14.0,1.1587301587301586,5.91,,14.0,44.0,nflverse,2026-09-11T10:54:50.615246+00:00,H,2019-10-29T00:15:00+00:00
2019_09_SF_ARI,nfl,NFL,2019,9,2019-10-31,ARI,SF,25.0,28.0,4.65,1.2247191011235956,,-10.5,43.5,nflverse,2026-09-11T10:54:50.615246+00:00,A,2019-11-01T00:20:00+00:00
2019_09_CHI_PHI,nfl,NFL,2019,9,2019-11-03,PHI,CHI,22.0,14.0,1.4424778761061947,2.99,,5.0,41.0,nflverse,2026-09-11T10:54:50.615246+00:00,H,2019-11-03T18:00:00+00:00
2019_09_CLE_DEN,nfl,NFL,2019,9,2019-11-03,DEN,CLE,24.0,19.0,2.73,1.5154639175257731,,-4.0,39.0,nflverse,2026-09-11T10:54:50.615246+00:00,H,2019-11-03T21:25:00+00:00
2019_09_DET_OAK,nfl,NFL,2019,9,2019-11-03,OAK,DET,31.0,24.0,1.6993006993006992,2.29,,2.5,51.5,nflverse,2026-09-11T10:54:50.615246+00:00,H,2019-11-03T21:05:00+00:00
2019_09_GB_LAC,nfl,NFL,2019,9,2019-11-03,LAC,GB,26.0,11.0,2.84,1.4807692307692308,,-4.0,50.0,nflverse,2026-09-11T10:54:50.615246+00:00,H,2019-11-03T21:25:00+00:00
2019_09_HOU_JAX,nfl,NFL,2019,9,2019-11-03,JAX,HOU,3.0,26.0,1.8849557522123894,2.0300000000000002,,1.0,46.0,nflverse,2026-09-11T10:54:50.615246+00:00,A,2019-11-03T14:30:00+00:00
2019_09_IND_PIT,nfl,NFL,2019,9,2019-11-03,PIT,IND,26.0,24.0,1.8547008547008548,2.0700000000000003,,1.0,39.5,nflverse,2026-09-11T10:54:50.615246+00:00,H,2019-11-03T18:00:00+00:00
2019_09_MIN_KC,nfl,NFL,2019,9,2019-11-03,KC,MIN,26.0,23.0,2.98,1.4444444444444444,,-5.5,46.0,nflverse,2026-09-11T10:54:50.615246+00:00,H,2019-11-03T18:00:00+00:00
2019_09_NE_BAL,nfl,NFL,2019,9,2019-11-03,BAL,NE,37.0,20.0,2.35,1.6666666666666665,,-3.0,44.5,nflverse,2026-09-11T10:54:50.615246+00:00,H,2019-11-04T01:20:00+00:00
2019_09_NYJ_MIA,nfl,NFL,2019,9,2019-11-03,MIA,NYJ,26.0,18.0,2.67,1.53475935828877,,-3.5,42.5,nflverse,2026-09-11T10:54:50.615246+00:00,H,2019-11-03T18:00:00+00:00
2019_09_TB_SEA,nfl,NFL,2019,9,2019-11-03,SEA,TB,40.0,34.0,1.4784688995215312,2.85,,4.0,51.0,nflverse,2026-09-11T10:54:50.615246+00:00,H,2019-11-03T21:05:00+00:00
2019_09_TEN_CAR,nfl,NFL,2019,9,2019-11-03,CAR,TEN,30.0,20.0,1.558659217877095,2.6,,3.5,43.0,nflverse,2026-09-11T10:54:50.615246+00:00,H,2019-11-03T18:00:00+00:00
2019_09_WAS_BUF,nfl,NFL,2019,9,2019-11-03,BUF,WAS,24.0,9.0,1.22271714922049,4.68,,10.5,37.0,nflverse,2026-09-11T10:54:50.615246+00:00,H,2019-11-03T18:00:00+00:00
2019_09_DAL_NYG,nfl,NFL,2019,9,2019-11-04,NYG,DAL,18.0,37.0,3.55,1.3367003367003367,,-6.5,48.5,nflverse,2026-09-11T10:54:50.615246+00:00,A,2019-11-05T01:15:00+00:00
2019_10_LAC_OAK,nfl,NFL,2019,10,2019-11-07,OAK,LAC,26.0,24.0,2.06,1.8547008547008548,,-1.0,49.0,nflverse,2026-09-11T10:54:50.615246+00:00,H,2019-11-08T01:20:00+00:00
2019_10_ARI_TB,nfl,NFL,2019,10,2019-11-10,TB,ARI,30.0,27.0,1.425531914893617,3.07,,5.5,51.0,nflverse,2026-09-11T10:54:50.615246+00:00,H,2019-11-10T18:00:00+00:00
2019_10_ATL_NO,nfl,NFL,2019,10,2019-11-10,NO,ATL,9.0,26.0,1.1540832049306626,6.03,,14.0,51.5,nflverse,2026-09-11T10:54:50.615246+00:00,A,2019-11-10T18:00:00+00:00
2019_10_BAL_CIN,nfl,NFL,2019,10,2019-11-10,CIN,BAL,13.0,49.0,4.58,1.2298850574712643,,-10.5,44.0,nflverse,2026-09-11T10:54:50.615246+00:00,A,2019-11-10T18:00:00+00:00
2019_10_BUF_CLE,nfl,NFL,2019,10,2019-11-10,CLE,BUF,19.0,16.0,1.6622516556291391,2.3600000000000003,,3.0,42.0,nflverse,2026-09-11T10:54:50.615246+00:00,H,2019-11-10T18:00:00+00:00
2019_10_CAR_GB,nfl,NFL,2019,10,2019-11-10,GB,CAR,24.0,16.0,1.4405286343612334,3.0,,5.0,49.0,nflverse,2026-09-11T10:54:50.615246+00:00,H,2019-11-10T21:25:00+00:00
2019_10_DET_CHI,nfl,NFL,2019,10,2019-11-10,CHI,DET,20.0,13.0,1.3703703703703702,3.35,,6.0,38.0,nflverse,2026-09-11T10:54:50.615246+00:00,H,2019-11-10T18:00:00+00:00
2019_10_KC_TEN,nfl,NFL,2019,10,2019-11-10,TEN,KC,35.0,32.0,3.05,1.4291845493562232,,-5.0,49.0,nflverse,2026-09-11T10:54:50.615246+00:00,H,2019-11-10T18:00:00+00:00
2019_10_LA_PIT,nfl,NFL,2019,10,2019-11-10,PIT,LA,17.0,12.0,2.8899999999999997,1.4672897196261683,,-4.0,43.0,nflverse,2026-09-11T10:54:50.615246+00:00,H,2019-11-10T21:25:00+00:00
2019_10_MIA_IND,nfl,NFL,2019,10,2019-11-10,IND,MIA,12.0,16.0,1.207900207900208,4.9,,11.0,44.5,nflverse,2026-09-11T10:54:50.615246+00:00,A,2019-11-10T21:05:00+00:00
2019_10_MIN_DAL,nfl,NFL,2019,10,2019-11-10,DAL,MIN,24.0,28.0,1.558659217877095,2.6,,3.5,48.5,nflverse,2026-09-11T10:54:50.615246+00:00,A,2019-11-11T01:20:00+00:00
2019_10_NYG_NYJ,nfl,NFL,2019,10,2019-11-10,NYJ,NYG,34.0,27.0,2.33,1.6802721088435373,,-3.0,43.0,nflverse,2026-09-11T10:54:50.615246+00:00,H,2019-11-10T18:00:00+00:00
2019_10_SEA_SF,nfl,NFL,2019,10,2019-11-11,SF,SEA,24.0,27.0,1.373134328358209,3.33,,6.5,47.0,nflverse,2026-09-11T10:54:50.615246+00:00,A,2019-11-12T01:15:00+00:00
2019_11_PIT_CLE,nfl,NFL,2019,11,2019-11-14,CLE,PIT,21.0,7.0,1.6134969325153374,2.46,,3.0,41.5,nflverse,2026-09-11T10:54:50.615246+00:00,H,2019-11-15T01:20:00+00:00
2019_11_ARI_SF,nfl,NFL,2019,11,2019-11-17,SF,ARI,36.0,26.0,1.2331002331002332,4.529999999999999,,10.0,44.0,nflverse,2026-09-11T10:54:50.615246+00:00,H,2019-11-17T21:05:00+00:00
2019_11_ATL_CAR,nfl,NFL,2019,11,2019-11-17,CAR,ATL,3.0,29.0,1.5025125628140703,2.77,,3.5,49.0,nflverse,2026-09-11T10:54:50.615246+00:00,A,2019-11-17T18:00:00+00:00
2019_11_BUF_MIA,nfl,NFL,2019,11,2019-11-17,MIA,BUF,20.0,37.0,3.63,1.3257328990228012,,-7.0,41.5,nflverse,2026-09-11T10:54:50.615246+00:00,A,2019-11-17T18:00:00+00:00
2019_11_CHI_LA,nfl,NFL,2019,11,2019-11-17,LA,CHI,17.0,7.0,1.4291845493562232,3.04,,5.0,40.0,nflverse,2026-09-11T10:54:50.615246+00:00,H,2019-11-18T01:20:00+00:00
2019_11_CIN_OAK,nfl,NFL,2019,11,2019-11-17,OAK,CIN,17.0,10.0,1.165289256198347,5.74,,13.0,48.0,nflverse,2026-09-11T10:54:50.615246+00:00,H,2019-11-17T21:25:00+00:00
2019_11_DAL_DET,nfl,NFL,2019,11,2019-11-17,DET,DAL,27.0,35.0,4.1,1.2710027100271002,,-7.5,46.5,nflverse,2026-09-11T10:54:50.615246+00:00,A,2019-11-17T18:00:00+00:00
2019_11_DEN_MIN,nfl,NFL,2019,11,2019-11-17,MIN,DEN,27.0,23.0,1.2427184466019416,4.41,,10.0,40.5,nflverse,2026-09-11T10:54:50.615246+00:00,H,2019-11-17T18:00:00+00:00
2019_11_HOU_BAL,nfl,NFL,2019,11,2019-11-17,BAL,HOU,41.0,7.0,1.4608294930875576,2.92,,4.0,51.0,nflverse,2026-09-11T10:54:50.615246+00:00,H,2019-11-17T18:00:00+00:00
2019_11_JAX_IND,nfl,NFL,2019,11,2019-11-17,IND,JAX,33.0,13.0,1.7462686567164178,2.21,,2.5,41.5,nflverse,2026-09-11T10:54:50.615246+00:00,H,2019-11-17T18:00:00+00:00
2019_11_NE_PHI,nfl,NFL,2019,11,2019-11-17,PHI,NE,10.0,17.0,2.8600000000000003,1.4761904761904763,,-4.5,45.0,nflverse,2026-09-11T10:54:50.615246+00:00,A,2019-11-17T21:25:00+00:00
2019_11_NO_TB,nfl,NFL,2019,11,2019-11-17,TB,NO,17.0,34.0,3.02,1.434782608695652,,-5.0,50.5,nflverse,2026-09-11T10:54:50.615246+00:00,A,2019-11-17T18:00:00+00:00
2019_11_NYJ_WAS,nfl,NFL,2019,11,2019-11-17,WAS,NYJ,17.0,34.0,1.819672131147541,2.1100000000000003,,1.0,37.5,nflverse,2026-09-11T10:54:50.615246+00:00,A,2019-11-17T18:00:00+00:00
2019_11_KC_LAC,nfl,NFL,2019,11,2019-11-18,LAC,KC,17.0,24.0,3.13,1.4115226337448559,,-5.5,52.5,nflverse,2026-09-11T10:54:50.615246+00:00,A,2019-11-19T01:15:00+00:00
2019_12_IND_HOU,nfl,NFL,2019,12,2019-11-21,HOU,IND,20.0,17.0,1.5464480874316942,2.6399999999999997,,3.5,46.0,nflverse,2026-09-11T10:54:50.615246+00:00,H,2019-11-22T01:20:00+00:00
2019_12_CAR_NO,nfl,NFL,2019,12,2019-11-24,NO,CAR,34.0,31.0,1.2188183807439825,4.74,,10.0,46.0,nflverse,2026-09-11T10:54:50.615246+00:00,H,2019-11-24T18:00:00+00:00
2019_12_DAL_NE,nfl,NFL,2019,12,2019-11-24,NE,DAL,13.0,9.0,1.432900432900433,3.03,,5.5,44.5,nflverse,2026-09-11T10:54:50.615246+00:00,H,2019-11-24T21:25:00+00:00
2019_12_DEN_BUF,nfl,NFL,2019,12,2019-11-24,BUF,DEN,20.0,3.0,1.526315789473684,2.7,,3.5,37.0,nflverse,2026-09-11T10:54:50.615246+00:00,H,2019-11-24T18:00:00+00:00
2019_12_DET_WAS,nfl,NFL,2019,12,2019-11-24,WAS,DET,19.0,16.0,2.69,1.526315789473684,,-4.0,39.0,nflverse,2026-09-11T10:54:50.615246+00:00,H,2019-11-24T18:00:00+00:00
2019_12_GB_SF,nfl,NFL,2019,12,2019-11-24,SF,GB,37.0,8.0,1.5714285714285714,2.56,,3.0,48.0,nflverse,2026-09-11T10:54:50.615246+00:00,H,2019-11-25T01:20:00+00:00
2019_12_JAX_TEN,nfl,NFL,2019,12,2019-11-24,TEN,JAX,42.0,20.0,1.4444444444444444,2.98,,4.5,42.0,nflverse,2026-09-11T10:54:50.615246+00:00,H,2019-11-24T21:05:00+00:00
2019_12_MIA_CLE,nfl,NFL,2019,12,2019-11-24,CLE,MIA,41.0,24.0,1.2242152466367713,4.65,,11.0,45.5,nflverse,2026-09-11T10:54:50.615246+00:00,H,2019-11-24T18:00:00+00:00
2019_12_NYG_CHI,nfl,NFL,2019,12,2019-11-24,CHI,NYG,19.0,14.0,1.3968253968253967,3.2,,6.0,41.0,nflverse,2026-09-11T10:54:50.615246+00:00,H,2019-11-24T18:00:00+00:00
2019_12_OAK_NYJ,nfl,NFL,2019,12,2019-11-24,NYJ,OAK,34.0,3.0,2.58,1.5649717514124295,,-3.5,45.0,nflverse,2026-09-11T10:54:50.615246+00:00,H,2019-11-24T18:00:00+00:00
2019_12_PIT_CIN,nfl,NFL,2019,12,2019-11-24,CIN,PIT,10.0,16.0,2.99,1.4444444444444444,,-5.5,37.5,nflverse,2026-09-11T10:54:50.615246+00:00,A,2019-11-24T18:00:00+00:00
2019_12_SEA_PHI,nfl,NFL,2019,12,2019-11-24,PHI,SEA,9.0,17.0,1.9523809523809523,1.9523809523809523,,-1.0,45.5,nflverse,2026-09-11T10:54:50.615246+00:00,A,2019-11-24T18:00:00+00:00
2019_12_TB_ATL,nfl,NFL,2019,12,2019-11-24,ATL,TB,22.0,35.0,1.5464480874316942,2.63,,3.5,51.5,nflverse,2026-09-11T10:54:50.615246+00:00,A,2019-11-24T18:00:00+00:00
2019_12_BAL_LA,nfl,NFL,2019,12,2019-11-25,LA,BAL,6.0,45.0,2.45,1.617283950617284,,-3.5,47.0,nflverse,2026-09-11T10:54:50.615246+00:00,A,2019-11-26T01:15:00+00:00
2019_13_BUF_DAL,nfl,NFL,2019,13,2019-11-28,DAL,BUF,15.0,26.0,1.3355704697986577,3.56,,6.5,46.5,nflverse,2026-09-11T10:54:50.615246+00:00,A,2019-11-28T21:30:00+00:00
2019_13_CHI_DET,nfl,NFL,2019,13,2019-11-28,DET,CHI,20.0,24.0,3.03,1.434782608695652,,-5.5,37.5,nflverse,2026-09-11T10:54:50.615246+00:00,A,2019-11-28T17:30:00+00:00
2019_13_NO_ATL,nfl,NFL,2019,13,2019-11-28,ATL,NO,18.0,26.0,3.72,1.3134796238244515,,-7.0,48.0,nflverse,2026-09-11T10:54:50.615246+00:00,A,2019-11-29T01:20:00+00:00
2019_13_CLE_PIT,nfl,NFL,2019,13,2019-12-01,PIT,CLE,20.0,13.0,2.0300000000000002,1.8849557522123894,,-1.0,40.0,nflverse,2026-09-11T10:54:50.615246+00:00,H,2019-12-01T18:00:00+00:00
2019_13_GB_NYG,nfl,NFL,2019,13,2019-12-01,NYG,GB,13.0,31.0,3.23,1.390625,,-6.5,43.5,nflverse,2026-09-11T10:54:50.615246+00:00,A,2019-12-01T18:00:00+00:00
2019_13_LAC_DEN,nfl,NFL,2019,13,2019-12-01,DEN,LAC,23.0,20.0,2.83,1.4830917874396135,,-4.5,39.0,nflverse,2026-09-11T10:54:50.615246+00:00,H,2019-12-01T21:25:00+00:00
2019_13_LA_ARI,nfl,NFL,2019,13,2019-12-01,ARI,LA,7.0,34.0,2.25,1.7194244604316546,,-2.5,47.0,nflverse,2026-09-11T10:54:50.615246+00:00,A,2019-12-01T21:05:00+00:00
2019_13_NE_HOU,nfl,NFL,2019,13,2019-12-01,HOU,NE,28.0,22.0,2.54,1.5813953488372094,,-3.5,47.0,nflverse,2026-09-11T10:54:50.615246+00:00,H,2019-12-02T01:20:00+00:00
2019_13_NYJ_CIN,nfl,NFL,2019,13,2019-12-01,CIN,NYJ,22.0,6.0,2.1100000000000003,1.8130081300813008,,-2.5,43.0,nflverse,2026-09-11T10:54:50.615246+00:00,H,2019-12-01T18:00:00+00:00
2019_13_OAK_KC,nfl,NFL,2019,13,2019-12-01,KC,OAK,40.0,9.0,1.221729490022173,4.6899999999999995,,11.5,49.5,nflverse,2026-09-11T10:54:50.615246+00:00,H,2019-12-01T21:25:00+00:00
2019_13_PHI_MIA,nfl,NFL,2019,13,2019-12-01,MIA,PHI,37.0,31.0,4.82,1.2132196162046909,,-10.5,45.0,nflverse,2026-09-11T10:54:50.615246+00:00,H,2019-12-01T18:00:00+00:00
2019_13_SF_BAL,nfl,NFL,2019,13,2019-12-01,BAL,SF,20.0,17.0,1.4132231404958677,3.12,,5.5,45.0,nflverse,2026-09-11T10:54:50.615246+00:00,H,2019-12-01T18:00:00+00:00
2019_13_TB_JAX,nfl,NFL,2019,13,2019-12-01,JAX,TB,11.0,28.0,2.4,1.6451612903225805,,-3.0,46.5,nflverse,2026-09-11T10:54:50.615246+00:00,A,2019-12-01T18:00:00+00:00
2019_13_TEN_IND,nfl,NFL,2019,13,2019-12-01,IND,TEN,17.0,31.0,1.99009900990099,1.9174311926605505,,-1.0,41.5,nflverse,2026-09-11T10:54:50.615246+00:00,A,2019-12-01T18:00:00+00:00
2019_13_WAS_CAR,nfl,NFL,2019,13,2019-12-01,CAR,WAS,21.0,29.0,1.2074688796680497,4.91,,10.5,38.5,nflverse,2026-09-11T10:54:50.615246+00:00,A,2019-12-01T18:00:00+00:00
2019_13_MIN_SEA,nfl,NFL,2019,13,2019-12-02,SEA,MIN,37.0,30.0,1.6493506493506493,2.38,,2.5,48.0,nflverse,2026-09-11T10:54:50.615246+00:00,H,2019-12-03T01:15:00+00:00
2019_14_DAL_CHI,nfl,NFL,2019,14,2019-12-05,CHI,DAL,31.0,24.0,2.5,1.5988023952095807,,-3.0,43.0,nflverse,2026-09-11T10:54:50.615246+00:00,H,2019-12-06T01:20:00+00:00
2019_14_BAL_BUF,nfl,NFL,2019,14,2019-12-08,BUF,BAL,17.0,24.0,3.3,1.378787878787879,,-6.5,44.0,nflverse,2026-09-11T10:54:50.615246+00:00,A,2019-12-08T18:00:00+00:00
2019_14_CAR_ATL,nfl,NFL,2019,14,2019-12-08,ATL,CAR,40.0,20.0,1.5555555555555556,2.6100000000000003,,3.5,48.0,nflverse,2026-09-11T10:54:50.615246+00:00,H,2019-12-08T18:00:00+00:00
2019_14_CIN_CLE,nfl,NFL,2019,14,2019-12-08,CLE,CIN,27.0,19.0,1.3717472118959106,3.34,,6.5,43.0,nflverse,2026-09-11T10:54:50.615246+00:00,H,2019-12-08T18:00:00+00:00
2019_14_DEN_HOU,nfl,NFL,2019,14,2019-12-08,HOU,DEN,24.0,38.0,1.2570694087403598,4.25,,8.0,42.5,nflverse,2026-09-11T10:54:50.615246+00:00,A,2019-12-08T18:00:00+00:00
2019_14_DET_MIN,nfl,NFL,2019,14,2019-12-08,MIN,DET,20.0,7.0,1.170357751277683,5.63,,12.0,43.5,nflverse,2026-09-11T10:54:50.615246+00:00,H,2019-12-08T18:00:00+00:00
2019_14_IND_TB,nfl,NFL,2019,14,2019-12-08,TB,IND,38.0,35.0,1.6024096385542168,2.49,,3.0,46.5,nflverse,2026-09-11T10:54:50.615246+00:00,H,2019-12-08T18:00:00+00:00
2019_14_KC_NE,nfl,NFL,2019,14,2019-12-08,NE,KC,16.0,23.0,1.6666666666666665,2.35,,3.0,49.5,nflverse,2026-09-11T10:54:50.615246+00:00,A,2019-12-08T21:25:00+00:00
2019_14_LAC_JAX,nfl,NFL,2019,14,2019-12-08,JAX,LAC,10.0,45.0,2.6,1.558659217877095,,-3.5,42.0,nflverse,2026-09-11T10:54:50.615246+00:00,A,2019-12-08T21:05:00+00:00
2019_14_MIA_NYJ,nfl,NFL,2019,14,2019-12-08,NYJ,MIA,22.0,21.0,1.4694835680751175,2.8899999999999997,,5.0,47.0,nflverse,2026-09-11T10:54:50.615246+00:00,H,2019-12-08T18:00:00+00:00
2019_14_PIT_ARI,nfl,NFL,2019,14,2019-12-08,ARI,PIT,17.0,23.0,2.17,1.7692307692307692,,-2.5,43.5,nflverse,2026-09-11T10:54:50.615246+00:00,A,2019-12-08T21:25:00+00:00
2019_14_SEA_LA,nfl,NFL,2019,14,2019-12-08,LA,SEA,28.0,12.0,1.8333333333333335,2.09,,1.0,47.5,nflverse,2026-09-11T10:54:50.615246+00:00,H,2019-12-09T01:20:00+00:00
2019_14_SF_NO,nfl,NFL,2019,14,2019-12-08,NO,SF,46.0,48.0,1.8620689655172413,2.05,,1.0,45.0,nflverse,2026-09-11T10:54:50.615246+00:00,A,2019-12-08T18:00:00+00:00
2019_14_TEN_OAK,nfl,NFL,2019,14,2019-12-08,OAK,TEN,21.0,42.0,2.37,1.6578947368421053,,-3.0,47.0,nflverse,2026-09-11T10:54:50.615246+00:00,A,2019-12-08T21:25:00+00:00
2019_14_WAS_GB,nfl,NFL,2019,14,2019-12-08,GB,WAS,20.0,15.0,1.1329787234042552,6.68,,13.0,42.5,nflverse,2026-09-11T10:54:50.615246+00:00,H,2019-12-08T18:00:00+00:00
2019_14_NYG_PHI,nfl,NFL,2019,14,2019-12-09,PHI,NYG,23.0,17.0,1.24330900243309,4.41,,9.5,45.5,nflverse,2026-09-11T10:54:50.615246+00:00,H,2019-12-10T01:15:00+00:00
2019_15_NYJ_BAL,nfl,NFL,2019,15,2019-12-12,BAL,NYJ,42.0,21.0,1.090497737556561,8.75,,17.0,44.0,nflverse,2026-09-11T10:54:50.615246+00:00,H,2019-12-13T01:20:00+00:00
2019_15_ATL_SF,nfl,NFL,2019,15,2019-12-15,SF,ATL,22.0,29.0,1.2173913043478262,4.76,,10.5,50.0,nflverse,2026-09-11T10:54:50.615246+00:00,A,2019-12-15T21:25:00+00:00
2019_15_BUF_PIT,nfl,NFL,2019,15,2019-12-15,PIT,BUF,10.0,17.0,1.8928571428571428,2.01,,1.0,37.0,nflverse,2026-09-11T10:54:50.615246+00:00,A,2019-12-16T01:20:00+00:00
2019_15_CHI_GB,nfl,NFL,2019,15,2019-12-15,GB,CHI,21.0,13.0,1.4587155963302751,2.92,,4.0,40.0,nflverse,2026-09-11T10:54:50.615246+00:00,H,2019-12-15T18:00:00+00:00
2019_15_CLE_ARI,nfl,NFL,2019,15,2019-12-15,ARI,CLE,38.0,24.0,2.4,1.641025641025641,,-3.0,49.0,nflverse,2026-09-11T10:54:50.615246+00:00,H,2019-12-15T21:05:00+00:00
2019_15_DEN_KC,nfl,NFL,2019,15,2019-12-15,KC,DEN,23.0,3.0,1.2347417840375587,4.52,,10.0,43.0,nflverse,2026-09-11T10:54:50.615246+00:00,H,2019-12-15T18:00:00+00:00
2019_15_HOU_TEN,nfl,NFL,2019,15,2019-12-15,TEN,HOU,21.0,24.0,1.606060606060606,2.48,,3.0,50.0,nflverse,2026-09-11T10:54:50.615246+00:00,A,2019-12-15T18:00:00+00:00
2019_15_JAX_OAK,nfl,NFL,2019,15,2019-12-15,OAK,JAX,16.0,20.0,1.3367003367003367,3.55,,7.0,47.0,nflverse,2026-09-11T10:54:50.615246+00:00,A,2019-12-15T21:05:00+00:00
2019_15_LA_DAL,nfl,NFL,2019,15,2019-12-15,DAL,LA,44.0,21.0,2.04,1.8695652173913042,,-1.0,48.5,nflverse,2026-09-11T10:54:50.615246+00:00,H,2019-12-15T21:25:00+00:00
2019_15_MIA_NYG,nfl,NFL,2019,15,2019-12-15,NYG,MIA,36.0,20.0,1.5405405405405406,2.65,,3.5,47.0,nflverse,2026-09-11T10:54:50.615246+00:00,H,2019-12-15T18:00:00+00:00
2019_15_MIN_LAC,nfl,NFL,2019,15,2019-12-15,LAC,MIN,10.0,39.0,2.0700000000000003,1.847457627118644,,-1.0,45.0,nflverse,2026-09-11T10:54:50.615246+00:00,A,2019-12-15T21:05:00+00:00
2019_15_NE_CIN,nfl,NFL,2019,15,2019-12-15,CIN,NE,13.0,34.0,4.8100000000000005,1.2136752136752136,,-10.5,42.0,nflverse,2026-09-11T10:54:50.615246+00:00,A,2019-12-15T18:00:00+00:00
2019_15_PHI_WAS,nfl,NFL,2019,15,2019-12-15,WAS,PHI,27.0,37.0,3.47,1.3496503496503496,,-7.0,38.0,nflverse,2026-09-11T10:54:50.615246+00:00,A,2019-12-15T18:00:00+00:00
2019_15_SEA_CAR,nfl,NFL,2019,15,2019-12-15,CAR,SEA,24.0,30.0,3.18,1.4,,-6.0,48.5,nflverse,2026-09-11T10:54:50.615246+00:00,A,2019-12-15T18:00:00+00:00
2019_15_TB_DET,nfl,NFL,2019,15,2019-12-15,DET,TB,17.0,38.0,3.1,1.4184100418410042,,-5.5,46.0,nflverse,2026-09-11T10:54:50.615246+00:00,A,2019-12-15T18:00:00+00:00
2019_15_IND_NO,nfl,NFL,2019,15,2019-12-16,NO,IND,34.0,7.0,1.2659574468085106,4.15,,8.0,48.5,nflverse,2026-09-11T10:54:50.615246+00:00,H,2019-12-17T01:15:00+00:00
2019_16_BUF_NE,nfl,NFL,2019,16,2019-12-21,NE,BUF,24.0,17.0,1.3460207612456747,3.5,,7.0,39.5,nflverse,2026-09-11T10:54:50.615246+00:00,H,2019-12-21T21:30:00+00:00
2019_16_HOU_TB,nfl,NFL,2019,16,2019-12-21,TB,HOU,20.0,23.0,2.35,1.6666666666666665,,-3.0,50.0,nflverse,2026-09-11T10:54:50.615246+00:00,A,2019-12-21T18:00:00+00:00
2019_16_LA_SF,nfl,NFL,2019,16,2019-12-21,SF,LA,34.0,31.0,1.3125,3.74,,7.0,45.5,nflverse,2026-09-11T10:54:50.615246+00:00,H,2019-12-22T01:15:00+00:00
2019_16_ARI_SEA,nfl,NFL,2019,16,2019-12-22,SEA,ARI,13.0,27.0,1.2597402597402598,4.220000000000001,,8.0,51.0,nflverse,2026-09-11T10:54:50.615246+00:00,A,2019-12-22T21:25:00+00:00
2019_16_BAL_CLE,nfl,NFL,2019,16,2019-12-22,CLE,BAL,15.0,31.0,4.109999999999999,1.2702702702702702,,-9.5,48.5,nflverse,2026-09-11T10:54:50.615246+00:00,A,2019-12-22T18:00:00+00:00
2019_16_CAR_IND,nfl,NFL,2019,16,2019-12-22,IND,CAR,38.0,6.0,1.3246753246753247,3.64,,7.5,46.0,nflverse,2026-09-11T10:54:50.615246+00:00,H,2019-12-22T18:00:00+00:00
2019_16_CIN_MIA,nfl,NFL,2019,16,2019-12-22,MIA,CIN,38.0,35.0,2.0700000000000003,1.847457627118644,,-1.5,46.0,nflverse,2026-09-11T10:54:50.615246+00:00,H,2019-12-22T18:00:00+00:00
2019_16_DAL_PHI,nfl,NFL,2019,16,2019-12-22,PHI,DAL,17.0,9.0,2.09,1.8333333333333335,,-2.0,47.0,nflverse,2026-09-11T10:54:50.615246+00:00,H,2019-12-22T21:25:00+00:00
2019_16_DET_DEN,nfl,NFL,2019,16,2019-12-22,DEN,DET,27.0,17.0,1.25,4.33,,9.5,40.0,nflverse,2026-09-11T10:54:50.615246+00:00,H,2019-12-22T21:05:00+00:00
2019_16_JAX_ATL,nfl,NFL,2019,16,2019-12-22,ATL,JAX,24.0,12.0,1.3194888178913737,3.68,,7.5,48.0,nflverse,2026-09-11T10:54:50.615246+00:00,H,2019-12-22T18:00:00+00:00
2019_16_KC_CHI,nfl,NFL,2019,16,2019-12-22,CHI,KC,3.0,26.0,3.54,1.3389830508474576,,-6.5,45.5,nflverse,2026-09-11T10:54:50.615246+00:00,A,2019-12-23T01:20:00+00:00
2019_16_NO_TEN,nfl,NFL,2019,16,2019-12-22,TEN,NO,28.0,38.0,2.59,1.5617977528089888,,-3.5,49.0,nflverse,2026-09-11T10:54:50.615246+00:00,A,2019-12-22T18:00:00+00:00
2019_16_NYG_WAS,nfl,NFL,2019,16,2019-12-22,WAS,NYG,35.0,41.0,2.02,1.8928571428571428,,-1.0,42.0,nflverse,2026-09-11T10:54:50.615246+00:00,A,2019-12-22T18:00:00+00:00
2019_16_OAK_LAC,nfl,NFL,2019,16,2019-12-22,LAC,OAK,17.0,24.0,1.3115264797507789,3.74,,7.5,45.0,nflverse,2026-09-11T10:54:50.615246+00:00,A,2019-12-22T21:05:00+00:00
2019_16_PIT_NYJ,nfl,NFL,2019,16,2019-12-22,NYJ,PIT,16.0,10.0,2.5300000000000002,1.5847953216374269,,-3.0,36.5,nflverse,2026-09-11T10:54:50.615246+00:00,H,2019-12-22T18:00:00+00:00
2019_16_GB_MIN,nfl,NFL,2019,16,2019-12-23,MIN,GB,10.0,23.0,1.495049504950495,2.79,,4.0,47.0,nflverse,2026-09-11T10:54:50.615246+00:00,A,2019-12-24T01:15:00+00:00
2019_17_ARI_LA,nfl,NFL,2019,17,2019-12-29,LA,ARI,31.0,24.0,1.3690036900369003,3.35,,7.0,46.0,nflverse,2026-09-11T10:54:50.615246+00:00,H,2019-12-29T21:25:00+00:00
2019_17_ATL_TB,nfl,NFL,2019,17,2019-12-29,TB,ATL,22.0,28.0,1.8333333333333335,2.09,,1.0,48.0,nflverse,2026-09-11T10:54:50.615246+00:00,A,2019-12-29T18:00:00+00:00
2019_17_CHI_MIN,nfl,NFL,2019,17,2019-12-29,MIN,CHI,19.0,21.0,3.03,1.434782608695652,,-5.5,36.5,nflverse,2026-09-11T10:54:50.615246+00:00,A,2019-12-29T18:00:00+00:00
2019_17_CLE_CIN,nfl,NFL,2019,17,2019-12-29,CIN,CLE,33.0,23.0,2.24,1.72992700729927,,-2.5,44.0,nflverse,2026-09-11T10:54:50.615246+00:00,H,2019-12-29T18:00:00+00:00
2019_17_GB_DET,nfl,NFL,2019,17,2019-12-29,DET,GB,20.0,23.0,6.08,1.1524390243902438,,-13.5,44.0,nflverse,2026-09-11T10:54:50.615246+00:00,A,2019-12-29T18:00:00+00:00
2019_17_IND_JAX,nfl,NFL,2019,17,2019-12-29,JAX,IND,38.0,20.0,3.04,1.4310344827586206,,-5.0,41.5,nflverse,2026-09-11T10:54:50.615246+00:00,H,2019-12-29T21:25:00+00:00
2019_17_LAC_KC,nfl,NFL,2019,17,2019-12-29,KC,LAC,31.0,21.0,1.2570694087403598,4.25,,10.0,46.0,nflverse,2026-09-11T10:54:50.615246+00:00,H,2019-12-29T18:00:00+00:00
2019_17_MIA_NE,nfl,NFL,2019,17,2019-12-29,NE,MIA,24.0,27.0,1.08952551477171,8.809999999999999,,17.5,46.0,nflverse,2026-09-11T10:54:50.615246+00:00,A,2019-12-29T18:00:00+00:00
2019_17_NO_CAR,nfl,NFL,2019,17,2019-12-29,CAR,NO,10.0,42.0,6.1,1.1515151515151516,,-13.5,45.0,nflverse,2026-09-11T10:54:50.615246+00:00,A,2019-12-29T18:00:00+00:00
2019_17_NYJ_BUF,nfl,NFL,2019,17,2019-12-29,BUF,NYJ,6.0,13.0,2.12,1.8064516129032258,,-1.5,37.0,nflverse,2026-09-11T10:54:50.615246+00:00,A,2019-12-29T18:00:00+00:00
2019_17_OAK_DEN,nfl,NFL,2019,17,2019-12-29,DEN,OAK,16.0,15.0,1.4524886877828054,2.95,,5.5,41.5,nflverse,2026-09-11T10:54:50.615246+00:00,H,2019-12-29T21:25:00+00:00
2019_17_PHI_NYG,nfl,NFL,2019,17,2019-12-29,NYG,PHI,17.0,34.0,2.76,1.5050505050505052,,-4.0,44.0,nflverse,2026-09-11T10:54:50.615246+00:00,A,2019-12-29T21:25:00+00:00
2019_17_PIT_BAL,nfl,NFL,2019,17,2019-12-29,BAL,PIT,28.0,10.0,2.2199999999999998,1.7407407407407407,,-2.0,35.0,nflverse,2026-09-11T10:54:50.615246+00:00,H,2019-12-29T21:25:00+00:00
2019_17_SF_SEA,nfl,NFL,2019,17,2019-12-29,SEA,SF,21.0,26.0,2.59,1.5649717514124295,,-3.5,47.0,nflverse,2026-09-11T10:54:50.615246+00:00,A,2019-12-30T01:20:00+00:00
2019_17_TEN_HOU,nfl,NFL,2019,17,2019-12-29,HOU,TEN,14.0,35.0,4.08,1.273224043715847,,-10.0,43.0,nflverse,2026-09-11T10:54:50.615246+00:00,A,2019-12-29T21:25:00+00:00
2019_17_WAS_DAL,nfl,NFL,2019,17,2019-12-29,DAL,WAS,47.0,16.0,1.1610305958132046,5.85,,13.0,47.5,nflverse,2026-09-11T10:54:50.615246+00:00,H,2019-12-29T21:25:00+00:00
2019_18_BUF_HOU,nfl,NFL,2019,18,2020-01-04,HOU,BUF,22.0,19.0,1.6944444444444444,2.3,,2.5,43.0,nflverse,2026-09-11T10:54:50.615246+00:00,H,2020-01-04T21:35:00+00:00
2019_18_TEN_NE,nfl,NFL,2019,18,2020-01-04,NE,TEN,13.0,20.0,1.4672897196261683,2.9,,4.5,45.0,nflverse,2026-09-11T10:54:50.615246+00:00,A,2020-01-05T01:15:00+00:00
2019_18_MIN_NO,nfl,NFL,2019,18,2020-01-05,NO,MIN,20.0,26.0,1.2816901408450705,4.0,,7.5,50.0,nflverse,2026-09-11T10:54:50.615246+00:00,A,2020-01-05T18:05:00+00:00
2019_18_SEA_PHI,nfl,NFL,2019,18,2020-01-05,PHI,SEA,9.0,17.0,1.8403361344537816,2.08,,1.0,44.0,nflverse,2026-09-11T10:54:50.615246+00:00,A,2020-01-05T21:40:00+00:00
2019_19_MIN_SF,nfl,NFL,2019,19,2020-01-11,SF,MIN,27.0,10.0,1.3095975232198143,3.76,,7.0,44.5,nflverse,2026-09-11T10:54:50.615246+00:00,H,2020-01-11T21:35:00+00:00
2019_19_TEN_BAL,nfl,NFL,2019,19,2020-01-11,BAL,TEN,12.0,28.0,1.2277904328018223,4.609999999999999,,10.0,47.5,nflverse,2026-09-11T10:54:50.615246+00:00,A,2020-01-12T01:15:00+00:00
2019_19_HOU_KC,nfl,NFL,2019,19,2020-01-12,KC,HOU,51.0,31.0,1.2169197396963123,4.76,,10.0,50.5,nflverse,2026-09-11T10:54:50.615246+00:00,H,2020-01-12T20:05:00+00:00
2019_19_SEA_GB,nfl,NFL,2019,19,2020-01-12,GB,SEA,28.0,23.0,1.4464285714285714,2.9699999999999998,,4.5,46.0,nflverse,2026-09-11T10:54:50.615246+00:00,H,2020-01-12T23:40:00+00:00
2019_20_GB_SF,nfl,NFL,2019,20,2020-01-19,SF,GB,37.0,20.0,1.2666666666666666,4.15,,8.0,46.5,nflverse,2026-09-11T10:54:50.615246+00:00,H,2020-01-19T23:40:00+00:00
2019_20_TEN_KC,nfl,NFL,2019,20,2020-01-19,KC,TEN,35.0,24.0,1.2967359050445104,3.86,,7.5,51.0,nflverse,2026-09-11T10:54:50.615246+00:00,H,2020-01-19T20:05:00+00:00
2019_21_SF_KC,nfl,NFL,2019,21,2020-02-02,KC,SF,31.0,20.0,1.8,2.13,,1.5,52.5,nflverse,2026-09-11T10:54:50.615246+00:00,H,2020-02-02T23:30:00+00:00
2020_01_HOU_KC,nfl,NFL,2020,1,2020-09-10,KC,HOU,34.0,20.0,1.2364066193853427,4.49,,9.5,53.5,nflverse,2026-09-11T10:54:50.615246+00:00,H,2020-09-11T00:20:00+00:00
2020_01_ARI_SF,nfl,NFL,2020,1,2020-09-13,SF,ARI,20.0,24.0,1.3571428571428572,3.42,,7.0,48.5,nflverse,2026-09-11T10:54:50.615246+00:00,A,2020-09-13T20:25:00+00:00
2020_01_CHI_DET,nfl,NFL,2020,1,2020-09-13,DET,CHI,23.0,27.0,1.78125,2.16,,2.5,42.5,nflverse,2026-09-11T10:54:50.615246+00:00,A,2020-09-13T17:00:00+00:00
2020_01_CLE_BAL,nfl,NFL,2020,1,2020-09-13,BAL,CLE,38.0,6.0,1.3311258278145695,3.6,,7.0,47.0,nflverse,2026-09-11T10:54:50.615246+00:00,H,2020-09-13T17:00:00+00:00
2020_01_DAL_LA,nfl,NFL,2020,1,2020-09-13,LA,DAL,20.0,17.0,1.8771929824561404,2.0300000000000002,,1.0,52.0,nflverse,2026-09-11T10:54:50.615246+00:00,H,2020-09-14T00:20:00+00:00
2020_01_GB_MIN,nfl,NFL,2020,1,2020-09-13,MIN,GB,34.0,43.0,1.8771929824561404,2.0300000000000002,,1.0,45.0,nflverse,2026-09-11T10:54:50.615246+00:00,A,2020-09-13T17:00:00+00:00
2020_01_IND_JAX,nfl,NFL,2020,1,2020-09-13,JAX,IND,27.0,20.0,3.65,1.3236245954692556,,-7.0,44.0,nflverse,2026-09-11T10:54:50.615246+00:00,H,2020-09-13T17:00:00+00:00
2020_01_LAC_CIN,nfl,NFL,2020,1,2020-09-13,CIN,LAC,13.0,16.0,2.17,1.7751937984496124,,-2.5,41.5,nflverse,2026-09-11T10:54:50.615246+00:00,A,2020-09-13T20:05:00+00:00
2020_01_LV_CAR,nfl,NFL,2020,1,2020-09-13,CAR,LV,30.0,34.0,2.34,1.8064516129032258,,-3.0,48.0,nflverse,2026-09-11T10:54:50.615246+00:00,A,2020-09-13T17:00:00+00:00
2020_01_MIA_NE,nfl,NFL,2020,1,2020-09-13,NE,MIA,21.0,11.0,1.305810397553517,3.78,,7.5,41.5,nflverse,2026-09-11T10:54:50.615246+00:00,H,2020-09-13T17:00:00+00:00
2020_01_NYJ_BUF,nfl,NFL,2020,1,2020-09-13,BUF,NYJ,27.0,17.0,1.3584229390681004,3.42,,6.5,39.5,nflverse,2026-09-11T10:54:50.615246+00:00,H,2020-09-13T17:00:00+00:00
2020_01_PHI_WAS,nfl,NFL,2020,1,2020-09-13,WAS,PHI,27.0,17.0,3.0,1.4405286343612334,,-5.5,41.5,nflverse,2026-09-11T10:54:50.615246+00:00,H,2020-09-13T17:00:00+00:00
2020_01_SEA_ATL,nfl,NFL,2020,1,2020-09-13,ATL,SEA,25.0,38.0,1.8928571428571428,2.02,,1.0,49.5,nflverse,2026-09-11T10:54:50.615246+00:00,A,2020-09-13T17:00:00+00:00
2020_01_TB_NO,nfl,NFL,2020,1,2020-09-13,NO,TB,34.0,23.0,1.510204081632653,2.74,,4.0,48.5,nflverse,2026-09-11T10:54:50.615246+00:00,H,2020-09-13T20:25:00+00:00
2020_01_PIT_NYG,nfl,NFL,2020,1,2020-09-14,NYG,PIT,16.0,26.0,3.21,1.3952569169960474,,-6.0,44.0,nflverse,2026-09-11T10:54:50.615246+00:00,A,2020-09-14T23:15:00+00:00
2020_01_TEN_DEN,nfl,NFL,2020,1,2020-09-14,DEN,TEN,14.0,16.0,2.5700000000000003,1.5714285714285714,,-3.0,41.0,nflverse,2026-09-11T10:54:50.615246+00:00,A,2020-09-15T02:10:00+00:00
2020_02_CIN_CLE,nfl,NFL,2020,2,2020-09-17,CLE,CIN,35.0,30.0,1.4115226337448559,3.13,,6.0,44.5,nflverse,2026-09-11T10:54:50.615246+00:00,H,2020-09-18T00:20:00+00:00
2020_02_ATL_DAL,nfl,NFL,2020,2,2020-09-20,DAL,ATL,40.0,39.0,1.6896551724137931,2.31,,3.0,53.0,nflverse,2026-09-11T10:54:50.615246+00:00,H,2020-09-20T17:00:00+00:00
2020_02_BAL_HOU,nfl,NFL,2020,2,2020-09-20,HOU,BAL,16.0,33.0,3.92,1.2906976744186047,,-7.5,49.5,nflverse,2026-09-11T10:54:50.615246+00:00,A,2020-09-20T20:25:00+00:00
2020_02_BUF_MIA,nfl,NFL,2020,2,2020-09-20,MIA,BUF,28.0,31.0,3.14,1.4098360655737705,,-5.5,42.5,nflverse,2026-09-11T10:54:50.615246+00:00,A,2020-09-20T17:00:00+00:00
2020_02_CAR_TB,nfl,NFL,2020,2,2020-09-20,TB,CAR,31.0,17.0,1.2923976608187133,3.9,,7.5,47.0,nflverse,2026-09-11T10:54:50.615246+00:00,H,2020-09-20T17:00:00+00:00
2020_02_DEN_PIT,nfl,NFL,2020,2,2020-09-20,PIT,DEN,26.0,21.0,1.3745318352059925,3.32,,6.0,41.0,nflverse,2026-09-11T10:54:50.615246+00:00,H,2020-09-20T17:00:00+00:00
2020_02_DET_GB,nfl,NFL,2020,2,2020-09-20,GB,DET,42.0,21.0,1.352112676056338,3.45,,7.0,51.0,nflverse,2026-09-11T10:54:50.615246+00:00,H,2020-09-20T17:00:00+00:00
2020_02_JAX_TEN,nfl,NFL,2020,2,2020-09-20,TEN,JAX,33.0,30.0,1.3389830508474576,3.54,,7.0,44.5,nflverse,2026-09-11T10:54:50.615246+00:00,H,2020-09-20T17:00:00+00:00
2020_02_KC_LAC,nfl,NFL,2020,2,2020-09-20,LAC,KC,20.0,23.0,4.109999999999999,1.2702702702702702,,-8.5,47.0,nflverse,2026-09-11T10:54:50.615246+00:00,A,2020-09-20T20:25:00+00:00
2020_02_LA_PHI,nfl,NFL,2020,2,2020-09-20,PHI,LA,19.0,37.0,1.8130081300813008,2.1100000000000003,,2.0,46.0,nflverse,2026-09-11T10:54:50.615246+00:00,A,2020-09-20T17:00:00+00:00
2020_02_MIN_IND,nfl,NFL,2020,2,2020-09-20,IND,MIN,28.0,11.0,1.5681818181818183,2.58,,3.5,49.0,nflverse,2026-09-11T10:54:50.615246+00:00,H,2020-09-20T17:00:00+00:00
2020_02_NE_SEA,nfl,NFL,2020,2,2020-09-20,SEA,NE,35.0,30.0,1.5025125628140703,2.77,,4.0,45.0,nflverse,2026-09-11T10:54:50.615246+00:00,H,2020-09-21T00:20:00+00:00
2020_02_NYG_CHI,nfl,NFL,2020,2,2020-09-20,CHI,NYG,17.0,13.0,1.4504504504504505,2.96,,4.5,42.5,nflverse,2026-09-11T10:54:50.615246+00:00,H,2020-09-20T17:00:00+00:00
2020_02_SF_NYJ,nfl,NFL,2020,2,2020-09-20,NYJ,SF,13.0,31.0,3.59,1.3322259136212624,,-7.0,41.5,nflverse,2026-09-11T10:54:50.615246+00:00,A,2020-09-20T17:00:00+00:00
2020_02_WAS_ARI,nfl,NFL,2020,2,2020-09-20,ARI,WAS,30.0,15.0,1.3194888178913737,3.68,,7.5,46.5,nflverse,2026-09-11T10:54:50.615246+00:00,H,2020-09-20T20:05:00+00:00
2020_02_NO_LV,nfl,NFL,2020,2,2020-09-21,LV,NO,34.0,24.0,2.8,1.4975124378109452,,-4.0,47.5,nflverse,2026-09-11T10:54:50.615246+00:00,H,2020-09-22T00:15:00+00:00
2020_03_MIA_JAX,nfl,NFL,2020,3,2020-09-24,JAX,MIA,13.0,31.0,1.7246376811594204,2.24,,3.0,49.0,nflverse,2026-09-11T10:54:50.615246+00:00,A,2020-09-25T00:20:00+00:00
2020_03_CAR_LAC,nfl,NFL,2020,3,2020-09-27,LAC,CAR,16.0,21.0,1.3773584905660377,3.3,,6.0,43.5,nflverse,2026-09-11T10:54:50.615246+00:00,A,2020-09-27T20:05:00+00:00
2020_03_CHI_ATL,nfl,NFL,2020,3,2020-09-27,ATL,CHI,26.0,30.0,1.7407407407407407,2.2199999999999998,,2.5,46.0,nflverse,2026-09-11T10:54:50.615246+00:00,A,2020-09-27T17:00:00+00:00
2020_03_CIN_PHI,nfl,NFL,2020,3,2020-09-27,PHI,CIN,23.0,23.0,1.4291845493562232,3.05,,5.5,46.5,nflverse,2026-09-11T10:54:50.615246+00:00,D,2020-09-27T17:00:00+00:00
2020_03_DAL_SEA,nfl,NFL,2020,3,2020-09-27,SEA,DAL,38.0,31.0,1.4219409282700421,3.08,,5.5,58.0,nflverse,2026-09-11T10:54:50.615246+00:00,H,2020-09-27T20:25:00+00:00
2020_03_DET_ARI,nfl,NFL,2020,3,2020-09-27,ARI,DET,23.0,26.0,1.4587155963302751,2.9299999999999997,,4.5,55.5,nflverse,2026-09-11T10:54:50.615246+00:00,A,2020-09-27T20:25:00+00:00
2020_03_GB_NO,nfl,NFL,2020,3,2020-09-27,NO,GB,30.0,37.0,1.5813953488372094,2.54,,3.5,52.0,nflverse,2026-09-11T10:54:50.615246+00:00,A,2020-09-28T00:20:00+00:00
2020_03_HOU_PIT,nfl,NFL,2020,3,2020-09-27,PIT,HOU,28.0,21.0,1.510204081632653,2.74,,4.0,46.5,nflverse,2026-09-11T10:54:50.615246+00:00,H,2020-09-27T17:00:00+00:00
2020_03_LA_BUF,nfl,NFL,2020,3,2020-09-27,BUF,LA,35.0,32.0,1.7936507936507935,2.1399999999999997,,1.5,46.5,nflverse,2026-09-11T10:54:50.615246+00:00,H,2020-09-27T17:00:00+00:00
2020_03_LV_NE,nfl,NFL,2020,3,2020-09-27,NE,LV,36.0,20.0,1.3215434083601285,3.66,,7.0,47.0,nflverse,2026-09-11T10:54:50.615246+00:00,H,2020-09-27T17:00:00+00:00
2020_03_NYJ_IND,nfl,NFL,2020,3,2020-09-27,IND,NYJ,36.0,7.0,1.1587301587301586,5.91,,12.5,44.0,nflverse,2026-09-11T10:54:50.615246+00:00,H,2020-09-27T20:05:00+00:00
2020_03_SF_NYG,nfl,NFL,2020,3,2020-09-27,NYG,SF,9.0,36.0,2.34,1.6711409395973154,,-3.0,44.0,nflverse,2026-09-11T10:54:50.615246+00:00,A,2020-09-27T17:00:00+00:00
2020_03_TB_DEN,nfl,NFL,2020,3,2020-09-27,DEN,TB,10.0,28.0,3.3,1.378787878787879,,-6.0,42.5,nflverse,2026-09-11T10:54:50.615246+00:00,A,2020-09-27T20:25:00+00:00
2020_03_TEN_MIN,nfl,NFL,2020,3,2020-09-27,MIN,TEN,30.0,31.0,2.3899999999999997,1.6451612903225805,,-3.0,49.5,nflverse,2026-09-11T10:54:50.615246+00:00,A,2020-09-27T17:00:00+00:00
2020_03_WAS_CLE,nfl,NFL,2020,3,2020-09-27,CLE,WAS,34.0,20.0,1.3021148036253776,3.82,,7.5,45.0,nflverse,2026-09-11T10:54:50.615246+00:00,H,2020-09-27T17:00:00+00:00
2020_03_KC_BAL,nfl,NFL,2020,3,2020-09-28,BAL,KC,20.0,34.0,1.5747126436781609,2.56,,3.5,55.0,nflverse,2026-09-11T10:54:50.615246+00:00,A,2020-09-29T00:15:00+00:00
2020_04_DEN_NYJ,nfl,NFL,2020,4,2020-10-01,NYJ,DEN,28.0,37.0,1.8771929824561404,2.04,,1.0,41.0,nflverse,2026-09-11T10:54:50.615246+00:00,A,2020-10-02T00:20:00+00:00
2020_04_ARI_CAR,nfl,NFL,2020,4,2020-10-04,CAR,ARI,31.0,21.0,2.41,1.6369426751592355,,-3.0,52.5,nflverse,2026-09-11T10:54:50.615246+00:00,H,2020-10-04T17:00:00+00:00
2020_04_BAL_WAS,nfl,NFL,2020,4,2020-10-04,WAS,BAL,17.0,31.0,7.92,1.104384133611691,,-14.5,45.0,nflverse,2026-09-11T10:54:50.615246+00:00,A,2020-10-04T17:00:00+00:00
2020_04_BUF_LV,nfl,NFL,2020,4,2020-10-04,LV,BUF,23.0,30.0,2.54,1.5813953488372094,,-3.0,53.0,nflverse,2026-09-11T10:54:50.615246+00:00,A,2020-10-04T20:25:00+00:00
2020_04_CLE_DAL,nfl,NFL,2020,4,2020-10-04,DAL,CLE,38.0,49.0,1.5714285714285714,2.5700000000000003,,3.5,56.5,nflverse,2026-09-11T10:54:50.615246+00:00,A,2020-10-04T17:00:00+00:00
2020_04_IND_CHI,nfl,NFL,2020,4,2020-10-04,CHI,IND,11.0,19.0,2.56,1.5747126436781609,,-3.5,43.5,nflverse,2026-09-11T10:54:50.615246+00:00,A,2020-10-04T20:25:00+00:00
2020_04_JAX_CIN,nfl,NFL,2020,4,2020-10-04,CIN,JAX,33.0,25.0,1.8928571428571428,2.01,,1.0,50.0,nflverse,2026-09-11T10:54:50.615246+00:00,H,2020-10-04T17:00:00+00:00
2020_04_LAC_TB,nfl,NFL,2020,4,2020-10-04,TB,LAC,38.0,31.0,1.3021148036253776,3.82,,7.5,42.5,nflverse,2026-09-11T10:54:50.615246+00:00,H,2020-10-04T17:00:00+00:00
2020_04_MIN_HOU,nfl,NFL,2020,4,2020-10-04,HOU,MIN,23.0,31.0,1.5813953488372094,2.54,,3.5,52.5,nflverse,2026-09-11T10:54:50.615246+00:00,A,2020-10-04T17:00:00+00:00
2020_04_NO_DET,nfl,NFL,2020,4,2020-10-04,DET,NO,29.0,35.0,2.3899999999999997,1.6451612903225805,,-3.0,51.5,nflverse,2026-09-11T10:54:50.615246+00:00,A,2020-10-04T17:00:00+00:00
2020_04_NYG_LA,nfl,NFL,2020,4,2020-10-04,LA,NYG,17.0,9.0,1.1123595505617978,7.52,,13.5,49.5,nflverse,2026-09-11T10:54:50.615246+00:00,H,2020-10-04T20:05:00+00:00
2020_04_PHI_SF,nfl,NFL,2020,4,2020-10-04,SF,PHI,20.0,25.0,1.3125,3.73,,8.5,45.5,nflverse,2026-09-11T10:54:50.615246+00:00,A,2020-10-05T00:20:00+00:00
2020_04_SEA_MIA,nfl,NFL,2020,4,2020-10-04,MIA,SEA,23.0,31.0,2.96,1.4484304932735426,,-4.5,55.0,nflverse,2026-09-11T10:54:50.615246+00:00,A,2020-10-04T17:00:00+00:00
2020_04_ATL_GB,nfl,NFL,2020,4,2020-10-05,GB,ATL,30.0,16.0,1.4524886877828054,2.95,,5.0,56.5,nflverse,2026-09-11T10:54:50.615246+00:00,H,2020-10-06T01:00:00+00:00
2020_04_NE_KC,nfl,NFL,2020,4,2020-10-05,KC,NE,26.0,10.0,1.334448160535117,3.57,,7.0,52.5,nflverse,2026-09-11T10:54:50.615246+00:00,H,2020-10-05T23:05:00+00:00
2020_05_TB_CHI,nfl,NFL,2020,5,2020-10-08,CHI,TB,20.0,19.0,2.6399999999999997,1.5434782608695652,,-3.5,44.0,nflverse,2026-09-11T10:54:50.615246+00:00,H,2020-10-09T00:20:00+00:00
2020_05_ARI_NYJ,nfl,NFL,2020,5,2020-10-11,NYJ,ARI,10.0,30.0,3.54,1.3389830508474576,,-7.0,48.5,nflverse,2026-09-11T10:54:50.615246+00:00,A,2020-10-11T17:00:00+00:00
2020_05_CAR_ATL,nfl,NFL,2020,5,2020-10-11,ATL,CAR,16.0,23.0,1.7194244604316546,2.25,,2.5,53.5,nflverse,2026-09-11T10:54:50.615246+00:00,A,2020-10-11T17:00:00+00:00
2020_05_CIN_BAL,nfl,NFL,2020,5,2020-10-11,BAL,CIN,27.0,3.0,1.1392757660167132,6.47,,12.5,49.0,nflverse,2026-09-11T10:54:50.615246+00:00,H,2020-10-11T17:00:00+00:00
2020_05_IND_CLE,nfl,NFL,2020,5,2020-10-11,CLE,IND,32.0,23.0,1.9090909090909092,1.99009900990099,,1.0,48.5,nflverse,2026-09-11T10:54:50.615246+00:00,H,2020-10-11T20:25:00+00:00
2020_05_JAX_HOU,nfl,NFL,2020,5,2020-10-11,HOU,JAX,30.0,14.0,1.3558718861209964,3.43,,6.5,55.0,nflverse,2026-09-11T10:54:50.615246+00:00,H,2020-10-11T17:00:00+00:00
2020_05_LA_WAS,nfl,NFL,2020,5,2020-10-11,WAS,LA,10.0,30.0,3.62,1.3278688524590163,,-7.0,45.0,nflverse,2026-09-11T10:54:50.615246+00:00,A,2020-10-11T17:00:00+00:00
2020_05_LV_KC,nfl,NFL,2020,5,2020-10-11,KC,LV,32.0,40.0,1.2100840336134453,4.87,,11.0,54.5,nflverse,2026-09-11T10:54:50.615246+00:00,A,2020-10-11T17:00:00+00:00
2020_05_MIA_SF,nfl,NFL,2020,5,2020-10-11,SF,MIA,17.0,43.0,1.280112044817927,4.01,,8.5,50.5,nflverse,2026-09-11T10:54:50.615246+00:00,A,2020-10-11T20:05:00+00:00
2020_05_MIN_SEA,nfl,NFL,2020,5,2020-10-11,SEA,MIN,27.0,26.0,1.352112676056338,3.45,,6.5,54.0,nflverse,2026-09-11T10:54:50.615246+00:00,H,2020-10-12T00:20:00+00:00
2020_05_NYG_DAL,nfl,NFL,2020,5,2020-10-11,DAL,NYG,37.0,34.0,1.2881844380403458,3.93,,7.5,52.0,nflverse,2026-09-11T10:54:50.615246+00:00,H,2020-10-11T20:25:00+00:00
2020_05_PHI_PIT,nfl,NFL,2020,5,2020-10-11,PIT,PHI,38.0,29.0,1.2688172043010753,4.12,,7.5,44.0,nflverse,2026-09-11T10:54:50.615246+00:00,H,2020-10-11T17:00:00+00:00
2020_05_LAC_NO,nfl,NFL,2020,5,2020-10-12,NO,LAC,30.0,27.0,1.294985250737463,3.88,,7.0,49.5,nflverse,2026-09-11T10:54:50.615246+00:00,H,2020-10-13T00:15:00+00:00
2020_05_BUF_TEN,nfl,NFL,2020,5,2020-10-13,TEN,BUF,42.0,16.0,2.5,1.5952380952380953,,-3.0,52.0,nflverse,2026-09-11T10:54:50.615246+00:00,H,2020-10-13T23:00:00+00:00
2020_06_ATL_MIN,nfl,NFL,2020,6,2020-10-18,MIN,ATL,23.0,40.0,1.5319148936170213,2.67,,3.5,53.0,nflverse,2026-09-11T10:54:50.615246+00:00,A,2020-10-18T17:00:00+00:00
2020_06_BAL_PHI,nfl,NFL,2020,6,2020-10-18,PHI,BAL,28.0,30.0,4.48,1.2369668246445498,,-10.5,46.5,nflverse,2026-09-11T10:54:50.615246+00:00,A,2020-10-18T17:00:00+00:00
2020_06_CHI_CAR,nfl,NFL,2020,6,2020-10-18,CAR,CHI,16.0,23.0,1.8064516129032258,2.12,,2.0,45.0,nflverse,2026-09-11T10:54:50.615246+00:00,A,2020-10-18T17:00:00+00:00
2020_06_CIN_IND,nfl,NFL,2020,6,2020-10-18,IND,CIN,31.0,27.0,1.2941176470588236,3.88,,7.5,46.0,nflverse,2026-09-11T10:54:50.615246+00:00,H,2020-10-18T17:00:00+00:00
2020_06_CLE_PIT,nfl,NFL,2020,6,2020-10-18,PIT,CLE,38.0,7.0,1.6289308176100628,2.4299999999999997,,3.0,50.0,nflverse,2026-09-11T10:54:50.615246+00:00,H,2020-10-18T17:00:00+00:00
2020_06_DEN_NE,nfl,NFL,2020,6,2020-10-18,NE,DEN,12.0,18.0,1.3048780487804879,3.8,,7.0,43.5,nflverse,2026-09-11T10:54:50.615246+00:00,A,2020-10-18T17:00:00+00:00
2020_06_DET_JAX,nfl,NFL,2020,6,2020-10-18,JAX,DET,16.0,34.0,2.3899999999999997,1.6493506493506493,,-3.0,52.5,nflverse,2026-09-11T10:54:50.615246+00:00,A,2020-10-18T17:00:00+00:00
2020_06_GB_TB,nfl,NFL,2020,6,2020-10-18,TB,GB,38.0,10.0,2.31,1.6896551724137931,,-3.0,55.0,nflverse,2026-09-11T10:54:50.615246+00:00,H,2020-10-18T20:25:00+00:00
2020_06_HOU_TEN,nfl,NFL,2020,6,2020-10-18,TEN,HOU,42.0,36.0,1.526315789473684,2.69,,4.0,52.0,nflverse,2026-09-11T10:54:50.615246+00:00,H,2020-10-18T17:00:00+00:00
2020_06_LA_SF,nfl,NFL,2020,6,2020-10-18,SF,LA,24.0,16.0,2.12,1.8064516129032258,,-2.0,51.0,nflverse,2026-09-11T10:54:50.615246+00:00,H,2020-10-19T00:20:00+00:00
2020_06_NYJ_MIA,nfl,NFL,2020,6,2020-10-18,MIA,NYJ,24.0,0.0,1.2439024390243902,4.4,,9.5,46.0,nflverse,2026-09-11T10:54:50.615246+00:00,H,2020-10-18T20:05:00+00:00
2020_06_WAS_NYG,nfl,NFL,2020,6,2020-10-18,NYG,WAS,20.0,19.0,1.78125,2.16,,2.0,42.5,nflverse,2026-09-11T10:54:50.615246+00:00,H,2020-10-18T17:00:00+00:00
2020_06_ARI_DAL,nfl,NFL,2020,6,2020-10-19,DAL,ARI,10.0,38.0,1.8771929824561404,2.0300000000000002,,1.0,55.5,nflverse,2026-09-11T10:54:50.615246+00:00,A,2020-10-20T00:15:00+00:00
2020_06_KC_BUF,nfl,NFL,2020,6,2020-10-19,BUF,KC,17.0,26.0,3.03,1.434782608695652,,-5.5,55.0,nflverse,2026-09-11T10:54:50.615246+00:00,A,2020-10-19T21:00:00+00:00
2020_07_NYG_PHI,nfl,NFL,2020,7,2020-10-22,PHI,NYG,22.0,21.0,1.4484304932735426,2.9699999999999998,,5.0,44.5,nflverse,2026-09-11T10:54:50.615246+00:00,H,2020-10-23T00:20:00+00:00
2020_07_BUF_NYJ,nfl,NFL,2020,7,2020-10-25,NYJ,BUF,10.0,18.0,4.27,1.2557544757033248,,-9.5,47.0,nflverse,2026-09-11T10:54:50.615246+00:00,A,2020-10-25T17:00:00+00:00
2020_07_CAR_NO,nfl,NFL,2020,7,2020-10-25,NO,CAR,27.0,24.0,1.3154574132492114,3.71,,7.0,49.5,nflverse,2026-09-11T10:54:50.615246+00:00,H,2020-10-25T17:00:00+00:00
2020_07_CLE_CIN,nfl,NFL,2020,7,2020-10-25,CIN,CLE,34.0,37.0,2.79,1.4975124378109452,,-4.5,50.0,nflverse,2026-09-11T10:54:50.615246+00:00,A,2020-10-25T17:00:00+00:00
2020_07_DAL_WAS,nfl,NFL,2020,7,2020-10-25,WAS,DAL,25.0,3.0,2.0,1.9090909090909092,,-1.0,44.5,nflverse,2026-09-11T10:54:50.615246+00:00,H,2020-10-25T17:00:00+00:00
2020_07_DET_ATL,nfl,NFL,2020,7,2020-10-25,ATL,DET,22.0,23.0,1.8849557522123894,2.02,,1.0,54.0,nflverse,2026-09-11T10:54:50.615246+00:00,A,2020-10-25T17:00:00+00:00
2020_07_GB_HOU,nfl,NFL,2020,7,2020-10-25,HOU,GB,20.0,35.0,2.27,1.7142857142857144,,-2.5,55.5,nflverse,2026-09-11T10:54:50.615246+00:00,A,2020-10-25T17:00:00+00:00
2020_07_JAX_LAC,nfl,NFL,2020,7,2020-10-25,LAC,JAX,39.0,29.0,1.2570694087403598,4.25,,8.0,48.0,nflverse,2026-09-11T10:54:50.615246+00:00,H,2020-10-25T20:25:00+00:00
2020_07_KC_DEN,nfl,NFL,2020,7,2020-10-25,DEN,KC,16.0,43.0,3.6,1.3311258278145695,,-7.0,46.0,nflverse,2026-09-11T10:54:50.615246+00:00,A,2020-10-25T20:25:00+00:00
2020_07_PIT_TEN,nfl,NFL,2020,7,2020-10-25,TEN,PIT,24.0,27.0,1.8771929824561404,2.0300000000000002,,1.0,51.0,nflverse,2026-09-11T10:54:50.615246+00:00,A,2020-10-25T17:00:00+00:00
2020_07_SEA_ARI,nfl,NFL,2020,7,2020-10-25,ARI,SEA,37.0,34.0,2.66,1.5376344086021505,,-3.5,55.5,nflverse,2026-09-11T10:54:50.615246+00:00,H,2020-10-26T00:20:00+00:00
2020_07_SF_NE,nfl,NFL,2020,7,2020-10-25,NE,SF,6.0,33.0,1.5988023952095807,2.5,,3.0,44.0,nflverse,2026-09-11T10:54:50.615246+00:00,A,2020-10-25T20:25:00+00:00
2020_07_TB_LV,nfl,NFL,2020,7,2020-10-25,LV,TB,20.0,45.0,2.71,1.5208333333333335,,-3.5,51.5,nflverse,2026-09-11T10:54:50.615246+00:00,A,2020-10-25T20:05:00+00:00
2020_07_CHI_LA,nfl,NFL,2020,7,2020-10-26,LA,CHI,24.0,10.0,1.343642611683849,3.51,,6.5,44.0,nflverse,2026-09-11T10:54:50.615246+00:00,H,2020-10-27T00:15:00+00:00
2020_08_ATL_CAR,nfl,NFL,2020,8,2020-10-29,CAR,ATL,17.0,25.0,1.8695652173913042,2.04,,1.5,52.0,nflverse,2026-09-11T10:54:50.615246+00:00,A,2020-10-30T00:20:00+00:00
2020_08_DAL_PHI,nfl,NFL,2020,8,2020-11-01,PHI,DAL,23.0,9.0,1.2481389578163773,4.35,,10.0,43.0,nflverse,2026-09-11T10:54:50.615246+00:00,H,2020-11-02T01:20:00+00:00
2020_08_IND_DET,nfl,NFL,2020,8,2020-11-01,DET,IND,21.0,41.0,2.65,1.5405405405405406,,-3.5,49.0,nflverse,2026-09-11T10:54:50.615246+00:00,A,2020-11-01T18:00:00+00:00
2020_08_LAC_DEN,nfl,NFL,2020,8,2020-11-01,DEN,LAC,31.0,30.0,2.3200000000000003,1.6849315068493151,,-3.0,44.5,nflverse,2026-09-11T10:54:50.615246+00:00,H,2020-11-01T21:05:00+00:00
2020_08_LA_MIA,nfl,NFL,2020,8,2020-11-01,MIA,LA,28.0,17.0,2.5700000000000003,1.5681818181818183,,-3.5,46.5,nflverse,2026-09-11T10:54:50.615246+00:00,H,2020-11-01T18:00:00+00:00
2020_08_LV_CLE,nfl,NFL,2020,8,2020-11-01,CLE,LV,6.0,16.0,1.7692307692307692,2.17,,1.0,48.0,nflverse,2026-09-11T10:54:50.615246+00:00,A,2020-11-01T18:00:00+00:00
2020_08_MIN_GB,nfl,NFL,2020,8,2020-11-01,GB,MIN,22.0,28.0,1.4016064257028114,3.18,,5.5,47.0,nflverse,2026-09-11T10:54:50.615246+00:00,A,2020-11-01T18:00:00+00:00
2020_08_NE_BUF,nfl,NFL,2020,8,2020-11-01,BUF,NE,24.0,21.0,1.5076142131979695,2.75,,4.0,41.0,nflverse,2026-09-11T10:54:50.615246+00:00,H,2020-11-01T18:00:00+00:00
2020_08_NO_CHI,nfl,NFL,2020,8,2020-11-01,CHI,NO,23.0,26.0,3.02,1.4366812227074237,,-5.5,41.0,nflverse,2026-09-11T10:54:50.615246+00:00,A,2020-11-01T21:25:00+00:00
2020_08_NYJ_KC,nfl,NFL,2020,8,2020-11-01,KC,NYJ,35.0,9.0,1.0508905852417303,13.04,,20.0,49.0,nflverse,2026-09-11T10:54:50.615246+00:00,H,2020-11-01T18:00:00+00:00
2020_08_PIT_BAL,nfl,NFL,2020,8,2020-11-01,BAL,PIT,24.0,28.0,1.5,2.7800000000000002,,4.0,44.0,nflverse,2026-09-11T10:54:50.615246+00:00,A,2020-11-01T18:00:00+00:00
2020_08_SF_SEA,nfl,NFL,2020,8,2020-11-01,SEA,SF,37.0,27.0,1.9090909090909092,2.0,,1.0,54.5,nflverse,2026-09-11T10:54:50.615246+00:00,H,2020-11-01T21:25:00+00:00
2020_08_TEN_CIN,nfl,NFL,2020,8,2020-11-01,CIN,TEN,31.0,20.0,3.74,1.3115264797507789,,-7.5,49.5,nflverse,2026-09-11T10:54:50.615246+00:00,H,2020-11-01T18:00:00+00:00
2020_08_TB_NYG,nfl,NFL,2020,8,2020-11-02,NYG,TB,23.0,25.0,5.7,1.1672240802675584,,-13.0,47.0,nflverse,2026-09-11T10:54:50.615246+00:00,A,2020-11-03T01:15:00+00:00
2020_09_GB_SF,nfl,NFL,2020,9,2020-11-05,SF,GB,17.0,34.0,3.15,1.4065040650406504,,-6.0,48.5,nflverse,2026-09-11T10:54:50.615246+00:00,A,2020-11-06T01:20:00+00:00
2020_09_BAL_IND,nfl,NFL,2020,9,2020-11-08,IND,BAL,10.0,24.0,1.9615384615384617,1.9433962264150944,,1.0,48.0,nflverse,2026-09-11T10:54:50.615246+00:00,A,2020-11-08T18:00:00+00:00
2020_09_CAR_KC,nfl,NFL,2020,9,2020-11-08,KC,CAR,33.0,31.0,1.2247191011235956,4.65,,10.0,51.5,nflverse,2026-09-11T10:54:50.615246+00:00,H,2020-11-08T18:00:00+00:00
2020_09_CHI_TEN,nfl,NFL,2020,9,2020-11-08,TEN,CHI,24.0,17.0,1.3571428571428572,3.43,,6.5,46.5,nflverse,2026-09-11T10:54:50.615246+00:00,H,2020-11-08T18:00:00+00:00
2020_09_DEN_ATL,nfl,NFL,2020,9,2020-11-08,ATL,DEN,34.0,27.0,1.4587155963302751,2.9299999999999997,,4.5,50.0,nflverse,2026-09-11T10:54:50.615246+00:00,H,2020-11-08T18:00:00+00:00
2020_09_DET_MIN,nfl,NFL,2020,9,2020-11-08,MIN,DET,34.0,20.0,1.5780346820809248,2.55,,3.0,51.5,nflverse,2026-09-11T10:54:50.615246+00:00,H,2020-11-08T18:00:00+00:00
2020_09_HOU_JAX,nfl,NFL,2020,9,2020-11-08,JAX,HOU,25.0,27.0,3.49,1.3460207612456747,,-7.0,49.0,nflverse,2026-09-11T10:54:50.615246+00:00,A,2020-11-08T18:00:00+00:00
2020_09_LV_LAC,nfl,NFL,2020,9,2020-11-08,LAC,LV,26.0,31.0,2.02,1.8928571428571428,,-1.0,52.5,nflverse,2026-09-11T10:54:50.615246+00:00,A,2020-11-08T21:05:00+00:00
2020_09_MIA_ARI,nfl,NFL,2020,9,2020-11-08,ARI,MIA,31.0,34.0,1.4149377593360997,3.11,,6.0,49.0,nflverse,2026-09-11T10:54:50.615246+00:00,A,2020-11-08T21:25:00+00:00
2020_09_NO_TB,nfl,NFL,2020,9,2020-11-08,TB,NO,3.0,38.0,1.558659217877095,2.6,,3.0,51.0,nflverse,2026-09-11T10:54:50.615246+00:00,A,2020-11-09T01:20:00+00:00
2020_09_NYG_WAS,nfl,NFL,2020,9,2020-11-08,WAS,NYG,20.0,23.0,1.617283950617284,2.45,,3.0,43.0,nflverse,2026-09-11T10:54:50.615246+00:00,A,2020-11-08T18:00:00+00:00
2020_09_PIT_DAL,nfl,NFL,2020,9,2020-11-08,DAL,PIT,19.0,24.0,6.91,1.126742712294043,,-14.0,44.0,nflverse,2026-09-11T10:54:50.615246+00:00,A,2020-11-08T21:25:00+00:00
2020_09_SEA_BUF,nfl,NFL,2020,9,2020-11-08,BUF,SEA,44.0,34.0,2.4699999999999998,1.6097560975609757,,-3.0,55.0,nflverse,2026-09-11T10:54:50.615246+00:00,H,2020-11-08T18:00:00+00:00
2020_09_NE_NYJ,nfl,NFL,2020,9,2020-11-09,NYJ,NE,27.0,30.0,4.12,1.2688172043010753,,-9.5,41.5,nflverse,2026-09-11T10:54:50.615246+00:00,A,2020-11-10T01:15:00+00:00
2020_10_IND_TEN,nfl,NFL,2020,10,2020-11-12,TEN,IND,17.0,34.0,2.05,1.8695652173913042,,-1.0,49.0,nflverse,2026-09-11T10:54:50.615246+00:00,A,2020-11-13T01:20:00+00:00
2020_10_BAL_NE,nfl,NFL,2020,10,2020-11-15,NE,BAL,23.0,17.0,3.72,1.3144654088050314,,-7.0,44.0,nflverse,2026-09-11T10:54:50.615246+00:00,H,2020-11-16T01:20:00+00:00
2020_10_BUF_ARI,nfl,NFL,2020,10,2020-11-15,ARI,BUF,32.0,30.0,1.65359477124183,2.38,,3.0,55.5,nflverse,2026-09-11T10:54:50.615246+00:00,H,2020-11-15T21:05:00+00:00
2020_10_CIN_PIT,nfl,NFL,2020,10,2020-11-15,PIT,CIN,36.0,10.0,1.3367003367003367,3.55,,6.5,45.5,nflverse,2026-09-11T10:54:50.615246+00:00,H,2020-11-15T21:25:00+00:00
2020_10_DEN_LV,nfl,NFL,2020,10,2020-11-15,LV,DEN,37.0,12.0,1.5319148936170213,2.6799999999999997,,3.5,50.5,nflverse,2026-09-11T10:54:50.615246+00:00,H,2020-11-15T21:05:00+00:00
2020_10_HOU_CLE,nfl,NFL,2020,10,2020-11-15,CLE,HOU,10.0,7.0,1.4608294930875576,2.92,,4.5,46.0,nflverse,2026-09-11T10:54:50.615246+00:00,H,2020-11-15T18:00:00+00:00
2020_10_JAX_GB,nfl,NFL,2020,10,2020-11-15,GB,JAX,24.0,20.0,1.1119820828667413,7.53,,13.5,47.0,nflverse,2026-09-11T10:54:50.615246+00:00,H,2020-11-15T18:00:00+00:00
2020_10_LAC_MIA,nfl,NFL,2020,10,2020-11-15,MIA,LAC,29.0,21.0,1.8695652173913042,2.04,,1.0,48.5,nflverse,2026-09-11T10:54:50.615246+00:00,H,2020-11-15T21:05:00+00:00
2020_10_PHI_NYG,nfl,NFL,2020,10,2020-11-15,NYG,PHI,27.0,17.0,2.94,1.45662100456621,,-4.5,45.0,nflverse,2026-09-11T10:54:50.615246+00:00,H,2020-11-15T18:00:00+00:00
2020_10_SEA_LA,nfl,NFL,2020,10,2020-11-15,LA,SEA,23.0,16.0,1.6849315068493151,2.3200000000000003,,3.0,55.0,nflverse,2026-09-11T10:54:50.615246+00:00,H,2020-11-15T21:25:00+00:00
2020_10_SF_NO,nfl,NFL,2020,10,2020-11-15,NO,SF,27.0,13.0,1.2583979328165373,4.23,,9.5,49.5,nflverse,2026-09-11T10:54:50.615246+00:00,H,2020-11-15T21:25:00+00:00
2020_10_TB_CAR,nfl,NFL,2020,10,2020-11-15,CAR,TB,23.0,46.0,3.26,1.3861003861003862,,-6.0,49.5,nflverse,2026-09-11T10:54:50.615246+00:00,A,2020-11-15T18:00:00+00:00
2020_10_WAS_DET,nfl,NFL,2020,10,2020-11-15,DET,WAS,30.0,27.0,1.7352941176470589,2.23,,2.5,46.0,nflverse,2026-09-11T10:54:50.615246+00:00,H,2020-11-15T18:00:00+00:00
2020_10_MIN_CHI,nfl,NFL,2020,10,2020-11-16,CHI,MIN,13.0,19.0,2.52,1.5882352941176472,,-3.5,44.0,nflverse,2026-09-11T10:54:50.615246+00:00,A,2020-11-17T01:15:00+00:00
2020_11_ARI_SEA,nfl,NFL,2020,11,2020-11-19,SEA,ARI,28.0,21.0,1.6097560975609757,2.4699999999999998,,3.0,56.5,nflverse,2026-09-11T10:54:50.615246+00:00,H,2020-11-20T01:20:00+00:00
2020_11_ATL_NO,nfl,NFL,2020,11,2020-11-22,NO,ATL,24.0,9.0,1.5524861878453038,2.62,,3.5,49.5,nflverse,2026-09-11T10:54:50.615246+00:00,H,2020-11-22T18:00:00+00:00
2020_11_CIN_WAS,nfl,NFL,2020,11,2020-11-22,WAS,CIN,20.0,9.0,1.8264462809917354,2.1,,2.0,48.0,nflverse,2026-09-11T10:54:50.615246+00:00,H,2020-11-22T18:00:00+00:00
2020_11_DAL_MIN,nfl,NFL,2020,11,2020-11-22,MIN,DAL,28.0,31.0,1.3289473684210527,3.61,,7.0,50.0,nflverse,2026-09-11T10:54:50.615246+00:00,A,2020-11-22T21:25:00+00:00
2020_11_DET_CAR,nfl,NFL,2020,11,2020-11-22,CAR,DET,20.0,0.0,2.52,1.5917159763313609,,-3.0,47.0,nflverse,2026-09-11T10:54:50.615246+00:00,H,2020-11-22T18:00:00+00:00
2020_11_GB_IND,nfl,NFL,2020,11,2020-11-22,IND,GB,34.0,31.0,1.8333333333333335,2.09,,1.5,52.0,nflverse,2026-09-11T10:54:50.615246+00:00,H,2020-11-22T21:25:00+00:00
2020_11_KC_LV,nfl,NFL,2020,11,2020-11-22,LV,KC,31.0,35.0,3.96,1.2849002849002849,,-7.5,56.5,nflverse,2026-09-11T10:54:50.615246+00:00,A,2020-11-23T01:20:00+00:00
2020_11_MIA_DEN,nfl,NFL,2020,11,2020-11-22,DEN,MIA,20.0,13.0,2.74,1.510204081632653,,-4.0,46.0,nflverse,2026-09-11T10:54:50.615246+00:00,H,2020-11-22T21:05:00+00:00
2020_11_NE_HOU,nfl,NFL,2020,11,2020-11-22,HOU,NE,27.0,20.0,2.3200000000000003,1.6802721088435373,,-2.5,49.5,nflverse,2026-09-11T10:54:50.615246+00:00,H,2020-11-22T18:00:00+00:00
2020_11_NYJ_LAC,nfl,NFL,2020,11,2020-11-22,LAC,NYJ,34.0,28.0,1.2352941176470589,4.51,,10.0,47.0,nflverse,2026-09-11T10:54:50.615246+00:00,H,2020-11-22T21:05:00+00:00
2020_11_PHI_CLE,nfl,NFL,2020,11,2020-11-22,CLE,PHI,22.0,17.0,1.7407407407407407,2.2199999999999998,,2.5,45.5,nflverse,2026-09-11T10:54:50.615246+00:00,H,2020-11-22T18:00:00+00:00
2020_11_PIT_JAX,nfl,NFL,2020,11,2020-11-22,JAX,PIT,3.0,27.0,4.859999999999999,1.2105263157894737,,-11.0,47.0,nflverse,2026-09-11T10:54:50.615246+00:00,A,2020-11-22T18:00:00+00:00
2020_11_TEN_BAL,nfl,NFL,2020,11,2020-11-22,BAL,TEN,24.0,30.0,1.3952569169960474,3.21,,6.0,50.5,nflverse,2026-09-11T10:54:50.615246+00:00,A,2020-11-22T18:00:00+00:00
2020_11_LA_TB,nfl,NFL,2020,11,2020-11-23,TB,LA,24.0,27.0,1.5128205128205128,2.73,,4.0,47.5,nflverse,2026-09-11T10:54:50.615246+00:00,A,2020-11-24T01:15:00+00:00
2020_12_HOU_DET,nfl,NFL,2020,12,2020-11-26,DET,HOU,25.0,41.0,2.3899999999999997,1.6451612903225805,,-3.0,52.5,nflverse,2026-09-11T10:54:50.615246+00:00,A,2020-11-26T17:30:00+00:00
2020_12_WAS_DAL,nfl,NFL,2020,12,2020-11-26,DAL,WAS,16.0,41.0,1.7407407407407407,2.2199999999999998,,2.5,46.0,nflverse,2026-09-11T10:54:50.615246+00:00,A,2020-11-26T21:30:00+00:00
2020_12_ARI_NE,nfl,NFL,2020,12,2020-11-29,NE,ARI,20.0,17.0,2.04,1.8695652173913042,,-1.0,51.0,nflverse,2026-09-11T10:54:50.615246+00:00,H,2020-11-29T18:00:00+00:00
2020_12_CAR_MIN,nfl,NFL,2020,12,2020-11-29,MIN,CAR,28.0,27.0,1.6896551724137931,2.31,,3.0,50.0,nflverse,2026-09-11T10:54:50.615246+00:00,H,2020-11-29T18:00:00+00:00
2020_12_CHI_GB,nfl,NFL,2020,12,2020-11-29,GB,CHI,41.0,25.0,1.2890173410404624,3.93,,7.5,44.0,nflverse,2026-09-11T10:54:50.615246+00:00,H,2020-11-30T01:20:00+00:00
2020_12_CLE_JAX,nfl,NFL,2020,12,2020-11-29,JAX,CLE,25.0,27.0,3.84,1.2994011976047903,,-7.5,48.5,nflverse,2026-09-11T10:54:50.615246+00:00,A,2020-11-29T18:00:00+00:00
2020_12_KC_TB,nfl,NFL,2020,12,2020-11-29,TB,KC,24.0,27.0,2.49,1.6024096385542168,,-3.5,56.0,nflverse,2026-09-11T10:54:50.615246+00:00,A,2020-11-29T21:25:00+00:00
2020_12_LAC_BUF,nfl,NFL,2020,12,2020-11-29,BUF,LAC,27.0,17.0,1.4672897196261683,2.8899999999999997,,4.5,51.0,nflverse,2026-09-11T10:54:50.615246+00:00,H,2020-11-29T18:00:00+00:00
2020_12_LV_ATL,nfl,NFL,2020,12,2020-11-29,ATL,LV,43.0,6.0,2.6399999999999997,1.5434782608695652,,-3.5,53.0,nflverse,2026-09-11T10:54:50.615246+00:00,H,2020-11-29T18:00:00+00:00
2020_12_MIA_NYJ,nfl,NFL,2020,12,2020-11-29,NYJ,MIA,3.0,20.0,3.96,1.2857142857142856,,-7.5,46.0,nflverse,2026-09-11T10:54:50.615246+00:00,A,2020-11-29T18:00:00+00:00
2020_12_NO_DEN,nfl,NFL,2020,12,2020-11-29,DEN,NO,3.0,31.0,10.06,1.074074074074074,,-17.0,36.5,nflverse,2026-09-11T10:54:50.615246+00:00,A,2020-11-29T21:05:00+00:00
2020_12_NYG_CIN,nfl,NFL,2020,12,2020-11-29,CIN,NYG,17.0,19.0,3.27,1.3846153846153846,,-6.5,45.0,nflverse,2026-09-11T10:54:50.615246+00:00,A,2020-11-29T18:00:00+00:00
2020_12_SF_LA,nfl,NFL,2020,12,2020-11-29,LA,SF,20.0,23.0,1.4651162790697674,2.9,,5.0,44.5,nflverse,2026-09-11T10:54:50.615246+00:00,A,2020-11-29T21:05:00+00:00
2020_12_TEN_IND,nfl,NFL,2020,12,2020-11-29,IND,TEN,26.0,45.0,1.6802721088435373,2.33,,3.0,51.5,nflverse,2026-09-11T10:54:50.615246+00:00,A,2020-11-29T18:00:00+00:00
2020_12_SEA_PHI,nfl,NFL,2020,12,2020-11-30,PHI,SEA,17.0,23.0,3.37,1.364963503649635,,-6.5,50.0,nflverse,2026-09-11T10:54:50.615246+00:00,A,2020-12-01T01:15:00+00:00
2020_12_BAL_PIT,nfl,NFL,2020,12,2020-12-02,PIT,BAL,19.0,14.0,1.193050193050193,5.16,,10.5,41.5,nflverse,2026-09-11T10:54:50.615246+00:00,H,2020-12-02T20:40:00+00:00
2020_13_CIN_MIA,nfl,NFL,2020,13,2020-12-06,MIA,CIN,19.0,7.0,1.2036659877800409,4.970000000000001,,10.5,43.0,nflverse,2026-09-11T10:54:50.615246+00:00,H,2020-12-06T18:00:00+00:00
2020_13_CLE_TEN,nfl,NFL,2020,13,2020-12-06,TEN,CLE,35.0,41.0,1.5,2.7800000000000002,,4.0,54.0,nflverse,2026-09-11T10:54:50.615246+00:00,A,2020-12-06T18:00:00+00:00
2020_13_DEN_KC,nfl,NFL,2020,13,2020-12-06,KC,DEN,22.0,16.0,1.1515151515151516,6.1,,13.0,51.0,nflverse,2026-09-11T10:54:50.615246+00:00,H,2020-12-07T01:20:00+00:00
2020_13_DET_CHI,nfl,NFL,2020,13,2020-12-06,CHI,DET,30.0,34.0,1.62111801242236,2.45,,3.0,44.0,nflverse,2026-09-11T10:54:50.615246+00:00,A,2020-12-06T18:00:00+00:00
2020_13_IND_HOU,nfl,NFL,2020,13,2020-12-06,HOU,IND,20.0,26.0,2.5700000000000003,1.5681818181818183,,-3.5,50.0,nflverse,2026-09-11T10:54:50.615246+00:00,A,2020-12-06T18:00:00+00:00
2020_13_JAX_MIN,nfl,NFL,2020,13,2020-12-06,MIN,JAX,27.0,24.0,1.2247191011235956,4.65,,10.5,51.0,nflverse,2026-09-11T10:54:50.615246+00:00,H,2020-12-06T18:00:00+00:00
2020_13_LA_ARI,nfl,NFL,2020,13,2020-12-06,ARI,LA,28.0,38.0,2.3,1.6944444444444444,,-2.5,49.0,nflverse,2026-09-11T10:54:50.615246+00:00,A,2020-12-06T21:05:00+00:00
2020_13_LV_NYJ,nfl,NFL,2020,13,2020-12-06,NYJ,LV,28.0,31.0,3.95,1.2865329512893982,,-7.5,48.0,nflverse,2026-09-11T10:54:50.615246+00:00,A,2020-12-06T18:00:00+00:00
2020_13_NE_LAC,nfl,NFL,2020,13,2020-12-06,LAC,NE,0.0,45.0,1.7751937984496124,2.17,,2.5,47.0,nflverse,2026-09-11T10:54:50.615246+00:00,A,2020-12-06T21:25:00+00:00
2020_13_NO_ATL,nfl,NFL,2020,13,2020-12-06,ATL,NO,16.0,21.0,2.27,1.7092198581560285,,-2.5,46.0,nflverse,2026-09-11T10:54:50.615246+00:00,A,2020-12-06T18:00:00+00:00
2020_13_NYG_SEA,nfl,NFL,2020,13,2020-12-06,SEA,NYG,12.0,17.0,1.1945525291828794,5.13,,11.0,48.5,nflverse,2026-09-11T10:54:50.615246+00:00,A,2020-12-06T21:05:00+00:00
2020_13_PHI_GB,nfl,NFL,2020,13,2020-12-06,GB,PHI,30.0,16.0,1.2544529262086515,4.279999999999999,,8.0,50.0,nflverse,2026-09-11T10:54:50.615246+00:00,H,2020-12-06T21:25:00+00:00
2020_13_BUF_SF,nfl,NFL,2020,13,2020-12-07,SF,BUF,24.0,34.0,1.819672131147541,2.1,,1.5,48.0,nflverse,2026-09-11T10:54:50.615246+00:00,A,2020-12-08T01:15:00+00:00
2020_13_WAS_PIT,nfl,NFL,2020,13,2020-12-07,PIT,WAS,17.0,23.0,1.3773584905660377,3.31,,5.5,43.5,nflverse,2026-09-11T10:54:50.615246+00:00,A,2020-12-07T22:00:00+00:00
2020_13_DAL_BAL,nfl,NFL,2020,13,2020-12-08,BAL,DAL,34.0,17.0,1.2564102564102564,4.26,,8.5,46.0,nflverse,2026-09-11T10:54:50.615246+00:00,H,2020-12-09T01:05:00+00:00
2020_14_NE_LA,nfl,NFL,2020,14,2020-12-10,LA,NE,24.0,3.0,1.4385964912280702,3.01,,5.0,43.5,nflverse,2026-09-11T10:54:50.615246+00:00,H,2020-12-11T01:20:00+00:00
2020_14_ARI_NYG,nfl,NFL,2020,14,2020-12-13,NYG,ARI,7.0,26.0,2.3899999999999997,1.6493506493506493,,-3.0,47.0,nflverse,2026-09-11T10:54:50.615246+00:00,A,2020-12-13T18:00:00+00:00
2020_14_ATL_LAC,nfl,NFL,2020,14,2020-12-13,LAC,ATL,20.0,17.0,1.847457627118644,2.0700000000000003,,1.0,49.0,nflverse,2026-09-11T10:54:50.615246+00:00,H,2020-12-13T21:25:00+00:00
2020_14_DAL_CIN,nfl,NFL,2020,14,2020-12-13,CIN,DAL,7.0,30.0,2.48,1.6097560975609757,,-3.0,44.0,nflverse,2026-09-11T10:54:50.615246+00:00,A,2020-12-13T18:00:00+00:00
2020_14_DEN_CAR,nfl,NFL,2020,14,2020-12-13,CAR,DEN,27.0,32.0,1.5025125628140703,2.77,,4.0,46.0,nflverse,2026-09-11T10:54:50.615246+00:00,A,2020-12-13T18:00:00+00:00
2020_14_GB_DET,nfl,NFL,2020,14,2020-12-13,DET,GB,24.0,31.0,3.92,1.289855072463768,,-9.5,55.5,nflverse,2026-09-11T10:54:50.615246+00:00,A,2020-12-13T21:25:00+00:00
2020_14_HOU_CHI,nfl,NFL,2020,14,2020-12-13,CHI,HOU,36.0,7.0,2.04,1.8771929824561404,,-1.0,46.0,nflverse,2026-09-11T10:54:50.615246+00:00,H,2020-12-13T18:00:00+00:00
2020_14_IND_LV,nfl,NFL,2020,14,2020-12-13,LV,IND,27.0,44.0,2.1799999999999997,1.7692307692307692,,-2.5,51.5,nflverse,2026-09-11T10:54:50.615246+00:00,A,2020-12-13T21:05:00+00:00
2020_14_KC_MIA,nfl,NFL,2020,14,2020-12-13,MIA,KC,27.0,33.0,3.81,1.303030303030303,,-7.5,51.5,nflverse,2026-09-11T10:54:50.615246+00:00,A,2020-12-13T18:00:00+00:00
2020_14_MIN_TB,nfl,NFL,2020,14,2020-12-13,TB,MIN,26.0,14.0,1.3154574132492114,3.71,,7.0,52.5,nflverse,2026-09-11T10:54:50.615246+00:00,H,2020-12-13T18:00:00+00:00
2020_14_NO_PHI,nfl,NFL,2020,14,2020-12-13,PHI,NO,24.0,21.0,3.84,1.2985074626865671,,-7.5,43.0,nflverse,2026-09-11T10:54:50.615246+00:00,H,2020-12-13T21:25:00+00:00
2020_14_NYJ_SEA,nfl,NFL,2020,14,2020-12-13,SEA,NYJ,40.0,3.0,1.0968992248062015,8.34,,16.5,49.5,nflverse,2026-09-11T10:54:50.615246+00:00,H,2020-12-13T21:05:00+00:00
2020_14_PIT_BUF,nfl,NFL,2020,14,2020-12-13,BUF,PIT,26.0,15.0,1.8064516129032258,2.12,,2.0,48.5,nflverse,2026-09-11T10:54:50.615246+00:00,H,2020-12-14T01:20:00+00:00
2020_14_TEN_JAX,nfl,NFL,2020,14,2020-12-13,JAX,TEN,10.0,31.0,4.07,1.2747252747252746,,-7.5,53.0,nflverse,2026-09-11T10:54:50.615246+00:00,A,2020-12-13T18:00:00+00:00
2020_14_WAS_SF,nfl,NFL,2020,14,2020-12-13,SF,WAS,15.0,23.0,1.6711409395973154,2.34,,3.0,43.5,nflverse,2026-09-11T10:54:50.615246+00:00,A,2020-12-13T21:25:00+00:00
2020_14_BAL_CLE,nfl,NFL,2020,14,2020-12-14,CLE,BAL,42.0,47.0,2.56,1.5747126436781609,,-3.0,45.5,nflverse,2026-09-11T10:54:50.615246+00:00,A,2020-12-15T01:15:00+00:00
2020_15_LAC_LV,nfl,NFL,2020,15,2020-12-17,LV,LAC,27.0,30.0,1.5747126436781609,2.56,,3.5,52.0,nflverse,2026-09-11T10:54:50.615246+00:00,A,2020-12-18T01:20:00+00:00
2020_15_BUF_DEN,nfl,NFL,2020,15,2020-12-19,DEN,BUF,19.0,48.0,3.12,1.4132231404958677,,-5.5,49.0,nflverse,2026-09-11T10:54:50.615246+00:00,A,2020-12-19T21:30:00+00:00
2020_15_CAR_GB,nfl,NFL,2020,15,2020-12-19,GB,CAR,24.0,16.0,1.2386634844868736,4.46,,9.5,53.0,nflverse,2026-09-11T10:54:50.615246+00:00,H,2020-12-20T01:15:00+00:00
2020_15_CHI_MIN,nfl,NFL,2020,15,2020-12-20,MIN,CHI,27.0,33.0,1.6578947368421053,2.37,,2.5,47.5,nflverse,2026-09-11T10:54:50.615246+00:00,A,2020-12-20T18:00:00+00:00
2020_15_CLE_NYG,nfl,NFL,2020,15,2020-12-20,NYG,CLE,6.0,20.0,3.35,1.3690036900369003,,-6.0,44.5,nflverse,2026-09-11T10:54:50.615246+00:00,A,2020-12-21T01:20:00+00:00
2020_15_DET_TEN,nfl,NFL,2020,15,2020-12-20,TEN,DET,46.0,25.0,1.2570694087403598,4.25,,9.5,54.5,nflverse,2026-09-11T10:54:50.615246+00:00,H,2020-12-20T18:00:00+00:00
2020_15_HOU_IND,nfl,NFL,2020,15,2020-12-20,IND,HOU,27.0,20.0,1.2702702702702702,4.109999999999999,,7.5,52.5,nflverse,2026-09-11T10:54:50.615246+00:00,H,2020-12-20T18:00:00+00:00
2020_15_JAX_BAL,nfl,NFL,2020,15,2020-12-20,BAL,JAX,40.0,14.0,1.1340482573726542,6.64,,13.0,49.5,nflverse,2026-09-11T10:54:50.615246+00:00,H,2020-12-20T18:00:00+00:00
2020_15_KC_NO,nfl,NFL,2020,15,2020-12-20,NO,KC,29.0,32.0,2.24,1.72992700729927,,-2.5,53.5,nflverse,2026-09-11T10:54:50.615246+00:00,A,2020-12-20T21:25:00+00:00
2020_15_NE_MIA,nfl,NFL,2020,15,2020-12-20,MIA,NE,22.0,12.0,2.09,1.8333333333333335,,-1.5,40.0,nflverse,2026-09-11T10:54:50.615246+00:00,H,2020-12-20T18:00:00+00:00
2020_15_NYJ_LA,nfl,NFL,2020,15,2020-12-20,LA,NYJ,20.0,23.0,1.0624609618988132,10.57,,17.5,44.5,nflverse,2026-09-11T10:54:50.615246+00:00,A,2020-12-20T21:05:00+00:00
2020_15_PHI_ARI,nfl,NFL,2020,15,2020-12-20,ARI,PHI,33.0,26.0,1.3861003861003862,3.26,,6.5,49.5,nflverse,2026-09-11T10:54:50.615246+00:00,H,2020-12-20T21:05:00+00:00
2020_15_SEA_WAS,nfl,NFL,2020,15,2020-12-20,WAS,SEA,15.0,20.0,3.19,1.3984063745019921,,-6.0,44.5,nflverse,2026-09-11T10:54:50.615246+00:00,A,2020-12-20T18:00:00+00:00
2020_15_SF_DAL,nfl,NFL,2020,15,2020-12-20,DAL,SF,41.0,33.0,2.8,1.495049504950495,,-4.0,46.0,nflverse,2026-09-11T10:54:50.615246+00:00,H,2020-12-20T18:00:00+00:00
2020_15_TB_ATL,nfl,NFL,2020,15,2020-12-20,ATL,TB,27.0,31.0,3.25,1.3875968992248062,,-6.0,49.5,nflverse,2026-09-11T10:54:50.615246+00:00,A,2020-12-20T18:00:00+00:00
2020_15_PIT_CIN,nfl,NFL,2020,15,2020-12-21,CIN,PIT,27.0,17.0,7.82,1.1061571125265393,,-14.5,40.5,nflverse,2026-09-11T10:54:50.615246+00:00,H,2020-12-22T01:15:00+00:00
2020_16_MIN_NO,nfl,NFL,2020,16,2020-12-25,NO,MIN,52.0,33.0,1.3311258278145695,3.6,,6.5,49.0,nflverse,2026-09-11T10:54:50.615246+00:00,H,2020-12-25T21:30:00+00:00
2020_16_MIA_LV,nfl,NFL,2020,16,2020-12-26,LV,MIA,25.0,26.0,2.13,1.8,,-2.0,50.0,nflverse,2026-09-11T10:54:50.615246+00:00,A,2020-12-27T01:15:00+00:00
2020_16_SF_ARI,nfl,NFL,2020,16,2020-12-26,ARI,SF,12.0,20.0,1.3571428571428572,3.42,,6.0,49.0,nflverse,2026-09-11T10:54:50.615246+00:00,A,2020-12-26T21:30:00+00:00
2020_16_TB_DET,nfl,NFL,2020,16,2020-12-26,DET,TB,7.0,47.0,5.55,1.1692047377326564,,-12.0,55.0,nflverse,2026-09-11T10:54:50.615246+00:00,A,2020-12-26T18:00:00+00:00
2020_16_ATL_KC,nfl,NFL,2020,16,2020-12-27,KC,ATL,17.0,14.0,1.1968503937007875,5.09,,11.0,54.0,nflverse,2026-09-11T10:54:50.615246+00:00,H,2020-12-27T18:00:00+00:00
2020_16_CAR_WAS,nfl,NFL,2020,16,2020-12-27,WAS,CAR,13.0,20.0,2.02,1.8928571428571428,,-1.0,41.0,nflverse,2026-09-11T10:54:50.615246+00:00,A,2020-12-27T21:05:00+00:00
2020_16_CHI_JAX,nfl,NFL,2020,16,2020-12-27,JAX,CHI,17.0,41.0,4.7,1.2212389380530975,,-9.5,47.0,nflverse,2026-09-11T10:54:50.615246+00:00,A,2020-12-27T18:00:00+00:00
2020_16_CIN_HOU,nfl,NFL,2020,16,2020-12-27,HOU,CIN,31.0,37.0,1.308641975308642,3.76,,7.5,46.0,nflverse,2026-09-11T10:54:50.615246+00:00,A,2020-12-27T18:00:00+00:00
2020_16_CLE_NYJ,nfl,NFL,2020,16,2020-12-27,NYJ,CLE,23.0,16.0,3.6,1.33003300330033,,-6.5,45.0,nflverse,2026-09-11T10:54:50.615246+00:00,H,2020-12-27T18:00:00+00:00
2020_16_DEN_LAC,nfl,NFL,2020,16,2020-12-27,LAC,DEN,19.0,16.0,1.8,2.13,,2.5,47.5,nflverse,2026-09-11T10:54:50.615246+00:00,H,2020-12-27T21:05:00+00:00
2020_16_IND_PIT,nfl,NFL,2020,16,2020-12-27,PIT,IND,28.0,24.0,1.9615384615384617,1.9433962264150944,,-1.0,43.0,nflverse,2026-09-11T10:54:50.615246+00:00,H,2020-12-27T18:00:00+00:00
2020_16_LA_SEA,nfl,NFL,2020,16,2020-12-27,SEA,LA,20.0,9.0,1.7874015748031495,2.15,,1.5,48.0,nflverse,2026-09-11T10:54:50.615246+00:00,H,2020-12-27T21:25:00+00:00
2020_16_NYG_BAL,nfl,NFL,2020,16,2020-12-27,BAL,NYG,27.0,13.0,1.2380952380952381,4.48,,10.0,43.5,nflverse,2026-09-11T10:54:50.615246+00:00,H,2020-12-27T18:00:00+00:00
2020_16_PHI_DAL,nfl,NFL,2020,16,2020-12-27,DAL,PHI,37.0,17.0,2.49,1.6024096385542168,,-3.0,50.0,nflverse,2026-09-11T10:54:50.615246+00:00,H,2020-12-27T21:25:00+00:00
2020_16_TEN_GB,nfl,NFL,2020,16,2020-12-27,GB,TEN,40.0,14.0,1.5649717514124295,2.59,,3.0,52.5,nflverse,2026-09-11T10:54:50.615246+00:00,H,2020-12-28T01:20:00+00:00
2020_16_BUF_NE,nfl,NFL,2020,16,2020-12-28,NE,BUF,9.0,38.0,3.68,1.3194888178913737,,-7.0,47.0,nflverse,2026-09-11T10:54:50.615246+00:00,A,2020-12-29T01:15:00+00:00
2020_17_ARI_LA,nfl,NFL,2020,17,2021-01-03,LA,ARI,18.0,7.0,1.8,2.13,,1.0,42.0,nflverse,2026-09-11T10:54:50.615246+00:00,H,2021-01-03T21:25:00+00:00
2020_17_ATL_TB,nfl,NFL,2020,17,2021-01-03,TB,ATL,44.0,27.0,1.3095975232198143,3.76,,7.5,51.0,nflverse,2026-09-11T10:54:50.615246+00:00,H,2021-01-03T18:00:00+00:00
2020_17_BAL_CIN,nfl,NFL,2020,17,2021-01-03,CIN,BAL,3.0,38.0,6.97,1.1251564455569463,,-13.5,46.0,nflverse,2026-09-11T10:54:50.615246+00:00,A,2021-01-03T18:00:00+00:00
2020_17_DAL_NYG,nfl,NFL,2020,17,2021-01-03,NYG,DAL,23.0,19.0,2.09,1.8264462809917354,,-1.5,44.5,nflverse,2026-09-11T10:54:50.615246+00:00,H,2021-01-03T18:00:00+00:00
2020_17_GB_CHI,nfl,NFL,2020,17,2021-01-03,CHI,GB,16.0,35.0,2.84,1.4830917874396135,,-4.5,48.5,nflverse,2026-09-11T10:54:50.615246+00:00,A,2021-01-03T21:25:00+00:00
2020_17_JAX_IND,nfl,NFL,2020,17,2021-01-03,IND,JAX,28.0,14.0,1.074074074074074,10.06,,15.5,48.0,nflverse,2026-09-11T10:54:50.615246+00:00,H,2021-01-03T21:25:00+00:00
2020_17_LAC_KC,nfl,NFL,2020,17,2021-01-03,KC,LAC,21.0,38.0,3.44,1.3546099290780143,,-7.0,43.0,nflverse,2026-09-11T10:54:50.615246+00:00,A,2021-01-03T21:25:00+00:00
2020_17_LV_DEN,nfl,NFL,2020,17,2021-01-03,DEN,LV,31.0,32.0,2.3,1.6944444444444444,,-2.5,50.5,nflverse,2026-09-11T10:54:50.615246+00:00,A,2021-01-03T21:25:00+00:00
2020_17_MIA_BUF,nfl,NFL,2020,17,2021-01-03,BUF,MIA,56.0,26.0,2.38,1.65359477124183,,-3.5,42.5,nflverse,2026-09-11T10:54:50.615246+00:00,H,2021-01-03T18:00:00+00:00
2020_17_MIN_DET,nfl,NFL,2020,17,2021-01-03,DET,MIN,35.0,37.0,2.45,1.62111801242236,,-3.0,54.0,nflverse,2026-09-11T10:54:50.615246+00:00,A,2021-01-03T18:00:00+00:00
2020_17_NO_CAR,nfl,NFL,2020,17,2021-01-03,CAR,NO,7.0,33.0,3.19,1.4,,-6.0,47.0,nflverse,2026-09-11T10:54:50.615246+00:00,A,2021-01-03T21:25:00+00:00
2020_17_NYJ_NE,nfl,NFL,2020,17,2021-01-03,NE,NYJ,28.0,14.0,1.62111801242236,2.45,,3.0,41.0,nflverse,2026-09-11T10:54:50.615246+00:00,H,2021-01-03T18:00:00+00:00
2020_17_PIT_CLE,nfl,NFL,2020,17,2021-01-03,CLE,PIT,24.0,22.0,1.2173913043478262,4.76,,10.5,45.0,nflverse,2026-09-11T10:54:50.615246+00:00,H,2021-01-03T18:00:00+00:00
2020_17_SEA_SF,nfl,NFL,2020,17,2021-01-03,SF,SEA,23.0,26.0,3.66,1.3225806451612903,,-7.0,45.0,nflverse,2026-09-11T10:54:50.615246+00:00,A,2021-01-03T21:25:00+00:00
2020_17_TEN_HOU,nfl,NFL,2020,17,2021-01-03,HOU,TEN,38.0,41.0,3.59,1.3322259136212624,,-7.0,55.5,nflverse,2026-09-11T10:54:50.615246+00:00,A,2021-01-03T21:25:00+00:00
2020_17_WAS_PHI,nfl,NFL,2020,17,2021-01-03,PHI,WAS,14.0,20.0,3.45,1.353356890459364,,-6.5,43.5,nflverse,2026-09-11T10:54:50.615246+00:00,A,2021-01-04T01:20:00+00:00
2020_18_IND_BUF,nfl,NFL,2020,18,2021-01-09,BUF,IND,27.0,24.0,1.3076923076923077,3.77,,7.0,50.5,nflverse,2026-09-11T10:54:50.615246+00:00,H,2021-01-09T18:05:00+00:00
2020_18_LA_SEA,nfl,NFL,2020,18,2021-01-09,SEA,LA,20.0,30.0,1.5813953488372094,2.54,,3.0,42.0,nflverse,2026-09-11T10:54:50.615246+00:00,A,2021-01-09T21:40:00+00:00
2020_18_TB_WAS,nfl,NFL,2020,18,2021-01-09,WAS,TB,23.0,31.0,4.73,1.219298245614035,,-10.0,45.0,nflverse,2026-09-11T10:54:50.615246+00:00,A,2021-01-10T01:15:00+00:00
2020_18_BAL_TEN,nfl,NFL,2020,18,2021-01-10,TEN,BAL,13.0,20.0,2.63,1.5494505494505495,,-3.5,53.0,nflverse,2026-09-11T10:54:50.615246+00:00,A,2021-01-10T18:05:00+00:00
2020_18_CHI_NO,nfl,NFL,2020,18,2021-01-10,NO,CHI,21.0,9.0,1.17921146953405,5.43,,11.0,48.0,nflverse,2026-09-11T10:54:50.615246+00:00,H,2021-01-10T21:40:00+00:00
2020_18_CLE_PIT,nfl,NFL,2020,18,2021-01-10,PIT,CLE,37.0,48.0,1.4184100418410042,3.1,,5.0,47.5,nflverse,2026-09-11T10:54:50.615246+00:00,A,2021-01-11T01:15:00+00:00
2020_19_BAL_BUF,nfl,NFL,2020,19,2021-01-16,BUF,BAL,17.0,3.0,1.72992700729927,2.24,,2.5,50.0,nflverse,2026-09-11T10:54:50.615246+00:00,H,2021-01-17T01:15:00+00:00
2020_19_LA_GB,nfl,NFL,2020,19,2021-01-16,GB,LA,32.0,18.0,1.2849002849002849,3.96,,7.0,45.0,nflverse,2026-09-11T10:54:50.615246+00:00,H,2021-01-16T21:35:00+00:00
2020_19_CLE_KC,nfl,NFL,2020,19,2021-01-17,KC,CLE,22.0,17.0,1.2659574468085106,4.16,,7.5,55.5,nflverse,2026-09-11T10:54:50.615246+00:00,H,2021-01-17T20:05:00+00:00
2020_19_TB_NO,nfl,NFL,2020,19,2021-01-17,NO,TB,20.0,30.0,1.7518796992481203,2.2,,2.5,53.0,nflverse,2026-09-11T10:54:50.615246+00:00,A,2021-01-17T23:40:00+00:00
2020_20_BUF_KC,nfl,NFL,2020,20,2021-01-24,KC,BUF,38.0,24.0,1.6329113924050633,2.42,,3.0,54.5,nflverse,2026-09-11T10:54:50.615246+00:00,H,2021-01-24T23:40:00+00:00
2020_20_TB_GB,nfl,NFL,2020,20,2021-01-24,GB,TB,26.0,31.0,1.5681818181818183,2.5700000000000003,,3.0,53.0,nflverse,2026-09-11T10:54:50.615246+00:00,A,2021-01-24T20:05:00+00:00
2020_21_KC_TB,nfl,NFL,2020,21,2021-02-07,TB,KC,31.0,9.0,2.45,1.62111801242236,,-3.0,55.0,nflverse,2026-09-11T10:54:50.615246+00:00,H,2021-02-07T23:30:00+00:00
2021_01_DAL_TB,nfl,NFL,2021,1,2021-09-09,TB,DAL,31.0,29.0,1.2352941176470589,4.51,,10.0,52.5,nflverse,2026-09-11T10:54:50.615246+00:00,H,2021-09-10T00:20:00+00:00
2021_01_ARI_TEN,nfl,NFL,2021,1,2021-09-12,TEN,ARI,13.0,38.0,1.6849315068493151,2.31,,2.5,54.0,nflverse,2026-09-11T10:54:50.615246+00:00,A,2021-09-12T17:00:00+00:00
2021_01_CHI_LA,nfl,NFL,2021,1,2021-09-12,LA,CHI,34.0,14.0,1.2583979328165373,4.24,,9.5,46.0,nflverse,2026-09-11T10:54:50.615246+00:00,H,2021-09-13T00:20:00+00:00
2021_01_CLE_KC,nfl,NFL,2021,1,2021-09-12,KC,CLE,33.0,29.0,1.4149377593360997,3.11,,5.5,54.5,nflverse,2026-09-11T10:54:50.615246+00:00,H,2021-09-12T20:25:00+00:00
2021_01_DEN_NYG,nfl,NFL,2021,1,2021-09-12,NYG,DEN,13.0,27.0,2.25,1.7194244604316546,,-3.0,41.5,nflverse,2026-09-11T10:54:50.615246+00:00,A,2021-09-12T20:25:00+00:00
2021_01_GB_NO,nfl,NFL,2021,1,2021-09-12,NO,GB,38.0,3.0,2.62,1.5524861878453038,,-4.0,49.0,nflverse,2026-09-11T10:54:50.615246+00:00,H,2021-09-12T20:25:00+00:00
2021_01_JAX_HOU,nfl,NFL,2021,1,2021-09-12,HOU,JAX,37.0,21.0,2.54,1.5813953488372094,,-3.5,45.5,nflverse,2026-09-11T10:54:50.615246+00:00,H,2021-09-12T17:00:00+00:00
2021_01_LAC_WAS,nfl,NFL,2021,1,2021-09-12,WAS,LAC,16.0,20.0,1.7751937984496124,2.17,,2.5,45.5,nflverse,2026-09-11T10:54:50.615246+00:00,A,2021-09-12T17:00:00+00:00
2021_01_MIA_NE,nfl,NFL,2021,1,2021-09-12,NE,MIA,16.0,17.0,1.5780346820809248,2.55,,3.5,43.5,nflverse,2026-09-11T10:54:50.615246+00:00,A,2021-09-12T20:25:00+00:00
2021_01_MIN_CIN,nfl,NFL,2021,1,2021-09-12,CIN,MIN,27.0,24.0,2.2199999999999998,1.7407407407407407,,-3.0,47.0,nflverse,2026-09-11T10:54:50.615246+00:00,H,2021-09-12T17:00:00+00:00
2021_01_NYJ_CAR,nfl,NFL,2021,1,2021-09-12,CAR,NYJ,19.0,14.0,1.5434782608695652,2.6399999999999997,,3.5,44.5,nflverse,2026-09-11T10:54:50.615246+00:00,H,2021-09-12T17:00:00+00:00
2021_01_PHI_ATL,nfl,NFL,2021,1,2021-09-12,ATL,PHI,6.0,32.0,1.5555555555555556,2.6100000000000003,,3.5,49.0,nflverse,2026-09-11T10:54:50.615246+00:00,A,2021-09-12T17:00:00+00:00
2021_01_PIT_BUF,nfl,NFL,2021,1,2021-09-12,BUF,PIT,16.0,23.0,1.3745318352059925,3.32,,6.5,48.0,nflverse,2026-09-11T10:54:50.615246+00:00,A,2021-09-12T17:00:00+00:00
2021_01_SEA_IND,nfl,NFL,2021,1,2021-09-12,IND,SEA,16.0,28.0,2.3200000000000003,1.6849315068493151,,-3.0,49.0,nflverse,2026-09-11T10:54:50.615246+00:00,A,2021-09-12T17:00:00+00:00
2021_01_SF_DET,nfl,NFL,2021,1,2021-09-12,DET,SF,33.0,41.0,4.4399999999999995,1.2409638554216866,,-9.5,46.0,nflverse,2026-09-11T10:54:50.615246+00:00,A,2021-09-12T17:00:00+00:00
2021_01_BAL_LV,nfl,NFL,2021,1,2021-09-13,LV,BAL,33.0,27.0,2.49,1.5988023952095807,,-3.0,50.5,nflverse,2026-09-11T10:54:50.615246+00:00,H,2021-09-14T00:15:00+00:00
2021_02_NYG_WAS,nfl,NFL,2021,2,2021-09-16,WAS,NYG,30.0,29.0,1.5050505050505052,2.76,,4.0,42.0,nflverse,2026-09-11T10:54:50.615246+00:00,H,2021-09-17T00:20:00+00:00
2021_02_ATL_TB,nfl,NFL,2021,2,2021-09-19,TB,ATL,48.0,25.0,1.1295336787564767,6.82,,13.5,52.0,nflverse,2026-09-11T10:54:50.615246+00:00,H,2021-09-19T20:05:00+00:00
2021_02_BUF_MIA,nfl,NFL,2021,2,2021-09-19,MIA,BUF,0.0,35.0,2.6,1.558659217877095,,-3.5,48.0,nflverse,2026-09-11T10:54:50.615246+00:00,A,2021-09-19T17:00:00+00:00
2021_02_CIN_CHI,nfl,NFL,2021,2,2021-09-19,CHI,CIN,20.0,17.0,1.7936507936507935,2.1399999999999997,,2.0,44.5,nflverse,2026-09-11T10:54:50.615246+00:00,H,2021-09-19T17:00:00+00:00
2021_02_DAL_LAC,nfl,NFL,2021,2,2021-09-19,LAC,DAL,17.0,20.0,1.6666666666666665,2.35,,3.0,55.0,nflverse,2026-09-11T10:54:50.615246+00:00,A,2021-09-19T20:25:00+00:00
2021_02_DEN_JAX,nfl,NFL,2021,2,2021-09-19,JAX,DEN,13.0,23.0,3.11,1.4149377593360997,,-6.0,45.0,nflverse,2026-09-11T10:54:50.615246+00:00,A,2021-09-19T17:00:00+00:00
2021_02_HOU_CLE,nfl,NFL,2021,2,2021-09-19,CLE,HOU,31.0,21.0,1.1481481481481481,6.21,,13.5,48.5,nflverse,2026-09-11T10:54:50.615246+00:00,H,2021-09-19T17:00:00+00:00
2021_02_KC_BAL,nfl,NFL,2021,2,2021-09-19,BAL,KC,36.0,35.0,2.5300000000000002,1.5847953216374269,,-3.5,53.5,nflverse,2026-09-11T10:54:50.615246+00:00,H,2021-09-20T00:20:00+00:00
2021_02_LA_IND,nfl,NFL,2021,2,2021-09-19,IND,LA,24.0,27.0,2.8200000000000003,1.4878048780487805,,-4.0,48.0,nflverse,2026-09-11T10:54:50.615246+00:00,A,2021-09-19T17:00:00+00:00
2021_02_LV_PIT,nfl,NFL,2021,2,2021-09-19,PIT,LV,17.0,26.0,1.4385964912280702,3.01,,5.5,46.5,nflverse,2026-09-11T10:54:50.615246+00:00,A,2021-09-19T17:00:00+00:00
2021_02_MIN_ARI,nfl,NFL,2021,2,2021-09-19,ARI,MIN,34.0,33.0,1.5235602094240837,2.7,,4.0,51.0,nflverse,2026-09-11T10:54:50.615246+00:00,H,2021-09-19T20:05:00+00:00
2021_02_NE_NYJ,nfl,NFL,2021,2,2021-09-19,NYJ,NE,6.0,25.0,3.07,1.425531914893617,,-5.5,43.0,nflverse,2026-09-11T10:54:50.615246+00:00,A,2021-09-19T17:00:00+00:00
2021_02_NO_CAR,nfl,NFL,2021,2,2021-09-19,CAR,NO,26.0,7.0,2.31,1.6896551724137931,,-3.0,45.0,nflverse,2026-09-11T10:54:50.615246+00:00,H,2021-09-19T17:00:00+00:00
2021_02_SF_PHI,nfl,NFL,2021,2,2021-09-19,PHI,SF,11.0,17.0,2.3,1.6944444444444444,,-3.0,49.0,nflverse,2026-09-11T10:54:50.615246+00:00,A,2021-09-19T17:00:00+00:00
2021_02_TEN_SEA,nfl,NFL,2021,2,2021-09-19,SEA,TEN,30.0,33.0,1.3496503496503496,3.47,,6.5,53.5,nflverse,2026-09-11T10:54:50.615246+00:00,A,2021-09-19T20:25:00+00:00
2021_02_DET_GB,nfl,NFL,2021,2,2021-09-20,GB,DET,35.0,17.0,1.2024291497975708,5.0,,11.5,49.5,nflverse,2026-09-11T10:54:50.615246+00:00,H,2021-09-21T00:15:00+00:00
2021_03_CAR_HOU,nfl,NFL,2021,3,2021-09-23,HOU,CAR,9.0,24.0,4.48,1.2380952380952381,,-8.0,43.0,nflverse,2026-09-11T10:54:50.615246+00:00,A,2021-09-24T00:20:00+00:00
2021_03_ARI_JAX,nfl,NFL,2021,3,2021-09-26,JAX,ARI,19.0,31.0,4.04,1.2777777777777777,,-8.0,51.5,nflverse,2026-09-11T10:54:50.615246+00:00,A,2021-09-26T17:00:00+00:00
2021_03_ATL_NYG,nfl,NFL,2021,3,2021-09-26,NYG,ATL,14.0,17.0,1.6993006993006992,2.29,,3.0,48.0,nflverse,2026-09-11T10:54:50.615246+00:00,A,2021-09-26T17:00:00+00:00
2021_03_BAL_DET,nfl,NFL,2021,3,2021-09-26,DET,BAL,17.0,19.0,3.92,1.2906976744186047,,-7.5,51.0,nflverse,2026-09-11T10:54:50.615246+00:00,A,2021-09-26T17:00:00+00:00
2021_03_CHI_CLE,nfl,NFL,2021,3,2021-09-26,CLE,CHI,26.0,6.0,1.2666666666666666,4.15,,7.5,45.0,nflverse,2026-09-11T10:54:50.615246+00:00,H,2021-09-26T17:00:00+00:00
2021_03_CIN_PIT,nfl,NFL,2021,3,2021-09-26,PIT,CIN,10.0,24.0,1.7142857142857144,2.26,,2.5,42.5,nflverse,2026-09-11T10:54:50.615246+00:00,A,2021-09-26T17:00:00+00:00
2021_03_GB_SF,nfl,NFL,2021,3,2021-09-26,SF,GB,28.0,30.0,1.558659217877095,2.6,,3.5,50.5,nflverse,2026-09-11T10:54:50.615246+00:00,A,2021-09-27T00:20:00+00:00
2021_03_IND_TEN,nfl,NFL,2021,3,2021-09-26,TEN,IND,25.0,16.0,1.510204081632653,2.75,,4.5,47.0,nflverse,2026-09-11T10:54:50.615246+00:00,H,2021-09-26T17:00:00+00:00
2021_03_LAC_KC,nfl,NFL,2021,3,2021-09-26,KC,LAC,24.0,30.0,1.3663003663003663,3.37,,6.5,55.0,nflverse,2026-09-11T10:54:50.615246+00:00,A,2021-09-26T17:00:00+00:00
2021_03_MIA_LV,nfl,NFL,2021,3,2021-09-26,LV,MIA,31.0,28.0,1.5154639175257731,2.73,,4.0,45.0,nflverse,2026-09-11T10:54:50.615246+00:00,H,2021-09-26T20:05:00+00:00
2021_03_NO_NE,nfl,NFL,2021,3,2021-09-26,NE,NO,13.0,28.0,1.6944444444444444,2.3,,3.0,44.0,nflverse,2026-09-11T10:54:50.615246+00:00,A,2021-09-26T17:00:00+00:00
2021_03_NYJ_DEN,nfl,NFL,2021,3,2021-09-26,DEN,NYJ,26.0,0.0,1.16750418760469,5.7,,10.5,42.0,nflverse,2026-09-11T10:54:50.615246+00:00,H,2021-09-26T20:05:00+00:00
2021_03_SEA_MIN,nfl,NFL,2021,3,2021-09-26,MIN,SEA,30.0,17.0,2.09,1.8333333333333335,,-2.0,53.5,nflverse,2026-09-11T10:54:50.615246+00:00,H,2021-09-26T20:25:00+00:00
2021_03_TB_LA,nfl,NFL,2021,3,2021-09-26,LA,TB,34.0,24.0,1.9615384615384617,1.9433962264150944,,-1.0,55.0,nflverse,2026-09-11T10:54:50.615246+00:00,H,2021-09-26T20:25:00+00:00
2021_03_WAS_BUF,nfl,NFL,2021,3,2021-09-26,BUF,WAS,43.0,21.0,1.303030303030303,3.81,,7.5,45.5,nflverse,2026-09-11T10:54:50.615246+00:00,H,2021-09-26T17:00:00+00:00
2021_03_PHI_DAL,nfl,NFL,2021,3,2021-09-27,DAL,PHI,41.0,21.0,1.529100529100529,2.6799999999999997,,3.5,51.5,nflverse,2026-09-11T10:54:50.615246+00:00,H,2021-09-28T00:15:00+00:00
2021_04_JAX_CIN,nfl,NFL,2021,4,2021-09-30,CIN,JAX,24.0,21.0,1.2680965147453083,4.13,,7.5,46.0,nflverse,2026-09-11T10:54:50.615246+00:00,H,2021-10-01T00:20:00+00:00
2021_04_ARI_LA,nfl,NFL,2021,4,2021-10-03,LA,ARI,20.0,37.0,1.5,2.7800000000000002,,3.5,53.5,nflverse,2026-09-11T10:54:50.615246+00:00,A,2021-10-03T20:05:00+00:00
2021_04_BAL_DEN,nfl,NFL,2021,4,2021-10-03,DEN,BAL,7.0,23.0,1.847457627118644,2.0700000000000003,,1.0,44.0,nflverse,2026-09-11T10:54:50.615246+00:00,A,2021-10-03T20:25:00+00:00
2021_04_CAR_DAL,nfl,NFL,2021,4,2021-10-03,DAL,CAR,36.0,28.0,1.4761904761904763,2.8600000000000003,,4.5,51.5,nflverse,2026-09-11T10:54:50.615246+00:00,H,2021-10-03T17:00:00+00:00
2021_04_CLE_MIN,nfl,NFL,2021,4,2021-10-03,MIN,CLE,7.0,14.0,1.9433962264150944,1.9523809523809523,,-1.0,52.0,nflverse,2026-09-11T10:54:50.615246+00:00,A,2021-10-03T17:00:00+00:00
2021_04_DET_CHI,nfl,NFL,2021,4,2021-10-03,CHI,DET,24.0,14.0,1.6756756756756757,2.34,,3.0,42.0,nflverse,2026-09-11T10:54:50.615246+00:00,H,2021-10-03T17:00:00+00:00
2021_04_HOU_BUF,nfl,NFL,2021,4,2021-10-03,BUF,HOU,40.0,0.0,1.0666666666666667,10.88,,19.0,47.5,nflverse,2026-09-11T10:54:50.615246+00:00,H,2021-10-03T17:00:00+00:00
2021_04_IND_MIA,nfl,NFL,2021,4,2021-10-03,MIA,IND,17.0,27.0,1.6944444444444444,2.3,,2.5,41.5,nflverse,2026-09-11T10:54:50.615246+00:00,A,2021-10-03T17:00:00+00:00
2021_04_KC_PHI,nfl,NFL,2021,4,2021-10-03,PHI,KC,30.0,42.0,3.96,1.2865329512893982,,-7.5,53.5,nflverse,2026-09-11T10:54:50.615246+00:00,A,2021-10-03T17:00:00+00:00
2021_04_NYG_NO,nfl,NFL,2021,4,2021-10-03,NO,NYG,21.0,27.0,1.2967359050445104,3.86,,7.5,43.0,nflverse,2026-09-11T10:54:50.615246+00:00,A,2021-10-03T17:00:00+00:00
2021_04_PIT_GB,nfl,NFL,2021,4,2021-10-03,GB,PIT,27.0,17.0,1.3623188405797102,3.39,,6.5,45.0,nflverse,2026-09-11T10:54:50.615246+00:00,H,2021-10-03T20:25:00+00:00
2021_04_SEA_SF,nfl,NFL,2021,4,2021-10-03,SF,SEA,21.0,28.0,1.7518796992481203,2.2,,2.5,52.0,nflverse,2026-09-11T10:54:50.615246+00:00,A,2021-10-03T20:05:00+00:00
2021_04_TB_NE,nfl,NFL,2021,4,2021-10-03,NE,TB,17.0,19.0,3.23,1.392156862745098,,-6.0,49.5,nflverse,2026-09-11T10:54:50.615246+00:00,A,2021-10-04T00:20:00+00:00
2021_04_TEN_NYJ,nfl,NFL,2021,4,2021-10-03,NYJ,TEN,27.0,24.0,3.06,1.4273504273504274,,-5.5,44.5,nflverse,2026-09-11T10:54:50.615246+00:00,H,2021-10-03T17:00:00+00:00
2021_04_WAS_ATL,nfl,NFL,2021,4,2021-10-03,ATL,WAS,30.0,34.0,2.06,1.8547008547008548,,-1.0,47.5,nflverse,2026-09-11T10:54:50.615246+00:00,A,2021-10-03T17:00:00+00:00
2021_04_LV_LAC,nfl,NFL,2021,4,2021-10-04,LAC,LV,28.0,14.0,1.62111801242236,2.44,,3.0,52.0,nflverse,2026-09-11T10:54:50.615246+00:00,H,2021-10-05T00:15:00+00:00
2021_05_LA_SEA,nfl,NFL,2021,5,2021-10-07,SEA,LA,17.0,26.0,2.2199999999999998,1.7407407407407407,,-2.5,53.5,nflverse,2026-09-11T10:54:50.615246+00:00,A,2021-10-08T00:20:00+00:00
2021_05_BUF_KC,nfl,NFL,2021,5,2021-10-10,KC,BUF,20.0,38.0,1.7462686567164178,2.21,,2.5,57.0,nflverse,2026-09-11T10:54:50.615246+00:00,A,2021-10-11T00:20:00+00:00
2021_05_CHI_LV,nfl,NFL,2021,5,2021-10-10,LV,CHI,9.0,20.0,1.4081632653061225,3.15,,5.5,46.0,nflverse,2026-09-11T10:54:50.615246+00:00,A,2021-10-10T20:05:00+00:00
2021_05_CLE_LAC,nfl,NFL,2021,5,2021-10-10,LAC,CLE,47.0,42.0,1.7751937984496124,2.17,,2.5,46.5,nflverse,2026-09-11T10:54:50.615246+00:00,H,2021-10-10T20:05:00+00:00
2021_05_DEN_PIT,nfl,NFL,2021,5,2021-10-10,PIT,DEN,27.0,19.0,2.13,1.8064516129032258,,-2.0,40.0,nflverse,2026-09-11T10:54:50.615246+00:00,H,2021-10-10T17:00:00+00:00
2021_05_DET_MIN,nfl,NFL,2021,5,2021-10-10,MIN,DET,19.0,17.0,1.2392344497607655,4.46,,10.0,49.5,nflverse,2026-09-11T10:54:50.615246+00:00,H,2021-10-10T17:00:00+00:00
2021_05_GB_CIN,nfl,NFL,2021,5,2021-10-10,CIN,GB,22.0,25.0,2.1100000000000003,1.8130081300813008,,-2.0,50.0,nflverse,2026-09-11T10:54:50.615246+00:00,A,2021-10-10T17:00:00+00:00
2021_05_MIA_TB,nfl,NFL,2021,5,2021-10-10,TB,MIA,45.0,17.0,1.177304964539007,5.48,,11.0,48.0,nflverse,2026-09-11T10:54:50.615246+00:00,H,2021-10-10T17:00:00+00:00
2021_05_NE_HOU,nfl,NFL,2021,5,2021-10-10,HOU,NE,22.0,25.0,3.88,1.294985250737463,,-8.0,39.5,nflverse,2026-09-11T10:54:50.615246+00:00,A,2021-10-10T17:00:00+00:00
2021_05_NO_WAS,nfl,NFL,2021,5,2021-10-10,WAS,NO,22.0,33.0,2.17,1.7692307692307692,,-2.5,43.5,nflverse,2026-09-11T10:54:50.615246+00:00,A,2021-10-10T17:00:00+00:00
2021_05_NYG_DAL,nfl,NFL,2021,5,2021-10-10,DAL,NYG,44.0,20.0,1.2985074626865671,3.85,,7.5,53.0,nflverse,2026-09-11T10:54:50.615246+00:00,H,2021-10-10T20:25:00+00:00
2021_05_NYJ_ATL,nfl,NFL,2021,5,2021-10-10,ATL,NYJ,27.0,20.0,1.65359477124183,2.38,,3.0,45.5,nflverse,2026-09-11T10:54:50.615246+00:00,H,2021-10-10T13:30:00+00:00
2021_05_PHI_CAR,nfl,NFL,2021,5,2021-10-10,CAR,PHI,18.0,21.0,1.7194244604316546,2.26,,2.5,46.0,nflverse,2026-09-11T10:54:50.615246+00:00,A,2021-10-10T17:00:00+00:00
2021_05_SF_ARI,nfl,NFL,2021,5,2021-10-10,ARI,SF,17.0,10.0,1.3759398496240602,3.31,,6.0,48.5,nflverse,2026-09-11T10:54:50.615246+00:00,H,2021-10-10T20:25:00+00:00
2021_05_TEN_JAX,nfl,NFL,2021,5,2021-10-10,JAX,TEN,19.0,37.0,2.7,1.5235602094240837,,-4.0,49.0,nflverse,2026-09-11T10:54:50.615246+00:00,A,2021-10-10T17:00:00+00:00
2021_05_IND_BAL,nfl,NFL,2021,5,2021-10-11,BAL,IND,31.0,25.0,1.2808988764044944,4.01,,7.5,46.5,nflverse,2026-09-11T10:54:50.615246+00:00,H,2021-10-12T00:15:00+00:00
2021_06_TB_PHI,nfl,NFL,2021,6,2021-10-14,PHI,TB,22.0,28.0,3.38,1.364963503649635,,-7.0,53.0,nflverse,2026-09-11T10:54:50.615246+00:00,A,2021-10-15T00:20:00+00:00
2021_06_ARI_CLE,nfl,NFL,2021,6,2021-10-17,CLE,ARI,14.0,37.0,1.6993006993006992,2.29,,3.0,48.0,nflverse,2026-09-11T10:54:50.615246+00:00,A,2021-10-17T20:05:00+00:00
2021_06_CIN_DET,nfl,NFL,2021,6,2021-10-17,DET,CIN,11.0,34.0,2.71,1.5208333333333335,,-3.5,46.5,nflverse,2026-09-11T10:54:50.615246+00:00,A,2021-10-17T17:00:00+00:00
2021_06_DAL_NE,nfl,NFL,2021,6,2021-10-17,NE,DAL,29.0,35.0,2.69,1.529100529100529,,-3.5,50.5,nflverse,2026-09-11T10:54:50.615246+00:00,A,2021-10-17T20:25:00+00:00
2021_06_GB_CHI,nfl,NFL,2021,6,2021-10-17,CHI,GB,14.0,24.0,3.01,1.4385964912280702,,-5.5,44.0,nflverse,2026-09-11T10:54:50.615246+00:00,A,2021-10-17T17:00:00+00:00
2021_06_HOU_IND,nfl,NFL,2021,6,2021-10-17,IND,HOU,31.0,3.0,1.2262443438914028,4.63,,10.5,43.5,nflverse,2026-09-11T10:54:50.615246+00:00,H,2021-10-17T17:00:00+00:00
2021_06_KC_WAS,nfl,NFL,2021,6,2021-10-17,WAS,KC,13.0,31.0,3.23,1.392156862745098,,-6.0,54.0,nflverse,2026-09-11T10:54:50.615246+00:00,A,2021-10-17T17:00:00+00:00
2021_06_LAC_BAL,nfl,NFL,2021,6,2021-10-17,BAL,LAC,34.0,6.0,1.6024096385542168,2.49,,3.0,50.5,nflverse,2026-09-11T10:54:50.615246+00:00,H,2021-10-17T17:00:00+00:00
2021_06_LA_NYG,nfl,NFL,2021,6,2021-10-17,NYG,LA,11.0,38.0,3.8,1.3048780487804879,,-7.5,49.5,nflverse,2026-09-11T10:54:50.615246+00:00,A,2021-10-17T17:00:00+00:00
2021_06_LV_DEN,nfl,NFL,2021,6,2021-10-17,DEN,LV,24.0,34.0,1.4878048780487805,2.8200000000000003,,5.0,45.5,nflverse,2026-09-11T10:54:50.615246+00:00,A,2021-10-17T20:25:00+00:00
2021_06_MIA_JAX,nfl,NFL,2021,6,2021-10-17,JAX,MIA,23.0,20.0,2.1,1.819672131147541,,-2.5,47.5,nflverse,2026-09-11T10:54:50.615246+00:00,H,2021-10-17T13:30:00+00:00
2021_06_MIN_CAR,nfl,NFL,2021,6,2021-10-17,CAR,MIN,28.0,34.0,2.21,1.7462686567164178,,-2.5,45.5,nflverse,2026-09-11T10:54:50.615246+00:00,A,2021-10-17T17:00:00+00:00
2021_06_SEA_PIT,nfl,NFL,2021,6,2021-10-17,PIT,SEA,23.0,20.0,1.4694835680751175,2.8899999999999997,,5.5,43.0,nflverse,2026-09-11T10:54:50.615246+00:00,H,2021-10-18T00:20:00+00:00
2021_06_BUF_TEN,nfl,NFL,2021,6,2021-10-18,TEN,BUF,34.0,31.0,3.1,1.4184100418410042,,-6.0,53.5,nflverse,2026-09-11T10:54:50.615246+00:00,H,2021-10-19T00:15:00+00:00
2021_07_DEN_CLE,nfl,NFL,2021,7,2021-10-21,CLE,DEN,17.0,14.0,1.8264462809917354,2.1,,2.0,40.5,nflverse,2026-09-11T10:54:50.615246+00:00,H,2021-10-22T00:20:00+00:00
2021_07_ATL_MIA,nfl,NFL,2021,7,2021-10-24,MIA,ATL,28.0,30.0,2.17,1.7751937984496124,,-1.5,48.5,nflverse,2026-09-11T10:54:50.615246+00:00,A,2021-10-24T17:00:00+00:00
2021_07_CAR_NYG,nfl,NFL,2021,7,2021-10-24,NYG,CAR,25.0,3.0,2.3899999999999997,1.6493506493506493,,-3.0,42.5,nflverse,2026-09-11T10:54:50.615246+00:00,H,2021-10-24T17:00:00+00:00
2021_07_CHI_TB,nfl,NFL,2021,7,2021-10-24,TB,CHI,38.0,3.0,1.15527950310559,6.01,,12.5,47.0,nflverse,2026-09-11T10:54:50.615246+00:00,H,2021-10-24T20:25:00+00:00
2021_07_CIN_BAL,nfl,NFL,2021,7,2021-10-24,BAL,CIN,17.0,41.0,1.3676470588235294,3.36,,6.5,45.5,nflverse,2026-09-11T10:54:50.615246+00:00,A,2021-10-24T17:00:00+00:00
2021_07_DET_LA,nfl,NFL,2021,7,2021-10-24,LA,DET,28.0,19.0,1.0796178343949046,9.6,,17.0,51.0,nflverse,2026-09-11T10:54:50.615246+00:00,H,2021-10-24T20:05:00+00:00
2021_07_HOU_ARI,nfl,NFL,2021,7,2021-10-24,ARI,HOU,31.0,5.0,1.0566251415628538,12.19,,20.5,47.0,nflverse,2026-09-11T10:54:50.615246+00:00,H,2021-10-24T20:25:00+00:00
2021_07_IND_SF,nfl,NFL,2021,7,2021-10-24,SF,IND,18.0,30.0,1.5917159763313609,2.52,,3.5,41.5,nflverse,2026-09-11T10:54:50.615246+00:00,A,2021-10-25T00:20:00+00:00
2021_07_KC_TEN,nfl,NFL,2021,7,2021-10-24,TEN,KC,27.0,3.0,2.85,1.4784688995215312,,-4.0,57.5,nflverse,2026-09-11T10:54:50.615246+00:00,H,2021-10-24T17:00:00+00:00
2021_07_NYJ_NE,nfl,NFL,2021,7,2021-10-24,NE,NYJ,54.0,13.0,1.33003300330033,3.61,,7.0,43.0,nflverse,2026-09-11T10:54:50.615246+00:00,H,2021-10-24T17:00:00+00:00
2021_07_PHI_LV,nfl,NFL,2021,7,2021-10-24,LV,PHI,33.0,22.0,1.925925925925926,1.9803921568627452,,1.0,48.0,nflverse,2026-09-11T10:54:50.615246+00:00,H,2021-10-24T20:05:00+00:00
2021_07_WAS_GB,nfl,NFL,2021,7,2021-10-24,GB,WAS,24.0,10.0,1.251889168765743,4.3100000000000005,,8.5,48.0,nflverse,2026-09-11T10:54:50.615246+00:00,H,2021-10-24T17:00:00+00:00
2021_07_NO_SEA,nfl,NFL,2021,7,2021-10-25,SEA,NO,10.0,13.0,3.08,1.4219409282700421,,-6.0,42.0,nflverse,2026-09-11T10:54:50.615246+00:00,A,2021-10-26T00:15:00+00:00
2021_08_GB_ARI,nfl,NFL,2021,8,2021-10-28,ARI,GB,21.0,24.0,1.3584229390681004,3.42,,6.5,51.0,nflverse,2026-09-11T10:54:50.615246+00:00,A,2021-10-29T00:20:00+00:00
2021_08_CAR_ATL,nfl,NFL,2021,8,2021-10-31,ATL,CAR,13.0,19.0,1.7751937984496124,2.17,,2.5,47.0,nflverse,2026-09-11T10:54:50.615246+00:00,A,2021-10-31T17:00:00+00:00
2021_08_CIN_NYJ,nfl,NFL,2021,8,2021-10-31,NYJ,CIN,34.0,31.0,5.11,1.196078431372549,,-11.5,43.5,nflverse,2026-09-11T10:54:50.615246+00:00,H,2021-10-31T17:00:00+00:00
2021_08_DAL_MIN,nfl,NFL,2021,8,2021-10-31,MIN,DAL,16.0,20.0,1.45662100456621,2.9299999999999997,,4.5,49.5,nflverse,2026-09-11T10:54:50.615246+00:00,A,2021-11-01T00:20:00+00:00
2021_08_JAX_SEA,nfl,NFL,2021,8,2021-10-31,SEA,JAX,31.0,7.0,1.5208333333333335,2.71,,4.0,44.0,nflverse,2026-09-11T10:54:50.615246+00:00,H,2021-10-31T20:05:00+00:00
2021_08_LA_HOU,nfl,NFL,2021,8,2021-10-31,HOU,LA,22.0,38.0,8.24,1.099009900990099,,-17.0,47.0,nflverse,2026-09-11T10:54:50.615246+00:00,A,2021-10-31T17:00:00+00:00
2021_08_MIA_BUF,nfl,NFL,2021,8,2021-10-31,BUF,MIA,26.0,11.0,1.1017293997965412,8.09,,15.0,48.5,nflverse,2026-09-11T10:54:50.615246+00:00,H,2021-10-31T17:00:00+00:00
2021_08_NE_LAC,nfl,NFL,2021,8,2021-10-31,LAC,NE,24.0,27.0,1.5464480874316942,2.63,,3.5,50.5,nflverse,2026-09-11T10:54:50.615246+00:00,A,2021-10-31T20:05:00+00:00
2021_08_PHI_DET,nfl,NFL,2021,8,2021-10-31,DET,PHI,6.0,44.0,2.51,1.5952380952380953,,-3.0,48.5,nflverse,2026-09-11T10:54:50.615246+00:00,A,2021-10-31T17:00:00+00:00
2021_08_PIT_CLE,nfl,NFL,2021,8,2021-10-31,CLE,PIT,10.0,15.0,1.4504504504504505,2.96,,5.5,43.0,nflverse,2026-09-11T10:54:50.615246+00:00,A,2021-10-31T17:00:00+00:00
2021_08_SF_CHI,nfl,NFL,2021,8,2021-10-31,CHI,SF,22.0,33.0,2.8600000000000003,1.4761904761904763,,-4.5,40.0,nflverse,2026-09-11T10:54:50.615246+00:00,A,2021-10-31T17:00:00+00:00
2021_08_TB_NO,nfl,NFL,2021,8,2021-10-31,NO,TB,36.0,27.0,2.6799999999999997,1.5319148936170213,,-4.0,48.5,nflverse,2026-09-11T10:54:50.615246+00:00,H,2021-10-31T20:25:00+00:00
2021_08_TEN_IND,nfl,NFL,2021,8,2021-10-31,IND,TEN,31.0,34.0,1.625,2.44,,3.0,51.0,nflverse,2026-09-11T10:54:50.615246+00:00,A,2021-10-31T17:00:00+00:00
2021_08_WAS_DEN,nfl,NFL,2021,8,2021-10-31,DEN,WAS,17.0,10.0,1.5235602094240837,2.7,,4.0,45.0,nflverse,2026-09-11T10:54:50.615246+00:00,H,2021-10-31T20:25:00+00:00
2021_08_NYG_KC,nfl,NFL,2021,8,2021-11-01,KC,NYG,20.0,17.0,1.1886792452830188,5.25,,10.5,53.0,nflverse,2026-09-11T10:54:50.615246+00:00,H,2021-11-02T00:15:00+00:00
2021_09_NYJ_IND,nfl,NFL,2021,9,2021-11-04,IND,NYJ,45.0,30.0,1.1964636542239686,5.1,,10.5,46.0,nflverse,2026-09-11T10:54:50.615246+00:00,H,2021-11-05T00:20:00+00:00
2021_09_ARI_SF,nfl,NFL,2021,9,2021-11-07,SF,ARI,17.0,31.0,1.425531914893617,3.07,,5.5,44.5,nflverse,2026-09-11T10:54:50.615246+00:00,A,2021-11-07T21:25:00+00:00
2021_09_ATL_NO,nfl,NFL,2021,9,2021-11-07,NO,ATL,25.0,27.0,1.3610108303249098,3.4,,7.0,43.0,nflverse,2026-09-11T10:54:50.615246+00:00,A,2021-11-07T18:00:00+00:00
2021_09_BUF_JAX,nfl,NFL,2021,9,2021-11-07,JAX,BUF,9.0,6.0,8.76,1.0908265213442325,,-14.5,48.0,nflverse,2026-09-11T10:54:50.615246+00:00,H,2021-11-07T18:00:00+00:00
2021_09_CLE_CIN,nfl,NFL,2021,9,2021-11-07,CIN,CLE,16.0,41.0,1.7751937984496124,2.17,,2.5,47.5,nflverse,2026-09-11T10:54:50.615246+00:00,A,2021-11-07T18:00:00+00:00
2021_09_DEN_DAL,nfl,NFL,2021,9,2021-11-07,DAL,DEN,16.0,30.0,1.2164502164502164,4.779999999999999,,10.5,50.0,nflverse,2026-09-11T10:54:50.615246+00:00,A,2021-11-07T18:00:00+00:00
2021_09_GB_KC,nfl,NFL,2021,9,2021-11-07,KC,GB,13.0,7.0,1.31055900621118,3.75,,7.0,48.0,nflverse,2026-09-11T10:54:50.615246+00:00,H,2021-11-07T21:25:00+00:00
2021_09_HOU_MIA,nfl,NFL,2021,9,2021-11-07,MIA,HOU,17.0,9.0,1.5405405405405406,2.66,,4.0,45.0,nflverse,2026-09-11T10:54:50.615246+00:00,H,2021-11-07T18:00:00+00:00
2021_09_LAC_PHI,nfl,NFL,2021,9,2021-11-07,PHI,LAC,24.0,27.0,1.9615384615384617,1.9433962264150944,,-1.0,49.5,nflverse,2026-09-11T10:54:50.615246+00:00,A,2021-11-07T21:05:00+00:00
2021_09_LV_NYG,nfl,NFL,2021,9,2021-11-07,NYG,LV,23.0,16.0,2.37,1.6578947368421053,,-3.0,47.0,nflverse,2026-09-11T10:54:50.615246+00:00,H,2021-11-07T18:00:00+00:00
2021_09_MIN_BAL,nfl,NFL,2021,9,2021-11-07,BAL,MIN,34.0,31.0,1.3278688524590163,3.62,,7.5,51.0,nflverse,2026-09-11T10:54:50.615246+00:00,H,2021-11-07T18:00:00+00:00
2021_09_NE_CAR,nfl,NFL,2021,9,2021-11-07,CAR,NE,6.0,24.0,2.5700000000000003,1.5681818181818183,,-3.5,41.5,nflverse,2026-09-11T10:54:50.615246+00:00,A,2021-11-07T18:00:00+00:00
2021_09_TEN_LA,nfl,NFL,2021,9,2021-11-07,LA,TEN,16.0,28.0,1.2857142857142856,3.96,,7.0,53.5,nflverse,2026-09-11T10:54:50.615246+00:00,A,2021-11-08T01:20:00+00:00
2021_09_CHI_PIT,nfl,NFL,2021,9,2021-11-08,PIT,CHI,29.0,27.0,1.326797385620915,3.63,,7.0,40.0,nflverse,2026-09-11T10:54:50.615246+00:00,H,2021-11-09T01:15:00+00:00
2021_10_BAL_MIA,nfl,NFL,2021,10,2021-11-11,MIA,BAL,22.0,10.0,4.26,1.2564102564102564,,-8.5,46.5,nflverse,2026-09-11T10:54:50.615246+00:00,H,2021-11-12T01:20:00+00:00
2021_10_ATL_DAL,nfl,NFL,2021,10,2021-11-14,DAL,ATL,43.0,3.0,1.2551020408163265,4.279999999999999,,8.0,55.0,nflverse,2026-09-11T10:54:50.615246+00:00,H,2021-11-14T18:00:00+00:00
2021_10_BUF_NYJ,nfl,NFL,2021,10,2021-11-14,NYJ,BUF,17.0,45.0,6.27,1.145985401459854,,-13.0,47.0,nflverse,2026-09-11T10:54:50.615246+00:00,A,2021-11-14T18:00:00+00:00
2021_10_CAR_ARI,nfl,NFL,2021,10,2021-11-14,ARI,CAR,10.0,34.0,1.303951367781155,3.8,,7.0,42.0,nflverse,2026-09-11T10:54:50.615246+00:00,A,2021-11-14T21:05:00+00:00
2021_10_CLE_NE,nfl,NFL,2021,10,2021-11-14,NE,CLE,45.0,7.0,1.7575757575757576,2.19,,2.5,45.5,nflverse,2026-09-11T10:54:50.615246+00:00,H,2021-11-14T18:00:00+00:00
2021_10_DET_PIT,nfl,NFL,2021,10,2021-11-14,PIT,DET,16.0,16.0,1.2785515320334262,4.029999999999999,,9.0,43.0,nflverse,2026-09-11T10:54:50.615246+00:00,D,2021-11-14T18:00:00+00:00
2021_10_JAX_IND,nfl,NFL,2021,10,2021-11-14,IND,JAX,23.0,17.0,1.230414746543779,4.58,,10.5,47.5,nflverse,2026-09-11T10:54:50.615246+00:00,H,2021-11-14T18:00:00+00:00
2021_10_KC_LV,nfl,NFL,2021,10,2021-11-14,LV,KC,14.0,41.0,2.33,1.6802721088435373,,-2.5,53.5,nflverse,2026-09-11T10:54:50.615246+00:00,A,2021-11-15T01:20:00+00:00
2021_10_MIN_LAC,nfl,NFL,2021,10,2021-11-14,LAC,MIN,20.0,27.0,1.558659217877095,2.6,,3.0,53.5,nflverse,2026-09-11T10:54:50.615246+00:00,A,2021-11-14T21:05:00+00:00
2021_10_NO_TEN,nfl,NFL,2021,10,2021-11-14,TEN,NO,23.0,21.0,1.6802721088435373,2.33,,3.0,44.0,nflverse,2026-09-11T10:54:50.615246+00:00,H,2021-11-14T18:00:00+00:00
2021_10_PHI_DEN,nfl,NFL,2021,10,2021-11-14,DEN,PHI,13.0,30.0,1.900900900900901,2.01,,1.0,44.5,nflverse,2026-09-11T10:54:50.615246+00:00,A,2021-11-14T21:25:00+00:00
2021_10_SEA_GB,nfl,NFL,2021,10,2021-11-14,GB,SEA,17.0,0.0,1.5952380952380953,2.51,,3.0,49.5,nflverse,2026-09-11T10:54:50.615246+00:00,H,2021-11-14T21:25:00+00:00
2021_10_TB_WAS,nfl,NFL,2021,10,2021-11-14,WAS,TB,29.0,19.0,4.59,1.2298850574712643,,-10.0,51.0,nflverse,2026-09-11T10:54:50.615246+00:00,H,2021-11-14T18:00:00+00:00
2021_10_LA_SF,nfl,NFL,2021,10,2021-11-15,SF,LA,31.0,10.0,2.58,1.5649717514124295,,-3.5,50.0,nflverse,2026-09-11T10:54:50.615246+00:00,H,2021-11-16T01:15:00+00:00
2021_11_NE_ATL,nfl,NFL,2021,11,2021-11-18,ATL,NE,0.0,25.0,3.8,1.303951367781155,,-7.0,47.5,nflverse,2026-09-11T10:54:50.615246+00:00,A,2021-11-19T01:20:00+00:00
2021_11_ARI_SEA,nfl,NFL,2021,11,2021-11-21,SEA,ARI,13.0,23.0,1.6666666666666665,2.35,,2.5,46.0,nflverse,2026-09-11T10:54:50.615246+00:00,A,2021-11-21T21:25:00+00:00
2021_11_BAL_CHI,nfl,NFL,2021,11,2021-11-21,CHI,BAL,13.0,16.0,2.99,1.4424778761061947,,-5.0,43.0,nflverse,2026-09-11T10:54:50.615246+00:00,A,2021-11-21T18:00:00+00:00
2021_11_CIN_LV,nfl,NFL,2021,11,2021-11-21,LV,CIN,13.0,32.0,2.12,1.8130081300813008,,-1.0,50.5,nflverse,2026-09-11T10:54:50.615246+00:00,A,2021-11-21T21:05:00+00:00
2021_11_DAL_KC,nfl,NFL,2021,11,2021-11-21,KC,DAL,19.0,9.0,1.7462686567164178,2.2199999999999998,,2.5,56.0,nflverse,2026-09-11T10:54:50.615246+00:00,H,2021-11-21T21:25:00+00:00
2021_11_DET_CLE,nfl,NFL,2021,11,2021-11-21,CLE,DET,13.0,10.0,1.1694915254237288,5.65,,13.0,42.5,nflverse,2026-09-11T10:54:50.615246+00:00,H,2021-11-21T18:00:00+00:00
2021_11_GB_MIN,nfl,NFL,2021,11,2021-11-21,MIN,GB,34.0,31.0,2.01,1.900900900900901,,-1.0,48.0,nflverse,2026-09-11T10:54:50.615246+00:00,H,2021-11-21T18:00:00+00:00
2021_11_HOU_TEN,nfl,NFL,2021,11,2021-11-21,TEN,HOU,13.0,22.0,1.2164502164502164,4.77,,10.5,44.5,nflverse,2026-09-11T10:54:50.615246+00:00,A,2021-11-21T18:00:00+00:00
2021_11_IND_BUF,nfl,NFL,2021,11,2021-11-21,BUF,IND,15.0,41.0,1.3125,3.74,,7.5,49.5,nflverse,2026-09-11T10:54:50.615246+00:00,A,2021-11-21T18:00:00+00:00
2021_11_MIA_NYJ,nfl,NFL,2021,11,2021-11-21,NYJ,MIA,17.0,24.0,2.62,1.5524861878453038,,-3.5,44.5,nflverse,2026-09-11T10:54:50.615246+00:00,A,2021-11-21T18:00:00+00:00
2021_11_NO_PHI,nfl,NFL,2021,11,2021-11-21,PHI,NO,40.0,29.0,1.6944444444444444,2.3,,2.5,42.5,nflverse,2026-09-11T10:54:50.615246+00:00,H,2021-11-21T18:00:00+00:00
2021_11_PIT_LAC,nfl,NFL,2021,11,2021-11-21,LAC,PIT,41.0,37.0,1.3984063745019921,3.2,,5.5,47.5,nflverse,2026-09-11T10:54:50.615246+00:00,H,2021-11-22T01:20:00+00:00
2021_11_SF_JAX,nfl,NFL,2021,11,2021-11-21,JAX,SF,10.0,30.0,3.43,1.3558718861209964,,-6.5,45.0,nflverse,2026-09-11T10:54:50.615246+00:00,A,2021-11-21T18:00:00+00:00
2021_11_WAS_CAR,nfl,NFL,2021,11,2021-11-21,CAR,WAS,21.0,27.0,1.5813953488372094,2.54,,3.5,43.0,nflverse,2026-09-11T10:54:50.615246+00:00,A,2021-11-21T18:00:00+00:00
2021_11_NYG_TB,nfl,NFL,2021,11,2021-11-22,TB,NYG,30.0,10.0,1.189753320683112,5.23,,11.5,49.5,nflverse,2026-09-11T10:54:50.615246+00:00,H,2021-11-23T01:15:00+00:00
2021_12_BUF_NO,nfl,NFL,2021,12,2021-11-25,NO,BUF,6.0,31.0,3.35,1.3703703703703702,,-7.0,45.0,nflverse,2026-09-11T10:54:50.615246+00:00,A,2021-11-26T01:20:00+00:00
2021_12_CHI_DET,nfl,NFL,2021,12,2021-11-25,DET,CHI,14.0,16.0,2.15,1.7751937984496124,,-2.0,41.5,nflverse,2026-09-11T10:54:50.615246+00:00,A,2021-11-25T17:30:00+00:00
2021_12_LV_DAL,nfl,NFL,2021,12,2021-11-25,DAL,LV,33.0,36.0,1.3184713375796178,3.69,,7.0,51.0,nflverse,2026-09-11T10:54:50.615246+00:00,A,2021-11-25T21:30:00+00:00
2021_12_ATL_JAX,nfl,NFL,2021,12,2021-11-28,JAX,ATL,14.0,21.0,2.05,1.8695652173913042,,-1.5,46.0,nflverse,2026-09-11T10:54:50.615246+00:00,A,2021-11-28T18:00:00+00:00
2021_12_CAR_MIA,nfl,NFL,2021,12,2021-11-28,MIA,CAR,33.0,10.0,2.08,1.8403361344537816,,-1.0,41.0,nflverse,2026-09-11T10:54:50.615246+00:00,H,2021-11-28T18:00:00+00:00
2021_12_CLE_BAL,nfl,NFL,2021,12,2021-11-28,BAL,CLE,16.0,10.0,1.641025641025641,2.4,,3.0,47.0,nflverse,2026-09-11T10:54:50.615246+00:00,H,2021-11-29T01:20:00+00:00
2021_12_LAC_DEN,nfl,NFL,2021,12,2021-11-28,DEN,LAC,28.0,13.0,2.27,1.7092198581560285,,-2.5,47.5,nflverse,2026-09-11T10:54:50.615246+00:00,H,2021-11-28T21:05:00+00:00
2021_12_LA_GB,nfl,NFL,2021,12,2021-11-28,GB,LA,36.0,28.0,2.08,1.8333333333333335,,-2.0,47.0,nflverse,2026-09-11T10:54:50.615246+00:00,H,2021-11-28T21:25:00+00:00
2021_12_MIN_SF,nfl,NFL,2021,12,2021-11-28,SF,MIN,34.0,26.0,1.5464480874316942,2.6399999999999997,,3.5,49.0,nflverse,2026-09-11T10:54:50.615246+00:00,H,2021-11-28T21:25:00+00:00
2021_12_NYJ_HOU,nfl,NFL,2021,12,2021-11-28,HOU,NYJ,14.0,21.0,1.7246376811594204,2.25,,3.0,44.5,nflverse,2026-09-11T10:54:50.615246+00:00,A,2021-11-28T18:00:00+00:00
2021_12_PHI_NYG,nfl,NFL,2021,12,2021-11-28,NYG,PHI,13.0,7.0,2.71,1.5208333333333335,,-4.0,45.5,nflverse,2026-09-11T10:54:50.615246+00:00,H,2021-11-28T18:00:00+00:00
2021_12_PIT_CIN,nfl,NFL,2021,12,2021-11-28,CIN,PIT,41.0,10.0,1.5813953488372094,2.54,,3.5,43.5,nflverse,2026-09-11T10:54:50.615246+00:00,H,2021-11-28T18:00:00+00:00
2021_12_TB_IND,nfl,NFL,2021,12,2021-11-28,IND,TB,31.0,38.0,2.35,1.6711409395973154,,-3.0,53.0,nflverse,2026-09-11T10:54:50.615246+00:00,A,2021-11-28T18:00:00+00:00
2021_12_TEN_NE,nfl,NFL,2021,12,2021-11-28,NE,TEN,36.0,13.0,1.3278688524590163,3.62,,7.5,43.0,nflverse,2026-09-11T10:54:50.615246+00:00,H,2021-11-28T18:00:00+00:00
2021_12_SEA_WAS,nfl,NFL,2021,12,2021-11-29,WAS,SEA,17.0,15.0,2.16,1.78125,,-1.0,47.0,nflverse,2026-09-11T10:54:50.615246+00:00,H,2021-11-30T01:15:00+00:00
2021_13_DAL_NO,nfl,NFL,2021,13,2021-12-02,NO,DAL,17.0,27.0,3.22,1.3937007874015748,,-6.0,46.0,nflverse,2026-09-11T10:54:50.615246+00:00,A,2021-12-03T01:20:00+00:00
2021_13_ARI_CHI,nfl,NFL,2021,13,2021-12-05,CHI,ARI,22.0,33.0,4.140000000000001,1.2680965147453083,,-7.5,43.5,nflverse,2026-09-11T10:54:50.615246+00:00,A,2021-12-05T18:00:00+00:00
2021_13_BAL_PIT,nfl,NFL,2021,13,2021-12-05,PIT,BAL,20.0,19.0,2.74,1.5128205128205128,,-4.0,44.0,nflverse,2026-09-11T10:54:50.615246+00:00,H,2021-12-05T21:25:00+00:00
2021_13_DEN_KC,nfl,NFL,2021,13,2021-12-05,KC,DEN,22.0,9.0,1.2583979328165373,4.23,,8.5,46.5,nflverse,2026-09-11T10:54:50.615246+00:00,H,2021-12-06T01:20:00+00:00
2021_13_IND_HOU,nfl,NFL,2021,13,2021-12-05,HOU,IND,0.0,31.0,4.390000000000001,1.2450980392156863,,-10.0,45.5,nflverse,2026-09-11T10:54:50.615246+00:00,A,2021-12-05T18:00:00+00:00
2021_13_JAX_LA,nfl,NFL,2021,13,2021-12-05,LA,JAX,37.0,7.0,1.1256281407035176,6.97,,14.0,48.0,nflverse,2026-09-11T10:54:50.615246+00:00,H,2021-12-05T21:05:00+00:00
2021_13_LAC_CIN,nfl,NFL,2021,13,2021-12-05,CIN,LAC,22.0,41.0,1.7092198581560285,2.27,,2.5,49.5,nflverse,2026-09-11T10:54:50.615246+00:00,A,2021-12-05T18:00:00+00:00
2021_13_MIN_DET,nfl,NFL,2021,13,2021-12-05,DET,MIN,29.0,27.0,3.55,1.3378378378378377,,-7.0,47.5,nflverse,2026-09-11T10:54:50.615246+00:00,H,2021-12-05T18:00:00+00:00
2021_13_NYG_MIA,nfl,NFL,2021,13,2021-12-05,MIA,NYG,20.0,9.0,1.341296928327645,3.53,,6.5,40.0,nflverse,2026-09-11T10:54:50.615246+00:00,H,2021-12-05T18:00:00+00:00
2021_13_PHI_NYJ,nfl,NFL,2021,13,2021-12-05,NYJ,PHI,18.0,33.0,2.77,1.5025125628140703,,-5.0,44.0,nflverse,2026-09-11T10:54:50.615246+00:00,A,2021-12-05T18:00:00+00:00
2021_13_SF_SEA,nfl,NFL,2021,13,2021-12-05,SEA,SF,30.0,23.0,2.25,1.7246376811594204,,-3.0,44.5,nflverse,2026-09-11T10:54:50.615246+00:00,H,2021-12-05T21:25:00+00:00
2021_13_TB_ATL,nfl,NFL,2021,13,2021-12-05,ATL,TB,17.0,30.0,4.87,1.2105263157894737,,-11.0,51.0,nflverse,2026-09-11T10:54:50.615246+00:00,A,2021-12-05T18:00:00+00:00
2021_13_WAS_LV,nfl,NFL,2021,13,2021-12-05,LV,WAS,15.0,17.0,1.78125,2.16,,1.0,47.5,nflverse,2026-09-11T10:54:50.615246+00:00,A,2021-12-05T21:05:00+00:00
2021_13_NE_BUF,nfl,NFL,2021,13,2021-12-06,BUF,NE,10.0,14.0,1.6849315068493151,2.3200000000000003,,3.0,40.0,nflverse,2026-09-11T10:54:50.615246+00:00,A,2021-12-07T01:15:00+00:00
2021_14_PIT_MIN,nfl,NFL,2021,14,2021-12-09,MIN,PIT,36.0,28.0,1.5714285714285714,2.5700000000000003,,3.5,45.0,nflverse,2026-09-11T10:54:50.615246+00:00,H,2021-12-10T01:20:00+00:00
2021_14_ATL_CAR,nfl,NFL,2021,14,2021-12-12,CAR,ATL,21.0,29.0,1.7352941176470589,2.23,,2.5,41.0,nflverse,2026-09-11T10:54:50.615246+00:00,A,2021-12-12T18:00:00+00:00
2021_14_BAL_CLE,nfl,NFL,2021,14,2021-12-12,CLE,BAL,24.0,22.0,1.6666666666666665,2.35,,3.0,44.0,nflverse,2026-09-11T10:54:50.615246+00:00,H,2021-12-12T18:00:00+00:00
2021_14_BUF_TB,nfl,NFL,2021,14,2021-12-12,TB,BUF,33.0,27.0,1.5524861878453038,2.6100000000000003,,3.5,52.5,nflverse,2026-09-11T10:54:50.615246+00:00,H,2021-12-12T21:25:00+00:00
2021_14_CHI_GB,nfl,NFL,2021,14,2021-12-12,GB,CHI,45.0,30.0,1.1564945226917058,5.98,,11.5,43.0,nflverse,2026-09-11T10:54:50.615246+00:00,H,2021-12-13T01:20:00+00:00
2021_14_DAL_WAS,nfl,NFL,2021,14,2021-12-12,WAS,DAL,20.0,27.0,3.46,1.352112676056338,,-6.5,48.0,nflverse,2026-09-11T10:54:50.615246+00:00,A,2021-12-12T18:00:00+00:00
2021_14_DET_DEN,nfl,NFL,2021,14,2021-12-12,DEN,DET,38.0,10.0,1.1574803149606299,5.95,,13.0,42.0,nflverse,2026-09-11T10:54:50.615246+00:00,H,2021-12-12T21:05:00+00:00
2021_14_JAX_TEN,nfl,NFL,2021,14,2021-12-12,TEN,JAX,20.0,0.0,1.2604166666666667,4.21,,8.5,44.5,nflverse,2026-09-11T10:54:50.615246+00:00,H,2021-12-12T18:00:00+00:00
2021_14_LV_KC,nfl,NFL,2021,14,2021-12-12,KC,LV,48.0,9.0,1.2252252252252251,4.65,,10.0,48.0,nflverse,2026-09-11T10:54:50.615246+00:00,H,2021-12-12T18:00:00+00:00
2021_14_NO_NYJ,nfl,NFL,2021,14,2021-12-12,NYJ,NO,9.0,30.0,2.73,1.5154639175257731,,-4.5,42.0,nflverse,2026-09-11T10:54:50.615246+00:00,A,2021-12-12T18:00:00+00:00
2021_14_NYG_LAC,nfl,NFL,2021,14,2021-12-12,LAC,NYG,37.0,21.0,1.2531645569620253,4.29,,9.5,44.0,nflverse,2026-09-11T10:54:50.615246+00:00,H,2021-12-12T21:05:00+00:00
2021_14_SEA_HOU,nfl,NFL,2021,14,2021-12-12,HOU,SEA,13.0,33.0,4.34,1.2493765586034913,,-10.0,40.5,nflverse,2026-09-11T10:54:50.615246+00:00,A,2021-12-12T18:00:00+00:00
2021_14_SF_CIN,nfl,NFL,2021,14,2021-12-12,CIN,SF,23.0,26.0,2.17,1.7692307692307692,,-2.5,49.0,nflverse,2026-09-11T10:54:50.615246+00:00,A,2021-12-12T21:25:00+00:00
2021_14_LA_ARI,nfl,NFL,2021,14,2021-12-13,ARI,LA,23.0,30.0,1.5813953488372094,2.54,,3.0,51.0,nflverse,2026-09-11T10:54:50.615246+00:00,A,2021-12-14T01:15:00+00:00
2021_15_KC_LAC,nfl,NFL,2021,15,2021-12-16,LAC,KC,28.0,34.0,2.55,1.5780346820809248,,-3.0,54.0,nflverse,2026-09-11T10:54:50.615246+00:00,A,2021-12-17T01:20:00+00:00
2021_15_NE_IND,nfl,NFL,2021,15,2021-12-18,IND,NE,27.0,17.0,1.9174311926605505,1.9803921568627452,,-1.0,46.0,nflverse,2026-09-11T10:54:50.615246+00:00,H,2021-12-19T01:20:00+00:00
2021_15_ARI_DET,nfl,NFL,2021,15,2021-12-19,DET,ARI,30.0,12.0,5.95,1.1577287066246056,,-13.0,48.0,nflverse,2026-09-11T10:54:50.615246+00:00,H,2021-12-19T18:00:00+00:00
2021_15_ATL_SF,nfl,NFL,2021,15,2021-12-19,SF,ATL,31.0,13.0,1.263157894736842,4.1899999999999995,,9.5,48.0,nflverse,2026-09-11T10:54:50.615246+00:00,H,2021-12-19T21:05:00+00:00
2021_15_CAR_BUF,nfl,NFL,2021,15,2021-12-19,BUF,CAR,31.0,14.0,1.13531799729364,6.62,,14.0,43.0,nflverse,2026-09-11T10:54:50.615246+00:00,H,2021-12-19T18:00:00+00:00
2021_15_CIN_DEN,nfl,NFL,2021,15,2021-12-19,DEN,CIN,10.0,15.0,1.6451612903225805,2.4,,3.0,45.0,nflverse,2026-09-11T10:54:50.615246+00:00,A,2021-12-19T21:05:00+00:00
2021_15_DAL_NYG,nfl,NFL,2021,15,2021-12-19,NYG,DAL,6.0,21.0,5.28,1.1872659176029963,,-11.5,43.0,nflverse,2026-09-11T10:54:50.615246+00:00,A,2021-12-19T18:00:00+00:00
2021_15_GB_BAL,nfl,NFL,2021,15,2021-12-19,BAL,GB,30.0,31.0,3.99,1.2824858757062148,,-9.5,45.5,nflverse,2026-09-11T10:54:50.615246+00:00,A,2021-12-19T21:25:00+00:00
2021_15_HOU_JAX,nfl,NFL,2021,15,2021-12-19,JAX,HOU,16.0,30.0,1.3891050583657587,3.24,,6.0,40.0,nflverse,2026-09-11T10:54:50.615246+00:00,A,2021-12-19T18:00:00+00:00
2021_15_NO_TB,nfl,NFL,2021,15,2021-12-19,TB,NO,0.0,9.0,1.193050193050193,5.17,,11.5,45.5,nflverse,2026-09-11T10:54:50.615246+00:00,A,2021-12-20T01:20:00+00:00
2021_15_NYJ_MIA,nfl,NFL,2021,15,2021-12-19,MIA,NYJ,31.0,24.0,1.2247191011235956,4.66,,10.5,42.0,nflverse,2026-09-11T10:54:50.615246+00:00,H,2021-12-19T18:00:00+00:00
2021_15_TEN_PIT,nfl,NFL,2021,15,2021-12-19,PIT,TEN,19.0,13.0,1.8264462809917354,2.09,,1.0,44.0,nflverse,2026-09-11T10:54:50.615246+00:00,H,2021-12-19T18:00:00+00:00
2021_15_LV_CLE,nfl,NFL,2021,15,2021-12-20,CLE,LV,14.0,16.0,2.31,1.6802721088435373,,-3.0,41.0,nflverse,2026-09-11T10:54:50.615246+00:00,A,2021-12-20T22:00:00+00:00
2021_15_MIN_CHI,nfl,NFL,2021,15,2021-12-20,CHI,MIN,9.0,17.0,3.74,1.3125,,-7.0,48.0,nflverse,2026-09-11T10:54:50.615246+00:00,A,2021-12-21T01:15:00+00:00
2021_15_SEA_LA,nfl,NFL,2021,15,2021-12-21,LA,SEA,20.0,10.0,1.2840909090909092,3.98,,7.5,47.0,nflverse,2026-09-11T10:54:50.615246+00:00,H,2021-12-22T00:00:00+00:00
2021_15_WAS_PHI,nfl,NFL,2021,15,2021-12-21,PHI,WAS,27.0,17.0,1.2150537634408602,4.8,,10.0,39.5,nflverse,2026-09-11T10:54:50.615246+00:00,H,2021-12-22T00:00:00+00:00
2021_16_SF_TEN,nfl,NFL,2021,16,2021-12-23,TEN,SF,20.0,17.0,2.54,1.5847953216374269,,-3.5,45.5,nflverse,2026-09-11T10:54:50.615246+00:00,H,2021-12-24T01:20:00+00:00
2021_16_CLE_GB,nfl,NFL,2021,16,2021-12-25,GB,CLE,24.0,22.0,1.2325581395348837,4.43,,7.5,46.5,nflverse,2026-09-11T10:54:50.615246+00:00,H,2021-12-25T21:30:00+00:00
2021_16_IND_ARI,nfl,NFL,2021,16,2021-12-25,ARI,IND,16.0,22.0,1.62111801242236,2.4299999999999997,,3.0,48.0,nflverse,2026-09-11T10:54:50.615246+00:00,A,2021-12-26T01:15:00+00:00
2021_16_BAL_CIN,nfl,NFL,2021,16,2021-12-26,CIN,BAL,41.0,21.0,1.2710027100271002,4.0600000000000005,,7.5,43.0,nflverse,2026-09-11T10:54:50.615246+00:00,H,2021-12-26T18:00:00+00:00
2021_16_BUF_NE,nfl,NFL,2021,16,2021-12-26,NE,BUF,21.0,33.0,1.8771929824561404,2.02,,1.0,43.5,nflverse,2026-09-11T10:54:50.615246+00:00,A,2021-12-26T18:00:00+00:00
2021_16_CHI_SEA,nfl,NFL,2021,16,2021-12-26,SEA,CHI,24.0,25.0,1.3194888178913737,3.68,,7.0,41.0,nflverse,2026-09-11T10:54:50.615246+00:00,A,2021-12-26T21:05:00+00:00
2021_16_DEN_LV,nfl,NFL,2021,16,2021-12-26,LV,DEN,17.0,13.0,1.9803921568627452,1.9174311926605505,,-1.0,42.0,nflverse,2026-09-11T10:54:50.615246+00:00,H,2021-12-26T21:25:00+00:00
2021_16_DET_ATL,nfl,NFL,2021,16,2021-12-26,ATL,DET,20.0,16.0,1.2680965147453083,4.09,,7.5,42.5,nflverse,2026-09-11T10:54:50.615246+00:00,H,2021-12-26T18:00:00+00:00
2021_16_JAX_NYJ,nfl,NFL,2021,16,2021-12-26,NYJ,JAX,26.0,21.0,1.8,2.1399999999999997,,2.5,42.5,nflverse,2026-09-11T10:54:50.615246+00:00,H,2021-12-26T18:00:00+00:00
2021_16_LAC_HOU,nfl,NFL,2021,16,2021-12-26,HOU,LAC,41.0,29.0,6.0,1.151285930408472,,-13.5,46.0,nflverse,2026-09-11T10:54:50.615246+00:00,H,2021-12-26T18:00:00+00:00
2021_16_LA_MIN,nfl,NFL,2021,16,2021-12-26,MIN,LA,23.0,30.0,2.58,1.5649717514124295,,-3.5,48.5,nflverse,2026-09-11T10:54:50.615246+00:00,A,2021-12-26T18:00:00+00:00
2021_16_NYG_PHI,nfl,NFL,2021,16,2021-12-26,PHI,NYG,34.0,10.0,1.1890359168241966,5.16,,11.0,41.0,nflverse,2026-09-11T10:54:50.615246+00:00,H,2021-12-26T18:00:00+00:00
2021_16_PIT_KC,nfl,NFL,2021,16,2021-12-26,KC,PIT,36.0,10.0,1.25,4.279999999999999,,10.5,44.0,nflverse,2026-09-11T10:54:50.615246+00:00,H,2021-12-26T21:25:00+00:00
2021_16_TB_CAR,nfl,NFL,2021,16,2021-12-26,CAR,TB,6.0,32.0,4.99,1.1988071570576542,,-11.5,44.5,nflverse,2026-09-11T10:54:50.615246+00:00,A,2021-12-26T18:00:00+00:00
2021_16_WAS_DAL,nfl,NFL,2021,16,2021-12-26,DAL,WAS,56.0,14.0,1.2188183807439825,4.67,,10.5,45.5,nflverse,2026-09-11T10:54:50.615246+00:00,H,2021-12-27T01:20:00+00:00
2021_16_MIA_NO,nfl,NFL,2021,16,2021-12-27,NO,MIA,3.0,20.0,2.4299999999999997,1.625,,-3.0,37.5,nflverse,2026-09-11T10:54:50.615246+00:00,A,2021-12-28T01:15:00+00:00
2021_17_ARI_DAL,nfl,NFL,2021,17,2022-01-02,DAL,ARI,22.0,25.0,1.381679389312977,3.25,,6.5,53.0,nflverse,2026-09-11T10:54:50.615246+00:00,A,2022-01-02T21:25:00+00:00
2021_17_ATL_BUF,nfl,NFL,2021,17,2022-01-02,BUF,ATL,29.0,15.0,1.1148105625717566,7.25,,14.0,46.5,nflverse,2026-09-11T10:54:50.615246+00:00,H,2022-01-02T18:00:00+00:00
2021_17_CAR_NO,nfl,NFL,2021,17,2022-01-02,NO,CAR,18.0,10.0,1.3584229390681004,3.38,,7.0,37.0,nflverse,2026-09-11T10:54:50.615246+00:00,H,2022-01-02T21:25:00+00:00
2021_17_DEN_LAC,nfl,NFL,2021,17,2022-01-02,LAC,DEN,34.0,13.0,1.2941176470588236,3.85,,8.0,45.5,nflverse,2026-09-11T10:54:50.615246+00:00,H,2022-01-02T21:05:00+00:00
2021_17_DET_SEA,nfl,NFL,2021,17,2022-01-02,SEA,DET,51.0,29.0,1.25062656641604,4.27,,8.5,41.5,nflverse,2026-09-11T10:54:50.615246+00:00,H,2022-01-02T21:25:00+00:00
2021_17_HOU_SF,nfl,NFL,2021,17,2022-01-02,SF,HOU,23.0,7.0,1.1661129568106312,5.63,,14.0,44.0,nflverse,2026-09-11T10:54:50.615246+00:00,H,2022-01-02T21:05:00+00:00
2021_17_JAX_NE,nfl,NFL,2021,17,2022-01-02,NE,JAX,50.0,10.0,1.0946969696969697,8.27,,17.5,42.0,nflverse,2026-09-11T10:54:50.615246+00:00,H,2022-01-02T18:00:00+00:00
2021_17_KC_CIN,nfl,NFL,2021,17,2022-01-02,CIN,KC,34.0,31.0,2.5700000000000003,1.5617977528089888,,-3.5,51.0,nflverse,2026-09-11T10:54:50.615246+00:00,H,2022-01-02T18:00:00+00:00
2021_17_LA_BAL,nfl,NFL,2021,17,2022-01-02,BAL,LA,19.0,20.0,3.64,1.3194888178913737,,-7.0,47.0,nflverse,2026-09-11T10:54:50.615246+00:00,A,2022-01-02T18:00:00+00:00
2021_17_LV_IND,nfl,NFL,2021,17,2022-01-02,IND,LV,20.0,23.0,1.251889168765743,4.25,,8.5,46.5,nflverse,2026-09-11T10:54:50.615246+00:00,A,2022-01-02T18:00:00+00:00
2021_17_MIA_TEN,nfl,NFL,2021,17,2022-01-02,TEN,MIA,34.0,3.0,1.5882352941176472,2.51,,3.0,41.0,nflverse,2026-09-11T10:54:50.615246+00:00,H,2022-01-02T18:00:00+00:00
2021_17_MIN_GB,nfl,NFL,2021,17,2022-01-02,GB,MIN,37.0,10.0,1.1424501424501425,6.25,,13.0,42.0,nflverse,2026-09-11T10:54:50.615246+00:00,H,2022-01-03T01:20:00+00:00
2021_17_NYG_CHI,nfl,NFL,2021,17,2022-01-02,CHI,NYG,29.0,3.0,1.348432055749129,3.45,,7.0,36.5,nflverse,2026-09-11T10:54:50.615246+00:00,H,2022-01-02T18:00:00+00:00
2021_17_PHI_WAS,nfl,NFL,2021,17,2022-01-02,WAS,PHI,16.0,20.0,3.06,1.4201680672268908,,-6.5,44.5,nflverse,2026-09-11T10:54:50.615246+00:00,A,2022-01-02T18:00:00+00:00
2021_17_TB_NYJ,nfl,NFL,2021,17,2022-01-02,NYJ,TB,24.0,28.0,7.23,1.1152073732718895,,-14.5,48.0,nflverse,2026-09-11T10:54:50.615246+00:00,A,2022-01-02T18:00:00+00:00
2021_17_CLE_PIT,nfl,NFL,2021,17,2022-01-03,PIT,CLE,26.0,14.0,2.05,1.8547008547008548,,-1.0,43.5,nflverse,2026-09-11T10:54:50.615246+00:00,H,2022-01-04T01:15:00+00:00
2021_18_DAL_PHI,nfl,NFL,2021,18,2022-01-08,PHI,DAL,26.0,51.0,3.35,1.3333333333333333,,-6.5,46.0,nflverse,2026-09-11T10:54:50.615246+00:00,A,2022-01-09T01:15:00+00:00
2021_18_KC_DEN,nfl,NFL,2021,18,2022-01-08,DEN,KC,24.0,28.0,5.35,1.1666666666666667,,-11.5,44.5,nflverse,2026-09-11T10:54:50.615246+00:00,A,2022-01-08T21:30:00+00:00
2021_18_CAR_TB,nfl,NFL,2021,18,2022-01-09,TB,CAR,41.0,17.0,1.196078431372549,4.75,,11.0,43.0,nflverse,2026-09-11T10:54:50.615246+00:00,H,2022-01-09T21:25:00+00:00
2021_18_CHI_MIN,nfl,NFL,2021,18,2022-01-09,MIN,CHI,31.0,17.0,1.526315789473684,2.6,,3.5,45.5,nflverse,2026-09-11T10:54:50.615246+00:00,H,2022-01-09T18:00:00+00:00
2021_18_CIN_CLE,nfl,NFL,2021,18,2022-01-09,CLE,CIN,21.0,16.0,1.3773584905660377,3.15,,6.5,38.0,nflverse,2026-09-11T10:54:50.615246+00:00,H,2022-01-09T18:00:00+00:00
2021_18_GB_DET,nfl,NFL,2021,18,2022-01-09,DET,GB,37.0,30.0,2.65,1.5128205128205128,,-4.0,45.0,nflverse,2026-09-11T10:54:50.615246+00:00,H,2022-01-09T18:00:00+00:00
2021_18_IND_JAX,nfl,NFL,2021,18,2022-01-09,JAX,IND,26.0,11.0,7.5,1.1,,-14.0,43.0,nflverse,2026-09-11T10:54:50.615246+00:00,H,2022-01-09T18:00:00+00:00
2021_18_LAC_LV,nfl,NFL,2021,18,2022-01-09,LV,LAC,35.0,32.0,2.55,1.5555555555555556,,-3.5,48.0,nflverse,2026-09-11T10:54:50.615246+00:00,H,2022-01-10T01:20:00+00:00
2021_18_NE_MIA,nfl,NFL,2021,18,2022-01-09,MIA,NE,33.0,24.0,3.0,1.4,,-6.0,41.0,nflverse,2026-09-11T10:54:50.615246+00:00,H,2022-01-09T21:25:00+00:00
2021_18_NO_ATL,nfl,NFL,2021,18,2022-01-09,ATL,NO,20.0,30.0,2.8600000000000003,1.4694835680751175,,-4.5,40.0,nflverse,2026-09-11T10:54:50.615246+00:00,A,2022-01-09T21:25:00+00:00
2021_18_NYJ_BUF,nfl,NFL,2021,18,2022-01-09,BUF,NYJ,27.0,10.0,1.08,8.5,,16.0,43.0,nflverse,2026-09-11T10:54:50.615246+00:00,H,2022-01-09T21:25:00+00:00
2021_18_PIT_BAL,nfl,NFL,2021,18,2022-01-09,BAL,PIT,13.0,16.0,1.6451612903225805,2.35,,3.0,41.0,nflverse,2026-09-11T10:54:50.615246+00:00,A,2022-01-09T18:00:00+00:00
2021_18_SEA_ARI,nfl,NFL,2021,18,2022-01-09,ARI,SEA,30.0,38.0,1.425531914893617,2.9,,5.5,48.0,nflverse,2026-09-11T10:54:50.615246+00:00,A,2022-01-09T21:25:00+00:00
2021_18_SF_LA,nfl,NFL,2021,18,2022-01-09,LA,SF,24.0,27.0,1.5882352941176472,2.5,,3.0,46.5,nflverse,2026-09-11T10:54:50.615246+00:00,A,2022-01-09T21:25:00+00:00
2021_18_TEN_HOU,nfl,NFL,2021,18,2022-01-09,HOU,TEN,25.0,28.0,5.1,1.1739130434782608,,-10.5,43.0,nflverse,2026-09-11T10:54:50.615246+00:00,A,2022-01-09T18:00:00+00:00
2021_18_WAS_NYG,nfl,NFL,2021,18,2022-01-09,NYG,WAS,7.0,22.0,3.06,1.4201680672268908,,-6.0,36.0,nflverse,2026-09-11T10:54:50.615246+00:00,A,2022-01-09T18:00:00+00:00
2021_19_LV_CIN,nfl,NFL,2021,19,2022-01-15,CIN,LV,26.0,19.0,1.403225806451613,3.14,,6.0,48.5,nflverse,2026-09-11T10:54:50.615246+00:00,H,2022-01-15T21:30:00+00:00
2021_19_NE_BUF,nfl,NFL,2021,19,2022-01-15,BUF,NE,47.0,17.0,1.4830917874396135,2.81,,4.5,43.0,nflverse,2026-09-11T10:54:50.615246+00:00,H,2022-01-16T01:15:00+00:00
2021_19_PHI_TB,nfl,NFL,2021,19,2022-01-16,TB,PHI,31.0,15.0,1.2840909090909092,3.93,,7.5,45.5,nflverse,2026-09-11T10:54:50.615246+00:00,H,2022-01-16T18:00:00+00:00
2021_19_PIT_KC,nfl,NFL,2021,19,2022-01-16,KC,PIT,42.0,21.0,1.1434720229555237,6.22,,13.0,46.0,nflverse,2026-09-11T10:54:50.615246+00:00,H,2022-01-17T01:15:00+00:00
2021_19_SF_DAL,nfl,NFL,2021,19,2022-01-16,DAL,SF,17.0,23.0,1.617283950617284,2.44,,3.0,51.0,nflverse,2026-09-11T10:54:50.615246+00:00,A,2022-01-16T21:30:00+00:00
2021_19_ARI_LA,nfl,NFL,2021,19,2022-01-17,LA,ARI,34.0,11.0,1.558659217877095,2.58,,4.0,49.5,nflverse,2026-09-11T10:54:50.615246+00:00,H,2022-01-18T01:15:00+00:00
2021_20_CIN_TEN,nfl,NFL,2021,20,2022-01-22,TEN,CIN,16.0,19.0,1.5235602094240837,2.7,,4.0,48.5,nflverse,2026-09-11T10:54:50.615246+00:00,A,2022-01-22T21:30:00+00:00
2021_20_SF_GB,nfl,NFL,2021,20,2022-01-22,GB,SF,10.0,13.0,1.3831417624521074,3.28,,5.5,47.0,nflverse,2026-09-11T10:54:50.615246+00:00,A,2022-01-23T01:15:00+00:00
2021_20_BUF_KC,nfl,NFL,2021,20,2022-01-23,KC,BUF,42.0,36.0,1.7246376811594204,2.24,,2.5,54.0,nflverse,2026-09-11T10:54:50.615246+00:00,H,2022-01-23T23:30:00+00:00
2021_20_LA_TB,nfl,NFL,2021,20,2022-01-23,TB,LA,27.0,30.0,1.6896551724137931,2.31,,2.5,48.0,nflverse,2026-09-11T10:54:50.615246+00:00,A,2022-01-23T20:00:00+00:00
2021_21_CIN_KC,nfl,NFL,2021,21,2022-01-30,KC,CIN,24.0,27.0,1.3125,3.5,,7.0,54.5,nflverse,2026-09-11T10:54:50.615246+00:00,A,2022-01-30T20:00:00+00:00
2021_21_SF_LA,nfl,NFL,2021,21,2022-01-30,LA,SF,20.0,17.0,1.5555555555555556,2.55,,3.5,45.5,nflverse,2026-09-11T10:54:50.615246+00:00,H,2022-01-30T23:30:00+00:00
2021_22_LA_CIN,nfl,NFL,2021,22,2022-02-13,CIN,LA,20.0,23.0,2.6,1.526315789473684,,-4.5,48.5,nflverse,2026-09-11T10:54:50.615246+00:00,A,2022-02-13T23:30:00+00:00
2022_01_BUF_LA,nfl,NFL,2022,1,2022-09-08,LA,BUF,10.0,31.0,2.06,1.8547008547008548,,-1.0,51.5,nflverse,2026-09-11T10:54:50.615246+00:00,A,2022-09-09T00:20:00+00:00
2022_01_BAL_NYJ,nfl,NFL,2022,1,2022-09-11,NYJ,BAL,9.0,24.0,3.31,1.3773584905660377,,-6.5,44.0,nflverse,2026-09-11T10:54:50.615246+00:00,A,2022-09-11T17:00:00+00:00
2022_01_CLE_CAR,nfl,NFL,2022,1,2022-09-11,CAR,CLE,24.0,26.0,1.8,2.1399999999999997,,2.5,42.5,nflverse,2026-09-11T10:54:50.615246+00:00,A,2022-09-11T17:00:00+00:00
2022_01_GB_MIN,nfl,NFL,2022,1,2022-09-11,MIN,GB,23.0,7.0,1.8,2.13,,2.5,47.0,nflverse,2026-09-11T10:54:50.615246+00:00,H,2022-09-11T20:25:00+00:00
2022_01_IND_HOU,nfl,NFL,2022,1,2022-09-11,HOU,IND,20.0,20.0,3.5,1.3448275862068966,,-7.0,46.0,nflverse,2026-09-11T10:54:50.615246+00:00,D,2022-09-11T17:00:00+00:00
2022_01_JAX_WAS,nfl,NFL,2022,1,2022-09-11,WAS,JAX,28.0,22.0,1.6289308176100628,2.4299999999999997,,3.0,43.5,nflverse,2026-09-11T10:54:50.615246+00:00,H,2022-09-11T17:00:00+00:00
2022_01_KC_ARI,nfl,NFL,2022,1,2022-09-11,ARI,KC,21.0,44.0,3.21,1.3968253968253967,,-6.0,54.0,nflverse,2026-09-11T10:54:50.615246+00:00,A,2022-09-11T20:25:00+00:00
2022_01_LV_LAC,nfl,NFL,2022,1,2022-09-11,LAC,LV,24.0,19.0,1.5555555555555556,2.6100000000000003,,3.5,52.5,nflverse,2026-09-11T10:54:50.615246+00:00,H,2022-09-11T20:25:00+00:00
2022_01_NE_MIA,nfl,NFL,2022,1,2022-09-11,MIA,NE,20.0,7.0,1.6451612903225805,2.4,,3.0,47.0,nflverse,2026-09-11T10:54:50.615246+00:00,H,2022-09-11T17:00:00+00:00
2022_01_NO_ATL,nfl,NFL,2022,1,2022-09-11,ATL,NO,26.0,27.0,3.01,1.4385964912280702,,-6.0,43.5,nflverse,2026-09-11T10:54:50.615246+00:00,A,2022-09-11T17:00:00+00:00
2022_01_NYG_TEN,nfl,NFL,2022,1,2022-09-11,TEN,NYG,20.0,21.0,1.4184100418410042,3.09,,5.5,43.5,nflverse,2026-09-11T10:54:50.615246+00:00,A,2022-09-11T20:25:00+00:00
2022_01_PHI_DET,nfl,NFL,2022,1,2022-09-11,DET,PHI,35.0,38.0,3.11,1.4166666666666667,,-6.0,49.0,nflverse,2026-09-11T10:54:50.615246+00:00,A,2022-09-11T17:00:00+00:00
2022_01_PIT_CIN,nfl,NFL,2022,1,2022-09-11,CIN,PIT,20.0,23.0,1.3246753246753247,3.64,,7.5,44.5,nflverse,2026-09-11T10:54:50.615246+00:00,A,2022-09-11T17:00:00+00:00
2022_01_SF_CHI,nfl,NFL,2022,1,2022-09-11,CHI,SF,19.0,10.0,3.17,1.403225806451613,,-6.5,38.0,nflverse,2026-09-11T10:54:50.615246+00:00,H,2022-09-11T17:00:00+00:00
2022_01_TB_DAL,nfl,NFL,2022,1,2022-09-11,DAL,TB,3.0,19.0,2.2,1.7518796992481203,,-2.5,49.5,nflverse,2026-09-11T10:54:50.615246+00:00,A,2022-09-12T00:20:00+00:00
2022_01_DEN_SEA,nfl,NFL,2022,1,2022-09-12,SEA,DEN,17.0,16.0,3.21,1.3952569169960474,,-6.0,44.0,nflverse,2026-09-11T10:54:50.615246+00:00,H,2022-09-13T00:15:00+00:00
2022_02_LAC_KC,nfl,NFL,2022,2,2022-09-15,KC,LAC,27.0,24.0,1.5319148936170213,2.67,,4.0,52.5,nflverse,2026-09-11T10:54:50.615246+00:00,H,2022-09-16T00:15:00+00:00
2022_02_ARI_LV,nfl,NFL,2022,2,2022-09-18,LV,ARI,23.0,29.0,1.4484304932735426,2.9699999999999998,,5.5,51.5,nflverse,2026-09-11T10:54:50.615246+00:00,A,2022-09-18T20:25:00+00:00
2022_02_ATL_LA,nfl,NFL,2022,2,2022-09-18,LA,ATL,31.0,27.0,1.2114164904862579,4.85,,10.5,46.5,nflverse,2026-09-11T10:54:50.615246+00:00,H,2022-09-18T20:05:00+00:00
2022_02_CAR_NYG,nfl,NFL,2022,2,2022-09-18,NYG,CAR,19.0,16.0,2.0300000000000002,1.8771929824561404,,-1.0,44.0,nflverse,2026-09-11T10:54:50.615246+00:00,H,2022-09-18T17:00:00+00:00
2022_02_CHI_GB,nfl,NFL,2022,2,2022-09-18,GB,CHI,27.0,10.0,1.2380952380952381,4.48,,10.5,42.0,nflverse,2026-09-11T10:54:50.615246+00:00,H,2022-09-19T00:20:00+00:00
2022_02_CIN_DAL,nfl,NFL,2022,2,2022-09-18,DAL,CIN,20.0,17.0,3.6,1.33003300330033,,-7.5,42.0,nflverse,2026-09-11T10:54:50.615246+00:00,H,2022-09-18T20:25:00+00:00
2022_02_HOU_DEN,nfl,NFL,2022,2,2022-09-18,DEN,HOU,16.0,9.0,1.207900207900208,4.91,,10.5,46.0,nflverse,2026-09-11T10:54:50.615246+00:00,H,2022-09-18T20:25:00+00:00
2022_02_IND_JAX,nfl,NFL,2022,2,2022-09-18,JAX,IND,24.0,0.0,2.42,1.6369426751592355,,-3.0,43.5,nflverse,2026-09-11T10:54:50.615246+00:00,H,2022-09-18T17:00:00+00:00
2022_02_MIA_BAL,nfl,NFL,2022,2,2022-09-18,BAL,MIA,38.0,42.0,1.6097560975609757,2.48,,3.0,44.0,nflverse,2026-09-11T10:54:50.615246+00:00,A,2022-09-18T17:00:00+00:00
2022_02_NE_PIT,nfl,NFL,2022,2,2022-09-18,PIT,NE,14.0,17.0,2.35,1.6666666666666665,,-3.0,40.0,nflverse,2026-09-11T10:54:50.615246+00:00,A,2022-09-18T17:00:00+00:00
2022_02_NYJ_CLE,nfl,NFL,2022,2,2022-09-18,CLE,NYJ,30.0,31.0,1.425531914893617,3.07,,6.5,38.5,nflverse,2026-09-11T10:54:50.615246+00:00,A,2022-09-18T17:00:00+00:00
2022_02_SEA_SF,nfl,NFL,2022,2,2022-09-18,SF,SEA,27.0,7.0,1.2638522427440633,4.18,,8.5,40.0,nflverse,2026-09-11T10:54:50.615246+00:00,H,2022-09-18T20:05:00+00:00
2022_02_TB_NO,nfl,NFL,2022,2,2022-09-18,NO,TB,10.0,20.0,2.24,1.7246376811594204,,-2.5,44.0,nflverse,2026-09-11T10:54:50.615246+00:00,A,2022-09-18T17:00:00+00:00
2022_02_WAS_DET,nfl,NFL,2022,2,2022-09-18,DET,WAS,36.0,27.0,2.0300000000000002,1.8771929824561404,,-1.0,48.5,nflverse,2026-09-11T10:54:50.615246+00:00,H,2022-09-18T17:00:00+00:00
2022_02_MIN_PHI,nfl,NFL,2022,2,2022-09-19,PHI,MIN,24.0,7.0,1.7092198581560285,2.27,,2.5,49.5,nflverse,2026-09-11T10:54:50.615246+00:00,H,2022-09-20T00:30:00+00:00
2022_02_TEN_BUF,nfl,NFL,2022,2,2022-09-19,BUF,TEN,41.0,7.0,1.2531645569620253,4.29,,10.0,47.5,nflverse,2026-09-11T10:54:50.615246+00:00,H,2022-09-19T23:15:00+00:00
2022_03_PIT_CLE,nfl,NFL,2022,3,2022-09-22,CLE,PIT,29.0,17.0,1.4854368932038835,2.83,,4.5,38.0,nflverse,2026-09-11T10:54:50.615246+00:00,H,2022-09-23T00:15:00+00:00
2022_03_ATL_SEA,nfl,NFL,2022,3,2022-09-25,SEA,ATL,23.0,27.0,1.9433962264150944,1.9615384615384617,,1.0,43.0,nflverse,2026-09-11T10:54:50.615246+00:00,A,2022-09-25T20:25:00+00:00
2022_03_BAL_NE,nfl,NFL,2022,3,2022-09-25,NE,BAL,26.0,37.0,2.29,1.6993006993006992,,-2.5,45.5,nflverse,2026-09-11T10:54:50.615246+00:00,A,2022-09-25T17:00:00+00:00
2022_03_BUF_MIA,nfl,NFL,2022,3,2022-09-25,MIA,BUF,21.0,19.0,2.75,1.510204081632653,,-4.0,54.0,nflverse,2026-09-11T10:54:50.615246+00:00,H,2022-09-25T17:00:00+00:00
2022_03_CIN_NYJ,nfl,NFL,2022,3,2022-09-25,NYJ,CIN,12.0,27.0,3.2,1.4048582995951417,,-6.5,46.0,nflverse,2026-09-11T10:54:50.615246+00:00,A,2022-09-25T17:00:00+00:00
2022_03_DET_MIN,nfl,NFL,2022,3,2022-09-25,MIN,DET,28.0,24.0,1.3759398496240602,3.32,,6.5,52.0,nflverse,2026-09-11T10:54:50.615246+00:00,H,2022-09-25T17:00:00+00:00
2022_03_GB_TB,nfl,NFL,2022,3,2022-09-25,TB,GB,12.0,14.0,1.8130081300813008,2.12,,1.0,41.5,nflverse,2026-09-11T10:54:50.615246+00:00,A,2022-09-25T20:25:00+00:00
2022_03_HOU_CHI,nfl,NFL,2022,3,2022-09-25,CHI,HOU,23.0,20.0,1.641025641025641,2.41,,3.0,40.0,nflverse,2026-09-11T10:54:50.615246+00:00,H,2022-09-25T17:00:00+00:00
2022_03_JAX_LAC,nfl,NFL,2022,3,2022-09-25,LAC,JAX,10.0,38.0,1.3968253968253967,3.2,,6.5,46.0,nflverse,2026-09-11T10:54:50.615246+00:00,A,2022-09-25T20:05:00+00:00
2022_03_KC_IND,nfl,NFL,2022,3,2022-09-25,IND,KC,20.0,17.0,2.77,1.5025125628140703,,-4.5,51.0,nflverse,2026-09-11T10:54:50.615246+00:00,H,2022-09-25T17:00:00+00:00
2022_03_LA_ARI,nfl,NFL,2022,3,2022-09-25,ARI,LA,12.0,20.0,2.5300000000000002,1.5847953216374269,,-3.5,49.0,nflverse,2026-09-11T10:54:50.615246+00:00,A,2022-09-25T20:25:00+00:00
2022_03_LV_TEN,nfl,NFL,2022,3,2022-09-25,TEN,LV,24.0,22.0,2.17,1.7692307692307692,,-1.5,45.5,nflverse,2026-09-11T10:54:50.615246+00:00,H,2022-09-25T17:00:00+00:00
2022_03_NO_CAR,nfl,NFL,2022,3,2022-09-25,CAR,NO,22.0,14.0,2.12,1.8130081300813008,,-2.0,41.0,nflverse,2026-09-11T10:54:50.615246+00:00,H,2022-09-25T17:00:00+00:00
2022_03_PHI_WAS,nfl,NFL,2022,3,2022-09-25,WAS,PHI,8.0,24.0,3.1,1.4166666666666667,,-6.0,47.0,nflverse,2026-09-11T10:54:50.615246+00:00,A,2022-09-25T17:00:00+00:00
2022_03_SF_DEN,nfl,NFL,2022,3,2022-09-25,DEN,SF,11.0,10.0,1.99009900990099,1.9090909090909092,,-1.0,44.0,nflverse,2026-09-11T10:54:50.615246+00:00,H,2022-09-26T00:20:00+00:00
2022_03_DAL_NYG,nfl,NFL,2022,3,2022-09-26,NYG,DAL,16.0,23.0,1.8333333333333335,2.09,,1.0,38.5,nflverse,2026-09-11T10:54:50.615246+00:00,A,2022-09-27T00:15:00+00:00
2022_04_MIA_CIN,nfl,NFL,2022,4,2022-09-29,CIN,MIA,27.0,15.0,1.526315789473684,2.69,,4.0,48.5,nflverse,2026-09-11T10:54:50.615246+00:00,H,2022-09-30T00:15:00+00:00
2022_04_ARI_CAR,nfl,NFL,2022,4,2022-10-02,CAR,ARI,16.0,26.0,1.8849557522123894,2.02,,1.0,44.0,nflverse,2026-09-11T10:54:50.615246+00:00,A,2022-10-02T20:05:00+00:00
2022_04_BUF_BAL,nfl,NFL,2022,4,2022-10-02,BAL,BUF,20.0,23.0,2.54,1.5813953488372094,,-3.0,50.0,nflverse,2026-09-11T10:54:50.615246+00:00,A,2022-10-02T17:00:00+00:00
2022_04_CHI_NYG,nfl,NFL,2022,4,2022-10-02,NYG,CHI,20.0,12.0,1.6944444444444444,2.3,,3.0,39.0,nflverse,2026-09-11T10:54:50.615246+00:00,H,2022-10-02T17:00:00+00:00
2022_04_CLE_ATL,nfl,NFL,2022,4,2022-10-02,ATL,CLE,23.0,20.0,1.970873786407767,1.9345794392523366,,-1.0,48.0,nflverse,2026-09-11T10:54:50.615246+00:00,H,2022-10-02T17:00:00+00:00
2022_04_DEN_LV,nfl,NFL,2022,4,2022-10-02,LV,DEN,32.0,23.0,1.72992700729927,2.24,,2.5,45.5,nflverse,2026-09-11T10:54:50.615246+00:00,H,2022-10-02T20:25:00+00:00
2022_04_JAX_PHI,nfl,NFL,2022,4,2022-10-02,PHI,JAX,29.0,21.0,1.390625,3.23,,6.5,44.0,nflverse,2026-09-11T10:54:50.615246+00:00,H,2022-10-02T17:00:00+00:00
2022_04_KC_TB,nfl,NFL,2022,4,2022-10-02,TB,KC,31.0,41.0,1.8,2.13,,1.0,46.5,nflverse,2026-09-11T10:54:50.615246+00:00,A,2022-10-03T00:20:00+00:00
2022_04_LAC_HOU,nfl,NFL,2022,4,2022-10-02,HOU,LAC,24.0,34.0,3.05,1.4273504273504274,,-5.5,45.0,nflverse,2026-09-11T10:54:50.615246+00:00,A,2022-10-02T17:00:00+00:00
2022_04_MIN_NO,nfl,NFL,2022,4,2022-10-02,NO,MIN,25.0,28.0,2.77,1.5025125628140703,,-4.0,42.0,nflverse,2026-09-11T10:54:50.615246+00:00,A,2022-10-02T13:30:00+00:00
2022_04_NE_GB,nfl,NFL,2022,4,2022-10-02,GB,NE,27.0,24.0,1.2298850574712643,4.58,,10.0,40.5,nflverse,2026-09-11T10:54:50.615246+00:00,H,2022-10-02T20:25:00+00:00
2022_04_NYJ_PIT,nfl,NFL,2022,4,2022-10-02,PIT,NYJ,20.0,24.0,1.62111801242236,2.45,,3.0,41.0,nflverse,2026-09-11T10:54:50.615246+00:00,A,2022-10-02T17:00:00+00:00
2022_04_SEA_DET,nfl,NFL,2022,4,2022-10-02,DET,SEA,45.0,48.0,1.5917159763313609,2.51,,3.0,48.5,nflverse,2026-09-11T10:54:50.615246+00:00,A,2022-10-02T17:00:00+00:00
2022_04_TEN_IND,nfl,NFL,2022,4,2022-10-02,IND,TEN,17.0,24.0,1.4878048780487805,2.8200000000000003,,4.5,43.0,nflverse,2026-09-11T10:54:50.615246+00:00,A,2022-10-02T17:00:00+00:00
2022_04_WAS_DAL,nfl,NFL,2022,4,2022-10-02,DAL,WAS,25.0,10.0,1.6451612903225805,2.4,,3.0,40.5,nflverse,2026-09-11T10:54:50.615246+00:00,H,2022-10-02T17:00:00+00:00
2022_04_LA_SF,nfl,NFL,2022,4,2022-10-03,SF,LA,24.0,9.0,1.8064516129032258,2.12,,1.0,42.0,nflverse,2026-09-11T10:54:50.615246+00:00,H,2022-10-04T00:15:00+00:00
2022_05_IND_DEN,nfl,NFL,2022,5,2022-10-06,DEN,IND,9.0,12.0,1.5617977528089888,2.59,,3.5,42.0,nflverse,2026-09-11T10:54:50.615246+00:00,A,2022-10-07T00:15:00+00:00
2022_05_ATL_TB,nfl,NFL,2022,5,2022-10-09,TB,ATL,21.0,15.0,1.2325581395348837,4.55,,10.5,46.0,nflverse,2026-09-11T10:54:50.615246+00:00,H,2022-10-09T17:00:00+00:00
2022_05_CHI_MIN,nfl,NFL,2022,5,2022-10-09,MIN,CHI,29.0,22.0,1.2597402597402598,4.220000000000001,,10.0,44.0,nflverse,2026-09-11T10:54:50.615246+00:00,H,2022-10-09T17:00:00+00:00
2022_05_CIN_BAL,nfl,NFL,2022,5,2022-10-09,BAL,CIN,19.0,17.0,1.5952380952380953,2.51,,3.0,47.5,nflverse,2026-09-11T10:54:50.615246+00:00,H,2022-10-10T00:20:00+00:00
2022_05_DAL_LA,nfl,NFL,2022,5,2022-10-09,LA,DAL,10.0,22.0,1.4545454545454546,2.95,,5.5,42.0,nflverse,2026-09-11T10:54:50.615246+00:00,A,2022-10-09T20:25:00+00:00
2022_05_DET_NE,nfl,NFL,2022,5,2022-10-09,NE,DET,29.0,0.0,1.6756756756756757,2.33,,3.0,46.5,nflverse,2026-09-11T10:54:50.615246+00:00,H,2022-10-09T17:00:00+00:00
2022_05_HOU_JAX,nfl,NFL,2022,5,2022-10-09,JAX,HOU,6.0,13.0,1.3289473684210527,3.61,,7.0,44.0,nflverse,2026-09-11T10:54:50.615246+00:00,A,2022-10-09T17:00:00+00:00
2022_05_LAC_CLE,nfl,NFL,2022,5,2022-10-09,CLE,LAC,28.0,30.0,2.0300000000000002,1.8771929824561404,,-1.0,47.0,nflverse,2026-09-11T10:54:50.615246+00:00,A,2022-10-09T17:00:00+00:00
2022_05_MIA_NYJ,nfl,NFL,2022,5,2022-10-09,NYJ,MIA,40.0,17.0,2.46,1.617283950617284,,-3.0,46.0,nflverse,2026-09-11T10:54:50.615246+00:00,H,2022-10-09T17:00:00+00:00
2022_05_NYG_GB,nfl,NFL,2022,5,2022-10-09,GB,NYG,22.0,27.0,1.251889168765743,4.3100000000000005,,8.5,42.0,nflverse,2026-09-11T10:54:50.615246+00:00,A,2022-10-09T13:30:00+00:00
2022_05_PHI_ARI,nfl,NFL,2022,5,2022-10-09,ARI,PHI,17.0,20.0,2.96,1.4504504504504505,,-5.5,48.5,nflverse,2026-09-11T10:54:50.615246+00:00,A,2022-10-09T20:25:00+00:00
2022_05_PIT_BUF,nfl,NFL,2022,5,2022-10-09,BUF,PIT,38.0,3.0,1.1335113484646195,6.68,,14.0,44.0,nflverse,2026-09-11T10:54:50.615246+00:00,H,2022-10-09T17:00:00+00:00
2022_05_SEA_NO,nfl,NFL,2022,5,2022-10-09,NO,SEA,39.0,32.0,1.4366812227074237,3.01,,5.5,45.5,nflverse,2026-09-11T10:54:50.615246+00:00,H,2022-10-09T17:00:00+00:00
2022_05_SF_CAR,nfl,NFL,2022,5,2022-10-09,CAR,SF,15.0,37.0,3.06,1.4273504273504274,,-6.0,40.0,nflverse,2026-09-11T10:54:50.615246+00:00,A,2022-10-09T20:05:00+00:00
2022_05_TEN_WAS,nfl,NFL,2022,5,2022-10-09,WAS,TEN,17.0,21.0,2.0,1.9090909090909092,,-1.0,43.0,nflverse,2026-09-11T10:54:50.615246+00:00,A,2022-10-09T17:00:00+00:00
2022_05_LV_KC,nfl,NFL,2022,5,2022-10-10,KC,LV,30.0,29.0,1.3115264797507789,3.75,,7.5,51.5,nflverse,2026-09-11T10:54:50.615246+00:00,H,2022-10-11T00:15:00+00:00
2022_06_WAS_CHI,nfl,NFL,2022,6,2022-10-13,CHI,WAS,7.0,12.0,2.09,1.8333333333333335,,-1.0,38.5,nflverse,2026-09-11T10:54:50.615246+00:00,A,2022-10-14T00:15:00+00:00
2022_06_ARI_SEA,nfl,NFL,2022,6,2022-10-16,SEA,ARI,19.0,9.0,2.23,1.7352941176470589,,-2.5,50.0,nflverse,2026-09-11T10:54:50.615246+00:00,H,2022-10-16T20:05:00+00:00
2022_06_BAL_NYG,nfl,NFL,2022,6,2022-10-16,NYG,BAL,24.0,20.0,3.06,1.4273504273504274,,-5.5,46.0,nflverse,2026-09-11T10:54:50.615246+00:00,H,2022-10-16T17:00:00+00:00
2022_06_BUF_KC,nfl,NFL,2022,6,2022-10-16,KC,BUF,20.0,24.0,2.3200000000000003,1.6849315068493151,,-2.5,54.0,nflverse,2026-09-11T10:54:50.615246+00:00,A,2022-10-16T20:25:00+00:00
2022_06_CAR_LA,nfl,NFL,2022,6,2022-10-16,LA,CAR,24.0,10.0,1.242130750605327,4.43,,10.0,41.5,nflverse,2026-09-11T10:54:50.615246+00:00,H,2022-10-16T20:05:00+00:00
2022_06_CIN_NO,nfl,NFL,2022,6,2022-10-16,NO,CIN,26.0,30.0,2.48,1.6097560975609757,,-3.0,42.5,nflverse,2026-09-11T10:54:50.615246+00:00,A,2022-10-16T17:00:00+00:00
2022_06_DAL_PHI,nfl,NFL,2022,6,2022-10-16,PHI,DAL,26.0,17.0,1.3424657534246576,3.52,,6.5,42.5,nflverse,2026-09-11T10:54:50.615246+00:00,H,2022-10-17T00:20:00+00:00
2022_06_JAX_IND,nfl,NFL,2022,6,2022-10-16,IND,JAX,34.0,27.0,1.819672131147541,2.1,,1.0,41.0,nflverse,2026-09-11T10:54:50.615246+00:00,H,2022-10-16T17:00:00+00:00
2022_06_MIN_MIA,nfl,NFL,2022,6,2022-10-16,MIA,MIN,16.0,24.0,2.5700000000000003,1.5714285714285714,,-3.0,45.0,nflverse,2026-09-11T10:54:50.615246+00:00,A,2022-10-16T17:00:00+00:00
2022_06_NE_CLE,nfl,NFL,2022,6,2022-10-16,CLE,NE,15.0,38.0,1.7142857142857144,2.27,,2.5,43.0,nflverse,2026-09-11T10:54:50.615246+00:00,A,2022-10-16T17:00:00+00:00
2022_06_NYJ_GB,nfl,NFL,2022,6,2022-10-16,GB,NYJ,10.0,27.0,1.276243093922652,4.05,,7.5,44.5,nflverse,2026-09-11T10:54:50.615246+00:00,A,2022-10-16T17:00:00+00:00
2022_06_SF_ATL,nfl,NFL,2022,6,2022-10-16,ATL,SF,28.0,14.0,2.66,1.5405405405405406,,-3.5,46.0,nflverse,2026-09-11T10:54:50.615246+00:00,H,2022-10-16T17:00:00+00:00
2022_06_TB_PIT,nfl,NFL,2022,6,2022-10-16,PIT,TB,20.0,18.0,4.23,1.2590673575129534,,-10.0,47.0,nflverse,2026-09-11T10:54:50.615246+00:00,H,2022-10-16T17:00:00+00:00
2022_06_DEN_LAC,nfl,NFL,2022,6,2022-10-17,LAC,DEN,19.0,16.0,1.5376344086021505,2.66,,3.5,45.5,nflverse,2026-09-11T10:54:50.615246+00:00,H,2022-10-18T00:15:00+00:00
2022_07_NO_ARI,nfl,NFL,2022,7,2022-10-20,ARI,NO,42.0,34.0,1.7142857142857144,2.26,,2.5,44.0,nflverse,2026-09-11T10:54:50.615246+00:00,H,2022-10-21T00:15:00+00:00
2022_07_ATL_CIN,nfl,NFL,2022,7,2022-10-23,CIN,ATL,35.0,17.0,1.3690036900369003,3.35,,6.5,47.5,nflverse,2026-09-11T10:54:50.615246+00:00,H,2022-10-23T17:00:00+00:00
2022_07_CLE_BAL,nfl,NFL,2022,7,2022-10-23,BAL,CLE,23.0,20.0,1.3546099290780143,3.44,,6.5,46.0,nflverse,2026-09-11T10:54:50.615246+00:00,H,2022-10-23T17:00:00+00:00
2022_07_DET_DAL,nfl,NFL,2022,7,2022-10-23,DAL,DET,24.0,6.0,1.3597122302158273,3.41,,7.0,49.5,nflverse,2026-09-11T10:54:50.615246+00:00,H,2022-10-23T17:00:00+00:00
2022_07_GB_WAS,nfl,NFL,2022,7,2022-10-23,WAS,GB,23.0,21.0,2.73,1.5128205128205128,,-4.0,41.5,nflverse,2026-09-11T10:54:50.615246+00:00,H,2022-10-23T17:00:00+00:00
2022_07_HOU_LV,nfl,NFL,2022,7,2022-10-23,LV,HOU,38.0,20.0,1.3076923076923077,3.78,,7.0,46.0,nflverse,2026-09-11T10:54:50.615246+00:00,H,2022-10-23T20:05:00+00:00
2022_07_IND_TEN,nfl,NFL,2022,7,2022-10-23,TEN,IND,19.0,10.0,1.6993006993006992,2.29,,2.5,43.0,nflverse,2026-09-11T10:54:50.615246+00:00,H,2022-10-23T17:00:00+00:00
2022_07_KC_SF,nfl,NFL,2022,7,2022-10-23,SF,KC,23.0,44.0,1.9615384615384617,1.9433962264150944,,-1.0,49.0,nflverse,2026-09-11T10:54:50.615246+00:00,A,2022-10-23T20:25:00+00:00
2022_07_NYG_JAX,nfl,NFL,2022,7,2022-10-23,JAX,NYG,17.0,23.0,1.606060606060606,2.48,,3.0,44.0,nflverse,2026-09-11T10:54:50.615246+00:00,A,2022-10-23T17:00:00+00:00
2022_07_NYJ_DEN,nfl,NFL,2022,7,2022-10-23,DEN,NYJ,9.0,16.0,2.15,1.7874015748031495,,-2.0,37.0,nflverse,2026-09-11T10:54:50.615246+00:00,A,2022-10-23T20:05:00+00:00
2022_07_PIT_MIA,nfl,NFL,2022,7,2022-10-23,MIA,PIT,16.0,10.0,1.3367003367003367,3.55,,7.5,44.5,nflverse,2026-09-11T10:54:50.615246+00:00,H,2022-10-24T00:20:00+00:00
2022_07_SEA_LAC,nfl,NFL,2022,7,2022-10-23,LAC,SEA,23.0,37.0,1.45662100456621,2.9299999999999997,,5.5,51.5,nflverse,2026-09-11T10:54:50.615246+00:00,A,2022-10-23T20:25:00+00:00
2022_07_TB_CAR,nfl,NFL,2022,7,2022-10-23,CAR,TB,21.0,3.0,6.24,1.1470588235294117,,-13.0,39.5,nflverse,2026-09-11T10:54:50.615246+00:00,H,2022-10-23T17:00:00+00:00
2022_07_CHI_NE,nfl,NFL,2022,7,2022-10-24,NE,CHI,14.0,33.0,1.2551020408163265,4.27,,9.5,40.0,nflverse,2026-09-11T10:54:50.615246+00:00,A,2022-10-25T00:15:00+00:00
2022_08_BAL_TB,nfl,NFL,2022,8,2022-10-27,TB,BAL,22.0,27.0,1.78125,2.16,,2.0,46.0,nflverse,2026-09-11T10:54:50.615246+00:00,A,2022-10-28T00:15:00+00:00
2022_08_ARI_MIN,nfl,NFL,2022,8,2022-10-30,MIN,ARI,34.0,26.0,1.5025125628140703,2.77,,4.0,48.5,nflverse,2026-09-11T10:54:50.615246+00:00,H,2022-10-30T17:00:00+00:00
2022_08_CAR_ATL,nfl,NFL,2022,8,2022-10-30,ATL,CAR,37.0,34.0,1.4975124378109452,2.7800000000000002,,4.5,41.0,nflverse,2026-09-11T10:54:50.615246+00:00,H,2022-10-30T17:00:00+00:00
2022_08_CHI_DAL,nfl,NFL,2022,8,2022-10-30,DAL,CHI,49.0,29.0,1.2325581395348837,4.55,,10.5,43.0,nflverse,2026-09-11T10:54:50.615246+00:00,H,2022-10-30T17:00:00+00:00
2022_08_DEN_JAX,nfl,NFL,2022,8,2022-10-30,JAX,DEN,17.0,21.0,1.9345794392523366,1.970873786407767,,1.0,41.0,nflverse,2026-09-11T10:54:50.615246+00:00,A,2022-10-30T13:30:00+00:00
2022_08_GB_BUF,nfl,NFL,2022,8,2022-10-30,BUF,GB,27.0,17.0,1.2247191011235956,4.65,,10.5,47.0,nflverse,2026-09-11T10:54:50.615246+00:00,H,2022-10-31T00:20:00+00:00
2022_08_LV_NO,nfl,NFL,2022,8,2022-10-30,NO,LV,24.0,0.0,2.08,1.8403361344537816,,-1.0,48.5,nflverse,2026-09-11T10:54:50.615246+00:00,H,2022-10-30T17:00:00+00:00
2022_08_MIA_DET,nfl,NFL,2022,8,2022-10-30,DET,MIA,27.0,31.0,2.69,1.526315789473684,,-3.5,52.0,nflverse,2026-09-11T10:54:50.615246+00:00,A,2022-10-30T17:00:00+00:00
2022_08_NE_NYJ,nfl,NFL,2022,8,2022-10-30,NYJ,NE,17.0,22.0,2.4,1.6451612903225805,,-3.0,40.0,nflverse,2026-09-11T10:54:50.615246+00:00,A,2022-10-30T17:00:00+00:00
2022_08_NYG_SEA,nfl,NFL,2022,8,2022-10-30,SEA,NYG,27.0,13.0,1.6097560975609757,2.4699999999999998,,3.0,44.5,nflverse,2026-09-11T10:54:50.615246+00:00,H,2022-10-30T20:25:00+00:00
2022_08_PIT_PHI,nfl,NFL,2022,8,2022-10-30,PHI,PIT,35.0,13.0,1.2040816326530612,4.970000000000001,,11.0,43.0,nflverse,2026-09-11T10:54:50.615246+00:00,H,2022-10-30T17:00:00+00:00
2022_08_SF_LA,nfl,NFL,2022,8,2022-10-30,LA,SF,14.0,31.0,1.9433962264150944,1.9615384615384617,,-1.0,42.0,nflverse,2026-09-11T10:54:50.615246+00:00,A,2022-10-30T20:25:00+00:00
2022_08_TEN_HOU,nfl,NFL,2022,8,2022-10-30,HOU,TEN,10.0,17.0,2.04,1.8695652173913042,,-1.0,39.0,nflverse,2026-09-11T10:54:50.615246+00:00,A,2022-10-30T20:05:00+00:00
2022_08_WAS_IND,nfl,NFL,2022,8,2022-10-30,IND,WAS,16.0,17.0,1.6622516556291391,2.3600000000000003,,3.0,40.5,nflverse,2026-09-11T10:54:50.615246+00:00,A,2022-10-30T20:25:00+00:00
2022_08_CIN_CLE,nfl,NFL,2022,8,2022-10-31,CLE,CIN,32.0,13.0,2.4699999999999998,1.6134969325153374,,-3.0,45.0,nflverse,2026-09-11T10:54:50.615246+00:00,H,2022-11-01T00:15:00+00:00
2022_09_PHI_HOU,nfl,NFL,2022,9,2022-11-03,HOU,PHI,17.0,29.0,6.39,1.1424501424501425,,-14.0,45.5,nflverse,2026-09-11T10:54:50.615246+00:00,A,2022-11-04T00:15:00+00:00
2022_09_BUF_NYJ,nfl,NFL,2022,9,2022-11-06,NYJ,BUF,20.0,17.0,5.0,1.2024291497975708,,-11.0,46.0,nflverse,2026-09-11T10:54:50.615246+00:00,H,2022-11-06T18:00:00+00:00
2022_09_CAR_CIN,nfl,NFL,2022,9,2022-11-06,CIN,CAR,42.0,21.0,1.3021148036253776,3.82,,7.0,43.0,nflverse,2026-09-11T10:54:50.615246+00:00,H,2022-11-06T18:00:00+00:00
2022_09_GB_DET,nfl,NFL,2022,9,2022-11-06,DET,GB,15.0,9.0,2.7,1.5235602094240837,,-4.0,49.5,nflverse,2026-09-11T10:54:50.615246+00:00,H,2022-11-06T18:00:00+00:00
2022_09_IND_NE,nfl,NFL,2022,9,2022-11-06,NE,IND,26.0,3.0,1.4716981132075473,2.88,,5.0,40.0,nflverse,2026-09-11T10:54:50.615246+00:00,H,2022-11-06T18:00:00+00:00
2022_09_LAC_ATL,nfl,NFL,2022,9,2022-11-06,ATL,LAC,17.0,20.0,2.3,1.6993006993006992,,-2.5,49.5,nflverse,2026-09-11T10:54:50.615246+00:00,A,2022-11-06T18:00:00+00:00
2022_09_LA_TB,nfl,NFL,2022,9,2022-11-06,TB,LA,16.0,13.0,1.6329113924050633,2.42,,3.0,43.0,nflverse,2026-09-11T10:54:50.615246+00:00,H,2022-11-06T21:25:00+00:00
2022_09_LV_JAX,nfl,NFL,2022,9,2022-11-06,JAX,LV,27.0,20.0,2.16,1.7751937984496124,,-2.5,47.5,nflverse,2026-09-11T10:54:50.615246+00:00,H,2022-11-06T18:00:00+00:00
2022_09_MIA_CHI,nfl,NFL,2022,9,2022-11-06,CHI,MIA,32.0,35.0,2.7199999999999998,1.5181347150259068,,-4.0,46.0,nflverse,2026-09-11T10:54:50.615246+00:00,A,2022-11-06T18:00:00+00:00
2022_09_MIN_WAS,nfl,NFL,2022,9,2022-11-06,WAS,MIN,17.0,20.0,2.51,1.5917159763313609,,-3.0,43.5,nflverse,2026-09-11T10:54:50.615246+00:00,A,2022-11-06T18:00:00+00:00
2022_09_SEA_ARI,nfl,NFL,2022,9,2022-11-06,ARI,SEA,21.0,31.0,1.78125,2.16,,1.5,49.5,nflverse,2026-09-11T10:54:50.615246+00:00,A,2022-11-06T21:05:00+00:00
2022_09_TEN_KC,nfl,NFL,2022,9,2022-11-06,KC,TEN,20.0,17.0,1.1451378809869377,6.3,,14.0,45.0,nflverse,2026-09-11T10:54:50.615246+00:00,H,2022-11-07T01:20:00+00:00
2022_09_BAL_NO,nfl,NFL,2022,9,2022-11-07,NO,BAL,13.0,27.0,2.12,1.8064516129032258,,-1.0,46.0,nflverse,2026-09-11T10:54:50.615246+00:00,A,2022-11-08T01:15:00+00:00
2022_10_ATL_CAR,nfl,NFL,2022,10,2022-11-10,CAR,ATL,25.0,15.0,2.19,1.7575757575757576,,-2.5,41.5,nflverse,2026-09-11T10:54:50.615246+00:00,H,2022-11-11T01:15:00+00:00
2022_10_ARI_LA,nfl,NFL,2022,10,2022-11-13,LA,ARI,17.0,27.0,1.5464480874316942,2.6,,3.5,38.0,nflverse,2026-09-11T10:54:50.615246+00:00,A,2022-11-13T21:25:00+00:00
2022_10_CLE_MIA,nfl,NFL,2022,10,2022-11-13,MIA,CLE,39.0,17.0,1.5649717514124295,2.58,,3.0,49.0,nflverse,2026-09-11T10:54:50.615246+00:00,H,2022-11-13T18:00:00+00:00
2022_10_DAL_GB,nfl,NFL,2022,10,2022-11-13,GB,DAL,31.0,28.0,2.77,1.5025125628140703,,-3.5,44.5,nflverse,2026-09-11T10:54:50.615246+00:00,H,2022-11-13T21:25:00+00:00
2022_10_DEN_TEN,nfl,NFL,2022,10,2022-11-13,TEN,DEN,17.0,10.0,1.7407407407407407,2.2199999999999998,,2.5,40.0,nflverse,2026-09-11T10:54:50.615246+00:00,H,2022-11-13T18:00:00+00:00
2022_10_DET_CHI,nfl,NFL,2022,10,2022-11-13,CHI,DET,30.0,31.0,1.6289308176100628,2.4299999999999997,,3.0,48.5,nflverse,2026-09-11T10:54:50.615246+00:00,A,2022-11-13T18:00:00+00:00
2022_10_HOU_NYG,nfl,NFL,2022,10,2022-11-13,NYG,HOU,24.0,16.0,1.4524886877828054,2.95,,5.5,41.5,nflverse,2026-09-11T10:54:50.615246+00:00,H,2022-11-13T18:00:00+00:00
2022_10_IND_LV,nfl,NFL,2022,10,2022-11-13,LV,IND,20.0,25.0,1.5025125628140703,2.77,,4.5,41.0,nflverse,2026-09-11T10:54:50.615246+00:00,A,2022-11-13T21:05:00+00:00
2022_10_JAX_KC,nfl,NFL,2022,10,2022-11-13,KC,JAX,27.0,17.0,1.25062656641604,4.33,,10.0,51.5,nflverse,2026-09-11T10:54:50.615246+00:00,H,2022-11-13T18:00:00+00:00
2022_10_LAC_SF,nfl,NFL,2022,10,2022-11-13,SF,LAC,22.0,16.0,1.280112044817927,4.02,,8.5,45.5,nflverse,2026-09-11T10:54:50.615246+00:00,H,2022-11-14T01:20:00+00:00
2022_10_MIN_BUF,nfl,NFL,2022,10,2022-11-13,BUF,MIN,30.0,33.0,1.378787878787879,3.3,,6.5,47.0,nflverse,2026-09-11T10:54:50.615246+00:00,A,2022-11-13T18:00:00+00:00
2022_10_NO_PIT,nfl,NFL,2022,10,2022-11-13,PIT,NO,20.0,10.0,1.8620689655172413,2.05,,1.0,39.5,nflverse,2026-09-11T10:54:50.615246+00:00,H,2022-11-13T18:00:00+00:00
2022_10_SEA_TB,nfl,NFL,2022,10,2022-11-13,TB,SEA,21.0,16.0,1.7246376811594204,2.24,,2.5,45.0,nflverse,2026-09-11T10:54:50.615246+00:00,H,2022-11-13T14:30:00+00:00
2022_10_WAS_PHI,nfl,NFL,2022,10,2022-11-14,PHI,WAS,21.0,32.0,1.1996007984031936,5.05,,11.0,43.0,nflverse,2026-09-11T10:54:50.615246+00:00,A,2022-11-15T01:15:00+00:00
2022_11_TEN_GB,nfl,NFL,2022,11,2022-11-17,GB,TEN,17.0,27.0,1.5847953216374269,2.5300000000000002,,3.0,40.5,nflverse,2026-09-11T10:54:50.615246+00:00,A,2022-11-18T01:15:00+00:00
2022_11_CAR_BAL,nfl,NFL,2022,11,2022-11-20,BAL,CAR,13.0,3.0,1.1545595054095827,6.03,,13.0,42.0,nflverse,2026-09-11T10:54:50.615246+00:00,H,2022-11-20T18:00:00+00:00
2022_11_CHI_ATL,nfl,NFL,2022,11,2022-11-20,ATL,CHI,27.0,24.0,1.7246376811594204,2.25,,3.0,48.5,nflverse,2026-09-11T10:54:50.615246+00:00,H,2022-11-20T18:00:00+00:00
2022_11_CIN_PIT,nfl,NFL,2022,11,2022-11-20,PIT,CIN,30.0,37.0,2.63,1.5494505494505495,,-3.5,39.0,nflverse,2026-09-11T10:54:50.615246+00:00,A,2022-11-20T21:25:00+00:00
2022_11_CLE_BUF,nfl,NFL,2022,11,2022-11-20,BUF,CLE,31.0,23.0,1.28328611898017,3.98,,7.5,50.5,nflverse,2026-09-11T10:54:50.615246+00:00,H,2022-11-20T18:00:00+00:00
2022_11_DAL_MIN,nfl,NFL,2022,11,2022-11-20,MIN,DAL,3.0,40.0,2.1799999999999997,1.7633587786259541,,-1.5,48.5,nflverse,2026-09-11T10:54:50.615246+00:00,A,2022-11-20T21:25:00+00:00
2022_11_DET_NYG,nfl,NFL,2022,11,2022-11-20,NYG,DET,18.0,31.0,1.6289308176100628,2.4299999999999997,,3.0,44.0,nflverse,2026-09-11T10:54:50.615246+00:00,A,2022-11-20T18:00:00+00:00
2022_11_KC_LAC,nfl,NFL,2022,11,2022-11-20,LAC,KC,27.0,30.0,3.03,1.432900432900433,,-5.5,52.5,nflverse,2026-09-11T10:54:50.615246+00:00,A,2022-11-21T01:20:00+00:00
2022_11_LA_NO,nfl,NFL,2022,11,2022-11-20,NO,LA,27.0,20.0,1.8064516129032258,2.12,,2.5,39.5,nflverse,2026-09-11T10:54:50.615246+00:00,H,2022-11-20T18:00:00+00:00
2022_11_LV_DEN,nfl,NFL,2022,11,2022-11-20,DEN,LV,16.0,22.0,1.6896551724137931,2.31,,2.5,41.5,nflverse,2026-09-11T10:54:50.615246+00:00,A,2022-11-20T21:05:00+00:00
2022_11_NYJ_NE,nfl,NFL,2022,11,2022-11-20,NE,NYJ,10.0,3.0,1.5494505494505495,2.63,,3.5,38.5,nflverse,2026-09-11T10:54:50.615246+00:00,H,2022-11-20T18:00:00+00:00
2022_11_PHI_IND,nfl,NFL,2022,11,2022-11-20,IND,PHI,16.0,17.0,3.35,1.3703703703703702,,-6.5,45.5,nflverse,2026-09-11T10:54:50.615246+00:00,A,2022-11-20T18:00:00+00:00
2022_11_WAS_HOU,nfl,NFL,2022,11,2022-11-20,HOU,WAS,10.0,23.0,2.35,1.6666666666666665,,-3.0,41.0,nflverse,2026-09-11T10:54:50.615246+00:00,A,2022-11-20T18:00:00+00:00
2022_11_SF_ARI,nfl,NFL,2022,11,2022-11-21,ARI,SF,10.0,38.0,4.5,1.2369668246445498,,-10.0,43.5,nflverse,2026-09-11T10:54:50.615246+00:00,A,2022-11-22T01:15:00+00:00
2022_12_BUF_DET,nfl,NFL,2022,12,2022-11-24,DET,BUF,25.0,28.0,4.42,1.2427184466019416,,-10.0,54.0,nflverse,2026-09-11T10:54:50.615246+00:00,A,2022-11-24T17:30:00+00:00
2022_12_NE_MIN,nfl,NFL,2022,12,2022-11-24,MIN,NE,33.0,26.0,1.7352941176470589,2.23,,2.5,42.5,nflverse,2026-09-11T10:54:50.615246+00:00,H,2022-11-25T01:20:00+00:00
2022_12_NYG_DAL,nfl,NFL,2022,12,2022-11-24,DAL,NYG,28.0,20.0,1.2267573696145124,4.63,,10.5,45.5,nflverse,2026-09-11T10:54:50.615246+00:00,H,2022-11-24T21:30:00+00:00
2022_12_ATL_WAS,nfl,NFL,2022,12,2022-11-27,WAS,ATL,19.0,13.0,1.5464480874316942,2.63,,3.5,40.5,nflverse,2026-09-11T10:54:50.615246+00:00,H,2022-11-27T18:00:00+00:00
2022_12_BAL_JAX,nfl,NFL,2022,12,2022-11-27,JAX,BAL,28.0,27.0,2.4699999999999998,1.6097560975609757,,-3.5,43.0,nflverse,2026-09-11T10:54:50.615246+00:00,H,2022-11-27T18:00:00+00:00
2022_12_CHI_NYJ,nfl,NFL,2022,12,2022-11-27,NYJ,CHI,31.0,10.0,1.2666666666666666,4.15,,8.5,36.5,nflverse,2026-09-11T10:54:50.615246+00:00,H,2022-11-27T18:00:00+00:00
2022_12_CIN_TEN,nfl,NFL,2022,12,2022-11-27,TEN,CIN,16.0,20.0,1.9523809523809523,1.9523809523809523,,-1.0,43.0,nflverse,2026-09-11T10:54:50.615246+00:00,A,2022-11-27T18:00:00+00:00
2022_12_DEN_CAR,nfl,NFL,2022,12,2022-11-27,CAR,DEN,23.0,10.0,2.05,1.8620689655172413,,-1.0,36.5,nflverse,2026-09-11T10:54:50.615246+00:00,H,2022-11-27T18:00:00+00:00
2022_12_GB_PHI,nfl,NFL,2022,12,2022-11-27,PHI,GB,40.0,33.0,1.3597122302158273,3.41,,6.5,46.0,nflverse,2026-09-11T10:54:50.615246+00:00,H,2022-11-28T01:20:00+00:00
2022_12_HOU_MIA,nfl,NFL,2022,12,2022-11-27,MIA,HOU,30.0,15.0,1.121654501216545,7.13,,14.0,47.0,nflverse,2026-09-11T10:54:50.615246+00:00,H,2022-11-27T18:00:00+00:00
2022_12_LAC_ARI,nfl,NFL,2022,12,2022-11-27,ARI,LAC,24.0,25.0,2.23,1.7352941176470589,,-2.5,48.5,nflverse,2026-09-11T10:54:50.615246+00:00,A,2022-11-27T21:05:00+00:00
2022_12_LA_KC,nfl,NFL,2022,12,2022-11-27,KC,LA,26.0,10.0,1.0919117647058822,8.68,,16.5,42.0,nflverse,2026-09-11T10:54:50.615246+00:00,H,2022-11-27T21:25:00+00:00
2022_12_LV_SEA,nfl,NFL,2022,12,2022-11-27,SEA,LV,34.0,40.0,1.510204081632653,2.74,,4.0,47.5,nflverse,2026-09-11T10:54:50.615246+00:00,A,2022-11-27T21:05:00+00:00
2022_12_NO_SF,nfl,NFL,2022,12,2022-11-27,SF,NO,13.0,0.0,1.2551020408163265,4.27,,9.5,44.0,nflverse,2026-09-11T10:54:50.615246+00:00,H,2022-11-27T21:25:00+00:00
2022_12_TB_CLE,nfl,NFL,2022,12,2022-11-27,CLE,TB,23.0,17.0,2.51,1.5917159763313609,,-3.0,42.0,nflverse,2026-09-11T10:54:50.615246+00:00,H,2022-11-27T18:00:00+00:00
2022_12_PIT_IND,nfl,NFL,2022,12,2022-11-28,IND,PIT,17.0,24.0,1.78125,2.16,,2.5,40.0,nflverse,2026-09-11T10:54:50.615246+00:00,A,2022-11-29T01:15:00+00:00
2022_13_BUF_NE,nfl,NFL,2022,13,2022-12-01,NE,BUF,10.0,24.0,2.65,1.5405405405405406,,-3.5,43.5,nflverse,2026-09-11T10:54:50.615246+00:00,A,2022-12-02T01:15:00+00:00
2022_13_CLE_HOU,nfl,NFL,2022,13,2022-12-04,HOU,CLE,14.0,27.0,3.8,1.303951367781155,,-7.5,47.0,nflverse,2026-09-11T10:54:50.615246+00:00,A,2022-12-04T18:00:00+00:00
2022_13_DEN_BAL,nfl,NFL,2022,13,2022-12-04,BAL,DEN,10.0,9.0,1.2881844380403458,3.94,,9.5,40.5,nflverse,2026-09-11T10:54:50.615246+00:00,H,2022-12-04T18:00:00+00:00
2022_13_GB_CHI,nfl,NFL,2022,13,2022-12-04,CHI,GB,19.0,28.0,2.63,1.5494505494505495,,-4.0,45.0,nflverse,2026-09-11T10:54:50.615246+00:00,A,2022-12-04T18:00:00+00:00
2022_13_IND_DAL,nfl,NFL,2022,13,2022-12-04,DAL,IND,54.0,19.0,1.2173913043478262,4.76,,11.0,44.5,nflverse,2026-09-11T10:54:50.615246+00:00,H,2022-12-05T01:20:00+00:00
2022_13_JAX_DET,nfl,NFL,2022,13,2022-12-04,DET,JAX,40.0,14.0,1.847457627118644,2.0700000000000003,,1.0,51.5,nflverse,2026-09-11T10:54:50.615246+00:00,H,2022-12-04T18:00:00+00:00
2022_13_KC_CIN,nfl,NFL,2022,13,2022-12-04,CIN,KC,27.0,24.0,2.2,1.7575757575757576,,-2.5,53.0,nflverse,2026-09-11T10:54:50.615246+00:00,H,2022-12-04T21:25:00+00:00
2022_13_LAC_LV,nfl,NFL,2022,13,2022-12-04,LV,LAC,27.0,20.0,1.7194244604316546,2.25,,2.5,49.0,nflverse,2026-09-11T10:54:50.615246+00:00,H,2022-12-04T21:25:00+00:00
2022_13_MIA_SF,nfl,NFL,2022,13,2022-12-04,SF,MIA,33.0,17.0,1.4504504504504505,2.96,,4.5,46.0,nflverse,2026-09-11T10:54:50.615246+00:00,H,2022-12-04T21:05:00+00:00
2022_13_NYJ_MIN,nfl,NFL,2022,13,2022-12-04,MIN,NYJ,27.0,22.0,1.6849315068493151,2.3200000000000003,,3.0,44.0,nflverse,2026-09-11T10:54:50.615246+00:00,H,2022-12-04T18:00:00+00:00
2022_13_PIT_ATL,nfl,NFL,2022,13,2022-12-04,ATL,PIT,16.0,19.0,2.0300000000000002,1.8849557522123894,,-1.0,43.0,nflverse,2026-09-11T10:54:50.615246+00:00,A,2022-12-04T18:00:00+00:00
2022_13_SEA_LA,nfl,NFL,2022,13,2022-12-04,LA,SEA,23.0,27.0,3.52,1.3424657534246576,,-7.0,41.0,nflverse,2026-09-11T10:54:50.615246+00:00,A,2022-12-04T21:05:00+00:00
2022_13_TEN_PHI,nfl,NFL,2022,13,2022-12-04,PHI,TEN,35.0,10.0,1.4694835680751175,2.8899999999999997,,5.0,44.5,nflverse,2026-09-11T10:54:50.615246+00:00,H,2022-12-04T18:00:00+00:00
2022_13_WAS_NYG,nfl,NFL,2022,13,2022-12-04,NYG,WAS,20.0,20.0,2.13,1.8064516129032258,,-2.5,40.0,nflverse,2026-09-11T10:54:50.615246+00:00,D,2022-12-04T18:00:00+00:00
2022_13_NO_TB,nfl,NFL,2022,13,2022-12-05,TB,NO,17.0,16.0,1.526315789473684,2.69,,3.5,41.0,nflverse,2026-09-11T10:54:50.615246+00:00,H,2022-12-06T01:15:00+00:00
2022_14_LV_LA,nfl,NFL,2022,14,2022-12-08,LA,LV,17.0,16.0,3.45,1.353356890459364,,-6.5,42.5,nflverse,2026-09-11T10:54:50.615246+00:00,H,2022-12-09T01:15:00+00:00
2022_14_BAL_PIT,nfl,NFL,2022,14,2022-12-11,PIT,BAL,14.0,16.0,1.8064516129032258,2.12,,1.5,37.0,nflverse,2026-09-11T10:54:50.615246+00:00,A,2022-12-11T18:00:00+00:00
2022_14_CAR_SEA,nfl,NFL,2022,14,2022-12-11,SEA,CAR,24.0,30.0,1.5,2.7800000000000002,,3.5,44.5,nflverse,2026-09-11T10:54:50.615246+00:00,A,2022-12-11T21:25:00+00:00
2022_14_CLE_CIN,nfl,NFL,2022,14,2022-12-11,CIN,CLE,23.0,10.0,1.4901960784313726,2.81,,4.5,47.0,nflverse,2026-09-11T10:54:50.615246+00:00,H,2022-12-11T18:00:00+00:00
2022_14_HOU_DAL,nfl,NFL,2022,14,2022-12-11,DAL,HOU,27.0,23.0,1.0732600732600732,10.18,,17.0,44.5,nflverse,2026-09-11T10:54:50.615246+00:00,H,2022-12-11T18:00:00+00:00
2022_14_JAX_TEN,nfl,NFL,2022,14,2022-12-11,TEN,JAX,22.0,36.0,1.5917159763313609,2.51,,3.0,42.0,nflverse,2026-09-11T10:54:50.615246+00:00,A,2022-12-11T18:00:00+00:00
2022_14_KC_DEN,nfl,NFL,2022,14,2022-12-11,DEN,KC,28.0,34.0,4.29,1.2538071065989849,,-8.5,44.5,nflverse,2026-09-11T10:54:50.615246+00:00,A,2022-12-11T21:05:00+00:00
2022_14_MIA_LAC,nfl,NFL,2022,14,2022-12-11,LAC,MIA,23.0,17.0,2.46,1.6134969325153374,,-3.0,54.5,nflverse,2026-09-11T10:54:50.615246+00:00,H,2022-12-12T01:20:00+00:00
2022_14_MIN_DET,nfl,NFL,2022,14,2022-12-11,DET,MIN,34.0,23.0,1.7575757575757576,2.19,,2.5,51.5,nflverse,2026-09-11T10:54:50.615246+00:00,H,2022-12-11T18:00:00+00:00
2022_14_NYJ_BUF,nfl,NFL,2022,14,2022-12-11,BUF,NYJ,20.0,12.0,1.2512562814070352,4.32,,10.0,43.5,nflverse,2026-09-11T10:54:50.615246+00:00,H,2022-12-11T18:00:00+00:00
2022_14_PHI_NYG,nfl,NFL,2022,14,2022-12-11,NYG,PHI,22.0,48.0,3.6,1.3311258278145695,,-7.5,44.5,nflverse,2026-09-11T10:54:50.615246+00:00,A,2022-12-11T18:00:00+00:00
2022_14_TB_SF,nfl,NFL,2022,14,2022-12-11,SF,TB,35.0,7.0,1.510204081632653,2.75,,3.5,38.0,nflverse,2026-09-11T10:54:50.615246+00:00,H,2022-12-11T21:25:00+00:00
2022_14_NE_ARI,nfl,NFL,2022,14,2022-12-12,ARI,NE,13.0,27.0,2.13,1.8,,-2.0,44.0,nflverse,2026-09-11T10:54:50.615246+00:00,A,2022-12-13T01:15:00+00:00
2022_15_SF_SEA,nfl,NFL,2022,15,2022-12-15,SEA,SF,13.0,21.0,2.52,1.5917159763313609,,-3.0,43.0,nflverse,2026-09-11T10:54:50.615246+00:00,A,2022-12-16T01:15:00+00:00
2022_15_BAL_CLE,nfl,NFL,2022,15,2022-12-17,CLE,BAL,13.0,3.0,1.6451612903225805,2.3899999999999997,,2.5,39.5,nflverse,2026-09-11T10:54:50.615246+00:00,H,2022-12-17T21:30:00+00:00
2022_15_IND_MIN,nfl,NFL,2022,15,2022-12-17,MIN,IND,39.0,36.0,1.5319148936170213,2.6799999999999997,,3.5,46.5,nflverse,2026-09-11T10:54:50.615246+00:00,H,2022-12-17T18:00:00+00:00
2022_15_MIA_BUF,nfl,NFL,2022,15,2022-12-17,BUF,MIA,32.0,29.0,1.3125,3.73,,7.0,44.0,nflverse,2026-09-11T10:54:50.615246+00:00,H,2022-12-18T01:15:00+00:00
2022_15_ARI_DEN,nfl,NFL,2022,15,2022-12-18,DEN,ARI,24.0,15.0,1.8264462809917354,2.1,,1.5,37.5,nflverse,2026-09-11T10:54:50.615246+00:00,H,2022-12-18T21:05:00+00:00
2022_15_ATL_NO,nfl,NFL,2022,15,2022-12-18,NO,ATL,21.0,18.0,1.432900432900433,3.03,,5.0,43.5,nflverse,2026-09-11T10:54:50.615246+00:00,H,2022-12-18T18:00:00+00:00
2022_15_CIN_TB,nfl,NFL,2022,15,2022-12-18,TB,CIN,23.0,34.0,2.5,1.5988023952095807,,-3.5,47.0,nflverse,2026-09-11T10:54:50.615246+00:00,A,2022-12-18T21:25:00+00:00
2022_15_DAL_JAX,nfl,NFL,2022,15,2022-12-18,JAX,DAL,40.0,34.0,2.6799999999999997,1.5319148936170213,,-4.0,48.5,nflverse,2026-09-11T10:54:50.615246+00:00,H,2022-12-18T18:00:00+00:00
2022_15_DET_NYJ,nfl,NFL,2022,15,2022-12-18,NYJ,DET,17.0,20.0,1.7575757575757576,2.2,,2.0,44.0,nflverse,2026-09-11T10:54:50.615246+00:00,A,2022-12-18T18:00:00+00:00
2022_15_KC_HOU,nfl,NFL,2022,15,2022-12-18,HOU,KC,24.0,30.0,6.72,1.1324503311258278,,-14.5,48.5,nflverse,2026-09-11T10:54:50.615246+00:00,A,2022-12-18T18:00:00+00:00
2022_15_NE_LV,nfl,NFL,2022,15,2022-12-18,LV,NE,30.0,24.0,1.7751937984496124,2.17,,1.0,45.0,nflverse,2026-09-11T10:54:50.615246+00:00,H,2022-12-18T21:05:00+00:00
2022_15_NYG_WAS,nfl,NFL,2022,15,2022-12-18,WAS,NYG,12.0,20.0,1.4926108374384237,2.8,,4.5,40.5,nflverse,2026-09-11T10:54:50.615246+00:00,A,2022-12-19T01:20:00+00:00
2022_15_PHI_CHI,nfl,NFL,2022,15,2022-12-18,CHI,PHI,20.0,25.0,4.23,1.2590673575129534,,-8.5,48.0,nflverse,2026-09-11T10:54:50.615246+00:00,A,2022-12-18T18:00:00+00:00
2022_15_PIT_CAR,nfl,NFL,2022,15,2022-12-18,CAR,PIT,16.0,24.0,1.6896551724137931,2.3,,2.5,36.5,nflverse,2026-09-11T10:54:50.615246+00:00,A,2022-12-18T18:00:00+00:00
2022_15_TEN_LAC,nfl,NFL,2022,15,2022-12-18,LAC,TEN,17.0,14.0,1.6329113924050633,2.42,,3.0,46.5,nflverse,2026-09-11T10:54:50.615246+00:00,H,2022-12-18T21:25:00+00:00
2022_15_LA_GB,nfl,NFL,2022,15,2022-12-19,GB,LA,24.0,12.0,1.2808988764044944,4.01,,8.0,39.5,nflverse,2026-09-11T10:54:50.615246+00:00,H,2022-12-20T01:15:00+00:00
2022_16_JAX_NYJ,nfl,NFL,2022,16,2022-12-22,NYJ,JAX,3.0,19.0,1.7352941176470589,2.23,,2.5,36.5,nflverse,2026-09-11T10:54:50.615246+00:00,A,2022-12-23T01:15:00+00:00
2022_16_ATL_BAL,nfl,NFL,2022,16,2022-12-24,BAL,ATL,17.0,9.0,1.364963503649635,3.38,,6.5,35.0,nflverse,2026-09-11T10:54:50.615246+00:00,H,2022-12-24T18:00:00+00:00
2022_16_BUF_CHI,nfl,NFL,2022,16,2022-12-24,CHI,BUF,13.0,35.0,4.04,1.2777777777777777,,-8.0,40.0,nflverse,2026-09-11T10:54:50.615246+00:00,A,2022-12-24T18:00:00+00:00
2022_16_CIN_NE,nfl,NFL,2022,16,2022-12-24,NE,CIN,18.0,22.0,2.3600000000000003,1.6622516556291391,,-3.0,42.0,nflverse,2026-09-11T10:54:50.615246+00:00,A,2022-12-24T18:00:00+00:00
2022_16_DET_CAR,nfl,NFL,2022,16,2022-12-24,CAR,DET,37.0,23.0,2.17,1.7751937984496124,,-2.5,43.5,nflverse,2026-09-11T10:54:50.615246+00:00,H,2022-12-24T18:00:00+00:00
2022_16_HOU_TEN,nfl,NFL,2022,16,2022-12-24,TEN,HOU,14.0,19.0,1.5882352941176472,2.5300000000000002,,3.0,34.0,nflverse,2026-09-11T10:54:50.615246+00:00,A,2022-12-24T19:00:00+00:00
2022_16_LV_PIT,nfl,NFL,2022,16,2022-12-24,PIT,LV,13.0,10.0,1.7092198581560285,2.27,,2.5,38.5,nflverse,2026-09-11T10:54:50.615246+00:00,H,2022-12-25T01:15:00+00:00
2022_16_NO_CLE,nfl,NFL,2022,16,2022-12-24,CLE,NO,10.0,17.0,1.5524861878453038,2.62,,3.0,32.0,nflverse,2026-09-11T10:54:50.615246+00:00,A,2022-12-24T18:00:00+00:00
2022_16_NYG_MIN,nfl,NFL,2022,16,2022-12-24,MIN,NYG,27.0,24.0,1.4651162790697674,2.91,,4.5,48.0,nflverse,2026-09-11T10:54:50.615246+00:00,H,2022-12-24T18:00:00+00:00
2022_16_PHI_DAL,nfl,NFL,2022,16,2022-12-24,DAL,PHI,40.0,34.0,1.5,2.7800000000000002,,4.0,48.0,nflverse,2026-09-11T10:54:50.615246+00:00,H,2022-12-24T21:25:00+00:00
2022_16_SEA_KC,nfl,NFL,2022,16,2022-12-24,KC,SEA,24.0,10.0,1.2237136465324385,4.67,,10.5,50.5,nflverse,2026-09-11T10:54:50.615246+00:00,H,2022-12-24T18:00:00+00:00
2022_16_WAS_SF,nfl,NFL,2022,16,2022-12-24,SF,WAS,37.0,20.0,1.3584229390681004,3.41,,6.5,37.5,nflverse,2026-09-11T10:54:50.615246+00:00,H,2022-12-24T21:05:00+00:00
2022_16_DEN_LA,nfl,NFL,2022,16,2022-12-25,LA,DEN,51.0,14.0,2.55,1.5780346820809248,,-3.0,36.5,nflverse,2026-09-11T10:54:50.615246+00:00,H,2022-12-25T21:30:00+00:00
2022_16_GB_MIA,nfl,NFL,2022,16,2022-12-25,MIA,GB,20.0,26.0,1.5494505494505495,2.63,,3.5,49.0,nflverse,2026-09-11T10:54:50.615246+00:00,A,2022-12-25T18:00:00+00:00
2022_16_TB_ARI,nfl,NFL,2022,16,2022-12-25,ARI,TB,16.0,19.0,3.73,1.3125,,-7.5,41.5,nflverse,2026-09-11T10:54:50.615246+00:00,A,2022-12-26T01:20:00+00:00
2022_16_LAC_IND,nfl,NFL,2022,16,2022-12-26,IND,LAC,3.0,20.0,2.65,1.5405405405405406,,-3.5,44.5,nflverse,2026-09-11T10:54:50.615246+00:00,A,2022-12-27T01:15:00+00:00
2022_17_DAL_TEN,nfl,NFL,2022,17,2022-12-29,TEN,DAL,13.0,27.0,6.63,1.1349527665317138,,-14.0,41.0,nflverse,2026-09-11T10:54:50.615246+00:00,A,2022-12-30T01:15:00+00:00
2022_17_ARI_ATL,nfl,NFL,2022,17,2023-01-01,ATL,ARI,20.0,19.0,1.3584229390681004,3.41,,7.0,41.0,nflverse,2026-09-11T10:54:50.615246+00:00,H,2023-01-01T18:00:00+00:00
2022_17_CAR_TB,nfl,NFL,2022,17,2023-01-01,TB,CAR,30.0,24.0,1.5434782608695652,2.6399999999999997,,3.5,40.5,nflverse,2026-09-11T10:54:50.615246+00:00,H,2023-01-01T18:00:00+00:00
2022_17_CHI_DET,nfl,NFL,2022,17,2023-01-01,DET,CHI,41.0,10.0,1.45662100456621,2.94,,4.5,52.5,nflverse,2026-09-11T10:54:50.615246+00:00,H,2023-01-01T18:00:00+00:00
2022_17_CLE_WAS,nfl,NFL,2022,17,2023-01-01,WAS,CLE,10.0,24.0,1.8547008547008548,2.06,,1.0,41.5,nflverse,2026-09-11T10:54:50.615246+00:00,A,2023-01-01T18:00:00+00:00
2022_17_DEN_KC,nfl,NFL,2022,17,2023-01-01,KC,DEN,27.0,24.0,1.140646976090014,6.44,,13.5,46.0,nflverse,2026-09-11T10:54:50.615246+00:00,H,2023-01-01T18:00:00+00:00
2022_17_IND_NYG,nfl,NFL,2022,17,2023-01-01,NYG,IND,38.0,10.0,1.4366812227074237,3.02,,5.5,38.5,nflverse,2026-09-11T10:54:50.615246+00:00,H,2023-01-01T18:00:00+00:00
2022_17_JAX_HOU,nfl,NFL,2022,17,2023-01-01,HOU,JAX,3.0,31.0,2.67,1.53475935828877,,-3.5,43.0,nflverse,2026-09-11T10:54:50.615246+00:00,A,2023-01-01T18:00:00+00:00
2022_17_LA_LAC,nfl,NFL,2022,17,2023-01-01,LAC,LA,31.0,10.0,1.353356890459364,3.44,,6.5,41.5,nflverse,2026-09-11T10:54:50.615246+00:00,H,2023-01-01T21:25:00+00:00
2022_17_MIA_NE,nfl,NFL,2022,17,2023-01-01,NE,MIA,23.0,21.0,1.625,2.44,,3.0,41.5,nflverse,2026-09-11T10:54:50.615246+00:00,H,2023-01-01T18:00:00+00:00
2022_17_MIN_GB,nfl,NFL,2022,17,2023-01-01,GB,MIN,41.0,17.0,1.5780346820809248,2.55,,3.0,47.5,nflverse,2026-09-11T10:54:50.615246+00:00,H,2023-01-01T21:25:00+00:00
2022_17_NO_PHI,nfl,NFL,2022,17,2023-01-01,PHI,NO,10.0,20.0,1.4444444444444444,2.98,,5.5,41.5,nflverse,2026-09-11T10:54:50.615246+00:00,A,2023-01-01T18:00:00+00:00
2022_17_NYJ_SEA,nfl,NFL,2022,17,2023-01-01,SEA,NYJ,23.0,6.0,2.02,1.8849557522123894,,-1.0,43.0,nflverse,2026-09-11T10:54:50.615246+00:00,H,2023-01-01T21:05:00+00:00
2022_17_PIT_BAL,nfl,NFL,2022,17,2023-01-01,BAL,PIT,13.0,16.0,1.8264462809917354,2.1,,1.0,35.5,nflverse,2026-09-11T10:54:50.615246+00:00,A,2023-01-02T01:20:00+00:00
2022_17_SF_LV,nfl,NFL,2022,17,2023-01-01,LV,SF,34.0,37.0,4.71,1.2207505518763797,,-10.0,41.5,nflverse,2026-09-11T10:54:50.615246+00:00,A,2023-01-01T21:05:00+00:00
2022_18_KC_LV,nfl,NFL,2022,18,2023-01-07,LV,KC,13.0,31.0,4.38,1.2457002457002457,,-9.0,51.5,nflverse,2026-09-11T10:54:50.615246+00:00,A,2023-01-07T21:30:00+00:00
2022_18_TEN_JAX,nfl,NFL,2022,18,2023-01-07,JAX,TEN,20.0,16.0,1.3846153846153846,3.27,,6.0,39.5,nflverse,2026-09-11T10:54:50.615246+00:00,H,2023-01-08T01:15:00+00:00
2022_18_ARI_SF,nfl,NFL,2022,18,2023-01-08,SF,ARI,38.0,13.0,1.0942507068803016,8.530000000000001,,14.0,40.0,nflverse,2026-09-11T10:54:50.615246+00:00,H,2023-01-08T21:25:00+00:00
2022_18_BAL_CIN,nfl,NFL,2022,18,2023-01-08,CIN,BAL,27.0,16.0,1.165837479270315,5.74,,11.0,39.0,nflverse,2026-09-11T10:54:50.615246+00:00,H,2023-01-08T18:00:00+00:00
2022_18_CAR_NO,nfl,NFL,2022,18,2023-01-08,NO,CAR,7.0,10.0,1.558659217877095,2.6,,3.5,41.5,nflverse,2026-09-11T10:54:50.615246+00:00,A,2023-01-08T18:00:00+00:00
2022_18_CLE_PIT,nfl,NFL,2022,18,2023-01-08,PIT,CLE,28.0,14.0,1.704225352112676,2.2800000000000002,,2.5,40.0,nflverse,2026-09-11T10:54:50.615246+00:00,H,2023-01-08T18:00:00+00:00
2022_18_DAL_WAS,nfl,NFL,2022,18,2023-01-08,WAS,DAL,26.0,6.0,3.74,1.3125,,-7.5,40.5,nflverse,2026-09-11T10:54:50.615246+00:00,H,2023-01-08T21:25:00+00:00
2022_18_DET_GB,nfl,NFL,2022,18,2023-01-08,GB,DET,16.0,20.0,1.3663003663003663,3.37,,5.5,49.0,nflverse,2026-09-11T10:54:50.615246+00:00,A,2023-01-09T01:20:00+00:00
2022_18_HOU_IND,nfl,NFL,2022,18,2023-01-08,IND,HOU,31.0,32.0,1.704225352112676,2.2800000000000002,,3.0,38.0,nflverse,2026-09-11T10:54:50.615246+00:00,A,2023-01-08T18:00:00+00:00
2022_18_LAC_DEN,nfl,NFL,2022,18,2023-01-08,DEN,LAC,31.0,28.0,1.3937007874015748,3.22,,6.0,38.5,nflverse,2026-09-11T10:54:50.615246+00:00,H,2023-01-08T21:25:00+00:00
2022_18_LA_SEA,nfl,NFL,2022,18,2023-01-08,SEA,LA,19.0,16.0,1.4464285714285714,2.98,,5.5,41.5,nflverse,2026-09-11T10:54:50.615246+00:00,H,2023-01-08T21:25:00+00:00
2022_18_MIN_CHI,nfl,NFL,2022,18,2023-01-08,CHI,MIN,13.0,29.0,3.27,1.3846153846153846,,-6.5,42.5,nflverse,2026-09-11T10:54:50.615246+00:00,A,2023-01-08T18:00:00+00:00
2022_18_NE_BUF,nfl,NFL,2022,18,2023-01-08,BUF,NE,35.0,23.0,1.2680965147453083,4.140000000000001,,8.0,44.0,nflverse,2026-09-11T10:54:50.615246+00:00,H,2023-01-08T18:00:00+00:00
2022_18_NYG_PHI,nfl,NFL,2022,18,2023-01-08,PHI,NYG,22.0,16.0,1.0798722044728435,9.58,,16.5,42.5,nflverse,2026-09-11T10:54:50.615246+00:00,H,2023-01-08T21:25:00+00:00
2022_18_NYJ_MIA,nfl,NFL,2022,18,2023-01-08,MIA,NYJ,11.0,6.0,1.5,2.7800000000000002,,3.5,37.5,nflverse,2026-09-11T10:54:50.615246+00:00,H,2023-01-08T18:00:00+00:00
2022_18_TB_ATL,nfl,NFL,2022,18,2023-01-08,ATL,TB,30.0,17.0,1.425531914893617,3.07,,6.0,40.5,nflverse,2026-09-11T10:54:50.615246+00:00,H,2023-01-08T18:00:00+00:00
2022_19_LAC_JAX,nfl,NFL,2022,19,2023-01-14,JAX,LAC,31.0,30.0,2.1399999999999997,1.7936507936507935,,-2.0,46.5,nflverse,2026-09-11T10:54:50.615246+00:00,H,2023-01-15T01:15:00+00:00
2022_19_SEA_SF,nfl,NFL,2022,19,2023-01-14,SF,SEA,41.0,23.0,1.2237136465324385,4.67,,10.0,42.0,nflverse,2026-09-11T10:54:50.615246+00:00,H,2023-01-14T21:30:00+00:00
2022_19_BAL_CIN,nfl,NFL,2022,19,2023-01-15,CIN,BAL,24.0,17.0,1.2702702702702702,4.109999999999999,,7.5,40.0,nflverse,2026-09-11T10:54:50.615246+00:00,H,2023-01-16T01:15:00+00:00
2022_19_MIA_BUF,nfl,NFL,2022,19,2023-01-15,BUF,MIA,34.0,31.0,1.1133786848072562,7.49,,14.0,44.0,nflverse,2026-09-11T10:54:50.615246+00:00,H,2023-01-15T18:00:00+00:00
2022_19_NYG_MIN,nfl,NFL,2022,19,2023-01-15,MIN,NYG,24.0,31.0,1.704225352112676,2.29,,2.5,48.0,nflverse,2026-09-11T10:54:50.615246+00:00,A,2023-01-15T21:50:00+00:00
2022_19_DAL_TB,nfl,NFL,2022,19,2023-01-16,TB,DAL,14.0,31.0,2.2199999999999998,1.7407407407407407,,-2.5,45.5,nflverse,2026-09-11T10:54:50.615246+00:00,A,2023-01-17T01:15:00+00:00
2022_20_JAX_KC,nfl,NFL,2022,20,2023-01-21,KC,JAX,27.0,20.0,1.2169197396963123,4.77,,10.0,52.5,nflverse,2026-09-11T10:54:50.615246+00:00,H,2023-01-21T21:30:00+00:00
2022_20_NYG_PHI,nfl,NFL,2022,20,2023-01-21,PHI,NYG,38.0,7.0,1.2777777777777777,4.04,,8.0,48.0,nflverse,2026-09-11T10:54:50.615246+00:00,H,2023-01-22T01:15:00+00:00
2022_20_CIN_BUF,nfl,NFL,2022,20,2023-01-22,BUF,CIN,10.0,27.0,1.3861003861003862,3.26,,6.0,48.5,nflverse,2026-09-11T10:54:50.615246+00:00,A,2023-01-22T20:00:00+00:00
2022_20_DAL_SF,nfl,NFL,2022,20,2023-01-22,SF,DAL,19.0,12.0,1.5464480874316942,2.6399999999999997,,3.5,46.5,nflverse,2026-09-11T10:54:50.615246+00:00,H,2023-01-22T23:30:00+00:00
2022_21_CIN_KC,nfl,NFL,2022,21,2023-01-29,KC,CIN,23.0,20.0,1.7633587786259541,2.19,,2.0,48.5,nflverse,2026-09-11T10:54:50.615246+00:00,H,2023-01-29T23:30:00+00:00
2022_21_SF_PHI,nfl,NFL,2022,21,2023-01-29,PHI,SF,31.0,7.0,1.6802721088435373,2.33,,2.5,45.0,nflverse,2026-09-11T10:54:50.615246+00:00,H,2023-01-29T20:00:00+00:00
2022_22_KC_PHI,nfl,NFL,2022,22,2023-02-12,PHI,KC,35.0,38.0,1.8695652173913042,2.04,,1.0,51.0,nflverse,2026-09-11T10:54:50.615246+00:00,A,2023-02-12T23:30:00+00:00
2023_01_DET_KC,nfl,NFL,2023,1,2023-09-07,KC,DET,20.0,21.0,1.5050505050505052,2.6399999999999997,,4.0,53.0,nflverse,2026-09-11T10:54:50.615246+00:00,A,2023-09-08T00:20:00+00:00
2023_01_ARI_WAS,nfl,NFL,2023,1,2023-09-10,WAS,ARI,20.0,16.0,1.2941176470588236,3.7,,7.0,38.0,nflverse,2026-09-11T10:54:50.615246+00:00,H,2023-09-10T17:00:00+00:00
2023_01_CAR_ATL,nfl,NFL,2023,1,2023-09-10,ATL,CAR,24.0,10.0,1.5208333333333335,2.6,,3.5,40.5,nflverse,2026-09-11T10:54:50.615246+00:00,H,2023-09-10T17:00:00+00:00
2023_01_CIN_CLE,nfl,NFL,2023,1,2023-09-10,CLE,CIN,24.0,3.0,1.925925925925926,1.8928571428571428,,-1.0,46.5,nflverse,2026-09-11T10:54:50.615246+00:00,H,2023-09-10T17:00:00+00:00
2023_01_DAL_NYG,nfl,NFL,2023,1,2023-09-10,NYG,DAL,0.0,40.0,2.42,1.5882352941176472,,-3.5,44.5,nflverse,2026-09-11T10:54:50.615246+00:00,A,2023-09-11T00:20:00+00:00
2023_01_GB_CHI,nfl,NFL,2023,1,2023-09-10,CHI,GB,20.0,38.0,1.847457627118644,1.9803921568627452,,1.0,41.0,nflverse,2026-09-11T10:54:50.615246+00:00,A,2023-09-10T20:25:00+00:00
2023_01_HOU_BAL,nfl,NFL,2023,1,2023-09-10,BAL,HOU,25.0,9.0,1.2,4.8,,9.5,43.5,nflverse,2026-09-11T10:54:50.615246+00:00,H,2023-09-10T17:00:00+00:00
2023_01_JAX_IND,nfl,NFL,2023,1,2023-09-10,IND,JAX,21.0,31.0,2.7,1.4878048780487805,,-4.0,45.5,nflverse,2026-09-11T10:54:50.615246+00:00,A,2023-09-10T17:00:00+00:00
2023_01_LA_SEA,nfl,NFL,2023,1,2023-09-10,SEA,LA,13.0,30.0,1.4587155963302751,2.8,,4.5,45.0,nflverse,2026-09-11T10:54:50.615246+00:00,A,2023-09-10T20:25:00+00:00
2023_01_LV_DEN,nfl,NFL,2023,1,2023-09-10,DEN,LV,16.0,17.0,1.617283950617284,2.3600000000000003,,3.0,43.0,nflverse,2026-09-11T10:54:50.615246+00:00,A,2023-09-10T20:25:00+00:00
2023_01_MIA_LAC,nfl,NFL,2023,1,2023-09-10,LAC,MIA,34.0,36.0,1.617283950617284,2.3600000000000003,,3.0,50.5,nflverse,2026-09-11T10:54:50.615246+00:00,A,2023-09-10T20:25:00+00:00
2023_01_PHI_NE,nfl,NFL,2023,1,2023-09-10,NE,PHI,20.0,25.0,2.54,1.5405405405405406,,-3.5,44.5,nflverse,2026-09-11T10:54:50.615246+00:00,A,2023-09-10T20:25:00+00:00
2023_01_SF_PIT,nfl,NFL,2023,1,2023-09-10,PIT,SF,7.0,30.0,2.0,1.8333333333333335,,-1.5,41.5,nflverse,2026-09-11T10:54:50.615246+00:00,A,2023-09-10T17:00:00+00:00
2023_01_TB_MIN,nfl,NFL,2023,1,2023-09-10,MIN,TB,17.0,20.0,1.4878048780487805,2.7,,4.0,45.0,nflverse,2026-09-11T10:54:50.615246+00:00,A,2023-09-10T17:00:00+00:00
2023_01_TEN_NO,nfl,NFL,2023,1,2023-09-10,NO,TEN,16.0,15.0,1.6756756756756757,2.24,,3.0,41.0,nflverse,2026-09-11T10:54:50.615246+00:00,H,2023-09-10T17:00:00+00:00
2023_01_BUF_NYJ,nfl,NFL,2023,1,2023-09-11,NYJ,BUF,22.0,16.0,2.1399999999999997,1.7407407407407407,,-2.5,44.5,nflverse,2026-09-11T10:54:50.615246+00:00,H,2023-09-12T00:15:00+00:00
2023_02_MIN_PHI,nfl,NFL,2023,2,2023-09-14,PHI,MIN,34.0,28.0,1.4201680672268908,2.95,,6.0,49.0,nflverse,2026-09-11T10:54:50.615246+00:00,H,2023-09-15T00:15:00+00:00
2023_02_BAL_CIN,nfl,NFL,2023,2,2023-09-17,CIN,BAL,24.0,27.0,1.5714285714285714,2.45,,3.5,45.5,nflverse,2026-09-11T10:54:50.615246+00:00,A,2023-09-17T17:00:00+00:00
2023_02_CHI_TB,nfl,NFL,2023,2,2023-09-17,TB,CHI,27.0,17.0,1.7407407407407407,2.1399999999999997,,2.5,41.0,nflverse,2026-09-11T10:54:50.615246+00:00,H,2023-09-17T17:00:00+00:00
2023_02_GB_ATL,nfl,NFL,2023,2,2023-09-17,ATL,GB,25.0,24.0,1.6756756756756757,2.24,,3.0,40.5,nflverse,2026-09-11T10:54:50.615246+00:00,H,2023-09-17T17:00:00+00:00
2023_02_IND_HOU,nfl,NFL,2023,2,2023-09-17,HOU,IND,20.0,31.0,1.9090909090909092,1.9090909090909092,,-1.0,40.0,nflverse,2026-09-11T10:54:50.615246+00:00,A,2023-09-17T17:00:00+00:00
2023_02_KC_JAX,nfl,NFL,2023,2,2023-09-17,JAX,KC,9.0,17.0,2.42,1.5882352941176472,,-3.5,50.5,nflverse,2026-09-11T10:54:50.615246+00:00,A,2023-09-17T17:00:00+00:00
2023_02_LAC_TEN,nfl,NFL,2023,2,2023-09-17,TEN,LAC,27.0,24.0,2.2,1.704225352112676,,-2.5,45.5,nflverse,2026-09-11T10:54:50.615246+00:00,H,2023-09-17T17:00:00+00:00
2023_02_LV_BUF,nfl,NFL,2023,2,2023-09-17,BUF,LV,38.0,10.0,1.2816901408450705,3.8,,7.5,47.0,nflverse,2026-09-11T10:54:50.615246+00:00,H,2023-09-17T17:00:00+00:00
2023_02_MIA_NE,nfl,NFL,2023,2,2023-09-17,NE,MIA,17.0,24.0,2.1,1.7692307692307692,,-2.0,46.5,nflverse,2026-09-11T10:54:50.615246+00:00,A,2023-09-18T00:20:00+00:00
2023_02_NYG_ARI,nfl,NFL,2023,2,2023-09-17,ARI,NYG,28.0,31.0,2.85,1.4444444444444444,,-5.0,40.0,nflverse,2026-09-11T10:54:50.615246+00:00,A,2023-09-17T20:05:00+00:00
2023_02_NYJ_DAL,nfl,NFL,2023,2,2023-09-17,DAL,NYJ,30.0,10.0,1.263157894736842,4.0,,8.5,38.5,nflverse,2026-09-11T10:54:50.615246+00:00,H,2023-09-17T20:25:00+00:00
2023_02_SEA_DET,nfl,NFL,2023,2,2023-09-17,DET,SEA,31.0,37.0,1.4587155963302751,2.8,,4.5,47.5,nflverse,2026-09-11T10:54:50.615246+00:00,A,2023-09-17T17:00:00+00:00
2023_02_SF_LA,nfl,NFL,2023,2,2023-09-17,LA,SF,23.0,30.0,3.7,1.2941176470588236,,-7.5,45.0,nflverse,2026-09-11T10:54:50.615246+00:00,A,2023-09-17T20:05:00+00:00
2023_02_WAS_DEN,nfl,NFL,2023,2,2023-09-17,DEN,WAS,33.0,35.0,1.5050505050505052,2.6399999999999997,,4.0,38.5,nflverse,2026-09-11T10:54:50.615246+00:00,A,2023-09-17T20:25:00+00:00
2023_02_CLE_PIT,nfl,NFL,2023,2,2023-09-18,PIT,CLE,26.0,22.0,2.24,1.6756756756756757,,-2.5,39.0,nflverse,2026-09-11T10:54:50.615246+00:00,H,2023-09-19T00:15:00+00:00
2023_02_NO_CAR,nfl,NFL,2023,2,2023-09-18,CAR,NO,17.0,20.0,2.45,1.5714285714285714,,-3.0,39.5,nflverse,2026-09-11T10:54:50.615246+00:00,A,2023-09-18T23:15:00+00:00
2023_03_NYG_SF,nfl,NFL,2023,3,2023-09-21,SF,NYG,30.0,12.0,1.1869158878504673,5.0,,10.5,43.5,nflverse,2026-09-11T10:54:50.615246+00:00,H,2023-09-22T00:15:00+00:00
2023_03_ATL_DET,nfl,NFL,2023,3,2023-09-24,DET,ATL,20.0,6.0,1.6024096385542168,2.4,,3.0,47.5,nflverse,2026-09-11T10:54:50.615246+00:00,H,2023-09-24T17:00:00+00:00
2023_03_BUF_WAS,nfl,NFL,2023,3,2023-09-24,WAS,BUF,3.0,37.0,3.0,1.4081632653061225,,-5.5,44.0,nflverse,2026-09-11T10:54:50.615246+00:00,A,2023-09-24T17:00:00+00:00
2023_03_CAR_SEA,nfl,NFL,2023,3,2023-09-24,SEA,CAR,37.0,27.0,1.4444444444444444,2.85,,5.0,42.5,nflverse,2026-09-11T10:54:50.615246+00:00,H,2023-09-24T20:05:00+00:00
2023_03_CHI_KC,nfl,NFL,2023,3,2023-09-24,KC,CHI,41.0,10.0,1.1333333333333333,6.25,,13.0,48.0,nflverse,2026-09-11T10:54:50.615246+00:00,H,2023-09-24T20:25:00+00:00
2023_03_DAL_ARI,nfl,NFL,2023,3,2023-09-24,ARI,DAL,28.0,16.0,5.7,1.1538461538461537,,-11.5,43.5,nflverse,2026-09-11T10:54:50.615246+00:00,H,2023-09-24T20:25:00+00:00
2023_03_DEN_MIA,nfl,NFL,2023,3,2023-09-24,MIA,DEN,70.0,20.0,1.4,3.05,,6.0,47.5,nflverse,2026-09-11T10:54:50.615246+00:00,H,2023-09-24T17:00:00+00:00
2023_03_HOU_JAX,nfl,NFL,2023,3,2023-09-24,JAX,HOU,17.0,37.0,1.263157894736842,4.0,,7.5,43.5,nflverse,2026-09-11T10:54:50.615246+00:00,A,2023-09-24T17:00:00+00:00
2023_03_IND_BAL,nfl,NFL,2023,3,2023-09-24,BAL,IND,19.0,22.0,1.263157894736842,4.0,,7.5,43.5,nflverse,2026-09-11T10:54:50.615246+00:00,A,2023-09-24T17:00:00+00:00
2023_03_LAC_MIN,nfl,NFL,2023,3,2023-09-24,MIN,LAC,24.0,28.0,1.9090909090909092,1.9090909090909092,,1.0,54.0,nflverse,2026-09-11T10:54:50.615246+00:00,A,2023-09-24T17:00:00+00:00
2023_03_NE_NYJ,nfl,NFL,2023,3,2023-09-24,NYJ,NE,10.0,15.0,2.2,1.704225352112676,,-2.5,35.5,nflverse,2026-09-11T10:54:50.615246+00:00,A,2023-09-24T17:00:00+00:00
2023_03_NO_GB,nfl,NFL,2023,3,2023-09-24,GB,NO,18.0,17.0,2.05,1.8,,-1.5,41.5,nflverse,2026-09-11T10:54:50.615246+00:00,H,2023-09-24T17:00:00+00:00
2023_03_PIT_LV,nfl,NFL,2023,3,2023-09-24,LV,PIT,18.0,23.0,1.6756756756756757,2.24,,3.0,43.5,nflverse,2026-09-11T10:54:50.615246+00:00,A,2023-09-25T00:20:00+00:00
2023_03_TEN_CLE,nfl,NFL,2023,3,2023-09-24,CLE,TEN,27.0,3.0,1.5405405405405406,2.54,,3.5,38.0,nflverse,2026-09-11T10:54:50.615246+00:00,H,2023-09-24T17:00:00+00:00
2023_03_LA_CIN,nfl,NFL,2023,3,2023-09-25,CIN,LA,19.0,16.0,1.617283950617284,2.3600000000000003,,3.0,45.5,nflverse,2026-09-11T10:54:50.615246+00:00,H,2023-09-26T00:15:00+00:00
2023_03_PHI_TB,nfl,NFL,2023,3,2023-09-25,TB,PHI,11.0,25.0,3.1,1.3875968992248062,,-6.0,44.0,nflverse,2026-09-11T10:54:50.615246+00:00,A,2023-09-25T23:15:00+00:00
2023_04_DET_GB,nfl,NFL,2023,4,2023-09-28,GB,DET,20.0,34.0,2.2,1.704225352112676,,-2.5,45.0,nflverse,2026-09-11T10:54:50.615246+00:00,A,2023-09-29T00:15:00+00:00
2023_04_ARI_SF,nfl,NFL,2023,4,2023-10-01,SF,ARI,35.0,16.0,1.0909090909090908,8.0,,15.0,44.0,nflverse,2026-09-11T10:54:50.615246+00:00,H,2023-10-01T20:25:00+00:00
2023_04_ATL_JAX,nfl,NFL,2023,4,2023-10-01,JAX,ATL,23.0,7.0,1.5405405405405406,2.54,,3.5,42.5,nflverse,2026-09-11T10:54:50.615246+00:00,H,2023-10-01T13:30:00+00:00
2023_04_BAL_CLE,nfl,NFL,2023,4,2023-10-01,CLE,BAL,3.0,28.0,2.1399999999999997,1.7407407407407407,,-2.0,38.5,nflverse,2026-09-11T10:54:50.615246+00:00,A,2023-10-01T17:00:00+00:00
2023_04_CIN_TEN,nfl,NFL,2023,4,2023-10-01,TEN,CIN,27.0,3.0,2.3600000000000003,1.617283950617284,,-2.5,41.5,nflverse,2026-09-11T10:54:50.615246+00:00,H,2023-10-01T17:00:00+00:00
2023_04_DEN_CHI,nfl,NFL,2023,4,2023-10-01,CHI,DEN,28.0,31.0,2.3600000000000003,1.617283950617284,,-3.0,47.0,nflverse,2026-09-11T10:54:50.615246+00:00,A,2023-10-01T17:00:00+00:00
2023_04_KC_NYJ,nfl,NFL,2023,4,2023-10-01,NYJ,KC,20.0,23.0,4.7,1.2061855670103092,,-9.5,41.5,nflverse,2026-09-11T10:54:50.615246+00:00,A,2023-10-02T00:20:00+00:00
2023_04_LA_IND,nfl,NFL,2023,4,2023-10-01,IND,LA,23.0,29.0,1.9523809523809523,1.8695652173913042,,-1.0,44.5,nflverse,2026-09-11T10:54:50.615246+00:00,A,2023-10-01T17:00:00+00:00
2023_04_LV_LAC,nfl,NFL,2023,4,2023-10-01,LAC,LV,24.0,17.0,1.3225806451612903,3.5,,7.0,49.0,nflverse,2026-09-11T10:54:50.615246+00:00,H,2023-10-01T20:05:00+00:00
2023_04_MIA_BUF,nfl,NFL,2023,4,2023-10-01,BUF,MIA,48.0,20.0,1.704225352112676,2.2,,2.5,53.0,nflverse,2026-09-11T10:54:50.615246+00:00,H,2023-10-01T17:00:00+00:00
2023_04_MIN_CAR,nfl,NFL,2023,4,2023-10-01,CAR,MIN,13.0,21.0,2.85,1.4444444444444444,,-4.5,46.5,nflverse,2026-09-11T10:54:50.615246+00:00,A,2023-10-01T17:00:00+00:00
2023_04_NE_DAL,nfl,NFL,2023,4,2023-10-01,DAL,NE,38.0,3.0,1.3508771929824561,3.3,,6.5,43.0,nflverse,2026-09-11T10:54:50.615246+00:00,H,2023-10-01T20:25:00+00:00
2023_04_PIT_HOU,nfl,NFL,2023,4,2023-10-01,HOU,PIT,30.0,6.0,2.3600000000000003,1.617283950617284,,-3.0,41.5,nflverse,2026-09-11T10:54:50.615246+00:00,H,2023-10-01T17:00:00+00:00
2023_04_TB_NO,nfl,NFL,2023,4,2023-10-01,NO,TB,9.0,26.0,1.4878048780487805,2.7,,4.0,41.0,nflverse,2026-09-11T10:54:50.615246+00:00,A,2023-10-01T17:00:00+00:00
2023_04_WAS_PHI,nfl,NFL,2023,4,2023-10-01,PHI,WAS,34.0,31.0,1.2197802197802199,4.5,,9.5,43.0,nflverse,2026-09-11T10:54:50.615246+00:00,H,2023-10-01T17:00:00+00:00
2023_04_SEA_NYG,nfl,NFL,2023,4,2023-10-02,NYG,SEA,3.0,24.0,2.2,1.704225352112676,,-2.5,46.5,nflverse,2026-09-11T10:54:50.615246+00:00,A,2023-10-03T00:15:00+00:00
2023_05_CHI_WAS,nfl,NFL,2023,5,2023-10-05,WAS,CHI,20.0,40.0,1.3875968992248062,3.1,,6.0,45.5,nflverse,2026-09-11T10:54:50.615246+00:00,A,2023-10-06T00:15:00+00:00
2023_05_BAL_PIT,nfl,NFL,2023,5,2023-10-08,PIT,BAL,17.0,10.0,2.9,1.434782608695652,,-4.5,38.5,nflverse,2026-09-11T10:54:50.615246+00:00,H,2023-10-08T17:00:00+00:00
2023_05_CAR_DET,nfl,NFL,2023,5,2023-10-08,DET,CAR,42.0,24.0,1.2197802197802199,4.5,,9.5,43.5,nflverse,2026-09-11T10:54:50.615246+00:00,H,2023-10-08T17:00:00+00:00
2023_05_CIN_ARI,nfl,NFL,2023,5,2023-10-08,ARI,CIN,20.0,34.0,2.42,1.5882352941176472,,-3.0,45.5,nflverse,2026-09-11T10:54:50.615246+00:00,A,2023-10-08T20:05:00+00:00
2023_05_DAL_SF,nfl,NFL,2023,5,2023-10-08,SF,DAL,42.0,10.0,1.5555555555555556,2.5,,3.5,45.0,nflverse,2026-09-11T10:54:50.615246+00:00,H,2023-10-09T00:20:00+00:00
2023_05_HOU_ATL,nfl,NFL,2023,5,2023-10-08,ATL,HOU,21.0,19.0,1.704225352112676,2.2,,2.5,42.0,nflverse,2026-09-11T10:54:50.615246+00:00,H,2023-10-08T17:00:00+00:00
2023_05_JAX_BUF,nfl,NFL,2023,5,2023-10-08,BUF,JAX,20.0,25.0,1.4,3.05,,5.5,48.5,nflverse,2026-09-11T10:54:50.615246+00:00,A,2023-10-08T13:30:00+00:00
2023_05_KC_MIN,nfl,NFL,2023,5,2023-10-08,MIN,KC,20.0,27.0,2.5,1.5555555555555556,,-3.5,52.5,nflverse,2026-09-11T10:54:50.615246+00:00,A,2023-10-08T20:25:00+00:00
2023_05_NO_NE,nfl,NFL,2023,5,2023-10-08,NE,NO,0.0,34.0,1.7407407407407407,2.1399999999999997,,2.5,38.5,nflverse,2026-09-11T10:54:50.615246+00:00,A,2023-10-08T17:00:00+00:00
2023_05_NYG_MIA,nfl,NFL,2023,5,2023-10-08,MIA,NYG,31.0,16.0,1.1333333333333333,6.25,,12.5,47.5,nflverse,2026-09-11T10:54:50.615246+00:00,H,2023-10-08T17:00:00+00:00
2023_05_NYJ_DEN,nfl,NFL,2023,5,2023-10-08,DEN,NYJ,21.0,31.0,1.7407407407407407,2.1399999999999997,,2.5,42.5,nflverse,2026-09-11T10:54:50.615246+00:00,A,2023-10-08T20:25:00+00:00
2023_05_PHI_LA,nfl,NFL,2023,5,2023-10-08,LA,PHI,14.0,23.0,2.6,1.5208333333333335,,-3.5,50.5,nflverse,2026-09-11T10:54:50.615246+00:00,A,2023-10-08T20:05:00+00:00
2023_05_TEN_IND,nfl,NFL,2023,5,2023-10-08,IND,TEN,23.0,16.0,2.2,1.704225352112676,,-2.5,43.5,nflverse,2026-09-11T10:54:50.615246+00:00,H,2023-10-08T17:00:00+00:00
2023_05_GB_LV,nfl,NFL,2023,5,2023-10-09,LV,GB,17.0,13.0,1.847457627118644,1.9803921568627452,,1.0,45.0,nflverse,2026-09-11T10:54:50.615246+00:00,H,2023-10-10T00:15:00+00:00
2023_06_DEN_KC,nfl,NFL,2023,6,2023-10-12,KC,DEN,19.0,8.0,1.1538461538461537,5.7,,10.5,47.5,nflverse,2026-09-11T10:54:50.615246+00:00,H,2023-10-13T00:15:00+00:00
2023_06_ARI_LA,nfl,NFL,2023,6,2023-10-15,LA,ARI,26.0,9.0,1.2941176470588236,3.7,,7.0,48.0,nflverse,2026-09-11T10:54:50.615246+00:00,H,2023-10-15T20:25:00+00:00
2023_06_BAL_TEN,nfl,NFL,2023,6,2023-10-15,TEN,BAL,16.0,24.0,3.05,1.4,,-5.5,42.5,nflverse,2026-09-11T10:54:50.615246+00:00,A,2023-10-15T13:30:00+00:00
2023_06_CAR_MIA,nfl,NFL,2023,6,2023-10-15,MIA,CAR,42.0,21.0,1.0909090909090908,8.0,,14.0,47.5,nflverse,2026-09-11T10:54:50.615246+00:00,H,2023-10-15T17:00:00+00:00
2023_06_DET_TB,nfl,NFL,2023,6,2023-10-15,TB,DET,6.0,20.0,2.3600000000000003,1.617283950617284,,-3.0,43.5,nflverse,2026-09-11T10:54:50.615246+00:00,A,2023-10-15T20:25:00+00:00
2023_06_IND_JAX,nfl,NFL,2023,6,2023-10-15,JAX,IND,37.0,20.0,1.4878048780487805,2.7,,4.0,44.0,nflverse,2026-09-11T10:54:50.615246+00:00,H,2023-10-15T17:00:00+00:00
2023_06_MIN_CHI,nfl,NFL,2023,6,2023-10-15,CHI,MIN,13.0,19.0,2.4,1.6024096385542168,,-3.0,44.5,nflverse,2026-09-11T10:54:50.615246+00:00,A,2023-10-15T17:00:00+00:00
2023_06_NE_LV,nfl,NFL,2023,6,2023-10-15,LV,NE,21.0,17.0,1.6756756756756757,2.24,,3.0,41.5,nflverse,2026-09-11T10:54:50.615246+00:00,H,2023-10-15T20:05:00+00:00
2023_06_NO_HOU,nfl,NFL,2023,6,2023-10-15,HOU,NO,20.0,13.0,2.1,1.7692307692307692,,-2.0,42.5,nflverse,2026-09-11T10:54:50.615246+00:00,H,2023-10-15T17:00:00+00:00
2023_06_NYG_BUF,nfl,NFL,2023,6,2023-10-15,BUF,NYG,14.0,9.0,1.0833333333333333,8.5,,15.5,43.5,nflverse,2026-09-11T10:54:50.615246+00:00,H,2023-10-16T00:20:00+00:00
2023_06_PHI_NYJ,nfl,NFL,2023,6,2023-10-15,NYJ,PHI,20.0,14.0,3.45,1.3278688524590163,,-6.5,43.0,nflverse,2026-09-11T10:54:50.615246+00:00,H,2023-10-15T20:25:00+00:00
2023_06_SEA_CIN,nfl,NFL,2023,6,2023-10-15,CIN,SEA,17.0,13.0,1.6451612903225805,2.3,,3.0,45.5,nflverse,2026-09-11T10:54:50.615246+00:00,H,2023-10-15T17:00:00+00:00
2023_06_SF_CLE,nfl,NFL,2023,6,2023-10-15,CLE,SF,19.0,17.0,4.6,1.2127659574468086,,-9.5,36.0,nflverse,2026-09-11T10:54:50.615246+00:00,H,2023-10-15T17:00:00+00:00
2023_06_WAS_ATL,nfl,NFL,2023,6,2023-10-15,ATL,WAS,16.0,24.0,1.8,2.05,,1.5,42.0,nflverse,2026-09-11T10:54:50.615246+00:00,A,2023-10-15T17:00:00+00:00
2023_06_DAL_LAC,nfl,NFL,2023,6,2023-10-16,LAC,DAL,17.0,20.0,2.1,1.7692307692307692,,-1.5,49.5,nflverse,2026-09-11T10:54:50.615246+00:00,A,2023-10-17T00:15:00+00:00
2023_07_JAX_NO,nfl,NFL,2023,7,2023-10-19,NO,JAX,24.0,31.0,1.6756756756756757,2.24,,2.5,41.0,nflverse,2026-09-11T10:54:50.615246+00:00,A,2023-10-20T00:15:00+00:00
2023_07_ARI_SEA,nfl,NFL,2023,7,2023-10-22,SEA,ARI,20.0,10.0,1.2197802197802199,4.5,,9.5,43.5,nflverse,2026-09-11T10:54:50.615246+00:00,H,2023-10-22T20:05:00+00:00
2023_07_ATL_TB,nfl,NFL,2023,7,2023-10-22,TB,ATL,13.0,16.0,1.6756756756756757,2.24,,3.0,37.5,nflverse,2026-09-11T10:54:50.615246+00:00,A,2023-10-22T17:00:00+00:00
2023_07_BUF_NE,nfl,NFL,2023,7,2023-10-22,NE,BUF,29.0,25.0,4.1,1.2531645569620253,,-7.5,41.0,nflverse,2026-09-11T10:54:50.615246+00:00,H,2023-10-22T17:00:00+00:00
2023_07_CLE_IND,nfl,NFL,2023,7,2023-10-22,IND,CLE,38.0,39.0,2.5,1.5555555555555556,,-3.5,40.0,nflverse,2026-09-11T10:54:50.615246+00:00,A,2023-10-22T17:00:00+00:00
2023_07_DET_BAL,nfl,NFL,2023,7,2023-10-22,BAL,DET,38.0,6.0,1.617283950617284,2.3600000000000003,,3.0,43.5,nflverse,2026-09-11T10:54:50.615246+00:00,H,2023-10-22T17:00:00+00:00
2023_07_GB_DEN,nfl,NFL,2023,7,2023-10-22,DEN,GB,19.0,17.0,1.847457627118644,1.9803921568627452,,1.5,44.0,nflverse,2026-09-11T10:54:50.615246+00:00,H,2023-10-22T20:25:00+00:00
2023_07_LAC_KC,nfl,NFL,2023,7,2023-10-22,KC,LAC,31.0,17.0,1.3773584905660377,3.15,,5.5,48.5,nflverse,2026-09-11T10:54:50.615246+00:00,H,2023-10-22T20:25:00+00:00
2023_07_LV_CHI,nfl,NFL,2023,7,2023-10-22,CHI,LV,30.0,12.0,2.2,1.704225352112676,,-2.5,38.5,nflverse,2026-09-11T10:54:50.615246+00:00,H,2023-10-22T17:00:00+00:00
2023_07_MIA_PHI,nfl,NFL,2023,7,2023-10-22,PHI,MIA,31.0,17.0,1.6451612903225805,2.3,,3.0,52.0,nflverse,2026-09-11T10:54:50.615246+00:00,H,2023-10-23T00:20:00+00:00
2023_07_PIT_LA,nfl,NFL,2023,7,2023-10-22,LA,PIT,17.0,24.0,1.5714285714285714,2.45,,3.5,44.0,nflverse,2026-09-11T10:54:50.615246+00:00,A,2023-10-22T20:05:00+00:00
2023_07_WAS_NYG,nfl,NFL,2023,7,2023-10-22,NYG,WAS,14.0,7.0,2.3600000000000003,1.617283950617284,,-3.0,37.0,nflverse,2026-09-11T10:54:50.615246+00:00,H,2023-10-22T17:00:00+00:00
2023_07_SF_MIN,nfl,NFL,2023,7,2023-10-23,MIN,SF,22.0,17.0,3.6,1.3076923076923077,,-7.0,44.5,nflverse,2026-09-11T10:54:50.615246+00:00,H,2023-10-24T00:15:00+00:00
2023_08_TB_BUF,nfl,NFL,2023,8,2023-10-26,BUF,TB,24.0,18.0,1.2061855670103092,4.7,,10.0,43.0,nflverse,2026-09-11T10:54:50.615246+00:00,H,2023-10-27T00:15:00+00:00
2023_08_ATL_TEN,nfl,NFL,2023,8,2023-10-29,TEN,ATL,28.0,23.0,2.1,1.7692307692307692,,-2.5,35.0,nflverse,2026-09-11T10:54:50.615246+00:00,H,2023-10-29T17:00:00+00:00
2023_08_BAL_ARI,nfl,NFL,2023,8,2023-10-29,ARI,BAL,24.0,31.0,4.8,1.2,,-9.5,44.5,nflverse,2026-09-11T10:54:50.615246+00:00,A,2023-10-29T20:25:00+00:00
2023_08_CHI_LAC,nfl,NFL,2023,8,2023-10-29,LAC,CHI,30.0,13.0,1.2272727272727273,4.4,,9.5,46.0,nflverse,2026-09-11T10:54:50.615246+00:00,H,2023-10-30T00:20:00+00:00
2023_08_CIN_SF,nfl,NFL,2023,8,2023-10-29,SF,CIN,17.0,31.0,1.4878048780487805,2.7,,4.0,44.0,nflverse,2026-09-11T10:54:50.615246+00:00,A,2023-10-29T20:25:00+00:00
2023_08_CLE_SEA,nfl,NFL,2023,8,2023-10-29,SEA,CLE,24.0,20.0,1.5050505050505052,2.6399999999999997,,4.0,39.5,nflverse,2026-09-11T10:54:50.615246+00:00,H,2023-10-29T20:05:00+00:00
2023_08_HOU_CAR,nfl,NFL,2023,8,2023-10-29,CAR,HOU,15.0,13.0,2.3600000000000003,1.617283950617284,,-3.0,43.0,nflverse,2026-09-11T10:54:50.615246+00:00,H,2023-10-29T17:00:00+00:00
2023_08_JAX_PIT,nfl,NFL,2023,8,2023-10-29,PIT,JAX,10.0,20.0,2.1399999999999997,1.7407407407407407,,-2.5,41.0,nflverse,2026-09-11T10:54:50.615246+00:00,A,2023-10-29T17:00:00+00:00
2023_08_KC_DEN,nfl,NFL,2023,8,2023-10-29,DEN,KC,24.0,9.0,3.7,1.2941176470588236,,-7.0,45.5,nflverse,2026-09-11T10:54:50.615246+00:00,H,2023-10-29T20:25:00+00:00
2023_08_LA_DAL,nfl,NFL,2023,8,2023-10-29,DAL,LA,43.0,20.0,1.3225806451612903,3.5,,6.5,44.5,nflverse,2026-09-11T10:54:50.615246+00:00,H,2023-10-29T17:00:00+00:00
2023_08_MIN_GB,nfl,NFL,2023,8,2023-10-29,GB,MIN,10.0,24.0,1.925925925925926,1.8928571428571428,,-1.0,41.5,nflverse,2026-09-11T10:54:50.615246+00:00,A,2023-10-29T17:00:00+00:00
2023_08_NE_MIA,nfl,NFL,2023,8,2023-10-29,MIA,NE,31.0,17.0,1.263157894736842,4.0,,7.5,46.5,nflverse,2026-09-11T10:54:50.615246+00:00,H,2023-10-29T17:00:00+00:00
2023_08_NO_IND,nfl,NFL,2023,8,2023-10-29,IND,NO,27.0,38.0,2.1,1.7692307692307692,,-2.0,43.5,nflverse,2026-09-11T10:54:50.615246+00:00,A,2023-10-29T17:00:00+00:00
2023_08_NYJ_NYG,nfl,NFL,2023,8,2023-10-29,NYG,NYJ,10.0,13.0,2.3600000000000003,1.617283950617284,,-3.0,35.0,nflverse,2026-09-11T10:54:50.615246+00:00,A,2023-10-29T17:00:00+00:00
2023_08_PHI_WAS,nfl,NFL,2023,8,2023-10-29,WAS,PHI,31.0,38.0,3.45,1.3278688524590163,,-7.0,42.5,nflverse,2026-09-11T10:54:50.615246+00:00,A,2023-10-29T17:00:00+00:00
2023_08_LV_DET,nfl,NFL,2023,8,2023-10-30,DET,LV,26.0,14.0,1.2941176470588236,3.7,,7.0,46.0,nflverse,2026-09-11T10:54:50.615246+00:00,H,2023-10-31T00:15:00+00:00
2023_09_TEN_PIT,nfl,NFL,2023,9,2023-11-02,PIT,TEN,20.0,16.0,1.5714285714285714,2.45,,3.5,37.0,nflverse,2026-09-11T10:54:50.615246+00:00,H,2023-11-03T00:15:00+00:00
2023_09_ARI_CLE,nfl,NFL,2023,9,2023-11-05,CLE,ARI,27.0,0.0,1.1333333333333333,6.25,,13.0,38.0,nflverse,2026-09-11T10:54:50.615246+00:00,H,2023-11-05T18:00:00+00:00
2023_09_BUF_CIN,nfl,NFL,2023,9,2023-11-05,CIN,BUF,24.0,18.0,1.8,2.05,,1.5,51.0,nflverse,2026-09-11T10:54:50.615246+00:00,H,2023-11-06T01:20:00+00:00
2023_09_CHI_NO,nfl,NFL,2023,9,2023-11-05,NO,CHI,24.0,17.0,1.2272727272727273,4.4,,9.0,42.0,nflverse,2026-09-11T10:54:50.615246+00:00,H,2023-11-05T18:00:00+00:00
2023_09_DAL_PHI,nfl,NFL,2023,9,2023-11-05,PHI,DAL,28.0,23.0,1.5714285714285714,2.45,,3.5,46.5,nflverse,2026-09-11T10:54:50.615246+00:00,H,2023-11-05T21:25:00+00:00
2023_09_IND_CAR,nfl,NFL,2023,9,2023-11-05,CAR,IND,13.0,27.0,2.1,1.7692307692307692,,-1.5,45.0,nflverse,2026-09-11T10:54:50.615246+00:00,A,2023-11-05T21:05:00+00:00
2023_09_LA_GB,nfl,NFL,2023,9,2023-11-05,GB,LA,20.0,3.0,1.5050505050505052,2.6,,3.5,38.0,nflverse,2026-09-11T10:54:50.615246+00:00,H,2023-11-05T18:00:00+00:00
2023_09_MIA_KC,nfl,NFL,2023,9,2023-11-05,KC,MIA,21.0,14.0,1.8695652173913042,1.9523809523809523,,1.0,51.0,nflverse,2026-09-11T10:54:50.615246+00:00,H,2023-11-05T14:30:00+00:00
2023_09_MIN_ATL,nfl,NFL,2023,9,2023-11-05,ATL,MIN,28.0,31.0,1.5208333333333335,2.6,,3.5,38.5,nflverse,2026-09-11T10:54:50.615246+00:00,A,2023-11-05T18:00:00+00:00
2023_09_NYG_LV,nfl,NFL,2023,9,2023-11-05,LV,NYG,30.0,6.0,1.847457627118644,1.9803921568627452,,1.0,38.5,nflverse,2026-09-11T10:54:50.615246+00:00,H,2023-11-05T21:25:00+00:00
2023_09_SEA_BAL,nfl,NFL,2023,9,2023-11-05,BAL,SEA,37.0,3.0,1.3703703703703702,3.2,,6.0,44.5,nflverse,2026-09-11T10:54:50.615246+00:00,H,2023-11-05T18:00:00+00:00
2023_09_TB_HOU,nfl,NFL,2023,9,2023-11-05,HOU,TB,39.0,37.0,1.6756756756756757,2.24,,2.5,39.5,nflverse,2026-09-11T10:54:50.615246+00:00,H,2023-11-05T18:00:00+00:00
2023_09_WAS_NE,nfl,NFL,2023,9,2023-11-05,NE,WAS,17.0,20.0,1.6451612903225805,2.3,,2.5,40.5,nflverse,2026-09-11T10:54:50.615246+00:00,A,2023-11-05T18:00:00+00:00
2023_09_LAC_NYJ,nfl,NFL,2023,9,2023-11-06,NYJ,LAC,6.0,27.0,2.42,1.5882352941176472,,-3.0,41.0,nflverse,2026-09-11T10:54:50.615246+00:00,A,2023-11-07T01:15:00+00:00
2023_10_CAR_CHI,nfl,NFL,2023,10,2023-11-09,CHI,CAR,16.0,13.0,1.5555555555555556,2.5,,3.0,38.0,nflverse,2026-09-11T10:54:50.615246+00:00,H,2023-11-10T01:15:00+00:00
2023_10_ATL_ARI,nfl,NFL,2023,10,2023-11-12,ARI,ATL,25.0,23.0,2.1,1.7692307692307692,,-2.0,43.5,nflverse,2026-09-11T10:54:50.615246+00:00,H,2023-11-12T21:05:00+00:00
2023_10_CLE_BAL,nfl,NFL,2023,10,2023-11-12,BAL,CLE,31.0,33.0,1.3875968992248062,3.1,,6.0,38.5,nflverse,2026-09-11T10:54:50.615246+00:00,A,2023-11-12T18:00:00+00:00
2023_10_DET_LAC,nfl,NFL,2023,10,2023-11-12,LAC,DET,38.0,41.0,2.2,1.704225352112676,,-2.5,48.5,nflverse,2026-09-11T10:54:50.615246+00:00,A,2023-11-12T21:05:00+00:00
2023_10_GB_PIT,nfl,NFL,2023,10,2023-11-12,PIT,GB,23.0,19.0,1.6024096385542168,2.4,,3.0,38.5,nflverse,2026-09-11T10:54:50.615246+00:00,H,2023-11-12T18:00:00+00:00
2023_10_HOU_CIN,nfl,NFL,2023,10,2023-11-12,CIN,HOU,27.0,30.0,1.4,3.05,,5.5,46.0,nflverse,2026-09-11T10:54:50.615246+00:00,A,2023-11-12T18:00:00+00:00
2023_10_IND_NE,nfl,NFL,2023,10,2023-11-12,NE,IND,6.0,10.0,1.9803921568627452,1.847457627118644,,-1.0,42.0,nflverse,2026-09-11T10:54:50.615246+00:00,A,2023-11-12T14:30:00+00:00
2023_10_NO_MIN,nfl,NFL,2023,10,2023-11-12,MIN,NO,27.0,19.0,2.3,1.6451612903225805,,-3.0,41.0,nflverse,2026-09-11T10:54:50.615246+00:00,H,2023-11-12T18:00:00+00:00
2023_10_NYG_DAL,nfl,NFL,2023,10,2023-11-12,DAL,NYG,49.0,17.0,1.0476190476190477,12.0,,17.5,38.5,nflverse,2026-09-11T10:54:50.615246+00:00,H,2023-11-12T21:25:00+00:00
2023_10_NYJ_LV,nfl,NFL,2023,10,2023-11-12,LV,NYJ,16.0,12.0,1.9523809523809523,1.8695652173913042,,-1.0,35.5,nflverse,2026-09-11T10:54:50.615246+00:00,H,2023-11-13T01:20:00+00:00
2023_10_SF_JAX,nfl,NFL,2023,10,2023-11-12,JAX,SF,3.0,34.0,2.42,1.5882352941176472,,-3.0,44.5,nflverse,2026-09-11T10:54:50.615246+00:00,A,2023-11-12T18:00:00+00:00
2023_10_TEN_TB,nfl,NFL,2023,10,2023-11-12,TB,TEN,20.0,6.0,1.704225352112676,2.2,,2.5,39.5,nflverse,2026-09-11T10:54:50.615246+00:00,H,2023-11-12T18:00:00+00:00
2023_10_WAS_SEA,nfl,NFL,2023,10,2023-11-12,SEA,WAS,29.0,26.0,1.3703703703703702,3.2,,6.0,44.0,nflverse,2026-09-11T10:54:50.615246+00:00,H,2023-11-12T21:25:00+00:00
2023_10_DEN_BUF,nfl,NFL,2023,10,2023-11-13,BUF,DEN,22.0,24.0,1.2531645569620253,4.1,,7.5,47.5,nflverse,2026-09-11T10:54:50.615246+00:00,A,2023-11-14T01:15:00+00:00
2023_11_CIN_BAL,nfl,NFL,2023,11,2023-11-16,BAL,CIN,34.0,20.0,1.4878048780487805,2.7,,4.0,46.5,nflverse,2026-09-11T10:54:50.615246+00:00,H,2023-11-17T01:15:00+00:00
2023_11_ARI_HOU,nfl,NFL,2023,11,2023-11-19,HOU,ARI,21.0,16.0,1.4,3.05,,5.5,48.0,nflverse,2026-09-11T10:54:50.615246+00:00,H,2023-11-19T18:00:00+00:00
2023_11_CHI_DET,nfl,NFL,2023,11,2023-11-19,DET,CHI,31.0,26.0,1.2272727272727273,4.4,,8.0,48.0,nflverse,2026-09-11T10:54:50.615246+00:00,H,2023-11-19T18:00:00+00:00
2023_11_DAL_CAR,nfl,NFL,2023,11,2023-11-19,CAR,DAL,10.0,33.0,5.7,1.1538461538461537,,-11.0,43.0,nflverse,2026-09-11T10:54:50.615246+00:00,A,2023-11-19T18:00:00+00:00
2023_11_LAC_GB,nfl,NFL,2023,11,2023-11-19,GB,LAC,23.0,20.0,2.3600000000000003,1.617283950617284,,-3.0,44.0,nflverse,2026-09-11T10:54:50.615246+00:00,H,2023-11-19T18:00:00+00:00
2023_11_LV_MIA,nfl,NFL,2023,11,2023-11-19,MIA,LV,20.0,13.0,1.0909090909090908,8.0,,14.0,44.5,nflverse,2026-09-11T10:54:50.615246+00:00,H,2023-11-19T18:00:00+00:00
2023_11_MIN_DEN,nfl,NFL,2023,11,2023-11-19,DEN,MIN,21.0,20.0,1.704225352112676,2.2,,2.5,43.5,nflverse,2026-09-11T10:54:50.615246+00:00,H,2023-11-20T01:20:00+00:00
2023_11_NYG_WAS,nfl,NFL,2023,11,2023-11-19,WAS,NYG,19.0,31.0,1.2531645569620253,4.1,,7.5,39.0,nflverse,2026-09-11T10:54:50.615246+00:00,A,2023-11-19T18:00:00+00:00
2023_11_NYJ_BUF,nfl,NFL,2023,11,2023-11-19,BUF,NYJ,32.0,6.0,1.2531645569620253,4.1,,8.0,39.5,nflverse,2026-09-11T10:54:50.615246+00:00,H,2023-11-19T21:25:00+00:00
2023_11_PIT_CLE,nfl,NFL,2023,11,2023-11-19,CLE,PIT,13.0,10.0,1.704225352112676,2.2,,2.5,34.0,nflverse,2026-09-11T10:54:50.615246+00:00,H,2023-11-19T18:00:00+00:00
2023_11_SEA_LA,nfl,NFL,2023,11,2023-11-19,LA,SEA,17.0,16.0,1.7407407407407407,2.1399999999999997,,2.5,45.0,nflverse,2026-09-11T10:54:50.615246+00:00,H,2023-11-19T21:25:00+00:00
2023_11_TB_SF,nfl,NFL,2023,11,2023-11-19,SF,TB,27.0,14.0,1.1052631578947367,7.25,,13.5,41.5,nflverse,2026-09-11T10:54:50.615246+00:00,H,2023-11-19T21:05:00+00:00
2023_11_TEN_JAX,nfl,NFL,2023,11,2023-11-19,JAX,TEN,34.0,14.0,1.3448275862068966,3.35,,6.5,40.0,nflverse,2026-09-11T10:54:50.615246+00:00,H,2023-11-19T18:00:00+00:00
2023_11_PHI_KC,nfl,NFL,2023,11,2023-11-20,KC,PHI,17.0,21.0,1.6756756756756757,2.24,,2.5,46.0,nflverse,2026-09-11T10:54:50.615246+00:00,A,2023-11-21T01:15:00+00:00
2023_12_GB_DET,nfl,NFL,2023,12,2023-11-23,DET,GB,22.0,29.0,1.2352941176470589,4.3,,8.5,47.0,nflverse,2026-09-11T10:54:50.615246+00:00,A,2023-11-23T17:30:00+00:00
2023_12_SF_SEA,nfl,NFL,2023,12,2023-11-23,SEA,SF,13.0,31.0,3.8,1.2816901408450705,,-7.0,43.5,nflverse,2026-09-11T10:54:50.615246+00:00,A,2023-11-24T01:20:00+00:00
2023_12_WAS_DAL,nfl,NFL,2023,12,2023-11-23,DAL,WAS,45.0,10.0,1.125,6.5,,13.0,48.0,nflverse,2026-09-11T10:54:50.615246+00:00,H,2023-11-23T21:30:00+00:00
2023_12_MIA_NYJ,nfl,NFL,2023,12,2023-11-24,NYJ,MIA,13.0,34.0,4.8,1.2,,-9.5,40.0,nflverse,2026-09-11T10:54:50.615246+00:00,A,2023-11-24T20:00:00+00:00
2023_12_BAL_LAC,nfl,NFL,2023,12,2023-11-26,LAC,BAL,10.0,20.0,2.42,1.5882352941176472,,-3.0,49.0,nflverse,2026-09-11T10:54:50.615246+00:00,A,2023-11-27T01:20:00+00:00
2023_12_BUF_PHI,nfl,NFL,2023,12,2023-11-26,PHI,BUF,37.0,34.0,1.6756756756756757,2.24,,2.5,49.0,nflverse,2026-09-11T10:54:50.615246+00:00,H,2023-11-26T21:25:00+00:00
2023_12_CAR_TEN,nfl,NFL,2023,12,2023-11-26,TEN,CAR,17.0,10.0,1.5714285714285714,2.45,,3.5,36.0,nflverse,2026-09-11T10:54:50.615246+00:00,H,2023-11-26T18:00:00+00:00
2023_12_CLE_DEN,nfl,NFL,2023,12,2023-11-26,DEN,CLE,29.0,12.0,1.8,2.05,,1.5,37.5,nflverse,2026-09-11T10:54:50.615246+00:00,H,2023-11-26T21:05:00+00:00
2023_12_JAX_HOU,nfl,NFL,2023,12,2023-11-26,HOU,JAX,21.0,24.0,1.9523809523809523,1.8695652173913042,,-1.0,48.0,nflverse,2026-09-11T10:54:50.615246+00:00,A,2023-11-26T18:00:00+00:00
2023_12_KC_LV,nfl,NFL,2023,12,2023-11-26,LV,KC,17.0,31.0,4.8,1.2,,-9.0,42.5,nflverse,2026-09-11T10:54:50.615246+00:00,A,2023-11-26T21:25:00+00:00
2023_12_LA_ARI,nfl,NFL,2023,12,2023-11-26,ARI,LA,14.0,37.0,2.24,1.6756756756756757,,-3.0,45.0,nflverse,2026-09-11T10:54:50.615246+00:00,A,2023-11-26T21:05:00+00:00
2023_12_NE_NYG,nfl,NFL,2023,12,2023-11-26,NYG,NE,10.0,7.0,2.8,1.4587155963302751,,-4.5,36.5,nflverse,2026-09-11T10:54:50.615246+00:00,H,2023-11-26T18:00:00+00:00
2023_12_NO_ATL,nfl,NFL,2023,12,2023-11-26,ATL,NO,24.0,15.0,2.1,1.7692307692307692,,-2.0,42.0,nflverse,2026-09-11T10:54:50.615246+00:00,H,2023-11-26T18:00:00+00:00
2023_12_PIT_CIN,nfl,NFL,2023,12,2023-11-26,CIN,PIT,10.0,16.0,2.1399999999999997,1.7407407407407407,,-2.0,36.0,nflverse,2026-09-11T10:54:50.615246+00:00,A,2023-11-26T18:00:00+00:00
2023_12_TB_IND,nfl,NFL,2023,12,2023-11-26,IND,TB,27.0,20.0,1.6451612903225805,2.3,,2.5,45.0,nflverse,2026-09-11T10:54:50.615246+00:00,H,2023-11-26T18:00:00+00:00
2023_12_CHI_MIN,nfl,NFL,2023,12,2023-11-27,MIN,CHI,10.0,12.0,1.6024096385542168,2.4,,3.0,43.5,nflverse,2026-09-11T10:54:50.615246+00:00,A,2023-11-28T01:15:00+00:00
2023_13_SEA_DAL,nfl,NFL,2023,13,2023-11-30,DAL,SEA,41.0,35.0,1.2,4.8,,9.5,47.5,nflverse,2026-09-11T10:54:50.615246+00:00,H,2023-12-01T01:15:00+00:00
2023_13_ARI_PIT,nfl,NFL,2023,13,2023-12-03,PIT,ARI,10.0,24.0,1.3508771929824561,3.3,,6.0,41.0,nflverse,2026-09-11T10:54:50.615246+00:00,A,2023-12-03T18:00:00+00:00
2023_13_ATL_NYJ,nfl,NFL,2023,13,2023-12-03,NYJ,ATL,8.0,13.0,2.05,1.8,,-2.0,33.0,nflverse,2026-09-11T10:54:50.615246+00:00,A,2023-12-03T18:00:00+00:00
2023_13_CAR_TB,nfl,NFL,2023,13,2023-12-03,TB,CAR,21.0,18.0,1.5050505050505052,2.6399999999999997,,4.0,37.0,nflverse,2026-09-11T10:54:50.615246+00:00,H,2023-12-03T21:05:00+00:00
2023_13_CLE_LA,nfl,NFL,2023,13,2023-12-03,LA,CLE,36.0,19.0,1.5208333333333335,2.6,,3.5,39.5,nflverse,2026-09-11T10:54:50.615246+00:00,H,2023-12-03T21:25:00+00:00
2023_13_DEN_HOU,nfl,NFL,2023,13,2023-12-03,HOU,DEN,22.0,17.0,1.5882352941176472,2.42,,3.5,47.5,nflverse,2026-09-11T10:54:50.615246+00:00,H,2023-12-03T18:00:00+00:00
2023_13_DET_NO,nfl,NFL,2023,13,2023-12-03,NO,DET,28.0,33.0,2.6399999999999997,1.5050505050505052,,-4.0,47.5,nflverse,2026-09-11T10:54:50.615246+00:00,A,2023-12-03T18:00:00+00:00
2023_13_IND_TEN,nfl,NFL,2023,13,2023-12-03,TEN,IND,28.0,31.0,2.02,1.819672131147541,,-1.5,42.0,nflverse,2026-09-11T10:54:50.615246+00:00,A,2023-12-03T18:00:00+00:00
2023_13_KC_GB,nfl,NFL,2023,13,2023-12-03,GB,KC,27.0,19.0,3.15,1.3773584905660377,,-5.5,43.5,nflverse,2026-09-11T10:54:50.615246+00:00,H,2023-12-04T01:20:00+00:00
2023_13_LAC_NE,nfl,NFL,2023,13,2023-12-03,NE,LAC,0.0,6.0,2.85,1.4444444444444444,,-4.5,38.5,nflverse,2026-09-11T10:54:50.615246+00:00,A,2023-12-03T18:00:00+00:00
2023_13_MIA_WAS,nfl,NFL,2023,13,2023-12-03,WAS,MIA,15.0,45.0,4.5,1.2197802197802199,,-8.5,50.0,nflverse,2026-09-11T10:54:50.615246+00:00,A,2023-12-03T18:00:00+00:00
2023_13_SF_PHI,nfl,NFL,2023,13,2023-12-03,PHI,SF,19.0,42.0,2.24,1.6756756756756757,,-3.0,46.5,nflverse,2026-09-11T10:54:50.615246+00:00,A,2023-12-03T21:25:00+00:00
2023_13_CIN_JAX,nfl,NFL,2023,13,2023-12-04,JAX,CIN,31.0,34.0,1.1818181818181819,5.1,,10.0,41.0,nflverse,2026-09-11T10:54:50.615246+00:00,A,2023-12-05T01:15:00+00:00
2023_14_NE_PIT,nfl,NFL,2023,14,2023-12-07,PIT,NE,18.0,21.0,1.3703703703703702,3.2,,6.0,30.0,nflverse,2026-09-11T10:54:50.615246+00:00,A,2023-12-08T01:15:00+00:00
2023_14_BUF_KC,nfl,NFL,2023,14,2023-12-10,KC,BUF,17.0,20.0,1.8,2.05,,2.0,49.5,nflverse,2026-09-11T10:54:50.615246+00:00,A,2023-12-10T21:25:00+00:00
2023_14_CAR_NO,nfl,NFL,2023,14,2023-12-10,NO,CAR,28.0,6.0,1.4081632653061225,3.0,,5.5,39.0,nflverse,2026-09-11T10:54:50.615246+00:00,H,2023-12-10T18:00:00+00:00
2023_14_DEN_LAC,nfl,NFL,2023,14,2023-12-10,LAC,DEN,7.0,24.0,1.617283950617284,2.3600000000000003,,3.0,45.0,nflverse,2026-09-11T10:54:50.615246+00:00,A,2023-12-10T21:25:00+00:00
2023_14_DET_CHI,nfl,NFL,2023,14,2023-12-10,CHI,DET,28.0,13.0,2.42,1.5882352941176472,,-3.0,44.5,nflverse,2026-09-11T10:54:50.615246+00:00,H,2023-12-10T18:00:00+00:00
2023_14_HOU_NYJ,nfl,NFL,2023,14,2023-12-10,NYJ,HOU,30.0,6.0,2.45,1.5714285714285714,,-3.5,33.5,nflverse,2026-09-11T10:54:50.615246+00:00,H,2023-12-10T18:00:00+00:00
2023_14_IND_CIN,nfl,NFL,2023,14,2023-12-10,CIN,IND,34.0,14.0,1.6756756756756757,2.24,,3.0,45.0,nflverse,2026-09-11T10:54:50.615246+00:00,H,2023-12-10T18:00:00+00:00
2023_14_JAX_CLE,nfl,NFL,2023,14,2023-12-10,CLE,JAX,31.0,27.0,1.704225352112676,2.2,,2.5,37.5,nflverse,2026-09-11T10:54:50.615246+00:00,H,2023-12-10T18:00:00+00:00
2023_14_LA_BAL,nfl,NFL,2023,14,2023-12-10,BAL,LA,37.0,31.0,1.2777777777777777,3.85,,7.5,42.0,nflverse,2026-09-11T10:54:50.615246+00:00,H,2023-12-10T18:00:00+00:00
2023_14_MIN_LV,nfl,NFL,2023,14,2023-12-10,LV,MIN,0.0,3.0,2.3,1.6451612903225805,,-3.0,40.5,nflverse,2026-09-11T10:54:50.615246+00:00,A,2023-12-10T21:05:00+00:00
2023_14_PHI_DAL,nfl,NFL,2023,14,2023-12-10,DAL,PHI,33.0,13.0,1.5714285714285714,2.45,,3.5,52.5,nflverse,2026-09-11T10:54:50.615246+00:00,H,2023-12-11T01:20:00+00:00
2023_14_SEA_SF,nfl,NFL,2023,14,2023-12-10,SF,SEA,28.0,16.0,1.1,7.5,,14.5,44.5,nflverse,2026-09-11T10:54:50.615246+00:00,H,2023-12-10T21:05:00+00:00
2023_14_TB_ATL,nfl,NFL,2023,14,2023-12-10,ATL,TB,25.0,29.0,1.8,2.05,,1.5,41.5,nflverse,2026-09-11T10:54:50.615246+00:00,A,2023-12-10T18:00:00+00:00
2023_14_GB_NYG,nfl,NFL,2023,14,2023-12-11,NYG,GB,24.0,22.0,3.15,1.3773584905660377,,-6.0,37.5,nflverse,2026-09-11T10:54:50.615246+00:00,H,2023-12-12T01:15:00+00:00
2023_14_TEN_MIA,nfl,NFL,2023,14,2023-12-11,MIA,TEN,27.0,28.0,1.1052631578947367,7.25,,14.0,45.0,nflverse,2026-09-11T10:54:50.615246+00:00,A,2023-12-12T01:15:00+00:00
2023_15_LAC_LV,nfl,NFL,2023,15,2023-12-14,LV,LAC,63.0,21.0,1.617283950617284,2.3600000000000003,,3.0,36.0,nflverse,2026-09-11T10:54:50.615246+00:00,H,2023-12-15T01:15:00+00:00
2023_15_DEN_DET,nfl,NFL,2023,15,2023-12-16,DET,DEN,42.0,17.0,1.3875968992248062,3.1,,5.5,49.0,nflverse,2026-09-11T10:54:50.615246+00:00,H,2023-12-17T01:15:00+00:00
2023_15_MIN_CIN,nfl,NFL,2023,15,2023-12-16,CIN,MIN,27.0,24.0,1.5714285714285714,2.45,,3.0,41.5,nflverse,2026-09-11T10:54:50.615246+00:00,H,2023-12-16T18:00:00+00:00
2023_15_PIT_IND,nfl,NFL,2023,15,2023-12-16,IND,PIT,30.0,13.0,1.819672131147541,2.02,,1.5,41.5,nflverse,2026-09-11T10:54:50.615246+00:00,H,2023-12-16T21:30:00+00:00
2023_15_ATL_CAR,nfl,NFL,2023,15,2023-12-17,CAR,ATL,9.0,7.0,2.3,1.6451612903225805,,-3.0,32.0,nflverse,2026-09-11T10:54:50.615246+00:00,H,2023-12-17T18:00:00+00:00
2023_15_BAL_JAX,nfl,NFL,2023,15,2023-12-17,JAX,BAL,7.0,23.0,2.85,1.4444444444444444,,-4.0,42.5,nflverse,2026-09-11T10:54:50.615246+00:00,A,2023-12-18T01:20:00+00:00
2023_15_CHI_CLE,nfl,NFL,2023,15,2023-12-17,CLE,CHI,20.0,17.0,1.6756756756756757,2.24,,3.0,38.0,nflverse,2026-09-11T10:54:50.615246+00:00,H,2023-12-17T18:00:00+00:00
2023_15_DAL_BUF,nfl,NFL,2023,15,2023-12-17,BUF,DAL,31.0,10.0,1.7407407407407407,2.1399999999999997,,2.0,49.5,nflverse,2026-09-11T10:54:50.615246+00:00,H,2023-12-17T21:25:00+00:00
2023_15_HOU_TEN,nfl,NFL,2023,15,2023-12-17,TEN,HOU,16.0,19.0,1.5882352941176472,2.42,,3.0,38.0,nflverse,2026-09-11T10:54:50.615246+00:00,A,2023-12-17T18:00:00+00:00
2023_15_KC_NE,nfl,NFL,2023,15,2023-12-17,NE,KC,17.0,27.0,4.7,1.2061855670103092,,-10.0,39.5,nflverse,2026-09-11T10:54:50.615246+00:00,A,2023-12-17T18:00:00+00:00
2023_15_NYG_NO,nfl,NFL,2023,15,2023-12-17,NO,NYG,24.0,6.0,1.4,3.05,,6.0,39.5,nflverse,2026-09-11T10:54:50.615246+00:00,H,2023-12-17T18:00:00+00:00
2023_15_NYJ_MIA,nfl,NFL,2023,15,2023-12-17,MIA,NYJ,30.0,0.0,1.289855072463768,3.75,,7.5,36.0,nflverse,2026-09-11T10:54:50.615246+00:00,H,2023-12-17T18:00:00+00:00
2023_15_SF_ARI,nfl,NFL,2023,15,2023-12-17,ARI,SF,29.0,45.0,6.25,1.1333333333333333,,-12.5,48.0,nflverse,2026-09-11T10:54:50.615246+00:00,A,2023-12-17T21:05:00+00:00
2023_15_TB_GB,nfl,NFL,2023,15,2023-12-17,GB,TB,20.0,34.0,1.4587155963302751,2.8,,4.0,41.5,nflverse,2026-09-11T10:54:50.615246+00:00,A,2023-12-17T18:00:00+00:00
2023_15_WAS_LA,nfl,NFL,2023,15,2023-12-17,LA,WAS,28.0,20.0,1.3355704697986577,3.4,,6.5,48.5,nflverse,2026-09-11T10:54:50.615246+00:00,H,2023-12-17T21:05:00+00:00
2023_15_PHI_SEA,nfl,NFL,2023,15,2023-12-18,SEA,PHI,20.0,17.0,2.95,1.4201680672268908,,-5.0,46.0,nflverse,2026-09-11T10:54:50.615246+00:00,H,2023-12-19T01:15:00+00:00
2023_16_NO_LA,nfl,NFL,2023,16,2023-12-21,LA,NO,30.0,22.0,1.4587155963302751,2.8,,4.0,45.5,nflverse,2026-09-11T10:54:50.615246+00:00,H,2023-12-22T01:15:00+00:00
2023_16_BUF_LAC,nfl,NFL,2023,16,2023-12-23,LAC,BUF,22.0,24.0,6.5,1.125,,-13.0,44.5,nflverse,2026-09-11T10:54:50.615246+00:00,A,2023-12-24T01:00:00+00:00
2023_16_CIN_PIT,nfl,NFL,2023,16,2023-12-23,PIT,CIN,34.0,11.0,2.3,1.6451612903225805,,-3.0,39.5,nflverse,2026-09-11T10:54:50.615246+00:00,H,2023-12-23T21:30:00+00:00
2023_16_ARI_CHI,nfl,NFL,2023,16,2023-12-24,CHI,ARI,27.0,16.0,1.4587155963302751,2.8,,4.5,42.0,nflverse,2026-09-11T10:54:50.615246+00:00,H,2023-12-24T21:25:00+00:00
2023_16_CLE_HOU,nfl,NFL,2023,16,2023-12-24,HOU,CLE,22.0,36.0,2.3600000000000003,1.617283950617284,,-3.0,40.0,nflverse,2026-09-11T10:54:50.615246+00:00,A,2023-12-24T18:00:00+00:00
2023_16_DAL_MIA,nfl,NFL,2023,16,2023-12-24,MIA,DAL,22.0,20.0,1.819672131147541,2.02,,1.5,48.5,nflverse,2026-09-11T10:54:50.615246+00:00,H,2023-12-24T21:25:00+00:00
2023_16_DET_MIN,nfl,NFL,2023,16,2023-12-24,MIN,DET,24.0,30.0,2.24,1.6756756756756757,,-2.5,47.5,nflverse,2026-09-11T10:54:50.615246+00:00,A,2023-12-24T18:00:00+00:00
2023_16_GB_CAR,nfl,NFL,2023,16,2023-12-24,CAR,GB,30.0,33.0,2.6399999999999997,1.5050505050505052,,-3.5,39.5,nflverse,2026-09-11T10:54:50.615246+00:00,A,2023-12-24T18:00:00+00:00
2023_16_IND_ATL,nfl,NFL,2023,16,2023-12-24,ATL,IND,29.0,10.0,1.6451612903225805,2.3,,3.0,44.0,nflverse,2026-09-11T10:54:50.615246+00:00,H,2023-12-24T18:00:00+00:00
2023_16_JAX_TB,nfl,NFL,2023,16,2023-12-24,TB,JAX,30.0,12.0,2.05,1.8,,-2.0,43.0,nflverse,2026-09-11T10:54:50.615246+00:00,H,2023-12-24T21:05:00+00:00
2023_16_NE_DEN,nfl,NFL,2023,16,2023-12-24,DEN,NE,23.0,26.0,1.2941176470588236,3.7,,7.0,37.5,nflverse,2026-09-11T10:54:50.615246+00:00,A,2023-12-25T01:15:00+00:00
2023_16_SEA_TEN,nfl,NFL,2023,16,2023-12-24,TEN,SEA,17.0,20.0,2.4,1.6024096385542168,,-3.0,42.0,nflverse,2026-09-11T10:54:50.615246+00:00,A,2023-12-24T18:00:00+00:00
2023_16_WAS_NYJ,nfl,NFL,2023,16,2023-12-24,NYJ,WAS,30.0,28.0,1.6024096385542168,2.4,,3.0,36.5,nflverse,2026-09-11T10:54:50.615246+00:00,H,2023-12-24T18:00:00+00:00
2023_16_BAL_SF,nfl,NFL,2023,16,2023-12-25,SF,BAL,19.0,33.0,1.289855072463768,3.75,,6.5,47.5,nflverse,2026-09-11T10:54:50.615246+00:00,A,2023-12-26T01:15:00+00:00
2023_16_LV_KC,nfl,NFL,2023,16,2023-12-25,KC,LV,14.0,20.0,1.1666666666666667,5.4,,11.0,40.5,nflverse,2026-09-11T10:54:50.615246+00:00,A,2023-12-25T18:00:00+00:00
2023_16_NYG_PHI,nfl,NFL,2023,16,2023-12-25,PHI,NYG,33.0,25.0,1.1111111111111112,7.0,,14.0,41.0,nflverse,2026-09-11T10:54:50.615246+00:00,H,2023-12-25T21:30:00+00:00
2023_17_NYJ_CLE,nfl,NFL,2023,17,2023-12-28,CLE,NYJ,37.0,20.0,1.289855072463768,3.7,,6.5,33.5,nflverse,2026-09-11T10:54:50.615246+00:00,H,2023-12-29T01:15:00+00:00
2023_17_DET_DAL,nfl,NFL,2023,17,2023-12-30,DAL,DET,20.0,19.0,1.4201680672268908,2.95,,5.5,53.0,nflverse,2026-09-11T10:54:50.615246+00:00,H,2023-12-31T01:15:00+00:00
2023_17_ARI_PHI,nfl,NFL,2023,17,2023-12-31,PHI,ARI,31.0,35.0,1.1333333333333333,6.25,,12.0,48.0,nflverse,2026-09-11T10:54:50.615246+00:00,A,2023-12-31T18:00:00+00:00
2023_17_ATL_CHI,nfl,NFL,2023,17,2023-12-31,CHI,ATL,37.0,17.0,1.6451612903225805,2.3,,3.0,39.0,nflverse,2026-09-11T10:54:50.615246+00:00,H,2023-12-31T18:00:00+00:00
2023_17_CAR_JAX,nfl,NFL,2023,17,2023-12-31,JAX,CAR,26.0,0.0,1.5208333333333335,2.6,,3.5,38.0,nflverse,2026-09-11T10:54:50.615246+00:00,H,2023-12-31T18:00:00+00:00
2023_17_CIN_KC,nfl,NFL,2023,17,2023-12-31,KC,CIN,25.0,17.0,1.289855072463768,3.75,,7.5,46.0,nflverse,2026-09-11T10:54:50.615246+00:00,H,2023-12-31T21:25:00+00:00
2023_17_GB_MIN,nfl,NFL,2023,17,2023-12-31,MIN,GB,10.0,33.0,1.8928571428571428,1.925925925925926,,1.0,42.5,nflverse,2026-09-11T10:54:50.615246+00:00,A,2024-01-01T01:20:00+00:00
2023_17_LAC_DEN,nfl,NFL,2023,17,2023-12-31,DEN,LAC,16.0,9.0,1.5050505050505052,2.6399999999999997,,3.5,39.5,nflverse,2026-09-11T10:54:50.615246+00:00,H,2023-12-31T21:25:00+00:00
2023_17_LA_NYG,nfl,NFL,2023,17,2023-12-31,NYG,LA,25.0,26.0,3.4,1.3355704697986577,,-6.0,43.5,nflverse,2026-09-11T10:54:50.615246+00:00,A,2023-12-31T18:00:00+00:00
2023_17_LV_IND,nfl,NFL,2023,17,2023-12-31,IND,LV,23.0,20.0,1.5555555555555556,2.5,,3.5,42.5,nflverse,2026-09-11T10:54:50.615246+00:00,H,2023-12-31T18:00:00+00:00
2023_17_MIA_BAL,nfl,NFL,2023,17,2023-12-31,BAL,MIA,56.0,19.0,1.5555555555555556,2.5,,3.0,47.0,nflverse,2026-09-11T10:54:50.615246+00:00,H,2023-12-31T18:00:00+00:00
2023_17_NE_BUF,nfl,NFL,2023,17,2023-12-31,BUF,NE,27.0,21.0,1.0833333333333333,8.5,,15.0,40.0,nflverse,2026-09-11T10:54:50.615246+00:00,H,2023-12-31T18:00:00+00:00
2023_17_NO_TB,nfl,NFL,2023,17,2023-12-31,TB,NO,13.0,23.0,1.6756756756756757,2.24,,2.5,42.5,nflverse,2026-09-11T10:54:50.615246+00:00,A,2023-12-31T18:00:00+00:00
2023_17_PIT_SEA,nfl,NFL,2023,17,2023-12-31,SEA,PIT,23.0,30.0,1.4444444444444444,2.85,,4.5,40.5,nflverse,2026-09-11T10:54:50.615246+00:00,A,2023-12-31T21:05:00+00:00
2023_17_SF_WAS,nfl,NFL,2023,17,2023-12-31,WAS,SF,10.0,27.0,7.75,1.0952380952380953,,-14.0,49.0,nflverse,2026-09-11T10:54:50.615246+00:00,A,2023-12-31T18:00:00+00:00
2023_17_TEN_HOU,nfl,NFL,2023,17,2023-12-31,HOU,TEN,26.0,3.0,1.434782608695652,2.9,,5.0,44.0,nflverse,2026-09-11T10:54:50.615246+00:00,H,2023-12-31T18:00:00+00:00
2023_18_HOU_IND,nfl,NFL,2023,18,2024-01-06,IND,HOU,19.0,23.0,2.05,1.8,,-1.5,47.5,nflverse,2026-09-11T10:54:50.615246+00:00,A,2024-01-07T01:15:00+00:00
2023_18_PIT_BAL,nfl,NFL,2023,18,2024-01-06,BAL,PIT,10.0,17.0,2.3,1.6451612903225805,,-3.0,34.0,nflverse,2026-09-11T10:54:50.615246+00:00,A,2024-01-06T21:30:00+00:00
2023_18_ATL_NO,nfl,NFL,2023,18,2024-01-07,NO,ATL,48.0,17.0,1.5714285714285714,2.45,,3.5,41.5,nflverse,2026-09-11T10:54:50.615246+00:00,H,2024-01-07T18:00:00+00:00
2023_18_BUF_MIA,nfl,NFL,2023,18,2024-01-07,MIA,BUF,14.0,21.0,2.3,1.6451612903225805,,-2.5,47.5,nflverse,2026-09-11T10:54:50.615246+00:00,A,2024-01-08T01:20:00+00:00
2023_18_CHI_GB,nfl,NFL,2023,18,2024-01-07,GB,CHI,17.0,9.0,1.6756756756756757,2.24,,2.5,45.5,nflverse,2026-09-11T10:54:50.615246+00:00,H,2024-01-07T21:25:00+00:00
2023_18_CLE_CIN,nfl,NFL,2023,18,2024-01-07,CIN,CLE,31.0,14.0,1.2777777777777777,3.85,,7.5,37.0,nflverse,2026-09-11T10:54:50.615246+00:00,H,2024-01-07T18:00:00+00:00
2023_18_DAL_WAS,nfl,NFL,2023,18,2024-01-07,WAS,DAL,10.0,38.0,6.75,1.1176470588235294,,-13.0,47.5,nflverse,2026-09-11T10:54:50.615246+00:00,A,2024-01-07T21:25:00+00:00
2023_18_DEN_LV,nfl,NFL,2023,18,2024-01-07,LV,DEN,27.0,14.0,1.5714285714285714,2.45,,3.5,37.5,nflverse,2026-09-11T10:54:50.615246+00:00,H,2024-01-07T21:25:00+00:00
2023_18_JAX_TEN,nfl,NFL,2023,18,2024-01-07,TEN,JAX,28.0,20.0,2.54,1.5405405405405406,,-3.5,41.5,nflverse,2026-09-11T10:54:50.615246+00:00,H,2024-01-07T18:00:00+00:00
2023_18_KC_LAC,nfl,NFL,2023,18,2024-01-07,LAC,KC,12.0,13.0,1.5405405405405406,2.54,,3.5,35.0,nflverse,2026-09-11T10:54:50.615246+00:00,A,2024-01-07T21:25:00+00:00
2023_18_LA_SF,nfl,NFL,2023,18,2024-01-07,SF,LA,20.0,21.0,1.4081632653061225,3.0,,5.5,40.0,nflverse,2026-09-11T10:54:50.615246+00:00,A,2024-01-07T21:25:00+00:00
2023_18_MIN_DET,nfl,NFL,2023,18,2024-01-07,DET,MIN,30.0,20.0,1.4878048780487805,2.7,,3.5,47.5,nflverse,2026-09-11T10:54:50.615246+00:00,H,2024-01-07T18:00:00+00:00
2023_18_NYJ_NE,nfl,NFL,2023,18,2024-01-07,NE,NYJ,3.0,17.0,1.704225352112676,2.2,,2.5,28.5,nflverse,2026-09-11T10:54:50.615246+00:00,A,2024-01-07T18:00:00+00:00
2023_18_PHI_NYG,nfl,NFL,2023,18,2024-01-07,NYG,PHI,27.0,10.0,2.9,1.4201680672268908,,-4.5,43.0,nflverse,2026-09-11T10:54:50.615246+00:00,H,2024-01-07T21:25:00+00:00
2023_18_SEA_ARI,nfl,NFL,2023,18,2024-01-07,ARI,SEA,20.0,21.0,2.3,1.6451612903225805,,-2.5,48.0,nflverse,2026-09-11T10:54:50.615246+00:00,A,2024-01-07T21:25:00+00:00
2023_18_TB_CAR,nfl,NFL,2023,18,2024-01-07,CAR,TB,0.0,9.0,3.0,1.4081632653061225,,-5.0,36.5,nflverse,2026-09-11T10:54:50.615246+00:00,A,2024-01-07T18:00:00+00:00
2023_19_CLE_HOU,nfl,NFL,2023,19,2024-01-13,HOU,CLE,45.0,14.0,2.24,1.6756756756756757,,-2.5,45.0,nflverse,2026-09-11T10:54:50.615246+00:00,H,2024-01-13T21:30:00+00:00
2023_19_MIA_KC,nfl,NFL,2023,19,2024-01-13,KC,MIA,26.0,7.0,1.434782608695652,2.9,,4.5,43.5,nflverse,2026-09-11T10:54:50.615246+00:00,H,2024-01-14T01:00:00+00:00
2023_19_GB_DAL,nfl,NFL,2023,19,2024-01-14,DAL,GB,32.0,48.0,1.289855072463768,3.75,,7.0,52.5,nflverse,2026-09-11T10:54:50.615246+00:00,A,2024-01-14T21:30:00+00:00
2023_19_LA_DET,nfl,NFL,2023,19,2024-01-14,DET,LA,24.0,23.0,1.617283950617284,2.3600000000000003,,3.5,52.5,nflverse,2026-09-11T10:54:50.615246+00:00,H,2024-01-15T01:00:00+00:00
2023_19_PHI_TB,nfl,NFL,2023,19,2024-01-15,TB,PHI,32.0,9.0,2.3600000000000003,1.617283950617284,,-2.5,43.0,nflverse,2026-09-11T10:54:50.615246+00:00,H,2024-01-16T01:00:00+00:00
2023_19_PIT_BUF,nfl,NFL,2023,19,2024-01-15,BUF,PIT,31.0,17.0,1.2061855670103092,4.7,,10.0,39.5,nflverse,2026-09-11T10:54:50.615246+00:00,H,2024-01-15T21:30:00+00:00
2023_20_GB_SF,nfl,NFL,2023,20,2024-01-20,SF,GB,24.0,21.0,1.2127659574468086,4.6,,10.5,50.5,nflverse,2026-09-11T10:54:50.615246+00:00,H,2024-01-21T01:15:00+00:00
2023_20_HOU_BAL,nfl,NFL,2023,20,2024-01-20,BAL,HOU,34.0,10.0,1.2352941176470589,4.3,,10.0,44.0,nflverse,2026-09-11T10:54:50.615246+00:00,H,2024-01-20T21:30:00+00:00
2023_20_KC_BUF,nfl,NFL,2023,20,2024-01-21,BUF,KC,24.0,27.0,1.704225352112676,2.2,,2.5,45.5,nflverse,2026-09-11T10:54:50.615246+00:00,A,2024-01-21T23:30:00+00:00
2023_20_TB_DET,nfl,NFL,2023,20,2024-01-21,DET,TB,31.0,23.0,1.3597122302158273,3.25,,6.0,49.5,nflverse,2026-09-11T10:54:50.615246+00:00,H,2024-01-21T20:00:00+00:00
2023_21_DET_SF,nfl,NFL,2023,21,2024-01-28,SF,DET,34.0,31.0,1.3076923076923077,3.6,,7.5,52.5,nflverse,2026-09-11T10:54:50.615246+00:00,H,2024-01-28T23:30:00+00:00
2023_21_KC_BAL,nfl,NFL,2023,21,2024-01-28,BAL,KC,10.0,17.0,1.4587155963302751,2.8,,4.5,44.0,nflverse,2026-09-11T10:54:50.615246+00:00,A,2024-01-28T20:00:00+00:00
2023_22_SF_KC,nfl,NFL,2023,22,2024-02-11,KC,SF,25.0,22.0,2.0,1.8333333333333335,,-1.5,47.0,nflverse,2026-09-11T10:54:50.615246+00:00,H,2024-02-11T23:30:00+00:00
2024_01_BAL_KC,nfl,NFL,2024,1,2024-09-05,KC,BAL,27.0,20.0,1.6756756756756757,2.24,,3.0,46.0,nflverse,2026-09-11T10:54:50.615246+00:00,H,2024-09-06T00:20:00+00:00
2024_01_GB_PHI,nfl,NFL,2024,1,2024-09-06,PHI,GB,34.0,29.0,1.7692307692307692,2.1,,2.0,49.5,nflverse,2026-09-11T10:54:50.615246+00:00,H,2024-09-07T00:15:00+00:00
2024_01_ARI_BUF,nfl,NFL,2024,1,2024-09-08,BUF,ARI,34.0,28.0,1.3225806451612903,3.5,,6.5,46.0,nflverse,2026-09-11T10:54:50.615246+00:00,H,2024-09-08T17:00:00+00:00
2024_01_CAR_NO,nfl,NFL,2024,1,2024-09-08,NO,CAR,47.0,10.0,1.5208333333333335,2.6,,3.5,41.5,nflverse,2026-09-11T10:54:50.615246+00:00,H,2024-09-08T17:00:00+00:00
2024_01_DAL_CLE,nfl,NFL,2024,1,2024-09-08,CLE,DAL,17.0,33.0,1.7692307692307692,2.1,,2.5,42.0,nflverse,2026-09-11T10:54:50.615246+00:00,A,2024-09-08T20:25:00+00:00
2024_01_DEN_SEA,nfl,NFL,2024,1,2024-09-08,SEA,DEN,26.0,20.0,1.3597122302158273,3.25,,6.5,42.0,nflverse,2026-09-11T10:54:50.615246+00:00,H,2024-09-08T20:05:00+00:00
2024_01_HOU_IND,nfl,NFL,2024,1,2024-09-08,IND,HOU,27.0,29.0,2.3,1.6451612903225805,,-3.0,49.0,nflverse,2026-09-11T10:54:50.615246+00:00,A,2024-09-08T17:00:00+00:00
2024_01_JAX_MIA,nfl,NFL,2024,1,2024-09-08,MIA,JAX,20.0,17.0,1.5555555555555556,2.5,,3.5,49.5,nflverse,2026-09-11T10:54:50.615246+00:00,H,2024-09-08T17:00:00+00:00
2024_01_LA_DET,nfl,NFL,2024,1,2024-09-08,DET,LA,26.0,20.0,1.4444444444444444,2.85,,5.0,54.0,nflverse,2026-09-11T10:54:50.615246+00:00,H,2024-09-09T00:20:00+00:00
2024_01_LV_LAC,nfl,NFL,2024,1,2024-09-08,LAC,LV,22.0,10.0,1.6451612903225805,2.3,,3.0,41.0,nflverse,2026-09-11T10:54:50.615246+00:00,H,2024-09-08T20:05:00+00:00
2024_01_MIN_NYG,nfl,NFL,2024,1,2024-09-08,NYG,MIN,6.0,28.0,1.9523809523809523,1.8695652173913042,,-1.0,42.5,nflverse,2026-09-11T10:54:50.615246+00:00,A,2024-09-08T17:00:00+00:00
2024_01_NE_CIN,nfl,NFL,2024,1,2024-09-08,CIN,NE,10.0,16.0,1.2666666666666666,3.95,,8.0,40.5,nflverse,2026-09-11T10:54:50.615246+00:00,A,2024-09-08T17:00:00+00:00
2024_01_PIT_ATL,nfl,NFL,2024,1,2024-09-08,ATL,PIT,10.0,18.0,1.5208333333333335,2.6,,4.0,43.0,nflverse,2026-09-11T10:54:50.615246+00:00,A,2024-09-08T17:00:00+00:00
2024_01_TEN_CHI,nfl,NFL,2024,1,2024-09-08,CHI,TEN,24.0,17.0,1.5050505050505052,2.6399999999999997,,4.0,43.0,nflverse,2026-09-11T10:54:50.615246+00:00,H,2024-09-08T17:00:00+00:00
2024_01_WAS_TB,nfl,NFL,2024,1,2024-09-08,TB,WAS,37.0,20.0,1.5050505050505052,2.6399999999999997,,4.0,42.0,nflverse,2026-09-11T10:54:50.615246+00:00,H,2024-09-08T20:25:00+00:00
2024_01_NYJ_SF,nfl,NFL,2024,1,2024-09-09,SF,NYJ,32.0,19.0,1.5555555555555556,2.5,,3.5,43.0,nflverse,2026-09-11T10:54:50.615246+00:00,H,2024-09-10T00:15:00+00:00
2024_02_BUF_MIA,nfl,NFL,2024,2,2024-09-12,MIA,BUF,10.0,31.0,1.7407407407407407,2.1399999999999997,,2.5,48.5,nflverse,2026-09-11T10:54:50.615246+00:00,A,2024-09-13T00:15:00+00:00
2024_02_CHI_HOU,nfl,NFL,2024,2,2024-09-15,HOU,CHI,19.0,13.0,1.3875968992248062,3.1,,6.0,45.5,nflverse,2026-09-11T10:54:50.615246+00:00,H,2024-09-16T00:20:00+00:00
2024_02_CIN_KC,nfl,NFL,2024,2,2024-09-15,KC,CIN,26.0,25.0,1.3448275862068966,3.35,,6.5,47.5,nflverse,2026-09-11T10:54:50.615246+00:00,H,2024-09-15T20:25:00+00:00
2024_02_CLE_JAX,nfl,NFL,2024,2,2024-09-15,JAX,CLE,13.0,18.0,1.5882352941176472,2.42,,3.0,41.5,nflverse,2026-09-11T10:54:50.615246+00:00,A,2024-09-15T17:00:00+00:00
2024_02_IND_GB,nfl,NFL,2024,2,2024-09-15,GB,IND,16.0,10.0,2.2,1.704225352112676,,-3.0,41.5,nflverse,2026-09-11T10:54:50.615246+00:00,H,2024-09-15T17:00:00+00:00
2024_02_LAC_CAR,nfl,NFL,2024,2,2024-09-15,CAR,LAC,3.0,26.0,2.85,1.4444444444444444,,-5.0,39.0,nflverse,2026-09-11T10:54:50.615246+00:00,A,2024-09-15T17:00:00+00:00
2024_02_LA_ARI,nfl,NFL,2024,2,2024-09-15,ARI,LA,41.0,10.0,1.925925925925926,1.8928571428571428,,-1.0,47.5,nflverse,2026-09-11T10:54:50.615246+00:00,H,2024-09-15T20:05:00+00:00
2024_02_LV_BAL,nfl,NFL,2024,2,2024-09-15,BAL,LV,23.0,26.0,1.2197802197802199,4.5,,9.0,41.0,nflverse,2026-09-11T10:54:50.615246+00:00,A,2024-09-15T17:00:00+00:00
2024_02_NO_DAL,nfl,NFL,2024,2,2024-09-15,DAL,NO,19.0,44.0,1.3448275862068966,3.35,,6.5,47.0,nflverse,2026-09-11T10:54:50.615246+00:00,A,2024-09-15T17:00:00+00:00
2024_02_NYG_WAS,nfl,NFL,2024,2,2024-09-15,WAS,NYG,21.0,18.0,1.8,2.05,,1.5,42.5,nflverse,2026-09-11T10:54:50.615246+00:00,H,2024-09-15T17:00:00+00:00
2024_02_NYJ_TEN,nfl,NFL,2024,2,2024-09-15,TEN,NYJ,17.0,24.0,2.5,1.5555555555555556,,-3.5,41.5,nflverse,2026-09-11T10:54:50.615246+00:00,A,2024-09-15T17:00:00+00:00
2024_02_PIT_DEN,nfl,NFL,2024,2,2024-09-15,DEN,PIT,6.0,13.0,2.3,1.6451612903225805,,-3.0,36.5,nflverse,2026-09-11T10:54:50.615246+00:00,A,2024-09-15T20:25:00+00:00
2024_02_SEA_NE,nfl,NFL,2024,2,2024-09-15,NE,SEA,20.0,23.0,2.42,1.5882352941176472,,-3.5,39.0,nflverse,2026-09-11T10:54:50.615246+00:00,A,2024-09-15T17:00:00+00:00
2024_02_SF_MIN,nfl,NFL,2024,2,2024-09-15,MIN,SF,23.0,17.0,2.8,1.4587155963302751,,-4.5,46.5,nflverse,2026-09-11T10:54:50.615246+00:00,H,2024-09-15T17:00:00+00:00
2024_02_TB_DET,nfl,NFL,2024,2,2024-09-15,DET,TB,16.0,20.0,1.2666666666666666,3.95,,7.5,51.5,nflverse,2026-09-11T10:54:50.615246+00:00,A,2024-09-15T17:00:00+00:00
2024_02_ATL_PHI,nfl,NFL,2024,2,2024-09-16,PHI,ATL,21.0,22.0,1.3773584905660377,3.15,,5.5,46.5,nflverse,2026-09-11T10:54:50.615246+00:00,A,2024-09-17T00:15:00+00:00
2024_03_NE_NYJ,nfl,NFL,2024,3,2024-09-19,NYJ,NE,24.0,3.0,1.3508771929824561,3.3,,6.5,39.0,nflverse,2026-09-11T10:54:50.615246+00:00,H,2024-09-20T00:15:00+00:00
2024_03_BAL_DAL,nfl,NFL,2024,3,2024-09-22,DAL,BAL,25.0,28.0,2.0,1.8333333333333335,,-1.5,47.5,nflverse,2026-09-11T10:54:50.615246+00:00,A,2024-09-22T20:25:00+00:00
2024_03_CAR_LV,nfl,NFL,2024,3,2024-09-22,LV,CAR,22.0,36.0,1.4081632653061225,3.0,,5.5,40.0,nflverse,2026-09-11T10:54:50.615246+00:00,A,2024-09-22T20:05:00+00:00
2024_03_CHI_IND,nfl,NFL,2024,3,2024-09-22,IND,CHI,21.0,16.0,1.8,2.05,,1.5,43.0,nflverse,2026-09-11T10:54:50.615246+00:00,H,2024-09-22T17:00:00+00:00
2024_03_DEN_TB,nfl,NFL,2024,3,2024-09-22,TB,DEN,7.0,26.0,1.4081632653061225,3.0,,6.0,40.5,nflverse,2026-09-11T10:54:50.615246+00:00,A,2024-09-22T17:00:00+00:00
2024_03_DET_ARI,nfl,NFL,2024,3,2024-09-22,ARI,DET,13.0,20.0,2.24,1.6756756756756757,,-3.0,51.5,nflverse,2026-09-11T10:54:50.615246+00:00,A,2024-09-22T20:25:00+00:00
2024_03_GB_TEN,nfl,NFL,2024,3,2024-09-22,TEN,GB,14.0,30.0,1.617283950617284,2.3600000000000003,,3.0,37.0,nflverse,2026-09-11T10:54:50.615246+00:00,A,2024-09-22T17:00:00+00:00
2024_03_HOU_MIN,nfl,NFL,2024,3,2024-09-22,MIN,HOU,34.0,7.0,2.1399999999999997,1.7407407407407407,,-2.0,46.0,nflverse,2026-09-11T10:54:50.615246+00:00,H,2024-09-22T17:00:00+00:00
2024_03_KC_ATL,nfl,NFL,2024,3,2024-09-22,ATL,KC,17.0,22.0,2.42,1.5882352941176472,,-3.0,46.0,nflverse,2026-09-11T10:54:50.615246+00:00,A,2024-09-23T00:20:00+00:00
2024_03_LAC_PIT,nfl,NFL,2024,3,2024-09-22,PIT,LAC,20.0,10.0,1.6756756756756757,2.24,,3.0,36.0,nflverse,2026-09-11T10:54:50.615246+00:00,H,2024-09-22T17:00:00+00:00
2024_03_MIA_SEA,nfl,NFL,2024,3,2024-09-22,SEA,MIA,24.0,3.0,1.4878048780487805,2.7,,4.0,41.5,nflverse,2026-09-11T10:54:50.615246+00:00,H,2024-09-22T20:05:00+00:00
2024_03_NYG_CLE,nfl,NFL,2024,3,2024-09-22,CLE,NYG,15.0,21.0,1.3703703703703702,3.2,,6.5,38.0,nflverse,2026-09-11T10:54:50.615246+00:00,A,2024-09-22T17:00:00+00:00
2024_03_PHI_NO,nfl,NFL,2024,3,2024-09-22,NO,PHI,12.0,15.0,1.704225352112676,2.2,,2.5,49.0,nflverse,2026-09-11T10:54:50.615246+00:00,A,2024-09-22T17:00:00+00:00
2024_03_SF_LA,nfl,NFL,2024,3,2024-09-22,LA,SF,27.0,24.0,3.1,1.3875968992248062,,-6.0,44.5,nflverse,2026-09-11T10:54:50.615246+00:00,H,2024-09-22T20:25:00+00:00
2024_03_JAX_BUF,nfl,NFL,2024,3,2024-09-23,BUF,JAX,47.0,10.0,1.4587155963302751,2.8,,4.0,46.5,nflverse,2026-09-11T10:54:50.615246+00:00,H,2024-09-23T23:30:00+00:00
2024_03_WAS_CIN,nfl,NFL,2024,3,2024-09-23,CIN,WAS,33.0,38.0,1.2816901408450705,3.8,,7.5,46.0,nflverse,2026-09-11T10:54:50.615246+00:00,A,2024-09-24T00:15:00+00:00
2024_04_DAL_NYG,nfl,NFL,2024,4,2024-09-26,NYG,DAL,15.0,20.0,3.05,1.4,,-5.5,45.0,nflverse,2026-09-11T10:54:50.615246+00:00,A,2024-09-27T00:15:00+00:00
2024_04_BUF_BAL,nfl,NFL,2024,4,2024-09-29,BAL,BUF,35.0,10.0,1.7407407407407407,2.1399999999999997,,2.5,46.5,nflverse,2026-09-11T10:54:50.615246+00:00,H,2024-09-30T00:20:00+00:00
2024_04_CIN_CAR,nfl,NFL,2024,4,2024-09-29,CAR,CIN,24.0,34.0,2.7,1.4878048780487805,,-4.5,47.0,nflverse,2026-09-11T10:54:50.615246+00:00,A,2024-09-29T17:00:00+00:00
2024_04_CLE_LV,nfl,NFL,2024,4,2024-09-29,LV,CLE,20.0,16.0,2.1399999999999997,1.7407407407407407,,-2.5,36.5,nflverse,2026-09-11T10:54:50.615246+00:00,H,2024-09-29T20:25:00+00:00
2024_04_DEN_NYJ,nfl,NFL,2024,4,2024-09-29,NYJ,DEN,9.0,10.0,1.2352941176470589,4.3,,7.5,39.5,nflverse,2026-09-11T10:54:50.615246+00:00,A,2024-09-29T17:00:00+00:00
2024_04_JAX_HOU,nfl,NFL,2024,4,2024-09-29,HOU,JAX,24.0,20.0,1.4201680672268908,2.95,,5.5,44.5,nflverse,2026-09-11T10:54:50.615246+00:00,H,2024-09-29T17:00:00+00:00
2024_04_KC_LAC,nfl,NFL,2024,4,2024-09-29,LAC,KC,10.0,17.0,3.75,1.289855072463768,,-7.5,41.5,nflverse,2026-09-11T10:54:50.615246+00:00,A,2024-09-29T20:25:00+00:00
2024_04_LA_CHI,nfl,NFL,2024,4,2024-09-29,CHI,LA,24.0,18.0,1.617283950617284,2.3600000000000003,,3.0,40.0,nflverse,2026-09-11T10:54:50.615246+00:00,H,2024-09-29T17:00:00+00:00
2024_04_MIN_GB,nfl,NFL,2024,4,2024-09-29,GB,MIN,29.0,31.0,1.7407407407407407,2.1399999999999997,,2.5,44.0,nflverse,2026-09-11T10:54:50.615246+00:00,A,2024-09-29T17:00:00+00:00
2024_04_NE_SF,nfl,NFL,2024,4,2024-09-29,SF,NE,30.0,13.0,1.1818181818181819,5.1,,10.5,41.5,nflverse,2026-09-11T10:54:50.615246+00:00,H,2024-09-29T20:05:00+00:00
2024_04_NO_ATL,nfl,NFL,2024,4,2024-09-29,ATL,NO,26.0,24.0,1.704225352112676,2.2,,2.5,41.5,nflverse,2026-09-11T10:54:50.615246+00:00,H,2024-09-29T17:00:00+00:00
2024_04_PHI_TB,nfl,NFL,2024,4,2024-09-29,TB,PHI,33.0,16.0,1.9523809523809523,1.8695652173913042,,-1.0,42.0,nflverse,2026-09-11T10:54:50.615246+00:00,H,2024-09-29T17:00:00+00:00
2024_04_PIT_IND,nfl,NFL,2024,4,2024-09-29,IND,PIT,27.0,24.0,2.1,1.7692307692307692,,-2.5,40.0,nflverse,2026-09-11T10:54:50.615246+00:00,H,2024-09-29T17:00:00+00:00
2024_04_WAS_ARI,nfl,NFL,2024,4,2024-09-29,ARI,WAS,14.0,42.0,1.5555555555555556,2.5,,3.5,49.0,nflverse,2026-09-11T10:54:50.615246+00:00,A,2024-09-29T20:05:00+00:00
2024_04_SEA_DET,nfl,NFL,2024,4,2024-09-30,DET,SEA,42.0,29.0,1.5405405405405406,2.54,,3.5,46.5,nflverse,2026-09-11T10:54:50.615246+00:00,H,2024-10-01T00:15:00+00:00
2024_04_TEN_MIA,nfl,NFL,2024,4,2024-09-30,MIA,TEN,12.0,31.0,1.7407407407407407,2.1399999999999997,,2.5,37.0,nflverse,2026-09-11T10:54:50.615246+00:00,A,2024-09-30T23:30:00+00:00
2024_05_TB_ATL,nfl,NFL,2024,5,2024-10-03,ATL,TB,36.0,30.0,1.704225352112676,2.2,,2.5,44.0,nflverse,2026-09-11T10:54:50.615246+00:00,H,2024-10-04T00:15:00+00:00
2024_05_ARI_SF,nfl,NFL,2024,5,2024-10-06,SF,ARI,23.0,24.0,1.3076923076923077,3.6,,7.0,48.5,nflverse,2026-09-11T10:54:50.615246+00:00,A,2024-10-06T20:05:00+00:00
2024_05_BAL_CIN,nfl,NFL,2024,5,2024-10-06,CIN,BAL,38.0,41.0,2.24,1.6756756756756757,,-2.5,48.5,nflverse,2026-09-11T10:54:50.615246+00:00,A,2024-10-06T17:00:00+00:00
2024_05_BUF_HOU,nfl,NFL,2024,5,2024-10-06,HOU,BUF,23.0,20.0,1.847457627118644,1.9803921568627452,,1.0,48.0,nflverse,2026-09-11T10:54:50.615246+00:00,H,2024-10-06T17:00:00+00:00
2024_05_CAR_CHI,nfl,NFL,2024,5,2024-10-06,CHI,CAR,36.0,10.0,1.5050505050505052,2.6399999999999997,,4.0,40.0,nflverse,2026-09-11T10:54:50.615246+00:00,H,2024-10-06T17:00:00+00:00
2024_05_CLE_WAS,nfl,NFL,2024,5,2024-10-06,WAS,CLE,34.0,13.0,1.6451612903225805,2.3,,3.0,44.0,nflverse,2026-09-11T10:54:50.615246+00:00,H,2024-10-06T17:00:00+00:00
2024_05_DAL_PIT,nfl,NFL,2024,5,2024-10-06,PIT,DAL,17.0,20.0,1.7407407407407407,2.1399999999999997,,2.5,43.5,nflverse,2026-09-11T10:54:50.615246+00:00,A,2024-10-07T00:20:00+00:00
2024_05_GB_LA,nfl,NFL,2024,5,2024-10-06,LA,GB,19.0,24.0,2.3,1.6451612903225805,,-3.0,49.5,nflverse,2026-09-11T10:54:50.615246+00:00,A,2024-10-06T20:25:00+00:00
2024_05_IND_JAX,nfl,NFL,2024,5,2024-10-06,JAX,IND,37.0,34.0,1.5405405405405406,2.54,,3.5,45.0,nflverse,2026-09-11T10:54:50.615246+00:00,H,2024-10-06T17:00:00+00:00
2024_05_LV_DEN,nfl,NFL,2024,5,2024-10-06,DEN,LV,34.0,18.0,1.6451612903225805,2.3,,3.0,36.0,nflverse,2026-09-11T10:54:50.615246+00:00,H,2024-10-06T20:05:00+00:00
2024_05_MIA_NE,nfl,NFL,2024,5,2024-10-06,NE,MIA,10.0,15.0,2.1,1.7692307692307692,,-2.0,37.0,nflverse,2026-09-11T10:54:50.615246+00:00,A,2024-10-06T17:00:00+00:00
2024_05_NYG_SEA,nfl,NFL,2024,5,2024-10-06,SEA,NYG,20.0,29.0,1.3225806451612903,3.5,,7.0,42.5,nflverse,2026-09-11T10:54:50.615246+00:00,A,2024-10-06T20:25:00+00:00
2024_05_NYJ_MIN,nfl,NFL,2024,5,2024-10-06,MIN,NYJ,23.0,17.0,1.704225352112676,2.2,,2.5,42.0,nflverse,2026-09-11T10:54:50.615246+00:00,H,2024-10-06T13:30:00+00:00
2024_05_NO_KC,nfl,NFL,2024,5,2024-10-07,KC,NO,26.0,13.0,1.434782608695652,2.9,,5.5,43.0,nflverse,2026-09-11T10:54:50.615246+00:00,H,2024-10-08T00:15:00+00:00
2024_06_SF_SEA,nfl,NFL,2024,6,2024-10-10,SEA,SF,24.0,36.0,2.6399999999999997,1.5050505050505052,,-3.5,49.0,nflverse,2026-09-11T10:54:50.615246+00:00,A,2024-10-11T00:15:00+00:00
2024_06_ARI_GB,nfl,NFL,2024,6,2024-10-13,GB,ARI,34.0,13.0,1.4201680672268908,2.95,,5.5,47.0,nflverse,2026-09-11T10:54:50.615246+00:00,H,2024-10-13T17:00:00+00:00
2024_06_ATL_CAR,nfl,NFL,2024,6,2024-10-13,CAR,ATL,20.0,38.0,3.1,1.3875968992248062,,-6.0,45.5,nflverse,2026-09-11T10:54:50.615246+00:00,A,2024-10-13T20:25:00+00:00
2024_06_CIN_NYG,nfl,NFL,2024,6,2024-10-13,NYG,CIN,7.0,17.0,2.9,1.434782608695652,,-4.5,46.0,nflverse,2026-09-11T10:54:50.615246+00:00,A,2024-10-14T00:20:00+00:00
2024_06_CLE_PHI,nfl,NFL,2024,6,2024-10-13,PHI,CLE,20.0,16.0,1.2352941176470589,4.3,,8.0,42.0,nflverse,2026-09-11T10:54:50.615246+00:00,H,2024-10-13T17:00:00+00:00
2024_06_DET_DAL,nfl,NFL,2024,6,2024-10-13,DAL,DET,9.0,47.0,2.5,1.5555555555555556,,-3.5,52.5,nflverse,2026-09-11T10:54:50.615246+00:00,A,2024-10-13T20:25:00+00:00
2024_06_HOU_NE,nfl,NFL,2024,6,2024-10-13,NE,HOU,21.0,41.0,3.15,1.3773584905660377,,-6.5,38.5,nflverse,2026-09-11T10:54:50.615246+00:00,A,2024-10-13T17:00:00+00:00
2024_06_IND_TEN,nfl,NFL,2024,6,2024-10-13,TEN,IND,17.0,20.0,1.7407407407407407,2.1399999999999997,,2.5,42.0,nflverse,2026-09-11T10:54:50.615246+00:00,A,2024-10-13T17:00:00+00:00
2024_06_JAX_CHI,nfl,NFL,2024,6,2024-10-13,CHI,JAX,35.0,16.0,2.0,1.8333333333333335,,-1.5,44.5,nflverse,2026-09-11T10:54:50.615246+00:00,H,2024-10-13T13:30:00+00:00
2024_06_LAC_DEN,nfl,NFL,2024,6,2024-10-13,DEN,LAC,16.0,23.0,2.3,1.6451612903225805,,-3.0,37.0,nflverse,2026-09-11T10:54:50.615246+00:00,A,2024-10-13T20:05:00+00:00
2024_06_PIT_LV,nfl,NFL,2024,6,2024-10-13,LV,PIT,13.0,32.0,2.5,1.5555555555555556,,-3.5,36.5,nflverse,2026-09-11T10:54:50.615246+00:00,A,2024-10-13T20:05:00+00:00
2024_06_TB_NO,nfl,NFL,2024,6,2024-10-13,NO,TB,27.0,51.0,2.45,1.5714285714285714,,-3.5,42.5,nflverse,2026-09-11T10:54:50.615246+00:00,A,2024-10-13T17:00:00+00:00
2024_06_WAS_BAL,nfl,NFL,2024,6,2024-10-13,BAL,WAS,30.0,23.0,1.3508771929824561,3.3,,6.5,51.5,nflverse,2026-09-11T10:54:50.615246+00:00,H,2024-10-13T17:00:00+00:00
2024_06_BUF_NYJ,nfl,NFL,2024,6,2024-10-14,NYJ,BUF,20.0,23.0,2.02,1.819672131147541,,-1.0,42.0,nflverse,2026-09-11T10:54:50.615246+00:00,A,2024-10-15T00:15:00+00:00
2024_07_DEN_NO,nfl,NFL,2024,7,2024-10-17,NO,DEN,10.0,33.0,2.24,1.6756756756756757,,-2.5,37.0,nflverse,2026-09-11T10:54:50.615246+00:00,A,2024-10-18T00:15:00+00:00
2024_07_CAR_WAS,nfl,NFL,2024,7,2024-10-20,WAS,CAR,40.0,7.0,1.1869158878504673,5.0,,10.0,51.0,nflverse,2026-09-11T10:54:50.615246+00:00,H,2024-10-20T20:05:00+00:00
2024_07_CIN_CLE,nfl,NFL,2024,7,2024-10-20,CLE,CIN,14.0,21.0,2.9,1.434782608695652,,-5.5,42.0,nflverse,2026-09-11T10:54:50.615246+00:00,A,2024-10-20T17:00:00+00:00
2024_07_DET_MIN,nfl,NFL,2024,7,2024-10-20,MIN,DET,29.0,31.0,1.847457627118644,1.9803921568627452,,1.0,50.5,nflverse,2026-09-11T10:54:50.615246+00:00,A,2024-10-20T17:00:00+00:00
2024_07_HOU_GB,nfl,NFL,2024,7,2024-10-20,GB,HOU,24.0,22.0,1.5882352941176472,2.42,,3.0,48.0,nflverse,2026-09-11T10:54:50.615246+00:00,H,2024-10-20T17:00:00+00:00
2024_07_KC_SF,nfl,NFL,2024,7,2024-10-20,SF,KC,18.0,28.0,1.704225352112676,2.2,,2.5,47.5,nflverse,2026-09-11T10:54:50.615246+00:00,A,2024-10-20T20:25:00+00:00
2024_07_LV_LA,nfl,NFL,2024,7,2024-10-20,LA,LV,20.0,15.0,1.2816901408450705,3.8,,7.0,43.0,nflverse,2026-09-11T10:54:50.615246+00:00,H,2024-10-20T20:05:00+00:00
2024_07_MIA_IND,nfl,NFL,2024,7,2024-10-20,IND,MIA,16.0,10.0,1.6451612903225805,2.3,,3.0,44.0,nflverse,2026-09-11T10:54:50.615246+00:00,H,2024-10-20T17:00:00+00:00
2024_07_NE_JAX,nfl,NFL,2024,7,2024-10-20,JAX,NE,32.0,16.0,1.3355704697986577,3.4,,6.5,42.0,nflverse,2026-09-11T10:54:50.615246+00:00,H,2024-10-20T13:30:00+00:00
2024_07_NYJ_PIT,nfl,NFL,2024,7,2024-10-20,PIT,NYJ,37.0,15.0,2.4,1.6024096385542168,,-3.0,40.0,nflverse,2026-09-11T10:54:50.615246+00:00,H,2024-10-21T00:20:00+00:00
2024_07_PHI_NYG,nfl,NFL,2024,7,2024-10-20,NYG,PHI,3.0,28.0,2.4,1.6024096385542168,,-3.0,42.0,nflverse,2026-09-11T10:54:50.615246+00:00,A,2024-10-20T17:00:00+00:00
2024_07_SEA_ATL,nfl,NFL,2024,7,2024-10-20,ATL,SEA,14.0,34.0,1.617283950617284,2.3600000000000003,,3.0,51.5,nflverse,2026-09-11T10:54:50.615246+00:00,A,2024-10-20T17:00:00+00:00
2024_07_TEN_BUF,nfl,NFL,2024,7,2024-10-20,BUF,TEN,34.0,10.0,1.1869158878504673,5.0,,9.5,41.0,nflverse,2026-09-11T10:54:50.615246+00:00,H,2024-10-20T17:00:00+00:00
2024_07_BAL_TB,nfl,NFL,2024,7,2024-10-21,TB,BAL,31.0,41.0,2.85,1.4444444444444444,,-4.5,51.0,nflverse,2026-09-11T10:54:50.615246+00:00,A,2024-10-22T00:15:00+00:00
2024_07_LAC_ARI,nfl,NFL,2024,7,2024-10-21,ARI,LAC,17.0,15.0,2.02,1.819672131147541,,-1.0,44.0,nflverse,2026-09-11T10:54:50.615246+00:00,H,2024-10-22T01:00:00+00:00
2024_08_MIN_LA,nfl,NFL,2024,8,2024-10-24,LA,MIN,30.0,20.0,2.3,1.6451612903225805,,-3.0,47.5,nflverse,2026-09-11T10:54:50.615246+00:00,H,2024-10-25T00:15:00+00:00
2024_08_ARI_MIA,nfl,NFL,2024,8,2024-10-27,MIA,ARI,27.0,28.0,1.5050505050505052,2.6399999999999997,,4.0,46.5,nflverse,2026-09-11T10:54:50.615246+00:00,A,2024-10-27T17:00:00+00:00
2024_08_ATL_TB,nfl,NFL,2024,8,2024-10-27,TB,ATL,26.0,31.0,2.02,1.819672131147541,,-1.5,47.0,nflverse,2026-09-11T10:54:50.615246+00:00,A,2024-10-27T17:00:00+00:00
2024_08_BAL_CLE,nfl,NFL,2024,8,2024-10-27,CLE,BAL,29.0,24.0,4.0,1.263157894736842,,-7.5,44.5,nflverse,2026-09-11T10:54:50.615246+00:00,H,2024-10-27T17:00:00+00:00
2024_08_BUF_SEA,nfl,NFL,2024,8,2024-10-27,SEA,BUF,10.0,31.0,2.42,1.5882352941176472,,-3.0,45.5,nflverse,2026-09-11T10:54:50.615246+00:00,A,2024-10-27T20:05:00+00:00
2024_08_CAR_DEN,nfl,NFL,2024,8,2024-10-27,DEN,CAR,28.0,14.0,1.1333333333333333,6.25,,13.0,40.5,nflverse,2026-09-11T10:54:50.615246+00:00,H,2024-10-27T20:25:00+00:00
2024_08_CHI_WAS,nfl,NFL,2024,8,2024-10-27,WAS,CHI,18.0,15.0,1.819672131147541,2.02,,1.5,46.5,nflverse,2026-09-11T10:54:50.615246+00:00,H,2024-10-27T20:25:00+00:00
2024_08_DAL_SF,nfl,NFL,2024,8,2024-10-27,SF,DAL,30.0,24.0,1.4201680672268908,2.95,,5.5,48.0,nflverse,2026-09-11T10:54:50.615246+00:00,H,2024-10-28T00:20:00+00:00
2024_08_GB_JAX,nfl,NFL,2024,8,2024-10-27,JAX,GB,27.0,30.0,2.6,1.5208333333333335,,-3.5,49.0,nflverse,2026-09-11T10:54:50.615246+00:00,A,2024-10-27T17:00:00+00:00
2024_08_IND_HOU,nfl,NFL,2024,8,2024-10-27,HOU,IND,23.0,20.0,1.4444444444444444,2.85,,5.0,45.0,nflverse,2026-09-11T10:54:50.615246+00:00,H,2024-10-27T17:00:00+00:00
2024_08_KC_LV,nfl,NFL,2024,8,2024-10-27,LV,KC,20.0,27.0,4.4,1.2272727272727273,,-9.0,42.0,nflverse,2026-09-11T10:54:50.615246+00:00,A,2024-10-27T20:25:00+00:00
2024_08_NO_LAC,nfl,NFL,2024,8,2024-10-27,LAC,NO,26.0,8.0,1.3225806451612903,3.5,,7.0,41.5,nflverse,2026-09-11T10:54:50.615246+00:00,H,2024-10-27T20:05:00+00:00
2024_08_NYJ_NE,nfl,NFL,2024,8,2024-10-27,NE,NYJ,25.0,22.0,3.45,1.3278688524590163,,-7.0,41.0,nflverse,2026-09-11T10:54:50.615246+00:00,H,2024-10-27T17:00:00+00:00
2024_08_PHI_CIN,nfl,NFL,2024,8,2024-10-27,CIN,PHI,17.0,37.0,1.6756756756756757,2.24,,2.5,47.5,nflverse,2026-09-11T10:54:50.615246+00:00,A,2024-10-27T17:00:00+00:00
2024_08_TEN_DET,nfl,NFL,2024,8,2024-10-27,DET,TEN,52.0,14.0,1.125,6.5,,12.5,45.0,nflverse,2026-09-11T10:54:50.615246+00:00,H,2024-10-27T17:00:00+00:00
2024_08_NYG_PIT,nfl,NFL,2024,8,2024-10-28,PIT,NYG,26.0,18.0,1.3703703703703702,3.2,,6.0,37.5,nflverse,2026-09-11T10:54:50.615246+00:00,H,2024-10-29T00:15:00+00:00
2024_09_HOU_NYJ,nfl,NFL,2024,9,2024-10-31,NYJ,HOU,21.0,13.0,1.6756756756756757,2.24,,2.5,43.5,nflverse,2026-09-11T10:54:50.615246+00:00,H,2024-11-01T00:15:00+00:00
2024_09_CHI_ARI,nfl,NFL,2024,9,2024-11-03,ARI,CHI,29.0,9.0,1.8333333333333335,2.0,,1.5,44.5,nflverse,2026-09-11T10:54:50.615246+00:00,H,2024-11-03T21:05:00+00:00
2024_09_DAL_ATL,nfl,NFL,2024,9,2024-11-03,ATL,DAL,27.0,21.0,1.6024096385542168,2.4,,3.0,52.0,nflverse,2026-09-11T10:54:50.615246+00:00,H,2024-11-03T18:00:00+00:00
2024_09_DEN_BAL,nfl,NFL,2024,9,2024-11-03,BAL,DEN,41.0,10.0,1.2272727272727273,4.3,,9.0,46.5,nflverse,2026-09-11T10:54:50.615246+00:00,H,2024-11-03T18:00:00+00:00
2024_09_DET_GB,nfl,NFL,2024,9,2024-11-03,GB,DET,14.0,24.0,2.3,1.6451612903225805,,-2.5,47.5,nflverse,2026-09-11T10:54:50.615246+00:00,A,2024-11-03T21:25:00+00:00
2024_09_IND_MIN,nfl,NFL,2024,9,2024-11-03,MIN,IND,21.0,13.0,1.3355704697986577,3.4,,6.5,47.0,nflverse,2026-09-11T10:54:50.615246+00:00,H,2024-11-04T01:20:00+00:00
2024_09_JAX_PHI,nfl,NFL,2024,9,2024-11-03,PHI,JAX,28.0,23.0,1.2941176470588236,3.7,,7.5,46.0,nflverse,2026-09-11T10:54:50.615246+00:00,H,2024-11-03T21:05:00+00:00
2024_09_LAC_CLE,nfl,NFL,2024,9,2024-11-03,CLE,LAC,10.0,27.0,2.1,1.7692307692307692,,-2.0,42.5,nflverse,2026-09-11T10:54:50.615246+00:00,A,2024-11-03T18:00:00+00:00
2024_09_LA_SEA,nfl,NFL,2024,9,2024-11-03,SEA,LA,20.0,26.0,2.05,1.8,,-1.5,48.5,nflverse,2026-09-11T10:54:50.615246+00:00,A,2024-11-03T21:25:00+00:00
2024_09_LV_CIN,nfl,NFL,2024,9,2024-11-03,CIN,LV,41.0,24.0,1.2439024390243902,4.2,,8.0,45.0,nflverse,2026-09-11T10:54:50.615246+00:00,H,2024-11-03T18:00:00+00:00
2024_09_MIA_BUF,nfl,NFL,2024,9,2024-11-03,BUF,MIA,30.0,27.0,1.3508771929824561,3.3,,6.5,49.0,nflverse,2026-09-11T10:54:50.615246+00:00,H,2024-11-03T18:00:00+00:00
2024_09_NE_TEN,nfl,NFL,2024,9,2024-11-03,TEN,NE,20.0,17.0,1.617283950617284,2.3600000000000003,,3.0,38.5,nflverse,2026-09-11T10:54:50.615246+00:00,H,2024-11-03T18:00:00+00:00
2024_09_NO_CAR,nfl,NFL,2024,9,2024-11-03,CAR,NO,23.0,22.0,3.75,1.289855072463768,,-7.0,43.5,nflverse,2026-09-11T10:54:50.615246+00:00,H,2024-11-03T18:00:00+00:00
2024_09_WAS_NYG,nfl,NFL,2024,9,2024-11-03,NYG,WAS,22.0,27.0,2.8,1.4587155963302751,,-4.5,44.5,nflverse,2026-09-11T10:54:50.615246+00:00,A,2024-11-03T18:00:00+00:00
2024_09_TB_KC,nfl,NFL,2024,9,2024-11-04,KC,TB,30.0,24.0,1.2352941176470589,4.3,,9.0,45.5,nflverse,2026-09-11T10:54:50.615246+00:00,H,2024-11-05T01:15:00+00:00
2024_10_CIN_BAL,nfl,NFL,2024,10,2024-11-07,BAL,CIN,35.0,34.0,1.3703703703703702,3.2,,6.0,53.0,nflverse,2026-09-11T10:54:50.615246+00:00,H,2024-11-08T01:15:00+00:00
2024_10_ATL_NO,nfl,NFL,2024,10,2024-11-10,NO,ATL,20.0,17.0,2.6,1.5208333333333335,,-3.5,46.5,nflverse,2026-09-11T10:54:50.615246+00:00,H,2024-11-10T18:00:00+00:00
2024_10_BUF_IND,nfl,NFL,2024,10,2024-11-10,IND,BUF,20.0,30.0,2.9,1.434782608695652,,-4.5,46.5,nflverse,2026-09-11T10:54:50.615246+00:00,A,2024-11-10T18:00:00+00:00
2024_10_DEN_KC,nfl,NFL,2024,10,2024-11-10,KC,DEN,16.0,14.0,1.263157894736842,4.0,,7.5,42.5,nflverse,2026-09-11T10:54:50.615246+00:00,H,2024-11-10T18:00:00+00:00
2024_10_DET_HOU,nfl,NFL,2024,10,2024-11-10,HOU,DET,23.0,26.0,2.9,1.434782608695652,,-4.5,49.0,nflverse,2026-09-11T10:54:50.615246+00:00,A,2024-11-11T01:20:00+00:00
2024_10_MIN_JAX,nfl,NFL,2024,10,2024-11-10,JAX,MIN,7.0,12.0,3.8,1.289855072463768,,-7.0,42.5,nflverse,2026-09-11T10:54:50.615246+00:00,A,2024-11-10T18:00:00+00:00
2024_10_NE_CHI,nfl,NFL,2024,10,2024-11-10,CHI,NE,3.0,19.0,1.3076923076923077,3.6,,6.5,37.5,nflverse,2026-09-11T10:54:50.615246+00:00,A,2024-11-10T18:00:00+00:00
2024_10_NYG_CAR,nfl,NFL,2024,10,2024-11-10,CAR,NYG,20.0,17.0,3.4,1.3355704697986577,,-6.5,40.5,nflverse,2026-09-11T10:54:50.615246+00:00,H,2024-11-10T14:30:00+00:00
2024_10_NYJ_ARI,nfl,NFL,2024,10,2024-11-10,ARI,NYJ,31.0,6.0,2.1,1.7692307692307692,,-2.0,45.5,nflverse,2026-09-11T10:54:50.615246+00:00,H,2024-11-10T21:25:00+00:00
2024_10_PHI_DAL,nfl,NFL,2024,10,2024-11-10,DAL,PHI,6.0,34.0,3.85,1.2777777777777777,,-7.5,44.5,nflverse,2026-09-11T10:54:50.615246+00:00,A,2024-11-10T21:25:00+00:00
2024_10_PIT_WAS,nfl,NFL,2024,10,2024-11-10,WAS,PIT,27.0,28.0,1.819672131147541,2.02,,1.5,45.0,nflverse,2026-09-11T10:54:50.615246+00:00,A,2024-11-10T18:00:00+00:00
2024_10_SF_TB,nfl,NFL,2024,10,2024-11-10,TB,SF,20.0,23.0,3.4,1.3355704697986577,,-6.5,50.5,nflverse,2026-09-11T10:54:50.615246+00:00,A,2024-11-10T18:00:00+00:00
2024_10_TEN_LAC,nfl,NFL,2024,10,2024-11-10,LAC,TEN,27.0,17.0,1.263157894736842,4.0,,8.0,40.0,nflverse,2026-09-11T10:54:50.615246+00:00,H,2024-11-10T21:05:00+00:00
2024_10_MIA_LA,nfl,NFL,2024,10,2024-11-11,LA,MIA,15.0,23.0,1.704225352112676,2.2,,2.5,49.5,nflverse,2026-09-11T10:54:50.615246+00:00,A,2024-11-12T01:15:00+00:00
2024_11_WAS_PHI,nfl,NFL,2024,11,2024-11-14,PHI,WAS,26.0,18.0,1.434782608695652,2.9,,4.5,49.5,nflverse,2026-09-11T10:54:50.615246+00:00,H,2024-11-15T01:15:00+00:00
2024_11_ATL_DEN,nfl,NFL,2024,11,2024-11-17,DEN,ATL,38.0,6.0,1.7407407407407407,2.1399999999999997,,2.0,44.5,nflverse,2026-09-11T10:54:50.615246+00:00,H,2024-11-17T21:05:00+00:00
2024_11_BAL_PIT,nfl,NFL,2024,11,2024-11-17,PIT,BAL,18.0,16.0,2.45,1.5714285714285714,,-3.0,48.0,nflverse,2026-09-11T10:54:50.615246+00:00,H,2024-11-17T18:00:00+00:00
2024_11_CIN_LAC,nfl,NFL,2024,11,2024-11-17,LAC,CIN,34.0,27.0,1.9090909090909092,1.9090909090909092,,1.0,48.0,nflverse,2026-09-11T10:54:50.615246+00:00,H,2024-11-18T01:20:00+00:00
2024_11_CLE_NO,nfl,NFL,2024,11,2024-11-17,NO,CLE,35.0,14.0,1.9523809523809523,1.8695652173913042,,-1.0,44.0,nflverse,2026-09-11T10:54:50.615246+00:00,H,2024-11-17T18:00:00+00:00
2024_11_GB_CHI,nfl,NFL,2024,11,2024-11-17,CHI,GB,19.0,20.0,3.15,1.3773584905660377,,-6.0,41.0,nflverse,2026-09-11T10:54:50.615246+00:00,A,2024-11-17T18:00:00+00:00
2024_11_IND_NYJ,nfl,NFL,2024,11,2024-11-17,NYJ,IND,27.0,28.0,1.4878048780487805,2.7,,4.0,43.0,nflverse,2026-09-11T10:54:50.615246+00:00,A,2024-11-17T18:00:00+00:00
2024_11_JAX_DET,nfl,NFL,2024,11,2024-11-17,DET,JAX,52.0,6.0,1.1,7.5,,14.0,47.5,nflverse,2026-09-11T10:54:50.615246+00:00,H,2024-11-17T18:00:00+00:00
2024_11_KC_BUF,nfl,NFL,2024,11,2024-11-17,BUF,KC,30.0,21.0,1.704225352112676,2.2,,2.5,46.5,nflverse,2026-09-11T10:54:50.615246+00:00,H,2024-11-17T21:25:00+00:00
2024_11_LA_NE,nfl,NFL,2024,11,2024-11-17,NE,LA,22.0,28.0,2.6399999999999997,1.5050505050505052,,-4.0,42.5,nflverse,2026-09-11T10:54:50.615246+00:00,A,2024-11-17T18:00:00+00:00
2024_11_LV_MIA,nfl,NFL,2024,11,2024-11-17,MIA,LV,34.0,19.0,1.2352941176470589,4.3,,8.0,43.5,nflverse,2026-09-11T10:54:50.615246+00:00,H,2024-11-17T18:00:00+00:00
2024_11_MIN_TEN,nfl,NFL,2024,11,2024-11-17,TEN,MIN,13.0,23.0,3.35,1.3448275862068966,,-6.0,40.0,nflverse,2026-09-11T10:54:50.615246+00:00,A,2024-11-17T18:00:00+00:00
2024_11_SEA_SF,nfl,NFL,2024,11,2024-11-17,SF,SEA,17.0,20.0,1.3773584905660377,3.15,,6.0,49.0,nflverse,2026-09-11T10:54:50.615246+00:00,A,2024-11-17T21:05:00+00:00
2024_11_HOU_DAL,nfl,NFL,2024,11,2024-11-18,DAL,HOU,10.0,34.0,3.85,1.2777777777777777,,-7.5,41.5,nflverse,2026-09-11T10:54:50.615246+00:00,A,2024-11-19T01:15:00+00:00
2024_12_PIT_CLE,nfl,NFL,2024,12,2024-11-21,CLE,PIT,24.0,19.0,2.7,1.4878048780487805,,-3.5,36.5,nflverse,2026-09-11T10:54:50.615246+00:00,H,2024-11-22T01:15:00+00:00
2024_12_ARI_SEA,nfl,NFL,2024,12,2024-11-24,SEA,ARI,16.0,6.0,1.9523809523809523,1.8695652173913042,,-1.0,46.5,nflverse,2026-09-11T10:54:50.615246+00:00,H,2024-11-24T21:25:00+00:00
2024_12_DAL_WAS,nfl,NFL,2024,12,2024-11-24,WAS,DAL,26.0,34.0,1.16,5.55,,10.5,45.0,nflverse,2026-09-11T10:54:50.615246+00:00,A,2024-11-24T18:00:00+00:00
2024_12_DEN_LV,nfl,NFL,2024,12,2024-11-24,LV,DEN,19.0,29.0,3.25,1.3597122302158273,,-6.5,41.5,nflverse,2026-09-11T10:54:50.615246+00:00,A,2024-11-24T21:05:00+00:00
2024_12_DET_IND,nfl,NFL,2024,12,2024-11-24,IND,DET,6.0,24.0,3.95,1.2666666666666666,,-7.0,50.5,nflverse,2026-09-11T10:54:50.615246+00:00,A,2024-11-24T18:00:00+00:00
2024_12_KC_CAR,nfl,NFL,2024,12,2024-11-24,CAR,KC,27.0,30.0,6.0,1.1428571428571428,,-11.0,43.0,nflverse,2026-09-11T10:54:50.615246+00:00,A,2024-11-24T18:00:00+00:00
2024_12_MIN_CHI,nfl,NFL,2024,12,2024-11-24,CHI,MIN,27.0,30.0,2.45,1.5714285714285714,,-3.0,39.5,nflverse,2026-09-11T10:54:50.615246+00:00,A,2024-11-24T18:00:00+00:00
2024_12_NE_MIA,nfl,NFL,2024,12,2024-11-24,MIA,NE,34.0,15.0,1.2777777777777777,3.85,,7.5,46.0,nflverse,2026-09-11T10:54:50.615246+00:00,H,2024-11-24T18:00:00+00:00
2024_12_PHI_LA,nfl,NFL,2024,12,2024-11-24,LA,PHI,20.0,37.0,2.42,1.5882352941176472,,-3.0,49.0,nflverse,2026-09-11T10:54:50.615246+00:00,A,2024-11-25T01:20:00+00:00
2024_12_SF_GB,nfl,NFL,2024,12,2024-11-24,GB,SF,38.0,10.0,1.3448275862068966,3.35,,6.5,44.5,nflverse,2026-09-11T10:54:50.615246+00:00,H,2024-11-24T21:25:00+00:00
2024_12_TB_NYG,nfl,NFL,2024,12,2024-11-24,NYG,TB,7.0,30.0,3.4,1.3355704697986577,,-6.5,40.5,nflverse,2026-09-11T10:54:50.615246+00:00,A,2024-11-24T18:00:00+00:00
2024_12_TEN_HOU,nfl,NFL,2024,12,2024-11-24,HOU,TEN,27.0,32.0,1.2666666666666666,3.95,,8.0,40.5,nflverse,2026-09-11T10:54:50.615246+00:00,A,2024-11-24T18:00:00+00:00
2024_12_BAL_LAC,nfl,NFL,2024,12,2024-11-25,LAC,BAL,23.0,30.0,2.4,1.6024096385542168,,-3.0,51.0,nflverse,2026-09-11T10:54:50.615246+00:00,A,2024-11-26T01:15:00+00:00
2024_13_CHI_DET,nfl,NFL,2024,13,2024-11-28,DET,CHI,23.0,20.0,1.1923076923076923,4.9,,9.5,47.5,nflverse,2026-09-11T10:54:50.615246+00:00,H,2024-11-28T17:30:00+00:00
2024_13_MIA_GB,nfl,NFL,2024,13,2024-11-28,GB,MIA,30.0,17.0,1.5714285714285714,2.45,,3.5,47.5,nflverse,2026-09-11T10:54:50.615246+00:00,H,2024-11-29T01:20:00+00:00
2024_13_NYG_DAL,nfl,NFL,2024,13,2024-11-28,DAL,NYG,27.0,20.0,1.4587155963302751,2.85,,4.5,39.0,nflverse,2026-09-11T10:54:50.615246+00:00,H,2024-11-28T21:30:00+00:00
2024_13_LV_KC,nfl,NFL,2024,13,2024-11-29,KC,LV,19.0,17.0,1.125,6.5,,13.5,42.0,nflverse,2026-09-11T10:54:50.615246+00:00,H,2024-11-29T20:00:00+00:00
2024_13_ARI_MIN,nfl,NFL,2024,13,2024-12-01,MIN,ARI,23.0,22.0,1.5405405405405406,2.54,,3.5,45.5,nflverse,2026-09-11T10:54:50.615246+00:00,H,2024-12-01T18:00:00+00:00
2024_13_HOU_JAX,nfl,NFL,2024,13,2024-12-01,JAX,HOU,20.0,23.0,2.6,1.5208333333333335,,-3.5,44.5,nflverse,2026-09-11T10:54:50.615246+00:00,A,2024-12-01T18:00:00+00:00
2024_13_IND_NE,nfl,NFL,2024,13,2024-12-01,NE,IND,24.0,25.0,2.1399999999999997,1.7407407407407407,,-2.5,41.5,nflverse,2026-09-11T10:54:50.615246+00:00,A,2024-12-01T18:00:00+00:00
2024_13_LAC_ATL,nfl,NFL,2024,13,2024-12-01,ATL,LAC,13.0,17.0,1.9803921568627452,1.847457627118644,,-1.0,47.0,nflverse,2026-09-11T10:54:50.615246+00:00,A,2024-12-01T18:00:00+00:00
2024_13_LA_NO,nfl,NFL,2024,13,2024-12-01,NO,LA,14.0,21.0,2.2,1.704225352112676,,-2.5,48.5,nflverse,2026-09-11T10:54:50.615246+00:00,A,2024-12-01T21:05:00+00:00
2024_13_PHI_BAL,nfl,NFL,2024,13,2024-12-01,BAL,PHI,19.0,24.0,1.617283950617284,2.3600000000000003,,3.0,50.0,nflverse,2026-09-11T10:54:50.615246+00:00,A,2024-12-01T21:25:00+00:00
2024_13_PIT_CIN,nfl,NFL,2024,13,2024-12-01,CIN,PIT,38.0,44.0,1.6451612903225805,2.3,,3.0,46.0,nflverse,2026-09-11T10:54:50.615246+00:00,A,2024-12-01T18:00:00+00:00
2024_13_SEA_NYJ,nfl,NFL,2024,13,2024-12-01,NYJ,SEA,21.0,26.0,1.8695652173913042,1.9523809523809523,,1.0,41.5,nflverse,2026-09-11T10:54:50.615246+00:00,A,2024-12-01T18:00:00+00:00
2024_13_SF_BUF,nfl,NFL,2024,13,2024-12-01,BUF,SF,35.0,10.0,1.2941176470588236,3.7,,6.5,45.0,nflverse,2026-09-11T10:54:50.615246+00:00,H,2024-12-02T01:20:00+00:00
2024_13_TB_CAR,nfl,NFL,2024,13,2024-12-01,CAR,TB,23.0,26.0,3.35,1.3448275862068966,,-6.5,46.0,nflverse,2026-09-11T10:54:50.615246+00:00,A,2024-12-01T21:05:00+00:00
2024_13_TEN_WAS,nfl,NFL,2024,13,2024-12-01,WAS,TEN,42.0,19.0,1.4,3.05,,6.0,45.0,nflverse,2026-09-11T10:54:50.615246+00:00,H,2024-12-01T18:00:00+00:00
2024_13_CLE_DEN,nfl,NFL,2024,13,2024-12-02,DEN,CLE,41.0,32.0,1.3448275862068966,3.35,,6.5,41.5,nflverse,2026-09-11T10:54:50.615246+00:00,H,2024-12-03T01:15:00+00:00
2024_14_GB_DET,nfl,NFL,2024,14,2024-12-05,DET,GB,34.0,31.0,1.5882352941176472,2.42,,3.0,53.0,nflverse,2026-09-11T10:54:50.615246+00:00,H,2024-12-06T01:15:00+00:00
2024_14_ATL_MIN,nfl,NFL,2024,14,2024-12-08,MIN,ATL,42.0,21.0,1.4,3.05,,6.0,46.5,nflverse,2026-09-11T10:54:50.615246+00:00,H,2024-12-08T18:00:00+00:00
2024_14_BUF_LA,nfl,NFL,2024,14,2024-12-08,LA,BUF,44.0,42.0,2.6,1.5208333333333335,,-3.5,49.5,nflverse,2026-09-11T10:54:50.615246+00:00,H,2024-12-08T21:25:00+00:00
2024_14_CAR_PHI,nfl,NFL,2024,14,2024-12-08,PHI,CAR,22.0,16.0,1.1052631578947367,7.25,,14.0,44.5,nflverse,2026-09-11T10:54:50.615246+00:00,H,2024-12-08T18:00:00+00:00
2024_14_CHI_SF,nfl,NFL,2024,14,2024-12-08,SF,CHI,38.0,13.0,1.617283950617284,2.3600000000000003,,3.0,43.5,nflverse,2026-09-11T10:54:50.615246+00:00,H,2024-12-08T21:25:00+00:00
2024_14_CLE_PIT,nfl,NFL,2024,14,2024-12-08,PIT,CLE,27.0,14.0,1.3875968992248062,3.1,,6.0,43.0,nflverse,2026-09-11T10:54:50.615246+00:00,H,2024-12-08T18:00:00+00:00
2024_14_JAX_TEN,nfl,NFL,2024,14,2024-12-08,TEN,JAX,6.0,10.0,1.5882352941176472,2.42,,3.0,40.0,nflverse,2026-09-11T10:54:50.615246+00:00,A,2024-12-08T18:00:00+00:00
2024_14_LAC_KC,nfl,NFL,2024,14,2024-12-08,KC,LAC,19.0,17.0,1.4201680672268908,2.95,,5.0,43.5,nflverse,2026-09-11T10:54:50.615246+00:00,H,2024-12-09T01:20:00+00:00
2024_14_LV_TB,nfl,NFL,2024,14,2024-12-08,TB,LV,28.0,13.0,1.3076923076923077,3.6,,7.0,47.0,nflverse,2026-09-11T10:54:50.615246+00:00,H,2024-12-08T18:00:00+00:00
2024_14_NO_NYG,nfl,NFL,2024,14,2024-12-08,NYG,NO,11.0,14.0,3.0,1.4081632653061225,,-5.5,41.0,nflverse,2026-09-11T10:54:50.615246+00:00,A,2024-12-08T18:00:00+00:00
2024_14_NYJ_MIA,nfl,NFL,2024,14,2024-12-08,MIA,NYJ,32.0,26.0,1.3355704697986577,3.4,,6.5,45.0,nflverse,2026-09-11T10:54:50.615246+00:00,H,2024-12-08T18:00:00+00:00
2024_14_SEA_ARI,nfl,NFL,2024,14,2024-12-08,ARI,SEA,18.0,30.0,1.5714285714285714,2.45,,3.0,45.5,nflverse,2026-09-11T10:54:50.615246+00:00,A,2024-12-08T21:05:00+00:00
2024_14_CIN_DAL,nfl,NFL,2024,14,2024-12-09,DAL,CIN,20.0,27.0,2.9,1.434782608695652,,-5.0,51.0,nflverse,2026-09-11T10:54:50.615246+00:00,A,2024-12-10T01:15:00+00:00
2024_15_LA_SF,nfl,NFL,2024,15,2024-12-12,SF,LA,6.0,12.0,1.6451612903225805,2.3,,3.0,48.5,nflverse,2026-09-11T10:54:50.615246+00:00,A,2024-12-13T01:15:00+00:00
2024_15_BAL_NYG,nfl,NFL,2024,15,2024-12-15,NYG,BAL,14.0,35.0,11.0,1.0555555555555556,,-16.5,43.5,nflverse,2026-09-11T10:54:50.615246+00:00,A,2024-12-15T18:00:00+00:00
2024_15_BUF_DET,nfl,NFL,2024,15,2024-12-15,DET,BUF,42.0,48.0,1.7692307692307692,2.1,,2.5,55.5,nflverse,2026-09-11T10:54:50.615246+00:00,A,2024-12-15T21:25:00+00:00
2024_15_CIN_TEN,nfl,NFL,2024,15,2024-12-15,TEN,CIN,27.0,37.0,3.05,1.4,,-6.0,46.5,nflverse,2026-09-11T10:54:50.615246+00:00,A,2024-12-15T18:00:00+00:00
2024_15_DAL_CAR,nfl,NFL,2024,15,2024-12-15,CAR,DAL,14.0,30.0,1.704225352112676,2.2,,2.5,42.0,nflverse,2026-09-11T10:54:50.615246+00:00,A,2024-12-15T18:00:00+00:00
2024_15_GB_SEA,nfl,NFL,2024,15,2024-12-15,SEA,GB,13.0,30.0,2.3600000000000003,1.617283950617284,,-3.0,48.0,nflverse,2026-09-11T10:54:50.615246+00:00,A,2024-12-16T01:20:00+00:00
2024_15_IND_DEN,nfl,NFL,2024,15,2024-12-15,DEN,IND,31.0,13.0,1.4201680672268908,2.95,,4.5,43.5,nflverse,2026-09-11T10:54:50.615246+00:00,H,2024-12-15T21:25:00+00:00
2024_15_KC_CLE,nfl,NFL,2024,15,2024-12-15,CLE,KC,7.0,21.0,2.9,1.434782608695652,,-4.5,41.5,nflverse,2026-09-11T10:54:50.615246+00:00,A,2024-12-15T18:00:00+00:00
2024_15_MIA_HOU,nfl,NFL,2024,15,2024-12-15,HOU,MIA,20.0,12.0,1.6451612903225805,2.3,,2.5,46.5,nflverse,2026-09-11T10:54:50.615246+00:00,H,2024-12-15T18:00:00+00:00
2024_15_NE_ARI,nfl,NFL,2024,15,2024-12-15,ARI,NE,30.0,17.0,1.3875968992248062,3.1,,6.0,46.5,nflverse,2026-09-11T10:54:50.615246+00:00,H,2024-12-15T21:25:00+00:00
2024_15_NYJ_JAX,nfl,NFL,2024,15,2024-12-15,JAX,NYJ,25.0,32.0,2.45,1.5714285714285714,,-3.5,41.5,nflverse,2026-09-11T10:54:50.615246+00:00,A,2024-12-15T18:00:00+00:00
2024_15_PIT_PHI,nfl,NFL,2024,15,2024-12-15,PHI,PIT,27.0,13.0,1.3773584905660377,3.15,,5.5,43.0,nflverse,2026-09-11T10:54:50.615246+00:00,H,2024-12-15T21:25:00+00:00
2024_15_TB_LAC,nfl,NFL,2024,15,2024-12-15,LAC,TB,17.0,40.0,1.617283950617284,2.3600000000000003,,3.0,46.0,nflverse,2026-09-11T10:54:50.615246+00:00,A,2024-12-15T21:25:00+00:00
2024_15_WAS_NO,nfl,NFL,2024,15,2024-12-15,NO,WAS,19.0,20.0,3.95,1.2666666666666666,,-7.5,44.5,nflverse,2026-09-11T10:54:50.615246+00:00,A,2024-12-15T18:00:00+00:00
2024_15_ATL_LV,nfl,NFL,2024,15,2024-12-16,LV,ATL,9.0,15.0,3.75,1.289855072463768,,-6.5,44.5,nflverse,2026-09-11T10:54:50.615246+00:00,A,2024-12-17T01:30:00+00:00
2024_15_CHI_MIN,nfl,NFL,2024,15,2024-12-16,MIN,CHI,30.0,12.0,1.3076923076923077,3.6,,7.0,43.5,nflverse,2026-09-11T10:54:50.615246+00:00,H,2024-12-17T01:00:00+00:00
2024_16_DEN_LAC,nfl,NFL,2024,16,2024-12-19,LAC,DEN,34.0,27.0,1.6756756756756757,2.24,,3.0,41.5,nflverse,2026-09-11T10:54:50.615246+00:00,H,2024-12-20T01:15:00+00:00
2024_16_HOU_KC,nfl,NFL,2024,16,2024-12-21,KC,HOU,27.0,19.0,1.5555555555555556,2.5,,3.5,42.5,nflverse,2026-09-11T10:54:50.615246+00:00,H,2024-12-21T18:00:00+00:00
2024_16_PIT_BAL,nfl,NFL,2024,16,2024-12-21,BAL,PIT,34.0,17.0,1.289855072463768,3.75,,7.0,44.5,nflverse,2026-09-11T10:54:50.615246+00:00,H,2024-12-21T21:30:00+00:00
2024_16_ARI_CAR,nfl,NFL,2024,16,2024-12-22,CAR,ARI,36.0,30.0,3.0,1.4081632653061225,,-5.5,47.0,nflverse,2026-09-11T10:54:50.615246+00:00,H,2024-12-22T18:00:00+00:00
2024_16_CLE_CIN,nfl,NFL,2024,16,2024-12-22,CIN,CLE,24.0,6.0,1.1739130434782608,5.25,,10.0,46.5,nflverse,2026-09-11T10:54:50.615246+00:00,H,2024-12-22T18:00:00+00:00
2024_16_DET_CHI,nfl,NFL,2024,16,2024-12-22,CHI,DET,17.0,34.0,3.7,1.2941176470588236,,-7.0,47.5,nflverse,2026-09-11T10:54:50.615246+00:00,A,2024-12-22T18:00:00+00:00
2024_16_JAX_LV,nfl,NFL,2024,16,2024-12-22,LV,JAX,19.0,14.0,1.7692307692307692,2.1,,2.5,41.5,nflverse,2026-09-11T10:54:50.615246+00:00,H,2024-12-22T21:25:00+00:00
2024_16_LA_NYJ,nfl,NFL,2024,16,2024-12-22,NYJ,LA,9.0,19.0,2.3600000000000003,1.617283950617284,,-3.0,47.0,nflverse,2026-09-11T10:54:50.615246+00:00,A,2024-12-22T18:00:00+00:00
2024_16_MIN_SEA,nfl,NFL,2024,16,2024-12-22,SEA,MIN,24.0,27.0,2.24,1.6756756756756757,,-2.5,43.0,nflverse,2026-09-11T10:54:50.615246+00:00,A,2024-12-22T21:05:00+00:00
2024_16_NE_BUF,nfl,NFL,2024,16,2024-12-22,BUF,NE,24.0,21.0,1.0909090909090908,8.0,,14.0,48.0,nflverse,2026-09-11T10:54:50.615246+00:00,H,2024-12-22T21:25:00+00:00
2024_16_NYG_ATL,nfl,NFL,2024,16,2024-12-22,ATL,NYG,34.0,7.0,1.1818181818181819,5.1,,9.5,42.5,nflverse,2026-09-11T10:54:50.615246+00:00,H,2024-12-22T18:00:00+00:00
2024_16_PHI_WAS,nfl,NFL,2024,16,2024-12-22,WAS,PHI,36.0,33.0,2.8,1.4587155963302751,,-4.0,47.0,nflverse,2026-09-11T10:54:50.615246+00:00,H,2024-12-22T18:00:00+00:00
2024_16_SF_MIA,nfl,NFL,2024,16,2024-12-22,MIA,SF,29.0,17.0,2.05,1.8,,-2.0,44.0,nflverse,2026-09-11T10:54:50.615246+00:00,H,2024-12-22T21:25:00+00:00
2024_16_TB_DAL,nfl,NFL,2024,16,2024-12-22,DAL,TB,26.0,24.0,2.8,1.4587155963302751,,-4.5,47.5,nflverse,2026-09-11T10:54:50.615246+00:00,H,2024-12-23T01:20:00+00:00
2024_16_TEN_IND,nfl,NFL,2024,16,2024-12-22,IND,TEN,38.0,30.0,1.5050505050505052,2.6399999999999997,,4.0,42.5,nflverse,2026-09-11T10:54:50.615246+00:00,H,2024-12-22T18:00:00+00:00
2024_16_NO_GB,nfl,NFL,2024,16,2024-12-23,GB,NO,34.0,0.0,1.1052631578947367,7.25,,14.0,44.0,nflverse,2026-09-11T10:54:50.615246+00:00,H,2024-12-24T01:15:00+00:00
2024_17_BAL_HOU,nfl,NFL,2024,17,2024-12-25,HOU,BAL,2.0,31.0,3.0,1.4081632653061225,,-5.5,46.5,nflverse,2026-09-11T10:54:50.615246+00:00,A,2024-12-25T21:30:00+00:00
2024_17_KC_PIT,nfl,NFL,2024,17,2024-12-25,PIT,KC,10.0,29.0,2.3600000000000003,1.617283950617284,,-3.0,43.5,nflverse,2026-09-11T10:54:50.615246+00:00,A,2024-12-25T18:00:00+00:00
2024_17_SEA_CHI,nfl,NFL,2024,17,2024-12-26,CHI,SEA,3.0,6.0,2.6,1.5208333333333335,,-3.5,43.5,nflverse,2026-09-11T10:54:50.615246+00:00,A,2024-12-27T01:15:00+00:00
2024_17_ARI_LA,nfl,NFL,2024,17,2024-12-28,LA,ARI,13.0,9.0,1.2941176470588236,3.7,,6.5,48.0,nflverse,2026-09-11T10:54:50.615246+00:00,H,2024-12-29T01:15:00+00:00
2024_17_DEN_CIN,nfl,NFL,2024,17,2024-12-28,CIN,DEN,30.0,24.0,1.5714285714285714,2.45,,3.5,50.5,nflverse,2026-09-11T10:54:50.615246+00:00,H,2024-12-28T21:30:00+00:00
2024_17_LAC_NE,nfl,NFL,2024,17,2024-12-28,NE,LAC,7.0,40.0,3.45,1.3278688524590163,,-6.0,42.0,nflverse,2026-09-11T10:54:50.615246+00:00,A,2024-12-28T18:00:00+00:00
2024_17_ATL_WAS,nfl,NFL,2024,17,2024-12-29,WAS,ATL,30.0,24.0,1.5208333333333335,2.6,,3.5,46.5,nflverse,2026-09-11T10:54:50.615246+00:00,H,2024-12-30T01:20:00+00:00
2024_17_CAR_TB,nfl,NFL,2024,17,2024-12-29,TB,CAR,48.0,14.0,1.2,4.8,,9.5,47.5,nflverse,2026-09-11T10:54:50.615246+00:00,H,2024-12-29T18:00:00+00:00
2024_17_DAL_PHI,nfl,NFL,2024,17,2024-12-29,PHI,DAL,41.0,7.0,1.3076923076923077,3.6,,7.5,37.5,nflverse,2026-09-11T10:54:50.615246+00:00,H,2024-12-29T18:00:00+00:00
2024_17_GB_MIN,nfl,NFL,2024,17,2024-12-29,MIN,GB,27.0,25.0,1.925925925925926,1.8928571428571428,,-1.0,49.0,nflverse,2026-09-11T10:54:50.615246+00:00,H,2024-12-29T21:25:00+00:00
2024_17_IND_NYG,nfl,NFL,2024,17,2024-12-29,NYG,IND,45.0,33.0,4.2,1.2439024390243902,,-7.5,40.5,nflverse,2026-09-11T10:54:50.615246+00:00,H,2024-12-29T18:00:00+00:00
2024_17_LV_NO,nfl,NFL,2024,17,2024-12-29,NO,LV,10.0,25.0,2.05,1.8,,-2.0,37.5,nflverse,2026-09-11T10:54:50.615246+00:00,A,2024-12-29T18:00:00+00:00
2024_17_MIA_CLE,nfl,NFL,2024,17,2024-12-29,CLE,MIA,3.0,20.0,2.42,1.5882352941176472,,-3.0,32.5,nflverse,2026-09-11T10:54:50.615246+00:00,A,2024-12-29T21:05:00+00:00
2024_17_NYJ_BUF,nfl,NFL,2024,17,2024-12-29,BUF,NYJ,40.0,14.0,1.1923076923076923,4.9,,10.0,44.5,nflverse,2026-09-11T10:54:50.615246+00:00,H,2024-12-29T18:00:00+00:00
2024_17_TEN_JAX,nfl,NFL,2024,17,2024-12-29,JAX,TEN,20.0,13.0,1.8928571428571428,1.925925925925926,,-1.0,38.0,nflverse,2026-09-11T10:54:50.615246+00:00,H,2024-12-29T18:00:00+00:00
2024_17_DET_SF,nfl,NFL,2024,17,2024-12-30,SF,DET,34.0,40.0,2.9,1.434782608695652,,-4.0,50.5,nflverse,2026-09-11T10:54:50.615246+00:00,A,2024-12-31T01:15:00+00:00
2024_18_CIN_PIT,nfl,NFL,2024,18,2025-01-04,PIT,CIN,17.0,19.0,2.24,1.6756756756756757,,-2.5,48.5,nflverse,2026-09-11T10:54:50.615246+00:00,A,2025-01-05T01:00:00+00:00
2024_18_CLE_BAL,nfl,NFL,2024,18,2025-01-04,BAL,CLE,35.0,10.0,1.0416666666666667,13.0,,19.5,42.5,nflverse,2026-09-11T10:54:50.615246+00:00,H,2025-01-04T21:30:00+00:00
2024_18_BUF_NE,nfl,NFL,2024,18,2025-01-05,NE,BUF,23.0,16.0,2.4,1.6024096385542168,,-3.0,36.5,nflverse,2026-09-11T10:54:50.615246+00:00,H,2025-01-05T18:00:00+00:00
2024_18_CAR_ATL,nfl,NFL,2024,18,2025-01-05,ATL,CAR,38.0,44.0,1.263157894736842,4.0,,7.5,48.5,nflverse,2026-09-11T10:54:50.615246+00:00,A,2025-01-05T18:00:00+00:00
2024_18_CHI_GB,nfl,NFL,2024,18,2025-01-05,GB,CHI,22.0,24.0,1.2439024390243902,4.2,,10.0,41.5,nflverse,2026-09-11T10:54:50.615246+00:00,A,2025-01-05T18:00:00+00:00
2024_18_HOU_TEN,nfl,NFL,2024,18,2025-01-05,TEN,HOU,14.0,23.0,1.704225352112676,2.2,,2.5,36.5,nflverse,2026-09-11T10:54:50.615246+00:00,A,2025-01-05T18:00:00+00:00
2024_18_JAX_IND,nfl,NFL,2024,18,2025-01-05,IND,JAX,26.0,23.0,1.5555555555555556,2.5,,3.5,45.5,nflverse,2026-09-11T10:54:50.615246+00:00,H,2025-01-05T18:00:00+00:00
2024_18_KC_DEN,nfl,NFL,2024,18,2025-01-05,DEN,KC,38.0,0.0,1.2061855670103092,4.7,,10.5,40.5,nflverse,2026-09-11T10:54:50.615246+00:00,H,2025-01-05T21:25:00+00:00
2024_18_LAC_LV,nfl,NFL,2024,18,2025-01-05,LV,LAC,20.0,34.0,3.75,1.289855072463768,,-7.0,42.5,nflverse,2026-09-11T10:54:50.615246+00:00,A,2025-01-05T21:25:00+00:00
2024_18_MIA_NYJ,nfl,NFL,2024,18,2025-01-05,NYJ,MIA,32.0,20.0,1.819672131147541,2.02,,1.5,39.5,nflverse,2026-09-11T10:54:50.615246+00:00,H,2025-01-05T21:25:00+00:00
2024_18_MIN_DET,nfl,NFL,2024,18,2025-01-05,DET,MIN,31.0,9.0,1.6756756756756757,2.24,,3.0,56.5,nflverse,2026-09-11T10:54:50.615246+00:00,H,2025-01-06T01:20:00+00:00
2024_18_NO_TB,nfl,NFL,2024,18,2025-01-05,TB,NO,27.0,19.0,1.0952380952380953,7.75,,14.5,44.5,nflverse,2026-09-11T10:54:50.615246+00:00,H,2025-01-05T18:00:00+00:00
2024_18_NYG_PHI,nfl,NFL,2024,18,2025-01-05,PHI,NYG,20.0,13.0,1.6451612903225805,2.3,,3.0,36.5,nflverse,2026-09-11T10:54:50.615246+00:00,H,2025-01-05T18:00:00+00:00
2024_18_SEA_LA,nfl,NFL,2024,18,2025-01-05,LA,SEA,25.0,30.0,3.85,1.2777777777777777,,-7.5,38.5,nflverse,2026-09-11T10:54:50.615246+00:00,A,2025-01-05T21:25:00+00:00
2024_18_SF_ARI,nfl,NFL,2024,18,2025-01-05,ARI,SF,47.0,24.0,1.5208333333333335,2.6,,4.5,42.5,nflverse,2026-09-11T10:54:50.615246+00:00,H,2025-01-05T21:25:00+00:00
2024_18_WAS_DAL,nfl,NFL,2024,18,2025-01-05,DAL,WAS,19.0,23.0,3.5,1.3225806451612903,,-7.0,43.5,nflverse,2026-09-11T10:54:50.615246+00:00,A,2025-01-05T18:00:00+00:00
2024_19_LAC_HOU,nfl,NFL,2024,19,2025-01-11,HOU,LAC,32.0,12.0,2.3600000000000003,1.617283950617284,,-3.0,41.5,nflverse,2026-09-11T10:54:50.615246+00:00,H,2025-01-11T21:30:00+00:00
2024_19_PIT_BAL,nfl,NFL,2024,19,2025-01-11,BAL,PIT,28.0,14.0,1.1923076923076923,4.9,,9.5,44.5,nflverse,2026-09-11T10:54:50.615246+00:00,H,2025-01-12T01:00:00+00:00
2024_19_DEN_BUF,nfl,NFL,2024,19,2025-01-12,BUF,DEN,31.0,7.0,1.2352941176470589,4.3,,7.5,48.5,nflverse,2026-09-11T10:54:50.615246+00:00,H,2025-01-12T18:00:00+00:00
2024_19_GB_PHI,nfl,NFL,2024,19,2025-01-12,PHI,GB,22.0,10.0,1.4,3.05,,5.5,45.5,nflverse,2026-09-11T10:54:50.615246+00:00,H,2025-01-12T21:30:00+00:00
2024_19_WAS_TB,nfl,NFL,2024,19,2025-01-12,TB,WAS,20.0,23.0,1.617283950617284,2.3600000000000003,,3.0,51.5,nflverse,2026-09-11T10:54:50.615246+00:00,A,2025-01-13T01:00:00+00:00
2024_19_MIN_LA,nfl,NFL,2024,19,2025-01-13,LA,MIN,27.0,9.0,2.2,1.704225352112676,,-2.5,47.5,nflverse,2026-09-11T10:54:50.615246+00:00,H,2025-01-14T01:00:00+00:00
2024_20_HOU_KC,nfl,NFL,2024,20,2025-01-18,KC,HOU,23.0,14.0,1.1818181818181819,5.1,,9.5,41.5,nflverse,2026-09-11T10:54:50.615246+00:00,H,2025-01-18T21:30:00+00:00
2024_20_WAS_DET,nfl,NFL,2024,20,2025-01-18,DET,WAS,31.0,45.0,1.1923076923076923,4.9,,8.5,55.5,nflverse,2026-09-11T10:54:50.615246+00:00,A,2025-01-19T01:00:00+00:00
2024_20_BAL_BUF,nfl,NFL,2024,20,2025-01-19,BUF,BAL,27.0,25.0,1.9803921568627452,1.847457627118644,,-1.5,51.5,nflverse,2026-09-11T10:54:50.615246+00:00,H,2025-01-19T23:30:00+00:00
2024_20_LA_PHI,nfl,NFL,2024,20,2025-01-19,PHI,LA,28.0,22.0,1.3076923076923077,3.6,,7.0,43.5,nflverse,2026-09-11T10:54:50.615246+00:00,H,2025-01-19T20:00:00+00:00
2024_21_BUF_KC,nfl,NFL,2024,21,2025-01-26,KC,BUF,32.0,29.0,1.847457627118644,1.9803921568627452,,1.5,49.5,nflverse,2026-09-11T10:54:50.615246+00:00,H,2025-01-26T23:30:00+00:00
2024_21_WAS_PHI,nfl,NFL,2024,21,2025-01-26,PHI,WAS,55.0,23.0,1.4,3.05,,6.0,46.5,nflverse,2026-09-11T10:54:50.615246+00:00,H,2025-01-26T20:00:00+00:00
2024_22_KC_PHI,nfl,NFL,2024,22,2025-02-09,PHI,KC,40.0,22.0,2.0,1.8333333333333335,,-1.5,48.5,nflverse,2026-09-11T10:54:50.615246+00:00,H,2025-02-09T23:30:00+00:00
2025_01_DAL_PHI,nfl,NFL,2025,1,2025-09-04,PHI,DAL,24.0,20.0,1.2352941176470589,4.3,,8.5,47.5,nflverse,2026-09-11T10:54:50.615246+00:00,H,2025-09-05T00:20:00+00:00
2025_01_KC_LAC,nfl,NFL,2025,1,2025-09-05,LAC,KC,27.0,21.0,2.45,1.5714285714285714,,-3.0,47.5,nflverse,2026-09-11T10:54:50.615246+00:00,H,2025-09-06T00:00:00+00:00
2025_01_ARI_NO,nfl,NFL,2025,1,2025-09-07,NO,ARI,13.0,20.0,3.2,1.3703703703703702,,-6.0,44.5,nflverse,2026-09-11T10:54:50.615246+00:00,A,2025-09-07T17:00:00+00:00
2025_01_BAL_BUF,nfl,NFL,2025,1,2025-09-07,BUF,BAL,41.0,40.0,2.1,1.7692307692307692,,-1.5,50.5,nflverse,2026-09-11T10:54:50.615246+00:00,H,2025-09-08T00:20:00+00:00
2025_01_CAR_JAX,nfl,NFL,2025,1,2025-09-07,JAX,CAR,26.0,10.0,1.4878048780487805,2.7,,4.5,45.5,nflverse,2026-09-11T10:54:50.615246+00:00,H,2025-09-07T17:00:00+00:00
2025_01_CIN_CLE,nfl,NFL,2025,1,2025-09-07,CLE,CIN,16.0,17.0,2.95,1.4201680672268908,,-5.5,47.5,nflverse,2026-09-11T10:54:50.615246+00:00,A,2025-09-07T17:00:00+00:00
2025_01_DET_GB,nfl,NFL,2025,1,2025-09-07,GB,DET,27.0,13.0,1.8333333333333335,2.0,,1.5,48.5,nflverse,2026-09-11T10:54:50.615246+00:00,H,2025-09-07T20:25:00+00:00
2025_01_HOU_LA,nfl,NFL,2025,1,2025-09-07,LA,HOU,14.0,9.0,1.6024096385542168,2.4,,3.5,43.5,nflverse,2026-09-11T10:54:50.615246+00:00,H,2025-09-07T20:25:00+00:00
2025_01_LV_NE,nfl,NFL,2025,1,2025-09-07,NE,LV,13.0,20.0,1.6451612903225805,2.3,,2.5,44.5,nflverse,2026-09-11T10:54:50.615246+00:00,A,2025-09-07T17:00:00+00:00
2025_01_MIA_IND,nfl,NFL,2025,1,2025-09-07,IND,MIA,33.0,8.0,1.8928571428571428,1.925925925925926,,1.5,47.5,nflverse,2026-09-11T10:54:50.615246+00:00,H,2025-09-07T17:00:00+00:00
2025_01_NYG_WAS,nfl,NFL,2025,1,2025-09-07,WAS,NYG,21.0,6.0,1.3355704697986577,3.4,,6.0,45.5,nflverse,2026-09-11T10:54:50.615246+00:00,H,2025-09-07T17:00:00+00:00
2025_01_PIT_NYJ,nfl,NFL,2025,1,2025-09-07,NYJ,PIT,32.0,34.0,2.3,1.6451612903225805,,-3.0,37.5,nflverse,2026-09-11T10:54:50.615246+00:00,A,2025-09-07T17:00:00+00:00
2025_01_SF_SEA,nfl,NFL,2025,1,2025-09-07,SEA,SF,13.0,17.0,2.1399999999999997,1.7407407407407407,,-2.5,43.5,nflverse,2026-09-11T10:54:50.615246+00:00,A,2025-09-07T20:05:00+00:00
2025_01_TB_ATL,nfl,NFL,2025,1,2025-09-07,ATL,TB,20.0,23.0,1.9523809523809523,1.8695652173913042,,-1.5,47.5,nflverse,2026-09-11T10:54:50.615246+00:00,A,2025-09-07T17:00:00+00:00
2025_01_TEN_DEN,nfl,NFL,2025,1,2025-09-07,DEN,TEN,20.0,12.0,1.2197802197802199,4.5,,8.5,42.5,nflverse,2026-09-11T10:54:50.615246+00:00,H,2025-09-07T20:05:00+00:00
2025_01_MIN_CHI,nfl,NFL,2025,1,2025-09-08,CHI,MIN,24.0,27.0,1.925925925925926,1.8928571428571428,,-1.5,43.5,nflverse,2026-09-11T10:54:50.615246+00:00,A,2025-09-09T00:15:00+00:00
2025_02_WAS_GB,nfl,NFL,2025,2,2025-09-11,GB,WAS,27.0,18.0,1.5405405405405406,2.54,,3.5,48.5,nflverse,2026-09-11T10:54:50.615246+00:00,H,2025-09-12T00:15:00+00:00
2025_02_ATL_MIN,nfl,NFL,2025,2,2025-09-14,MIN,ATL,6.0,22.0,1.5555555555555556,2.5,,3.5,44.5,nflverse,2026-09-11T10:54:50.615246+00:00,A,2025-09-15T00:20:00+00:00
2025_02_BUF_NYJ,nfl,NFL,2025,2,2025-09-14,NYJ,BUF,10.0,30.0,3.35,1.3448275862068966,,-6.0,47.5,nflverse,2026-09-11T10:54:50.615246+00:00,A,2025-09-14T17:00:00+00:00
2025_02_CAR_ARI,nfl,NFL,2025,2,2025-09-14,ARI,CAR,27.0,22.0,1.3225806451612903,3.5,,7.0,45.5,nflverse,2026-09-11T10:54:50.615246+00:00,H,2025-09-14T20:05:00+00:00
2025_02_CHI_DET,nfl,NFL,2025,2,2025-09-14,DET,CHI,52.0,21.0,1.3703703703703702,3.2,,6.0,46.5,nflverse,2026-09-11T10:54:50.615246+00:00,H,2025-09-14T17:00:00+00:00
2025_02_CLE_BAL,nfl,NFL,2025,2,2025-09-14,BAL,CLE,41.0,17.0,1.1111111111111112,7.0,,12.5,46.5,nflverse,2026-09-11T10:54:50.615246+00:00,H,2025-09-14T17:00:00+00:00
2025_02_DEN_IND,nfl,NFL,2025,2,2025-09-14,IND,DEN,29.0,28.0,2.1,1.7692307692307692,,-2.5,43.5,nflverse,2026-09-11T10:54:50.615246+00:00,H,2025-09-14T20:05:00+00:00
2025_02_JAX_CIN,nfl,NFL,2025,2,2025-09-14,CIN,JAX,31.0,27.0,1.5208333333333335,2.6,,3.5,49.5,nflverse,2026-09-11T10:54:50.615246+00:00,H,2025-09-14T17:00:00+00:00
2025_02_LA_TEN,nfl,NFL,2025,2,2025-09-14,TEN,LA,19.0,33.0,3.05,1.4,,-5.5,41.5,nflverse,2026-09-11T10:54:50.615246+00:00,A,2025-09-14T17:00:00+00:00
2025_02_NE_MIA,nfl,NFL,2025,2,2025-09-14,MIA,NE,27.0,33.0,1.8,2.05,,1.5,43.5,nflverse,2026-09-11T10:54:50.615246+00:00,A,2025-09-14T17:00:00+00:00
2025_02_NYG_DAL,nfl,NFL,2025,2,2025-09-14,DAL,NYG,40.0,37.0,1.4201680672268908,2.95,,4.5,44.5,nflverse,2026-09-11T10:54:50.615246+00:00,H,2025-09-14T17:00:00+00:00
2025_02_PHI_KC,nfl,NFL,2025,2,2025-09-14,KC,PHI,17.0,20.0,2.02,1.819672131147541,,-1.5,46.5,nflverse,2026-09-11T10:54:50.615246+00:00,A,2025-09-14T20:25:00+00:00
2025_02_SEA_PIT,nfl,NFL,2025,2,2025-09-14,PIT,SEA,17.0,31.0,1.5208333333333335,2.6,,3.5,40.5,nflverse,2026-09-11T10:54:50.615246+00:00,A,2025-09-14T17:00:00+00:00
2025_02_SF_NO,nfl,NFL,2025,2,2025-09-14,NO,SF,21.0,26.0,2.4,1.6024096385542168,,-3.0,40.5,nflverse,2026-09-11T10:54:50.615246+00:00,A,2025-09-14T17:00:00+00:00
2025_02_LAC_LV,nfl,NFL,2025,2,2025-09-15,LV,LAC,9.0,20.0,2.6399999999999997,1.5050505050505052,,-3.5,46.5,nflverse,2026-09-11T10:54:50.615246+00:00,A,2025-09-16T02:00:00+00:00
2025_02_TB_HOU,nfl,NFL,2025,2,2025-09-15,HOU,TB,19.0,20.0,1.7407407407407407,2.1399999999999997,,2.5,42.5,nflverse,2026-09-11T10:54:50.615246+00:00,A,2025-09-15T23:00:00+00:00
2025_03_MIA_BUF,nfl,NFL,2025,3,2025-09-18,BUF,MIA,31.0,21.0,1.125,6.5,,12.5,50.5,nflverse,2026-09-11T10:54:50.615246+00:00,H,2025-09-19T00:15:00+00:00
2025_03_ARI_SF,nfl,NFL,2025,3,2025-09-21,SF,ARI,16.0,15.0,1.8,2.05,,1.5,44.5,nflverse,2026-09-11T10:54:50.615246+00:00,H,2025-09-21T20:25:00+00:00
2025_03_ATL_CAR,nfl,NFL,2025,3,2025-09-21,CAR,ATL,30.0,0.0,2.85,1.4444444444444444,,-5.5,44.5,nflverse,2026-09-11T10:54:50.615246+00:00,H,2025-09-21T17:00:00+00:00
2025_03_CIN_MIN,nfl,NFL,2025,3,2025-09-21,MIN,CIN,48.0,10.0,1.617283950617284,2.3600000000000003,,3.0,41.5,nflverse,2026-09-11T10:54:50.615246+00:00,H,2025-09-21T17:00:00+00:00
2025_03_DAL_CHI,nfl,NFL,2025,3,2025-09-21,CHI,DAL,31.0,14.0,2.05,1.8,,-1.5,49.5,nflverse,2026-09-11T10:54:50.615246+00:00,H,2025-09-21T20:25:00+00:00
2025_03_DEN_LAC,nfl,NFL,2025,3,2025-09-21,LAC,DEN,23.0,20.0,1.6451612903225805,2.3,,2.5,45.5,nflverse,2026-09-11T10:54:50.615246+00:00,H,2025-09-21T20:05:00+00:00
2025_03_GB_CLE,nfl,NFL,2025,3,2025-09-21,CLE,GB,13.0,10.0,4.6,1.2127659574468086,,-8.5,41.5,nflverse,2026-09-11T10:54:50.615246+00:00,H,2025-09-21T17:00:00+00:00
2025_03_HOU_JAX,nfl,NFL,2025,3,2025-09-21,JAX,HOU,17.0,10.0,1.8,2.05,,1.5,43.5,nflverse,2026-09-11T10:54:50.615246+00:00,H,2025-09-21T17:00:00+00:00
2025_03_IND_TEN,nfl,NFL,2025,3,2025-09-21,TEN,IND,20.0,41.0,3.0,1.4081632653061225,,-6.0,43.5,nflverse,2026-09-11T10:54:50.615246+00:00,A,2025-09-21T17:00:00+00:00
2025_03_KC_NYG,nfl,NFL,2025,3,2025-09-21,NYG,KC,9.0,22.0,3.6,1.3076923076923077,,-6.0,44.5,nflverse,2026-09-11T10:54:50.615246+00:00,A,2025-09-22T00:20:00+00:00
2025_03_LA_PHI,nfl,NFL,2025,3,2025-09-21,PHI,LA,33.0,26.0,1.5050505050505052,2.6399999999999997,,3.5,45.5,nflverse,2026-09-11T10:54:50.615246+00:00,H,2025-09-21T17:00:00+00:00
2025_03_LV_WAS,nfl,NFL,2025,3,2025-09-21,WAS,LV,41.0,24.0,1.6451612903225805,2.3,,2.5,43.5,nflverse,2026-09-11T10:54:50.615246+00:00,H,2025-09-21T17:00:00+00:00
2025_03_NO_SEA,nfl,NFL,2025,3,2025-09-21,SEA,NO,44.0,13.0,1.2666666666666666,3.95,,7.5,41.5,nflverse,2026-09-11T10:54:50.615246+00:00,H,2025-09-21T20:05:00+00:00
2025_03_NYJ_TB,nfl,NFL,2025,3,2025-09-21,TB,NYJ,29.0,27.0,1.289855072463768,3.75,,6.5,43.5,nflverse,2026-09-11T10:54:50.615246+00:00,H,2025-09-21T17:00:00+00:00
2025_03_PIT_NE,nfl,NFL,2025,3,2025-09-21,NE,PIT,14.0,21.0,2.0,1.8333333333333335,,-1.5,44.5,nflverse,2026-09-11T10:54:50.615246+00:00,A,2025-09-21T17:00:00+00:00
2025_03_DET_BAL,nfl,NFL,2025,3,2025-09-22,BAL,DET,30.0,38.0,1.4081632653061225,3.0,,4.5,53.5,nflverse,2026-09-11T10:54:50.615246+00:00,A,2025-09-23T00:15:00+00:00
2025_04_SEA_ARI,nfl,NFL,2025,4,2025-09-25,ARI,SEA,20.0,23.0,2.05,1.8,,-1.5,43.5,nflverse,2026-09-11T10:54:50.615246+00:00,A,2025-09-26T00:15:00+00:00
2025_04_BAL_KC,nfl,NFL,2025,4,2025-09-28,KC,BAL,37.0,20.0,2.24,1.6756756756756757,,-2.5,48.5,nflverse,2026-09-11T10:54:50.615246+00:00,H,2025-09-28T20:25:00+00:00
2025_04_CAR_NE,nfl,NFL,2025,4,2025-09-28,NE,CAR,42.0,13.0,1.3773584905660377,3.15,,5.5,42.5,nflverse,2026-09-11T10:54:50.615246+00:00,H,2025-09-28T17:00:00+00:00
2025_04_CHI_LV,nfl,NFL,2025,4,2025-09-28,LV,CHI,24.0,25.0,1.8,2.05,,1.5,47.5,nflverse,2026-09-11T10:54:50.615246+00:00,A,2025-09-28T20:25:00+00:00
2025_04_CLE_DET,nfl,NFL,2025,4,2025-09-28,DET,CLE,34.0,10.0,1.1818181818181819,5.1,,10.0,44.5,nflverse,2026-09-11T10:54:50.615246+00:00,H,2025-09-28T17:00:00+00:00
2025_04_GB_DAL,nfl,NFL,2025,4,2025-09-28,DAL,GB,40.0,40.0,3.75,1.289855072463768,,-7.0,47.5,nflverse,2026-09-11T10:54:50.615246+00:00,D,2025-09-29T00:20:00+00:00
2025_04_IND_LA,nfl,NFL,2025,4,2025-09-28,LA,IND,27.0,20.0,1.5405405405405406,2.54,,3.5,49.5,nflverse,2026-09-11T10:54:50.615246+00:00,H,2025-09-28T20:05:00+00:00
2025_04_JAX_SF,nfl,NFL,2025,4,2025-09-28,SF,JAX,21.0,26.0,1.5555555555555556,2.5,,3.5,45.5,nflverse,2026-09-11T10:54:50.615246+00:00,A,2025-09-28T20:05:00+00:00
2025_04_LAC_NYG,nfl,NFL,2025,4,2025-09-28,NYG,LAC,21.0,18.0,3.3,1.3508771929824561,,-6.0,43.5,nflverse,2026-09-11T10:54:50.615246+00:00,H,2025-09-28T17:00:00+00:00
2025_04_MIN_PIT,nfl,NFL,2025,4,2025-09-28,PIT,MIN,24.0,21.0,2.24,1.6756756756756757,,-2.5,41.5,nflverse,2026-09-11T10:54:50.615246+00:00,H,2025-09-28T13:30:00+00:00
2025_04_NO_BUF,nfl,NFL,2025,4,2025-09-28,BUF,NO,31.0,19.0,1.074074074074074,9.0,,15.5,48.5,nflverse,2026-09-11T10:54:50.615246+00:00,H,2025-09-28T17:00:00+00:00
2025_04_PHI_TB,nfl,NFL,2025,4,2025-09-28,TB,PHI,25.0,31.0,2.54,1.5405405405405406,,-3.5,44.5,nflverse,2026-09-11T10:54:50.615246+00:00,A,2025-09-28T17:00:00+00:00
2025_04_TEN_HOU,nfl,NFL,2025,4,2025-09-28,HOU,TEN,26.0,0.0,1.2272727272727273,4.4,,7.5,39.5,nflverse,2026-09-11T10:54:50.615246+00:00,H,2025-09-28T17:00:00+00:00
2025_04_WAS_ATL,nfl,NFL,2025,4,2025-09-28,ATL,WAS,34.0,27.0,1.704225352112676,2.2,,2.5,43.5,nflverse,2026-09-11T10:54:50.615246+00:00,H,2025-09-28T17:00:00+00:00
2025_04_CIN_DEN,nfl,NFL,2025,4,2025-09-29,DEN,CIN,28.0,3.0,1.2127659574468086,4.6,,7.5,44.5,nflverse,2026-09-11T10:54:50.615246+00:00,H,2025-09-30T00:15:00+00:00
2025_04_NYJ_MIA,nfl,NFL,2025,4,2025-09-29,MIA,NYJ,27.0,21.0,1.6756756756756757,2.24,,2.5,44.5,nflverse,2026-09-11T10:54:50.615246+00:00,H,2025-09-29T23:15:00+00:00
2025_05_SF_LA,nfl,NFL,2025,5,2025-10-02,LA,SF,23.0,26.0,1.2272727272727273,4.4,,8.5,43.5,nflverse,2026-09-11T10:54:50.615246+00:00,A,2025-10-03T00:15:00+00:00
2025_05_DAL_NYJ,nfl,NFL,2025,5,2025-10-05,NYJ,DAL,22.0,37.0,1.8695652173913042,1.9523809523809523,,1.5,48.5,nflverse,2026-09-11T10:54:50.615246+00:00,A,2025-10-05T17:00:00+00:00
2025_05_DEN_PHI,nfl,NFL,2025,5,2025-10-05,PHI,DEN,17.0,21.0,1.4587155963302751,2.8,,3.5,44.5,nflverse,2026-09-11T10:54:50.615246+00:00,A,2025-10-05T17:00:00+00:00
2025_05_DET_CIN,nfl,NFL,2025,5,2025-10-05,CIN,DET,24.0,37.0,5.25,1.1739130434782608,,-10.5,49.5,nflverse,2026-09-11T10:54:50.615246+00:00,A,2025-10-05T20:25:00+00:00
2025_05_HOU_BAL,nfl,NFL,2025,5,2025-10-05,BAL,HOU,10.0,44.0,2.24,1.6756756756756757,,-2.5,41.5,nflverse,2026-09-11T10:54:50.615246+00:00,A,2025-10-05T17:00:00+00:00
2025_05_LV_IND,nfl,NFL,2025,5,2025-10-05,IND,LV,40.0,6.0,1.2777777777777777,3.85,,7.0,46.5,nflverse,2026-09-11T10:54:50.615246+00:00,H,2025-10-05T17:00:00+00:00
2025_05_MIA_CAR,nfl,NFL,2025,5,2025-10-05,CAR,MIA,27.0,24.0,2.0,1.8333333333333335,,-1.5,44.5,nflverse,2026-09-11T10:54:50.615246+00:00,H,2025-10-05T17:00:00+00:00
2025_05_MIN_CLE,nfl,NFL,2025,5,2025-10-05,CLE,MIN,17.0,21.0,2.6399999999999997,1.5050505050505052,,-3.5,35.5,nflverse,2026-09-11T10:54:50.615246+00:00,A,2025-10-05T13:30:00+00:00
2025_05_NE_BUF,nfl,NFL,2025,5,2025-10-05,BUF,NE,20.0,23.0,1.2531645569620253,4.1,,7.5,49.5,nflverse,2026-09-11T10:54:50.615246+00:00,A,2025-10-06T00:20:00+00:00
2025_05_NYG_NO,nfl,NFL,2025,5,2025-10-05,NO,NYG,26.0,14.0,1.8333333333333335,2.0,,1.5,41.5,nflverse,2026-09-11T10:54:50.615246+00:00,H,2025-10-05T17:00:00+00:00
2025_05_TB_SEA,nfl,NFL,2025,5,2025-10-05,SEA,TB,35.0,38.0,1.5555555555555556,2.5,,3.5,44.5,nflverse,2026-09-11T10:54:50.615246+00:00,A,2025-10-05T20:05:00+00:00
2025_05_TEN_ARI,nfl,NFL,2025,5,2025-10-05,ARI,TEN,21.0,22.0,1.2352941176470589,4.3,,7.5,41.5,nflverse,2026-09-11T10:54:50.615246+00:00,A,2025-10-05T20:05:00+00:00
2025_05_WAS_LAC,nfl,NFL,2025,5,2025-10-05,LAC,WAS,10.0,27.0,1.6451612903225805,2.3,,2.5,47.5,nflverse,2026-09-11T10:54:50.615246+00:00,A,2025-10-05T20:25:00+00:00
2025_05_KC_JAX,nfl,NFL,2025,5,2025-10-06,JAX,KC,31.0,28.0,2.6399999999999997,1.5050505050505052,,-3.5,45.5,nflverse,2026-09-11T10:54:50.615246+00:00,H,2025-10-07T00:15:00+00:00
2025_06_PHI_NYG,nfl,NFL,2025,6,2025-10-09,NYG,PHI,34.0,17.0,4.1,1.2531645569620253,,-7.0,40.5,nflverse,2026-09-11T10:54:50.615246+00:00,H,2025-10-10T00:15:00+00:00
2025_06_ARI_IND,nfl,NFL,2025,6,2025-10-12,IND,ARI,31.0,27.0,1.2127659574468086,4.6,,8.5,46.5,nflverse,2026-09-11T10:54:50.615246+00:00,H,2025-10-12T17:00:00+00:00
2025_06_CIN_GB,nfl,NFL,2025,6,2025-10-12,GB,CIN,27.0,18.0,1.1,7.5,,14.0,44.5,nflverse,2026-09-11T10:54:50.615246+00:00,H,2025-10-12T20:25:00+00:00
2025_06_CLE_PIT,nfl,NFL,2025,6,2025-10-12,PIT,CLE,23.0,9.0,1.3597122302158273,3.25,,5.5,37.5,nflverse,2026-09-11T10:54:50.615246+00:00,H,2025-10-12T17:00:00+00:00
2025_06_DAL_CAR,nfl,NFL,2025,6,2025-10-12,CAR,DAL,30.0,27.0,2.45,1.5714285714285714,,-3.0,47.5,nflverse,2026-09-11T10:54:50.615246+00:00,H,2025-10-12T17:00:00+00:00
2025_06_DEN_NYJ,nfl,NFL,2025,6,2025-10-12,NYJ,DEN,11.0,13.0,4.1,1.2531645569620253,,-7.5,43.5,nflverse,2026-09-11T10:54:50.615246+00:00,A,2025-10-12T13:30:00+00:00
2025_06_DET_KC,nfl,NFL,2025,6,2025-10-12,KC,DET,30.0,17.0,1.704225352112676,2.2,,2.5,51.5,nflverse,2026-09-11T10:54:50.615246+00:00,H,2025-10-13T00:20:00+00:00
2025_06_LAC_MIA,nfl,NFL,2025,6,2025-10-12,MIA,LAC,27.0,29.0,2.7,1.4878048780487805,,-3.5,45.5,nflverse,2026-09-11T10:54:50.615246+00:00,A,2025-10-12T17:00:00+00:00
2025_06_LA_BAL,nfl,NFL,2025,6,2025-10-12,BAL,LA,3.0,17.0,3.8,1.2816901408450705,,-7.0,43.5,nflverse,2026-09-11T10:54:50.615246+00:00,A,2025-10-12T17:00:00+00:00
2025_06_NE_NO,nfl,NFL,2025,6,2025-10-12,NO,NE,19.0,25.0,2.6,1.5208333333333335,,-3.5,46.5,nflverse,2026-09-11T10:54:50.615246+00:00,A,2025-10-12T17:00:00+00:00
2025_06_SEA_JAX,nfl,NFL,2025,6,2025-10-12,JAX,SEA,12.0,20.0,1.9523809523809523,1.8695652173913042,,-1.5,47.5,nflverse,2026-09-11T10:54:50.615246+00:00,A,2025-10-12T17:00:00+00:00
2025_06_SF_TB,nfl,NFL,2025,6,2025-10-12,TB,SF,30.0,19.0,1.5208333333333335,2.6,,3.5,46.5,nflverse,2026-09-11T10:54:50.615246+00:00,H,2025-10-12T20:25:00+00:00
2025_06_TEN_LV,nfl,NFL,2025,6,2025-10-12,LV,TEN,20.0,10.0,1.5405405405405406,2.54,,3.5,41.5,nflverse,2026-09-11T10:54:50.615246+00:00,H,2025-10-12T20:05:00+00:00
2025_06_BUF_ATL,nfl,NFL,2025,6,2025-10-13,ATL,BUF,24.0,14.0,2.7,1.4878048780487805,,-3.5,49.5,nflverse,2026-09-11T10:54:50.615246+00:00,H,2025-10-13T23:15:00+00:00
2025_06_CHI_WAS,nfl,NFL,2025,6,2025-10-13,WAS,CHI,24.0,25.0,1.3875968992248062,3.1,,5.5,49.5,nflverse,2026-09-11T10:54:50.615246+00:00,A,2025-10-14T00:15:00+00:00
2025_07_PIT_CIN,nfl,NFL,2025,7,2025-10-16,CIN,PIT,33.0,31.0,3.0,1.4081632653061225,,-5.5,45.5,nflverse,2026-09-11T10:54:50.615246+00:00,H,2025-10-17T00:15:00+00:00
2025_07_ATL_SF,nfl,NFL,2025,7,2025-10-19,SF,ATL,20.0,10.0,1.8695652173913042,1.9523809523809523,,1.5,46.5,nflverse,2026-09-11T10:54:50.615246+00:00,H,2025-10-20T00:20:00+00:00
2025_07_CAR_NYJ,nfl,NFL,2025,7,2025-10-19,NYJ,CAR,6.0,13.0,1.8928571428571428,1.925925925925926,,1.5,39.5,nflverse,2026-09-11T10:54:50.615246+00:00,A,2025-10-19T17:00:00+00:00
2025_07_GB_ARI,nfl,NFL,2025,7,2025-10-19,ARI,GB,23.0,27.0,4.1,1.2531645569620253,,-7.0,44.5,nflverse,2026-09-11T10:54:50.615246+00:00,A,2025-10-19T20:25:00+00:00
2025_07_IND_LAC,nfl,NFL,2025,7,2025-10-19,LAC,IND,24.0,38.0,1.7407407407407407,2.1399999999999997,,2.5,48.5,nflverse,2026-09-11T10:54:50.615246+00:00,A,2025-10-19T20:05:00+00:00
2025_07_LA_JAX,nfl,NFL,2025,7,2025-10-19,JAX,LA,7.0,35.0,2.4,1.6024096385542168,,-3.0,44.5,nflverse,2026-09-11T10:54:50.615246+00:00,A,2025-10-19T13:30:00+00:00
2025_07_LV_KC,nfl,NFL,2025,7,2025-10-19,KC,LV,31.0,0.0,1.1052631578947367,7.25,,13.5,44.5,nflverse,2026-09-11T10:54:50.615246+00:00,H,2025-10-19T17:00:00+00:00
2025_07_MIA_CLE,nfl,NFL,2025,7,2025-10-19,CLE,MIA,31.0,6.0,1.6756756756756757,2.24,,2.5,34.5,nflverse,2026-09-11T10:54:50.615246+00:00,H,2025-10-19T17:00:00+00:00
2025_07_NE_TEN,nfl,NFL,2025,7,2025-10-19,TEN,NE,13.0,31.0,3.35,1.3448275862068966,,-6.5,40.5,nflverse,2026-09-11T10:54:50.615246+00:00,A,2025-10-19T17:00:00+00:00
2025_07_NO_CHI,nfl,NFL,2025,7,2025-10-19,CHI,NO,26.0,14.0,1.4444444444444444,2.85,,4.5,43.5,nflverse,2026-09-11T10:54:50.615246+00:00,H,2025-10-19T17:00:00+00:00
2025_07_NYG_DEN,nfl,NFL,2025,7,2025-10-19,DEN,NYG,33.0,32.0,1.2352941176470589,4.3,,7.5,39.5,nflverse,2026-09-11T10:54:50.615246+00:00,H,2025-10-19T20:05:00+00:00
2025_07_PHI_MIN,nfl,NFL,2025,7,2025-10-19,MIN,PHI,22.0,28.0,2.24,1.6756756756756757,,-2.5,43.5,nflverse,2026-09-11T10:54:50.615246+00:00,A,2025-10-19T17:00:00+00:00
2025_07_WAS_DAL,nfl,NFL,2025,7,2025-10-19,DAL,WAS,44.0,22.0,1.8,2.05,,1.5,54.5,nflverse,2026-09-11T10:54:50.615246+00:00,H,2025-10-19T20:25:00+00:00
2025_07_HOU_SEA,nfl,NFL,2025,7,2025-10-20,SEA,HOU,27.0,19.0,1.6024096385542168,2.4,,3.0,41.5,nflverse,2026-09-11T10:54:50.615246+00:00,H,2025-10-21T02:00:00+00:00
2025_07_TB_DET,nfl,NFL,2025,7,2025-10-20,DET,TB,24.0,9.0,1.3597122302158273,3.25,,6.0,54.5,nflverse,2026-09-11T10:54:50.615246+00:00,H,2025-10-20T23:00:00+00:00
2025_08_MIN_LAC,nfl,NFL,2025,8,2025-10-23,LAC,MIN,37.0,10.0,1.5882352941176472,2.42,,3.0,45.5,nflverse,2026-09-11T10:54:50.615246+00:00,H,2025-10-24T00:15:00+00:00
2025_08_BUF_CAR,nfl,NFL,2025,8,2025-10-26,CAR,BUF,9.0,40.0,4.1,1.2531645569620253,,-7.0,47.5,nflverse,2026-09-11T10:54:50.615246+00:00,A,2025-10-26T17:00:00+00:00
2025_08_CHI_BAL,nfl,NFL,2025,8,2025-10-26,BAL,CHI,30.0,16.0,1.6756756756756757,2.24,,2.5,45.5,nflverse,2026-09-11T10:54:50.615246+00:00,H,2025-10-26T17:00:00+00:00
2025_08_CLE_NE,nfl,NFL,2025,8,2025-10-26,NE,CLE,32.0,13.0,1.263157894736842,4.0,,7.0,40.5,nflverse,2026-09-11T10:54:50.615246+00:00,H,2025-10-26T17:00:00+00:00
2025_08_DAL_DEN,nfl,NFL,2025,8,2025-10-26,DEN,DAL,44.0,24.0,1.5208333333333335,2.6,,3.5,51.5,nflverse,2026-09-11T10:54:50.615246+00:00,H,2025-10-26T20:25:00+00:00
2025_08_GB_PIT,nfl,NFL,2025,8,2025-10-26,PIT,GB,25.0,35.0,2.3,1.6451612903225805,,-3.0,46.5,nflverse,2026-09-11T10:54:50.615246+00:00,A,2025-10-27T00:20:00+00:00
2025_08_MIA_ATL,nfl,NFL,2025,8,2025-10-26,ATL,MIA,10.0,34.0,1.2816901408450705,3.8,,7.0,44.5,nflverse,2026-09-11T10:54:50.615246+00:00,A,2025-10-26T17:00:00+00:00
2025_08_NYG_PHI,nfl,NFL,2025,8,2025-10-26,PHI,NYG,38.0,20.0,1.263157894736842,4.0,,7.0,43.5,nflverse,2026-09-11T10:54:50.615246+00:00,H,2025-10-26T17:00:00+00:00
2025_08_NYJ_CIN,nfl,NFL,2025,8,2025-10-26,CIN,NYJ,38.0,39.0,1.3875968992248062,3.1,,5.5,43.5,nflverse,2026-09-11T10:54:50.615246+00:00,A,2025-10-26T17:00:00+00:00
2025_08_SF_HOU,nfl,NFL,2025,8,2025-10-26,HOU,SF,26.0,15.0,1.6451612903225805,2.3,,2.5,41.5,nflverse,2026-09-11T10:54:50.615246+00:00,H,2025-10-26T17:00:00+00:00
2025_08_TB_NO,nfl,NFL,2025,8,2025-10-26,NO,TB,3.0,23.0,2.8,1.4587155963302751,,-4.5,46.5,nflverse,2026-09-11T10:54:50.615246+00:00,A,2025-10-26T20:05:00+00:00
2025_08_TEN_IND,nfl,NFL,2025,8,2025-10-26,IND,TEN,38.0,14.0,1.0606060606060606,10.5,,15.5,47.5,nflverse,2026-09-11T10:54:50.615246+00:00,H,2025-10-26T20:25:00+00:00
2025_08_WAS_KC,nfl,NFL,2025,8,2025-10-27,KC,WAS,28.0,7.0,1.1428571428571428,6.0,,10.5,48.5,nflverse,2026-09-11T10:54:50.615246+00:00,H,2025-10-28T00:15:00+00:00
2025_09_BAL_MIA,nfl,NFL,2025,9,2025-10-30,MIA,BAL,6.0,28.0,4.5,1.2197802197802199,,-7.5,51.5,nflverse,2026-09-11T10:54:50.615246+00:00,A,2025-10-31T00:15:00+00:00
2025_09_ATL_NE,nfl,NFL,2025,9,2025-11-02,NE,ATL,24.0,23.0,1.4,3.05,,5.5,45.5,nflverse,2026-09-11T10:54:50.615246+00:00,H,2025-11-02T18:00:00+00:00
2025_09_CAR_GB,nfl,NFL,2025,9,2025-11-02,GB,CAR,13.0,16.0,1.1,7.5,,12.5,43.5,nflverse,2026-09-11T10:54:50.615246+00:00,A,2025-11-02T18:00:00+00:00
2025_09_CHI_CIN,nfl,NFL,2025,9,2025-11-02,CIN,CHI,42.0,47.0,2.3600000000000003,1.617283950617284,,-3.0,51.5,nflverse,2026-09-11T10:54:50.615246+00:00,A,2025-11-02T18:00:00+00:00
2025_09_DEN_HOU,nfl,NFL,2025,9,2025-11-02,HOU,DEN,15.0,18.0,1.8,2.05,,1.5,40.5,nflverse,2026-09-11T10:54:50.615246+00:00,A,2025-11-02T18:00:00+00:00
2025_09_IND_PIT,nfl,NFL,2025,9,2025-11-02,PIT,IND,27.0,20.0,2.54,1.5405405405405406,,-3.5,51.5,nflverse,2026-09-11T10:54:50.615246+00:00,H,2025-11-02T18:00:00+00:00
2025_09_JAX_LV,nfl,NFL,2025,9,2025-11-02,LV,JAX,29.0,30.0,2.1,1.7692307692307692,,-2.5,43.5,nflverse,2026-09-11T10:54:50.615246+00:00,A,2025-11-02T21:05:00+00:00
2025_09_KC_BUF,nfl,NFL,2025,9,2025-11-02,BUF,KC,28.0,21.0,2.1399999999999997,1.7407407407407407,,-2.5,53.5,nflverse,2026-09-11T10:54:50.615246+00:00,H,2025-11-02T21:25:00+00:00
2025_09_LAC_TEN,nfl,NFL,2025,9,2025-11-02,TEN,LAC,20.0,27.0,5.7,1.1538461538461537,,-10.0,44.5,nflverse,2026-09-11T10:54:50.615246+00:00,A,2025-11-02T18:00:00+00:00
2025_09_MIN_DET,nfl,NFL,2025,9,2025-11-02,DET,MIN,24.0,27.0,1.1818181818181819,5.1,,9.5,47.5,nflverse,2026-09-11T10:54:50.615246+00:00,A,2025-11-02T18:00:00+00:00
2025_09_NO_LA,nfl,NFL,2025,9,2025-11-02,LA,NO,34.0,10.0,1.0833333333333333,8.5,,14.0,44.5,nflverse,2026-09-11T10:54:50.615246+00:00,H,2025-11-02T21:05:00+00:00
2025_09_SEA_WAS,nfl,NFL,2025,9,2025-11-02,WAS,SEA,14.0,38.0,2.24,1.6756756756756757,,-2.5,47.5,nflverse,2026-09-11T10:54:50.615246+00:00,A,2025-11-03T01:20:00+00:00
2025_09_SF_NYG,nfl,NFL,2025,9,2025-11-02,NYG,SF,24.0,34.0,2.24,1.6756756756756757,,-2.5,47.5,nflverse,2026-09-11T10:54:50.615246+00:00,A,2025-11-02T18:00:00+00:00
2025_09_ARI_DAL,nfl,NFL,2025,9,2025-11-03,DAL,ARI,17.0,27.0,1.5714285714285714,2.45,,3.5,53.5,nflverse,2026-09-11T10:54:50.615246+00:00,A,2025-11-04T01:15:00+00:00
2025_10_LV_DEN,nfl,NFL,2025,10,2025-11-06,DEN,LV,10.0,7.0,1.2,4.8,,9.5,42.5,nflverse,2026-09-11T10:54:50.615246+00:00,H,2025-11-07T01:15:00+00:00
2025_10_ARI_SEA,nfl,NFL,2025,10,2025-11-09,SEA,ARI,44.0,22.0,1.2941176470588236,3.7,,7.0,44.5,nflverse,2026-09-11T10:54:50.615246+00:00,H,2025-11-09T21:05:00+00:00
2025_10_ATL_IND,nfl,NFL,2025,10,2025-11-09,IND,ATL,31.0,25.0,1.3225806451612903,3.5,,6.5,48.5,nflverse,2026-09-11T10:54:50.615246+00:00,H,2025-11-09T14:30:00+00:00
2025_10_BAL_MIN,nfl,NFL,2025,10,2025-11-09,MIN,BAL,19.0,27.0,2.9,1.434782608695652,,-4.5,48.5,nflverse,2026-09-11T10:54:50.615246+00:00,A,2025-11-09T18:00:00+00:00
2025_10_BUF_MIA,nfl,NFL,2025,10,2025-11-09,MIA,BUF,30.0,13.0,4.5,1.2197802197802199,,-8.5,50.5,nflverse,2026-09-11T10:54:50.615246+00:00,H,2025-11-09T18:00:00+00:00
2025_10_CLE_NYJ,nfl,NFL,2025,10,2025-11-09,NYJ,CLE,27.0,20.0,2.1,1.7692307692307692,,-1.5,37.5,nflverse,2026-09-11T10:54:50.615246+00:00,H,2025-11-09T18:00:00+00:00
2025_10_DET_WAS,nfl,NFL,2025,10,2025-11-09,WAS,DET,22.0,44.0,4.5,1.2197802197802199,,-8.5,49.5,nflverse,2026-09-11T10:54:50.615246+00:00,A,2025-11-09T21:25:00+00:00
2025_10_JAX_HOU,nfl,NFL,2025,10,2025-11-09,HOU,JAX,36.0,29.0,1.9523809523809523,1.8695652173913042,,-1.5,37.5,nflverse,2026-09-11T10:54:50.615246+00:00,H,2025-11-09T18:00:00+00:00
2025_10_LA_SF,nfl,NFL,2025,10,2025-11-09,SF,LA,26.0,42.0,3.1,1.3875968992248062,,-5.5,49.5,nflverse,2026-09-11T10:54:50.615246+00:00,A,2025-11-09T21:25:00+00:00
2025_10_NE_TB,nfl,NFL,2025,10,2025-11-09,TB,NE,23.0,28.0,1.6756756756756757,2.24,,2.5,48.5,nflverse,2026-09-11T10:54:50.615246+00:00,A,2025-11-09T18:00:00+00:00
2025_10_NO_CAR,nfl,NFL,2025,10,2025-11-09,CAR,NO,7.0,17.0,1.4081632653061225,3.0,,5.5,38.5,nflverse,2026-09-11T10:54:50.615246+00:00,A,2025-11-09T18:00:00+00:00
2025_10_NYG_CHI,nfl,NFL,2025,10,2025-11-09,CHI,NYG,24.0,20.0,1.4587155963302751,2.8,,4.5,45.5,nflverse,2026-09-11T10:54:50.615246+00:00,H,2025-11-09T18:00:00+00:00
2025_10_PIT_LAC,nfl,NFL,2025,10,2025-11-09,LAC,PIT,25.0,10.0,1.617283950617284,2.3600000000000003,,3.0,45.5,nflverse,2026-09-11T10:54:50.615246+00:00,H,2025-11-10T01:20:00+00:00
2025_10_PHI_GB,nfl,NFL,2025,10,2025-11-10,GB,PHI,7.0,10.0,1.9090909090909092,1.9090909090909092,,1.5,45.5,nflverse,2026-09-11T10:54:50.615246+00:00,A,2025-11-11T01:15:00+00:00
2025_11_NYJ_NE,nfl,NFL,2025,11,2025-11-13,NE,NYJ,27.0,14.0,1.1052631578947367,7.25,,12.5,43.5,nflverse,2026-09-11T10:54:50.615246+00:00,H,2025-11-14T01:15:00+00:00
2025_11_BAL_CLE,nfl,NFL,2025,11,2025-11-16,CLE,BAL,16.0,23.0,4.4,1.2272727272727273,,-7.5,37.5,nflverse,2026-09-11T10:54:50.615246+00:00,A,2025-11-16T21:25:00+00:00
2025_11_CAR_ATL,nfl,NFL,2025,11,2025-11-16,ATL,CAR,27.0,30.0,1.4587155963302751,2.8,,4.5,42.5,nflverse,2026-09-11T10:54:50.615246+00:00,A,2025-11-16T18:00:00+00:00
2025_11_CHI_MIN,nfl,NFL,2025,11,2025-11-16,MIN,CHI,17.0,19.0,1.6756756756756757,2.24,,3.0,47.5,nflverse,2026-09-11T10:54:50.615246+00:00,A,2025-11-16T18:00:00+00:00
2025_11_CIN_PIT,nfl,NFL,2025,11,2025-11-16,PIT,CIN,34.0,12.0,1.4,3.05,,5.5,48.5,nflverse,2026-09-11T10:54:50.615246+00:00,H,2025-11-16T18:00:00+00:00
2025_11_DET_PHI,nfl,NFL,2025,11,2025-11-16,PHI,DET,16.0,9.0,1.6451612903225805,2.3,,2.5,46.5,nflverse,2026-09-11T10:54:50.615246+00:00,H,2025-11-17T01:20:00+00:00
2025_11_GB_NYG,nfl,NFL,2025,11,2025-11-16,NYG,GB,20.0,27.0,4.4,1.2272727272727273,,-7.5,41.5,nflverse,2026-09-11T10:54:50.615246+00:00,A,2025-11-16T18:00:00+00:00
2025_11_HOU_TEN,nfl,NFL,2025,11,2025-11-16,TEN,HOU,13.0,16.0,3.15,1.3773584905660377,,-5.5,37.5,nflverse,2026-09-11T10:54:50.615246+00:00,A,2025-11-16T18:00:00+00:00
2025_11_KC_DEN,nfl,NFL,2025,11,2025-11-16,DEN,KC,22.0,19.0,2.8,1.4587155963302751,,-3.5,44.5,nflverse,2026-09-11T10:54:50.615246+00:00,H,2025-11-16T21:25:00+00:00
2025_11_LAC_JAX,nfl,NFL,2025,11,2025-11-16,JAX,LAC,35.0,6.0,2.3,1.6451612903225805,,-3.0,43.5,nflverse,2026-09-11T10:54:50.615246+00:00,H,2025-11-16T18:00:00+00:00
2025_11_SEA_LA,nfl,NFL,2025,11,2025-11-16,LA,SEA,21.0,19.0,1.5714285714285714,2.45,,3.0,49.5,nflverse,2026-09-11T10:54:50.615246+00:00,H,2025-11-16T21:05:00+00:00
2025_11_SF_ARI,nfl,NFL,2025,11,2025-11-16,ARI,SF,22.0,41.0,2.6,1.5208333333333335,,-3.5,48.5,nflverse,2026-09-11T10:54:50.615246+00:00,A,2025-11-16T21:05:00+00:00
2025_11_TB_BUF,nfl,NFL,2025,11,2025-11-16,BUF,TB,44.0,32.0,1.3508771929824561,3.3,,6.0,46.5,nflverse,2026-09-11T10:54:50.615246+00:00,H,2025-11-16T18:00:00+00:00
2025_11_WAS_MIA,nfl,NFL,2025,11,2025-11-16,MIA,WAS,16.0,13.0,1.6756756756756757,2.24,,2.5,47.5,nflverse,2026-09-11T10:54:50.615246+00:00,H,2025-11-16T14:30:00+00:00
2025_11_DAL_LV,nfl,NFL,2025,11,2025-11-17,LV,DAL,16.0,33.0,2.6399999999999997,1.5050505050505052,,-3.5,48.5,nflverse,2026-09-11T10:54:50.615246+00:00,A,2025-11-18T01:15:00+00:00
2025_12_BUF_HOU,nfl,NFL,2025,12,2025-11-20,HOU,BUF,23.0,19.0,3.1,1.3875968992248062,,-5.5,43.5,nflverse,2026-09-11T10:54:50.615246+00:00,H,2025-11-21T01:15:00+00:00
2025_12_ATL_NO,nfl,NFL,2025,12,2025-11-23,NO,ATL,10.0,24.0,1.819672131147541,2.02,,1.5,41.5,nflverse,2026-09-11T10:54:50.615246+00:00,A,2025-11-23T21:25:00+00:00
2025_12_CLE_LV,nfl,NFL,2025,12,2025-11-23,LV,CLE,10.0,24.0,1.617283950617284,2.3600000000000003,,3.0,35.5,nflverse,2026-09-11T10:54:50.615246+00:00,A,2025-11-23T21:05:00+00:00
2025_12_IND_KC,nfl,NFL,2025,12,2025-11-23,KC,IND,23.0,20.0,1.4587155963302751,2.8,,3.5,50.5,nflverse,2026-09-11T10:54:50.615246+00:00,H,2025-11-23T18:00:00+00:00
2025_12_JAX_ARI,nfl,NFL,2025,12,2025-11-23,ARI,JAX,24.0,27.0,2.1399999999999997,1.7407407407407407,,-2.5,47.5,nflverse,2026-09-11T10:54:50.615246+00:00,A,2025-11-23T21:05:00+00:00
2025_12_MIN_GB,nfl,NFL,2025,12,2025-11-23,GB,MIN,23.0,6.0,1.3448275862068966,3.35,,6.5,41.5,nflverse,2026-09-11T10:54:50.615246+00:00,H,2025-11-23T18:00:00+00:00
2025_12_NE_CIN,nfl,NFL,2025,12,2025-11-23,CIN,NE,20.0,26.0,4.1,1.2531645569620253,,-7.5,50.5,nflverse,2026-09-11T10:54:50.615246+00:00,A,2025-11-23T18:00:00+00:00
2025_12_NYG_DET,nfl,NFL,2025,12,2025-11-23,DET,NYG,34.0,27.0,1.0952380952380953,7.75,,14.0,50.5,nflverse,2026-09-11T10:54:50.615246+00:00,H,2025-11-23T18:00:00+00:00
2025_12_NYJ_BAL,nfl,NFL,2025,12,2025-11-23,BAL,NYJ,23.0,10.0,1.0952380952380953,7.75,,14.0,44.5,nflverse,2026-09-11T10:54:50.615246+00:00,H,2025-11-23T18:00:00+00:00
2025_12_PHI_DAL,nfl,NFL,2025,12,2025-11-23,DAL,PHI,24.0,21.0,2.3600000000000003,1.617283950617284,,-3.0,47.5,nflverse,2026-09-11T10:54:50.615246+00:00,H,2025-11-23T21:25:00+00:00
2025_12_PIT_CHI,nfl,NFL,2025,12,2025-11-23,CHI,PIT,31.0,28.0,1.6451612903225805,2.3,,3.0,46.5,nflverse,2026-09-11T10:54:50.615246+00:00,H,2025-11-23T18:00:00+00:00
2025_12_SEA_TEN,nfl,NFL,2025,12,2025-11-23,TEN,SEA,24.0,30.0,7.25,1.1052631578947367,,-12.5,41.5,nflverse,2026-09-11T10:54:50.615246+00:00,A,2025-11-23T18:00:00+00:00
2025_12_TB_LA,nfl,NFL,2025,12,2025-11-23,LA,TB,34.0,7.0,1.2666666666666666,3.95,,7.0,49.5,nflverse,2026-09-11T10:54:50.615246+00:00,H,2025-11-24T01:20:00+00:00
2025_12_CAR_SF,nfl,NFL,2025,12,2025-11-24,SF,CAR,20.0,9.0,1.2531645569620253,4.1,,7.5,48.5,nflverse,2026-09-11T10:54:50.615246+00:00,H,2025-11-25T01:15:00+00:00
2025_13_CIN_BAL,nfl,NFL,2025,13,2025-11-27,BAL,CIN,14.0,32.0,1.2666666666666666,3.95,,7.0,52.5,nflverse,2026-09-11T10:54:50.615246+00:00,A,2025-11-28T01:20:00+00:00
2025_13_GB_DET,nfl,NFL,2025,13,2025-11-27,DET,GB,24.0,31.0,1.6451612903225805,2.3,,2.5,48.5,nflverse,2026-09-11T10:54:50.615246+00:00,A,2025-11-27T18:00:00+00:00
2025_13_KC_DAL,nfl,NFL,2025,13,2025-11-27,DAL,KC,31.0,28.0,2.54,1.5405405405405406,,-3.5,53.5,nflverse,2026-09-11T10:54:50.615246+00:00,H,2025-11-27T21:30:00+00:00
2025_13_CHI_PHI,nfl,NFL,2025,13,2025-11-28,PHI,CHI,15.0,24.0,1.2941176470588236,3.7,,7.0,43.5,nflverse,2026-09-11T10:54:50.615246+00:00,A,2025-11-28T20:00:00+00:00
2025_13_ARI_TB,nfl,NFL,2025,13,2025-11-30,TB,ARI,20.0,17.0,1.5050505050505052,2.6399999999999997,,4.5,44.5,nflverse,2026-09-11T10:54:50.615246+00:00,H,2025-11-30T18:00:00+00:00
2025_13_ATL_NYJ,nfl,NFL,2025,13,2025-11-30,NYJ,ATL,27.0,24.0,2.4,1.6024096385542168,,-3.0,38.5,nflverse,2026-09-11T10:54:50.615246+00:00,H,2025-11-30T18:00:00+00:00
2025_13_BUF_PIT,nfl,NFL,2025,13,2025-11-30,PIT,BUF,7.0,26.0,2.4,1.6024096385542168,,-3.0,44.5,nflverse,2026-09-11T10:54:50.615246+00:00,A,2025-11-30T21:25:00+00:00
2025_13_DEN_WAS,nfl,NFL,2025,13,2025-11-30,WAS,DEN,26.0,27.0,3.5,1.3225806451612903,,-6.5,43.5,nflverse,2026-09-11T10:54:50.615246+00:00,A,2025-12-01T01:20:00+00:00
2025_13_HOU_IND,nfl,NFL,2025,13,2025-11-30,IND,HOU,16.0,20.0,1.5882352941176472,2.42,,3.0,44.5,nflverse,2026-09-11T10:54:50.615246+00:00,A,2025-11-30T18:00:00+00:00
2025_13_JAX_TEN,nfl,NFL,2025,13,2025-11-30,TEN,JAX,3.0,25.0,3.2,1.3703703703703702,,-6.0,42.5,nflverse,2026-09-11T10:54:50.615246+00:00,A,2025-11-30T18:00:00+00:00
2025_13_LA_CAR,nfl,NFL,2025,13,2025-11-30,CAR,LA,31.0,28.0,5.25,1.1739130434782608,,-10.0,44.5,nflverse,2026-09-11T10:54:50.615246+00:00,H,2025-11-30T18:00:00+00:00
2025_13_LV_LAC,nfl,NFL,2025,13,2025-11-30,LAC,LV,31.0,14.0,1.1666666666666667,5.4,,10.0,40.5,nflverse,2026-09-11T10:54:50.615246+00:00,H,2025-11-30T21:25:00+00:00
2025_13_MIN_SEA,nfl,NFL,2025,13,2025-11-30,SEA,MIN,26.0,0.0,1.1111111111111112,7.0,,12.5,42.5,nflverse,2026-09-11T10:54:50.615246+00:00,H,2025-11-30T21:05:00+00:00
2025_13_NO_MIA,nfl,NFL,2025,13,2025-11-30,MIA,NO,21.0,17.0,1.4,3.05,,5.5,41.5,nflverse,2026-09-11T10:54:50.615246+00:00,H,2025-11-30T18:00:00+00:00
2025_13_SF_CLE,nfl,NFL,2025,13,2025-11-30,CLE,SF,8.0,26.0,3.05,1.4,,-5.5,35.5,nflverse,2026-09-11T10:54:50.615246+00:00,A,2025-11-30T18:00:00+00:00
2025_13_NYG_NE,nfl,NFL,2025,13,2025-12-01,NE,NYG,33.0,15.0,1.2666666666666666,3.95,,7.0,46.5,nflverse,2026-09-11T10:54:50.615246+00:00,H,2025-12-02T01:15:00+00:00
2025_14_DAL_DET,nfl,NFL,2025,14,2025-12-04,DET,DAL,44.0,30.0,1.5208333333333335,2.6,,3.5,55.5,nflverse,2026-09-11T10:54:50.615246+00:00,H,2025-12-05T01:15:00+00:00
2025_14_CHI_GB,nfl,NFL,2025,14,2025-12-07,GB,CHI,28.0,21.0,1.3278688524590163,3.45,,6.5,44.5,nflverse,2026-09-11T10:54:50.615246+00:00,H,2025-12-07T21:25:00+00:00
2025_14_CIN_BUF,nfl,NFL,2025,14,2025-12-07,BUF,CIN,39.0,34.0,1.3508771929824561,3.3,,6.0,54.5,nflverse,2026-09-11T10:54:50.615246+00:00,H,2025-12-07T18:00:00+00:00
2025_14_DEN_LV,nfl,NFL,2025,14,2025-12-07,LV,DEN,17.0,24.0,4.6,1.2127659574468086,,-8.5,40.5,nflverse,2026-09-11T10:54:50.615246+00:00,A,2025-12-07T21:05:00+00:00
2025_14_HOU_KC,nfl,NFL,2025,14,2025-12-07,KC,HOU,10.0,20.0,1.4587155963302751,2.8,,4.5,41.5,nflverse,2026-09-11T10:54:50.615246+00:00,A,2025-12-08T01:20:00+00:00
2025_14_IND_JAX,nfl,NFL,2025,14,2025-12-07,JAX,IND,36.0,19.0,2.1399999999999997,1.7407407407407407,,-2.5,44.5,nflverse,2026-09-11T10:54:50.615246+00:00,H,2025-12-07T18:00:00+00:00
2025_14_LA_ARI,nfl,NFL,2025,14,2025-12-07,ARI,LA,17.0,45.0,4.8,1.2,,-9.5,49.5,nflverse,2026-09-11T10:54:50.615246+00:00,A,2025-12-07T21:25:00+00:00
2025_14_MIA_NYJ,nfl,NFL,2025,14,2025-12-07,NYJ,MIA,10.0,34.0,2.24,1.6756756756756757,,-2.5,41.5,nflverse,2026-09-11T10:54:50.615246+00:00,A,2025-12-07T18:00:00+00:00
2025_14_NO_TB,nfl,NFL,2025,14,2025-12-07,TB,NO,20.0,24.0,1.2352941176470589,4.3,,7.5,41.5,nflverse,2026-09-11T10:54:50.615246+00:00,A,2025-12-07T18:00:00+00:00
2025_14_PIT_BAL,nfl,NFL,2025,14,2025-12-07,BAL,PIT,22.0,27.0,1.3703703703703702,3.2,,5.5,43.5,nflverse,2026-09-11T10:54:50.615246+00:00,A,2025-12-07T18:00:00+00:00
2025_14_SEA_ATL,nfl,NFL,2025,14,2025-12-07,ATL,SEA,9.0,37.0,3.8,1.2816901408450705,,-7.0,44.5,nflverse,2026-09-11T10:54:50.615246+00:00,A,2025-12-07T18:00:00+00:00
2025_14_TEN_CLE,nfl,NFL,2025,14,2025-12-07,CLE,TEN,29.0,31.0,1.4878048780487805,2.7,,4.5,33.5,nflverse,2026-09-11T10:54:50.615246+00:00,A,2025-12-07T18:00:00+00:00
2025_14_WAS_MIN,nfl,NFL,2025,14,2025-12-07,MIN,WAS,31.0,0.0,1.9523809523809523,1.8695652173913042,,-1.5,43.5,nflverse,2026-09-11T10:54:50.615246+00:00,H,2025-12-07T18:00:00+00:00
2025_14_PHI_LAC,nfl,NFL,2025,14,2025-12-08,LAC,PHI,22.0,19.0,2.0,1.8333333333333335,,-1.5,41.5,nflverse,2026-09-11T10:54:50.615246+00:00,H,2025-12-09T01:15:00+00:00
2025_15_ATL_TB,nfl,NFL,2025,15,2025-12-11,TB,ATL,28.0,29.0,1.3597122302158273,3.25,,6.0,43.5,nflverse,2026-09-11T10:54:50.615246+00:00,A,2025-12-12T01:15:00+00:00
2025_15_ARI_HOU,nfl,NFL,2025,15,2025-12-14,HOU,ARI,40.0,20.0,1.16,5.55,,10.5,42.5,nflverse,2026-09-11T10:54:50.615246+00:00,H,2025-12-14T18:00:00+00:00
2025_15_BAL_CIN,nfl,NFL,2025,15,2025-12-14,CIN,BAL,0.0,24.0,2.3600000000000003,1.617283950617284,,-2.5,51.5,nflverse,2026-09-11T10:54:50.615246+00:00,A,2025-12-14T18:00:00+00:00
2025_15_BUF_NE,nfl,NFL,2025,15,2025-12-14,NE,BUF,31.0,35.0,2.2,1.704225352112676,,-2.5,49.5,nflverse,2026-09-11T10:54:50.615246+00:00,A,2025-12-14T18:00:00+00:00
2025_15_CAR_NO,nfl,NFL,2025,15,2025-12-14,NO,CAR,20.0,17.0,2.24,1.6756756756756757,,-2.5,41.5,nflverse,2026-09-11T10:54:50.615246+00:00,H,2025-12-14T21:25:00+00:00
2025_15_CLE_CHI,nfl,NFL,2025,15,2025-12-14,CHI,CLE,31.0,3.0,1.2666666666666666,3.95,,7.5,38.5,nflverse,2026-09-11T10:54:50.615246+00:00,H,2025-12-14T18:00:00+00:00
2025_15_DET_LA,nfl,NFL,2025,15,2025-12-14,LA,DET,41.0,34.0,1.4081632653061225,3.0,,5.5,54.5,nflverse,2026-09-11T10:54:50.615246+00:00,H,2025-12-14T21:25:00+00:00
2025_15_GB_DEN,nfl,NFL,2025,15,2025-12-14,DEN,GB,34.0,26.0,2.02,1.819672131147541,,-1.5,42.5,nflverse,2026-09-11T10:54:50.615246+00:00,H,2025-12-14T21:25:00+00:00
2025_15_IND_SEA,nfl,NFL,2025,15,2025-12-14,SEA,IND,18.0,16.0,1.1,7.5,,13.5,41.5,nflverse,2026-09-11T10:54:50.615246+00:00,H,2025-12-14T21:25:00+00:00
2025_15_LAC_KC,nfl,NFL,2025,15,2025-12-14,KC,LAC,13.0,16.0,1.3875968992248062,3.1,,5.5,41.5,nflverse,2026-09-11T10:54:50.615246+00:00,A,2025-12-14T18:00:00+00:00
2025_15_LV_PHI,nfl,NFL,2025,15,2025-12-14,PHI,LV,31.0,0.0,1.1,7.5,,12.5,37.5,nflverse,2026-09-11T10:54:50.615246+00:00,H,2025-12-14T18:00:00+00:00
2025_15_MIN_DAL,nfl,NFL,2025,15,2025-12-14,DAL,MIN,26.0,34.0,1.3773584905660377,3.15,,5.5,47.5,nflverse,2026-09-11T10:54:50.615246+00:00,A,2025-12-15T01:20:00+00:00
2025_15_NYJ_JAX,nfl,NFL,2025,15,2025-12-14,JAX,NYJ,48.0,20.0,1.0952380952380953,7.75,,13.5,40.5,nflverse,2026-09-11T10:54:50.615246+00:00,H,2025-12-14T18:00:00+00:00
2025_15_TEN_SF,nfl,NFL,2025,15,2025-12-14,SF,TEN,37.0,24.0,1.1111111111111112,7.0,,12.5,44.5,nflverse,2026-09-11T10:54:50.615246+00:00,H,2025-12-14T21:25:00+00:00
2025_15_WAS_NYG,nfl,NFL,2025,15,2025-12-14,NYG,WAS,21.0,29.0,1.6756756756756757,2.24,,2.5,46.5,nflverse,2026-09-11T10:54:50.615246+00:00,A,2025-12-14T18:00:00+00:00
2025_15_MIA_PIT,nfl,NFL,2025,15,2025-12-15,PIT,MIA,28.0,15.0,1.5714285714285714,2.45,,3.0,42.5,nflverse,2026-09-11T10:54:50.615246+00:00,H,2025-12-16T01:15:00+00:00
2025_16_LA_SEA,nfl,NFL,2025,16,2025-12-18,SEA,LA,38.0,37.0,1.819672131147541,2.02,,1.5,42.5,nflverse,2026-09-11T10:54:50.615246+00:00,H,2025-12-19T01:15:00+00:00
2025_16_GB_CHI,nfl,NFL,2025,16,2025-12-20,CHI,GB,22.0,16.0,1.847457627118644,1.9803921568627452,,1.5,45.5,nflverse,2026-09-11T10:54:50.615246+00:00,H,2025-12-21T01:20:00+00:00
2025_16_PHI_WAS,nfl,NFL,2025,16,2025-12-20,WAS,PHI,18.0,29.0,4.0,1.263157894736842,,-7.0,43.5,nflverse,2026-09-11T10:54:50.615246+00:00,A,2025-12-20T22:00:00+00:00
2025_16_ATL_ARI,nfl,NFL,2025,16,2025-12-21,ARI,ATL,19.0,26.0,2.24,1.6756756756756757,,-2.5,48.5,nflverse,2026-09-11T10:54:50.615246+00:00,A,2025-12-21T21:05:00+00:00
2025_16_BUF_CLE,nfl,NFL,2025,16,2025-12-21,CLE,BUF,20.0,23.0,5.25,1.1739130434782608,,-10.5,41.5,nflverse,2026-09-11T10:54:50.615246+00:00,A,2025-12-21T18:00:00+00:00
2025_16_CIN_MIA,nfl,NFL,2025,16,2025-12-21,MIA,CIN,21.0,45.0,2.7,1.4878048780487805,,-3.5,48.5,nflverse,2026-09-11T10:54:50.615246+00:00,A,2025-12-21T18:00:00+00:00
2025_16_JAX_DEN,nfl,NFL,2025,16,2025-12-21,DEN,JAX,20.0,34.0,1.5714285714285714,2.45,,3.5,46.5,nflverse,2026-09-11T10:54:50.615246+00:00,A,2025-12-21T21:05:00+00:00
2025_16_KC_TEN,nfl,NFL,2025,16,2025-12-21,TEN,KC,26.0,9.0,2.54,1.5405405405405406,,-3.5,37.5,nflverse,2026-09-11T10:54:50.615246+00:00,H,2025-12-21T18:00:00+00:00
2025_16_LAC_DAL,nfl,NFL,2025,16,2025-12-21,DAL,LAC,17.0,34.0,1.819672131147541,2.02,,1.5,50.5,nflverse,2026-09-11T10:54:50.615246+00:00,A,2025-12-21T18:00:00+00:00
2025_16_LV_HOU,nfl,NFL,2025,16,2025-12-21,HOU,LV,23.0,21.0,1.0625,10.0,,14.5,39.5,nflverse,2026-09-11T10:54:50.615246+00:00,H,2025-12-21T21:25:00+00:00
2025_16_MIN_NYG,nfl,NFL,2025,16,2025-12-21,NYG,MIN,13.0,16.0,2.24,1.6756756756756757,,-2.5,41.5,nflverse,2026-09-11T10:54:50.615246+00:00,A,2025-12-21T18:00:00+00:00
2025_16_NE_BAL,nfl,NFL,2025,16,2025-12-21,BAL,NE,24.0,28.0,1.5405405405405406,2.54,,3.5,48.5,nflverse,2026-09-11T10:54:50.615246+00:00,A,2025-12-22T01:20:00+00:00
2025_16_NYJ_NO,nfl,NFL,2025,16,2025-12-21,NO,NYJ,29.0,6.0,1.3355704697986577,3.4,,6.5,39.5,nflverse,2026-09-11T10:54:50.615246+00:00,H,2025-12-21T18:00:00+00:00
2025_16_PIT_DET,nfl,NFL,2025,16,2025-12-21,DET,PIT,24.0,29.0,1.2352941176470589,4.3,,7.5,52.5,nflverse,2026-09-11T10:54:50.615246+00:00,A,2025-12-21T21:25:00+00:00
2025_16_TB_CAR,nfl,NFL,2025,16,2025-12-21,CAR,TB,23.0,20.0,2.3,1.6451612903225805,,-3.0,44.5,nflverse,2026-09-11T10:54:50.615246+00:00,H,2025-12-21T18:00:00+00:00
2025_16_SF_IND,nfl,NFL,2025,16,2025-12-22,IND,SF,27.0,48.0,2.85,1.4444444444444444,,-4.5,46.5,nflverse,2026-09-11T10:54:50.615246+00:00,A,2025-12-23T01:15:00+00:00
2025_17_DAL_WAS,nfl,NFL,2025,17,2025-12-25,WAS,DAL,23.0,30.0,4.8,1.2,,-8.5,50.5,nflverse,2026-09-11T10:54:50.615246+00:00,A,2025-12-25T18:00:00+00:00
2025_17_DEN_KC,nfl,NFL,2025,17,2025-12-25,KC,DEN,13.0,20.0,8.0,1.0909090909090908,,-13.5,37.5,nflverse,2026-09-11T10:54:50.615246+00:00,A,2025-12-26T01:15:00+00:00
2025_17_DET_MIN,nfl,NFL,2025,17,2025-12-25,MIN,DET,23.0,10.0,3.85,1.2777777777777777,,-7.0,45.5,nflverse,2026-09-11T10:54:50.615246+00:00,H,2025-12-25T21:30:00+00:00
2025_17_BAL_GB,nfl,NFL,2025,17,2025-12-27,GB,BAL,24.0,41.0,1.704225352112676,2.2,,2.5,38.5,nflverse,2026-09-11T10:54:50.615246+00:00,A,2025-12-28T01:00:00+00:00
2025_17_HOU_LAC,nfl,NFL,2025,17,2025-12-27,LAC,HOU,16.0,20.0,1.847457627118644,1.9803921568627452,,1.5,40.5,nflverse,2026-09-11T10:54:50.615246+00:00,A,2025-12-27T21:30:00+00:00
2025_17_ARI_CIN,nfl,NFL,2025,17,2025-12-28,CIN,ARI,37.0,14.0,1.289855072463768,3.75,,7.0,52.5,nflverse,2026-09-11T10:54:50.615246+00:00,H,2025-12-28T18:00:00+00:00
2025_17_CHI_SF,nfl,NFL,2025,17,2025-12-28,SF,CHI,42.0,38.0,1.4878048780487805,2.7,,3.5,51.5,nflverse,2026-09-11T10:54:50.615246+00:00,H,2025-12-29T01:20:00+00:00
2025_17_JAX_IND,nfl,NFL,2025,17,2025-12-28,IND,JAX,17.0,23.0,2.85,1.4444444444444444,,-3.5,48.5,nflverse,2026-09-11T10:54:50.615246+00:00,A,2025-12-28T18:00:00+00:00
2025_17_NE_NYJ,nfl,NFL,2025,17,2025-12-28,NYJ,NE,10.0,42.0,7.25,1.1052631578947367,,-12.5,42.5,nflverse,2026-09-11T10:54:50.615246+00:00,A,2025-12-28T18:00:00+00:00
2025_17_NO_TEN,nfl,NFL,2025,17,2025-12-28,TEN,NO,26.0,34.0,2.0,1.8333333333333335,,-1.5,39.5,nflverse,2026-09-11T10:54:50.615246+00:00,A,2025-12-28T18:00:00+00:00
2025_17_NYG_LV,nfl,NFL,2025,17,2025-12-28,LV,NYG,10.0,34.0,2.3600000000000003,1.617283950617284,,-3.0,40.5,nflverse,2026-09-11T10:54:50.615246+00:00,A,2025-12-28T21:05:00+00:00
2025_17_PHI_BUF,nfl,NFL,2025,17,2025-12-28,BUF,PHI,12.0,13.0,1.5882352941176472,2.42,,3.0,45.5,nflverse,2026-09-11T10:54:50.615246+00:00,A,2025-12-28T21:25:00+00:00
2025_17_PIT_CLE,nfl,NFL,2025,17,2025-12-28,CLE,PIT,13.0,6.0,2.7,1.4878048780487805,,-4.5,35.5,nflverse,2026-09-11T10:54:50.615246+00:00,H,2025-12-28T18:00:00+00:00
2025_17_SEA_CAR,nfl,NFL,2025,17,2025-12-28,CAR,SEA,10.0,27.0,3.45,1.3278688524590163,,-6.5,42.5,nflverse,2026-09-11T10:54:50.615246+00:00,A,2025-12-28T18:00:00+00:00
2025_17_TB_MIA,nfl,NFL,2025,17,2025-12-28,MIA,TB,20.0,17.0,3.05,1.4,,-5.5,44.5,nflverse,2026-09-11T10:54:50.615246+00:00,H,2025-12-28T18:00:00+00:00
2025_17_LA_ATL,nfl,NFL,2025,17,2025-12-29,ATL,LA,27.0,24.0,4.0,1.263157894736842,,-7.5,48.5,nflverse,2026-09-11T10:54:50.615246+00:00,H,2025-12-30T01:15:00+00:00
2025_18_CAR_TB,nfl,NFL,2025,18,2026-01-03,TB,CAR,16.0,14.0,1.6451612903225805,2.3,,3.0,43.5,nflverse,2026-09-11T10:54:50.615246+00:00,H,2026-01-03T21:30:00+00:00
2025_18_SEA_SF,nfl,NFL,2025,18,2026-01-03,SF,SEA,3.0,13.0,2.24,1.6756756756756757,,-2.5,47.5,nflverse,2026-09-11T10:54:50.615246+00:00,A,2026-01-04T01:00:00+00:00
2025_18_ARI_LA,nfl,NFL,2025,18,2026-01-04,LA,ARI,37.0,20.0,1.074074074074074,9.0,,14.5,49.5,nflverse,2026-09-11T10:54:50.615246+00:00,H,2026-01-04T21:25:00+00:00
2025_18_BAL_PIT,nfl,NFL,2025,18,2026-01-04,PIT,BAL,26.0,24.0,2.85,1.4444444444444444,,-4.5,41.5,nflverse,2026-09-11T10:54:50.615246+00:00,H,2026-01-05T01:20:00+00:00
2025_18_CLE_CIN,nfl,NFL,2025,18,2026-01-04,CIN,CLE,18.0,20.0,1.2197802197802199,4.5,,9.5,47.5,nflverse,2026-09-11T10:54:50.615246+00:00,A,2026-01-04T18:00:00+00:00
2025_18_DAL_NYG,nfl,NFL,2025,18,2026-01-04,NYG,DAL,34.0,17.0,2.4,1.6024096385542168,,-3.0,50.5,nflverse,2026-09-11T10:54:50.615246+00:00,H,2026-01-04T18:00:00+00:00
2025_18_DET_CHI,nfl,NFL,2025,18,2026-01-04,CHI,DET,16.0,19.0,1.5555555555555556,2.5,,3.5,51.5,nflverse,2026-09-11T10:54:50.615246+00:00,A,2026-01-04T21:25:00+00:00
2025_18_GB_MIN,nfl,NFL,2025,18,2026-01-04,MIN,GB,16.0,3.0,1.1538461538461537,5.7,,12.5,37.5,nflverse,2026-09-11T10:54:50.615246+00:00,H,2026-01-04T18:00:00+00:00
2025_18_IND_HOU,nfl,NFL,2025,18,2026-01-04,HOU,IND,38.0,30.0,1.1869158878504673,5.0,,9.5,37.5,nflverse,2026-09-11T10:54:50.615246+00:00,H,2026-01-04T18:00:00+00:00
2025_18_KC_LV,nfl,NFL,2025,18,2026-01-04,LV,KC,14.0,12.0,2.85,1.4444444444444444,,-3.5,36.5,nflverse,2026-09-11T10:54:50.615246+00:00,H,2026-01-04T21:25:00+00:00
2025_18_LAC_DEN,nfl,NFL,2025,18,2026-01-04,DEN,LAC,19.0,3.0,1.0625,10.0,,14.5,37.5,nflverse,2026-09-11T10:54:50.615246+00:00,H,2026-01-04T21:25:00+00:00
2025_18_MIA_NE,nfl,NFL,2025,18,2026-01-04,NE,MIA,38.0,10.0,1.1,7.5,,14.0,44.5,nflverse,2026-09-11T10:54:50.615246+00:00,H,2026-01-04T21:25:00+00:00
2025_18_NO_ATL,nfl,NFL,2025,18,2026-01-04,ATL,NO,19.0,17.0,1.4878048780487805,2.7,,4.5,43.5,nflverse,2026-09-11T10:54:50.615246+00:00,H,2026-01-04T18:00:00+00:00
2025_18_NYJ_BUF,nfl,NFL,2025,18,2026-01-04,BUF,NYJ,35.0,8.0,1.125,6.5,,12.5,39.5,nflverse,2026-09-11T10:54:50.615246+00:00,H,2026-01-04T21:25:00+00:00
2025_18_TEN_JAX,nfl,NFL,2025,18,2026-01-04,JAX,TEN,41.0,7.0,1.1333333333333333,6.25,,12.5,46.5,nflverse,2026-09-11T10:54:50.615246+00:00,H,2026-01-04T18:00:00+00:00
2025_18_WAS_PHI,nfl,NFL,2025,18,2026-01-04,PHI,WAS,17.0,24.0,1.5555555555555556,2.5,,3.0,38.5,nflverse,2026-09-11T10:54:50.615246+00:00,A,2026-01-04T21:25:00+00:00
2025_19_GB_CHI,nfl,NFL,2025,19,2026-01-10,CHI,GB,31.0,27.0,2.1399999999999997,1.7407407407407407,,-2.5,45.5,nflverse,2026-09-11T10:54:50.615246+00:00,H,2026-01-11T01:00:00+00:00
2025_19_LA_CAR,nfl,NFL,2025,19,2026-01-10,CAR,LA,31.0,34.0,5.1,1.1818181818181819,,-10.0,44.5,nflverse,2026-09-11T10:54:50.615246+00:00,A,2026-01-10T21:30:00+00:00
2025_19_BUF_JAX,nfl,NFL,2025,19,2026-01-11,JAX,BUF,24.0,27.0,1.819672131147541,2.02,,1.5,51.5,nflverse,2026-09-11T10:54:50.615246+00:00,A,2026-01-11T18:00:00+00:00
2025_19_LAC_NE,nfl,NFL,2025,19,2026-01-11,NE,LAC,16.0,3.0,1.5050505050505052,2.6399999999999997,,3.5,45.5,nflverse,2026-09-11T10:54:50.615246+00:00,H,2026-01-12T01:00:00+00:00
2025_19_SF_PHI,nfl,NFL,2025,19,2026-01-11,PHI,SF,19.0,23.0,1.3773584905660377,3.15,,6.0,44.5,nflverse,2026-09-11T10:54:50.615246+00:00,A,2026-01-11T21:30:00+00:00
2025_19_HOU_PIT,nfl,NFL,2025,19,2026-01-12,PIT,HOU,6.0,30.0,2.3,1.6451612903225805,,-3.0,38.5,nflverse,2026-09-11T10:54:50.615246+00:00,A,2026-01-13T01:00:00+00:00
2025_20_BUF_DEN,nfl,NFL,2025,20,2026-01-17,DEN,BUF,33.0,30.0,1.8333333333333335,2.0,,1.5,45.5,nflverse,2026-09-11T10:54:50.615246+00:00,H,2026-01-17T21:30:00+00:00
2025_20_SF_SEA,nfl,NFL,2025,20,2026-01-17,SEA,SF,41.0,6.0,1.3278688524590163,3.45,,6.5,44.5,nflverse,2026-09-11T10:54:50.615246+00:00,H,2026-01-18T01:00:00+00:00
2025_20_HOU_NE,nfl,NFL,2025,20,2026-01-18,NE,HOU,28.0,16.0,1.5555555555555556,2.5,,3.0,40.5,nflverse,2026-09-11T10:54:50.615246+00:00,H,2026-01-18T20:00:00+00:00
2025_20_LA_CHI,nfl,NFL,2025,20,2026-01-18,CHI,LA,17.0,20.0,2.7,1.4878048780487805,,-3.5,49.5,nflverse,2026-09-11T10:54:50.615246+00:00,A,2026-01-18T23:30:00+00:00
2025_21_LA_SEA,nfl,NFL,2025,21,2026-01-25,SEA,LA,31.0,27.0,1.704225352112676,2.2,,2.5,45.5,nflverse,2026-09-11T10:54:50.615246+00:00,H,2026-01-25T23:30:00+00:00
2025_21_NE_DEN,nfl,NFL,2025,21,2026-01-25,DEN,NE,7.0,10.0,2.7,1.4878048780487805,,-3.5,43.5,nflverse,2026-09-11T10:54:50.615246+00:00,A,2026-01-25T20:00:00+00:00
2025_22_SEA_NE,nfl,NFL,2025,22,2026-02-08,NE,SEA,13.0,29.0,2.95,1.4201680672268908,,-4.5,45.5,nflverse,2026-09-11T10:54:50.615246+00:00,A,2026-02-08T23:30:00+00:00
2026_01_NE_SEA,nfl,NFL,2026,1,2026-09-09,SEA,NE,13.0,10.0,1.6024096385542168,2.4,,3.0,44.5,nflverse,2026-09-11T10:54:50.615246+00:00,H,2026-09-10T00:20:00+00:00
2026_01_SF_LA,nfl,NFL,2026,1,2026-09-10,LA,SF,7.0,27.0,1.4587155963302751,2.8,,3.5,47.5,nflverse,2026-09-11T10:54:50.615246+00:00,A,2026-09-11T00:35:00+00:00
2026_01_ARI_LAC,nfl,NFL,2026,1,2026-09-13,LAC,ARI,,,1.2,4.8,,9.5,47.5,nflverse,2026-09-11T10:54:50.615246+00:00,,2026-09-13T20:25:00+00:00
2026_01_ATL_PIT,nfl,NFL,2026,1,2026-09-13,PIT,ATL,,,1.434782608695652,2.9,,5.5,41.5,nflverse,2026-09-11T10:54:50.615246+00:00,,2026-09-13T17:00:00+00:00
2026_01_BAL_IND,nfl,NFL,2026,1,2026-09-13,IND,BAL,,,2.45,1.5714285714285714,,-3.5,47.5,nflverse,2026-09-11T10:54:50.615246+00:00,,2026-09-13T17:00:00+00:00
2026_01_BUF_HOU,nfl,NFL,2026,1,2026-09-13,HOU,BUF,,,2.02,1.819672131147541,,-1.5,44.5,nflverse,2026-09-11T10:54:50.615246+00:00,,2026-09-13T17:00:00+00:00
2026_01_CHI_CAR,nfl,NFL,2026,1,2026-09-13,CAR,CHI,,,2.3600000000000003,1.617283950617284,,-3.0,46.5,nflverse,2026-09-11T10:54:50.615246+00:00,,2026-09-13T17:00:00+00:00
2026_01_CLE_JAX,nfl,NFL,2026,1,2026-09-13,JAX,CLE,,,1.2127659574468086,4.6,,8.5,39.5,nflverse,2026-09-11T10:54:50.615246+00:00,,2026-09-13T17:00:00+00:00
2026_01_DAL_NYG,nfl,NFL,2026,1,2026-09-13,NYG,DAL,,,2.3600000000000003,1.617283950617284,,-3.0,47.5,nflverse,2026-09-11T10:54:50.615246+00:00,,2026-09-14T00:20:00+00:00
2026_01_GB_MIN,nfl,NFL,2026,1,2026-09-13,MIN,GB,,,1.819672131147541,2.02,,1.5,46.5,nflverse,2026-09-11T10:54:50.615246+00:00,,2026-09-13T20:25:00+00:00
2026_01_MIA_LV,nfl,NFL,2026,1,2026-09-13,LV,MIA,,,1.6024096385542168,2.4,,3.0,40.5,nflverse,2026-09-11T10:54:50.615246+00:00,,2026-09-13T20:25:00+00:00
2026_01_NO_DET,nfl,NFL,2026,1,2026-09-13,DET,NO,,,1.3225806451612903,3.5,,7.0,49.5,nflverse,2026-09-11T10:54:50.615246+00:00,,2026-09-13T17:00:00+00:00
2026_01_NYJ_TEN,nfl,NFL,2026,1,2026-09-13,TEN,NYJ,,,1.8,2.05,,1.5,38.5,nflverse,2026-09-11T10:54:50.615246+00:00,,2026-09-13T17:00:00+00:00
2026_01_TB_CIN,nfl,NFL,2026,1,2026-09-13,CIN,TB,,,1.5050505050505052,2.6399999999999997,,3.5,50.5,nflverse,2026-09-11T10:54:50.615246+00:00,,2026-09-13T17:00:00+00:00
2026_01_WAS_PHI,nfl,NFL,2026,1,2026-09-13,PHI,WAS,,,1.4201680672268908,2.95,,6.0,44.5,nflverse,2026-09-11T10:54:50.615246+00:00,,2026-09-13T20:25:00+00:00
2026_01_DEN_KC,nfl,NFL,2026,1,2026-09-14,KC,DEN,,,1.6756756756756757,2.24,,2.5,43.5,nflverse,2026-09-11T10:54:50.615246+00:00,,2026-09-15T00:15:00+00:00
2026_02_DET_BUF,nfl,NFL,2026,2,2026-09-17,BUF,DET,,,1.617283950617284,2.3600000000000003,,3.0,51.5,nflverse,2026-09-11T10:54:50.615246+00:00,,2026-09-18T00:15:00+00:00
2026_02_CAR_ATL,nfl,NFL,2026,2,2026-09-20,ATL,CAR,,,1.8,2.05,,1.5,43.5,nflverse,2026-09-11T10:54:50.615246+00:00,,2026-09-20T17:00:00+00:00
2026_02_CIN_HOU,nfl,NFL,2026,2,2026-09-20,HOU,CIN,,,1.6756756756756757,2.24,,2.5,45.5,nflverse,2026-09-11T10:54:50.615246+00:00,,2026-09-20T17:00:00+00:00
2026_02_CLE_TB,nfl,NFL,2026,2,2026-09-20,TB,CLE,,,1.3508771929824561,3.3,,6.5,42.5,nflverse,2026-09-11T10:54:50.615246+00:00,,2026-09-20T17:00:00+00:00
2026_02_GB_NYJ,nfl,NFL,2026,2,2026-09-20,NYJ,GB,,,3.0,1.4081632653061225,,-5.5,42.5,nflverse,2026-09-11T10:54:50.615246+00:00,,2026-09-20T17:00:00+00:00
2026_02_IND_KC,nfl,NFL,2026,2,2026-09-20,KC,IND,,,1.3225806451612903,3.5,,6.5,47.5,nflverse,2026-09-11T10:54:50.615246+00:00,,2026-09-21T00:20:00+00:00
2026_02_JAX_DEN,nfl,NFL,2026,2,2026-09-20,DEN,JAX,,,1.6451612903225805,2.3,,3.0,43.5,nflverse,2026-09-11T10:54:50.615246+00:00,,2026-09-20T20:05:00+00:00
2026_02_LV_LAC,nfl,NFL,2026,2,2026-09-20,LAC,LV,,,1.2531645569620253,4.1,,9.5,42.5,nflverse,2026-09-11T10:54:50.615246+00:00,,2026-09-20T20:05:00+00:00
2026_02_MIA_SF,nfl,NFL,2026,2,2026-09-20,SF,MIA,,,1.125,6.6,,11.5,45.5,nflverse,2026-09-11T10:54:50.615246+00:00,,2026-09-20T20:25:00+00:00
2026_02_MIN_CHI,nfl,NFL,2026,2,2026-09-20,CHI,MIN,,,1.5882352941176472,2.42,,3.0,45.5,nflverse,2026-09-11T10:54:50.615246+00:00,,2026-09-20T17:00:00+00:00
2026_02_NO_BAL,nfl,NFL,2026,2,2026-09-20,BAL,NO,,,1.2666666666666666,3.95,,7.5,46.5,nflverse,2026-09-11T10:54:50.615246+00:00,,2026-09-20T17:00:00+00:00
2026_02_PHI_TEN,nfl,NFL,2026,2,2026-09-20,TEN,PHI,,,2.9,1.434782608695652,,-5.5,42.5,nflverse,2026-09-11T10:54:50.615246+00:00,,2026-09-20T17:00:00+00:00
2026_02_PIT_NE,nfl,NFL,2026,2,2026-09-20,NE,PIT,,,1.4878048780487805,2.7,,4.5,43.5,nflverse,2026-09-11T10:54:50.615246+00:00,,2026-09-20T17:00:00+00:00
2026_02_SEA_ARI,nfl,NFL,2026,2,2026-09-20,ARI,SEA,,,,,,,,nflverse,2026-09-11T10:54:50.615246+00:00,,2026-09-20T20:25:00+00:00
2026_02_WAS_DAL,nfl,NFL,2026,2,2026-09-20,DAL,WAS,,,1.4878048780487805,2.7,,4.5,51.5,nflverse,2026-09-11T10:54:50.615246+00:00,,2026-09-20T20:25:00+00:00
2026_02_NYG_LA,nfl,NFL,2026,2,2026-09-21,LA,NYG,,,,,,,,nflverse,2026-09-11T10:54:50.615246+00:00,,2026-09-22T00:15:00+00:00
2026_03_ATL_GB,nfl,NFL,2026,3,2026-09-24,GB,ATL,,,1.2666666666666666,3.95,,7.5,46.5,nflverse,2026-09-11T10:54:50.615246+00:00,,2026-09-25T00:15:00+00:00
2026_03_ARI_SF,nfl,NFL,2026,3,2026-09-27,SF,ARI,,,,,,,,nflverse,2026-09-11T10:54:50.615246+00:00,,2026-09-27T20:05:00+00:00
2026_03_BAL_DAL,nfl,NFL,2026,3,2026-09-27,DAL,BAL,,,2.1399999999999997,1.7407407407407407,,-2.5,51.5,nflverse,2026-09-11T10:54:50.615246+00:00,,2026-09-27T20:25:00+00:00
2026_03_CAR_CLE,nfl,NFL,2026,3,2026-09-27,CLE,CAR,,,2.05,1.8,,-1.5,39.5,nflverse,2026-09-11T10:54:50.615246+00:00,,2026-09-27T17:00:00+00:00
2026_03_CIN_PIT,nfl,NFL,2026,3,2026-09-27,PIT,CIN,,,2.05,1.8,,-1.5,46.5,nflverse,2026-09-11T10:54:50.615246+00:00,,2026-09-27T17:00:00+00:00
2026_03_HOU_IND,nfl,NFL,2026,3,2026-09-27,IND,HOU,,,2.02,1.819672131147541,,-1.5,45.5,nflverse,2026-09-11T10:54:50.615246+00:00,,2026-09-27T17:00:00+00:00
2026_03_KC_MIA,nfl,NFL,2026,3,2026-09-27,MIA,KC,,,4.4,1.2272727272727273,,-7.5,44.5,nflverse,2026-09-11T10:54:50.615246+00:00,,2026-09-27T17:00:00+00:00
2026_03_LAC_BUF,nfl,NFL,2026,3,2026-09-27,BUF,LAC,,,1.617283950617284,2.3600000000000003,,3.0,48.5,nflverse,2026-09-11T10:54:50.615246+00:00,,2026-09-27T17:00:00+00:00
2026_03_LA_DEN,nfl,NFL,2026,3,2026-09-27,DEN,LA,,,,,,,,nflverse,2026-09-11T10:54:50.615246+00:00,,2026-09-28T00:20:00+00:00
2026_03_LV_NO,nfl,NFL,2026,3,2026-09-27,NO,LV,,,1.5405405405405406,2.54,,3.5,42.5,nflverse,2026-09-11T10:54:50.615246+00:00,,2026-09-27T20:25:00+00:00
2026_03_MIN_TB,nfl,NFL,2026,3,2026-09-27,TB,MIN,,,1.8,2.05,,1.5,44.5,nflverse,2026-09-11T10:54:50.615246+00:00,,2026-09-27T20:05:00+00:00
2026_03_NE_JAX,nfl,NFL,2026,3,2026-09-27,JAX,NE,,,,,,,,nflverse,2026-09-11T10:54:50.615246+00:00,,2026-09-27T17:00:00+00:00
2026_03_NYJ_DET,nfl,NFL,2026,3,2026-09-27,DET,NYJ,,,1.2439024390243902,4.2,,9.5,45.5,nflverse,2026-09-11T10:54:50.615246+00:00,,2026-09-27T17:00:00+00:00
2026_03_SEA_WAS,nfl,NFL,2026,3,2026-09-27,WAS,SEA,,,,,,,,nflverse,2026-09-11T10:54:50.615246+00:00,,2026-09-27T17:00:00+00:00
2026_03_TEN_NYG,nfl,NFL,2026,3,2026-09-27,NYG,TEN,,,1.6024096385542168,2.4,,3.0,44.5,nflverse,2026-09-11T10:54:50.615246+00:00,,2026-09-27T17:00:00+00:00
2026_03_PHI_CHI,nfl,NFL,2026,3,2026-09-28,CHI,PHI,,,1.847457627118644,1.9803921568627452,,1.5,46.5,nflverse,2026-09-11T10:54:50.615246+00:00,,2026-09-29T00:15:00+00:00
2026_04_PIT_CLE,nfl,NFL,2026,4,2026-10-01,CLE,PIT,,,2.1399999999999997,1.7407407407407407,,-2.5,40.5,nflverse,2026-09-11T10:54:50.615246+00:00,,2026-10-02T00:15:00+00:00
2026_04_ARI_NYG,nfl,NFL,2026,4,2026-10-04,NYG,ARI,,,1.3076923076923077,3.6,,7.0,45.5,nflverse,2026-09-11T10:54:50.615246+00:00,,2026-10-04T17:00:00+00:00
2026_04_DAL_HOU,nfl,NFL,2026,4,2026-10-04,HOU,DAL,,,1.7407407407407407,2.1399999999999997,,2.5,47.5,nflverse,2026-09-11T10:54:50.615246+00:00,,2026-10-04T17:00:00+00:00
2026_04_DEN_SF,nfl,NFL,2026,4,2026-10-04,SF,DEN,,,,,,,,nflverse,2026-09-11T10:54:50.615246+00:00,,2026-10-04T20:25:00+00:00
2026_04_DET_CAR,nfl,NFL,2026,4,2026-10-04,CAR,DET,,,2.3600000000000003,1.617283950617284,,-3.0,47.5,nflverse,2026-09-11T10:54:50.615246+00:00,,2026-10-05T00:20:00+00:00
2026_04_GB_TB,nfl,NFL,2026,4,2026-10-04,TB,GB,,,2.05,1.8,,-1.5,47.5,nflverse,2026-09-11T10:54:50.615246+00:00,,2026-10-04T17:00:00+00:00
2026_04_IND_WAS,nfl,NFL,2026,4,2026-10-04,WAS,IND,,,1.847457627118644,1.9803921568627452,,1.5,50.5,nflverse,2026-09-11T10:54:50.615246+00:00,,2026-10-04T13:30:00+00:00
2026_04_JAX_CIN,nfl,NFL,2026,4,2026-10-04,CIN,JAX,,,1.7407407407407407,2.1399999999999997,,2.5,51.5,nflverse,2026-09-11T10:54:50.615246+00:00,,2026-10-04T17:00:00+00:00
2026_04_KC_LV,nfl,NFL,2026,4,2026-10-04,LV,KC,,,3.05,1.4,,-5.5,43.5,nflverse,2026-09-11T10:54:50.615246+00:00,,2026-10-04T20:25:00+00:00
2026_04_LAC_SEA,nfl,NFL,2026,4,2026-10-04,SEA,LAC,,,,,,,,nflverse,2026-09-11T10:54:50.615246+00:00,,2026-10-04T20:25:00+00:00
2026_04_LA_PHI,nfl,NFL,2026,4,2026-10-04,PHI,LA,,,,,,,,nflverse,2026-09-11T10:54:50.615246+00:00,,2026-10-04T17:00:00+00:00
2026_04_MIA_MIN,nfl,NFL,2026,4,2026-10-04,MIN,MIA,,,1.2531645569620253,4.1,,7.5,43.5,nflverse,2026-09-11T10:54:50.615246+00:00,,2026-10-04T20:05:00+00:00
2026_04_NE_BUF,nfl,NFL,2026,4,2026-10-04,BUF,NE,,,,,,,,nflverse,2026-09-11T10:54:50.615246+00:00,,2026-10-04T17:00:00+00:00
2026_04_NYJ_CHI,nfl,NFL,2026,4,2026-10-04,CHI,NYJ,,,1.2352941176470589,4.3,,8.5,45.5,nflverse,2026-09-11T10:54:50.615246+00:00,,2026-10-04T17:00:00+00:00
2026_04_TEN_BAL,nfl,NFL,2026,4,2026-10-04,BAL,TEN,,,1.2531645569620253,4.1,,8.5,47.5,nflverse,2026-09-11T10:54:50.615246+00:00,,2026-10-04T17:00:00+00:00
2026_04_ATL_NO,nfl,NFL,2026,4,2026-10-05,NO,ATL,,,1.7407407407407407,2.1399999999999997,,2.5,45.5,nflverse,2026-09-11T10:54:50.615246+00:00,,2026-10-06T00:15:00+00:00
2026_05_TB_DAL,nfl,NFL,2026,5,2026-10-08,DAL,TB,,,1.4878048780487805,2.7,,3.5,52.5,nflverse,2026-09-11T10:54:50.615246+00:00,,2026-10-09T00:15:00+00:00
2026_05_BAL_ATL,nfl,NFL,2026,5,2026-10-11,ATL,BAL,,,2.6399999999999997,1.5050505050505052,,-4.5,48.5,nflverse,2026-09-11T10:54:50.615246+00:00,,2026-10-12T00:20:00+00:00
2026_05_CHI_GB,nfl,NFL,2026,5,2026-10-11,GB,CHI,,,1.6024096385542168,2.4,,3.0,49.5,nflverse,2026-09-11T10:54:50.615246+00:00,,2026-10-11T20:25:00+00:00
2026_05_CIN_MIA,nfl,NFL,2026,5,2026-10-11,MIA,CIN,,,3.25,1.3597122302158273,,-6.0,49.5,nflverse,2026-09-11T10:54:50.615246+00:00,,2026-10-11T17:00:00+00:00
2026_05_CLE_NYJ,nfl,NFL,2026,5,2026-10-11,NYJ,CLE,,,1.7692307692307692,2.1,,2.5,39.5,nflverse,2026-09-11T10:54:50.615246+00:00,,2026-10-11T17:00:00+00:00
2026_05_DEN_LAC,nfl,NFL,2026,5,2026-10-11,LAC,DEN,,,1.704225352112676,2.2,,2.5,44.5,nflverse,2026-09-11T10:54:50.615246+00:00,,2026-10-11T20:05:00+00:00
2026_05_DET_ARI,nfl,NFL,2026,5,2026-10-11,ARI,DET,,,4.1,1.2531645569620253,,-8.5,48.5,nflverse,2026-09-11T10:54:50.615246+00:00,,2026-10-11T20:25:00+00:00
2026_05_HOU_TEN,nfl,NFL,2026,5,2026-10-11,TEN,HOU,,,2.54,1.5405405405405406,,-3.5,43.5,nflverse,2026-09-11T10:54:50.615246+00:00,,2026-10-11T17:00:00+00:00
2026_05_IND_PIT,nfl,NFL,2026,5,2026-10-11,PIT,IND,,,1.704225352112676,2.2,,2.5,47.5,nflverse,2026-09-11T10:54:50.615246+00:00,,2026-10-11T17:00:00+00:00
2026_05_LV_NE,nfl,NFL,2026,5,2026-10-11,NE,LV,,,,,,,,nflverse,2026-09-11T10:54:50.615246+00:00,,2026-10-11T17:00:00+00:00
2026_05_MIN_NO,nfl,NFL,2026,5,2026-10-11,NO,MIN,,,2.05,1.8,,-1.5,44.5,nflverse,2026-09-11T10:54:50.615246+00:00,,2026-10-11T17:00:00+00:00
2026_05_NYG_WAS,nfl,NFL,2026,5,2026-10-11,WAS,NYG,,,1.7692307692307692,2.1,,2.5,48.5,nflverse,2026-09-11T10:54:50.615246+00:00,,2026-10-11T17:00:00+00:00
2026_05_PHI_JAX,nfl,NFL,2026,5,2026-10-11,JAX,PHI,,,2.05,1.8,,-1.5,45.5,nflverse,2026-09-11T10:54:50.615246+00:00,,2026-10-11T13:30:00+00:00
2026_05_SF_SEA,nfl,NFL,2026,5,2026-10-11,SEA,SF,,,,,,,,nflverse,2026-09-11T10:54:50.615246+00:00,,2026-10-11T20:25:00+00:00
2026_05_BUF_LA,nfl,NFL,2026,5,2026-10-12,LA,BUF,,,,,,,,nflverse,2026-09-11T10:54:50.615246+00:00,,2026-10-13T00:15:00+00:00
2026_06_SEA_DEN,nfl,NFL,2026,6,2026-10-15,DEN,SEA,,,,,,,,nflverse,2026-09-11T10:54:50.615246+00:00,,2026-10-16T00:15:00+00:00
2026_06_ARI_LA,nfl,NFL,2026,6,2026-10-18,LA,ARI,,,,,,,,nflverse,2026-09-11T10:54:50.615246+00:00,,2026-10-18T20:05:00+00:00
2026_06_BAL_CLE,nfl,NFL,2026,6,2026-10-18,CLE,BAL,,,3.05,1.4,,-6.5,44.5,nflverse,2026-09-11T10:54:50.615246+00:00,,2026-10-18T17:00:00+00:00
2026_06_BUF_LV,nfl,NFL,2026,6,2026-10-18,LV,BUF,,,3.2,1.3703703703703702,,-6.5,47.5,nflverse,2026-09-11T10:54:50.615246+00:00,,2026-10-18T20:25:00+00:00
2026_06_CAR_PHI,nfl,NFL,2026,6,2026-10-18,PHI,CAR,,,1.3597122302158273,3.25,,6.5,43.5,nflverse,2026-09-11T10:54:50.615246+00:00,,2026-10-18T17:00:00+00:00
2026_06_CHI_ATL,nfl,NFL,2026,6,2026-10-18,ATL,CHI,,,2.3,1.6451612903225805,,-3.0,47.5,nflverse,2026-09-11T10:54:50.615246+00:00,,2026-10-18T17:00:00+00:00
2026_06_DAL_GB,nfl,NFL,2026,6,2026-10-18,GB,DAL,,,1.6024096385542168,2.4,,3.0,51.5,nflverse,2026-09-11T10:54:50.615246+00:00,,2026-10-19T00:20:00+00:00
2026_06_HOU_JAX,nfl,NFL,2026,6,2026-10-18,JAX,HOU,,,1.8928571428571428,1.925925925925926,,1.5,42.5,nflverse,2026-09-11T10:54:50.615246+00:00,,2026-10-18T13:30:00+00:00
2026_06_LAC_KC,nfl,NFL,2026,6,2026-10-18,KC,LAC,,,1.704225352112676,2.2,,2.5,46.5,nflverse,2026-09-11T10:54:50.615246+00:00,,2026-10-18T20:25:00+00:00
2026_06_NO_NYG,nfl,NFL,2026,6,2026-10-18,NYG,NO,,,1.704225352112676,2.2,,2.5,44.5,nflverse,2026-09-11T10:54:50.615246+00:00,,2026-10-18T17:00:00+00:00
2026_06_NYJ_NE,nfl,NFL,2026,6,2026-10-18,NE,NYJ,,,,,,,,nflverse,2026-09-11T10:54:50.615246+00:00,,2026-10-18T17:00:00+00:00
2026_06_PIT_TB,nfl,NFL,2026,6,2026-10-18,TB,PIT,,,1.8,2.05,,1.5,45.5,nflverse,2026-09-11T10:54:50.615246+00:00,,2026-10-18T17:00:00+00:00
2026_06_TEN_IND,nfl,NFL,2026,6,2026-10-18,IND,TEN,,,1.5050505050505052,2.6399999999999997,,3.5,47.5,nflverse,2026-09-11T10:54:50.615246+00:00,,2026-10-18T17:00:00+00:00
2026_06_WAS_SF,nfl,NFL,2026,6,2026-10-19,SF,WAS,,,,,,,,nflverse,2026-09-11T10:54:50.615246+00:00,,2026-10-20T00:15:00+00:00
2026_07_NE_CHI,nfl,NFL,2026,7,2026-10-22,CHI,NE,,,,,,,,nflverse,2026-09-11T10:54:50.615246+00:00,,2026-10-23T00:15:00+00:00
2026_07_CIN_BAL,nfl,NFL,2026,7,2026-10-25,BAL,CIN,,,1.5555555555555556,2.5,,3.5,51.5,nflverse,2026-09-11T10:54:50.615246+00:00,,2026-10-25T17:00:00+00:00
2026_07_CLE_TEN,nfl,NFL,2026,7,2026-10-25,TEN,CLE,,,1.7407407407407407,2.1399999999999997,,2.5,40.5,nflverse,2026-09-11T10:54:50.615246+00:00,,2026-10-25T17:00:00+00:00
2026_07_DEN_ARI,nfl,NFL,2026,7,2026-10-25,ARI,DEN,,,3.95,1.2666666666666666,,-7.5,43.5,nflverse,2026-09-11T10:54:50.615246+00:00,,2026-10-25T20:05:00+00:00
2026_07_GB_DET,nfl,NFL,2026,7,2026-10-25,DET,GB,,,1.704225352112676,2.2,,2.5,50.5,nflverse,2026-09-11T10:54:50.615246+00:00,,2026-10-25T20:25:00+00:00
2026_07_IND_MIN,nfl,NFL,2026,7,2026-10-25,MIN,IND,,,1.704225352112676,2.2,,2.5,46.5,nflverse,2026-09-11T10:54:50.615246+00:00,,2026-10-25T17:00:00+00:00
2026_07_KC_SEA,nfl,NFL,2026,7,2026-10-25,SEA,KC,,,,,,,,nflverse,2026-09-11T10:54:50.615246+00:00,,2026-10-26T00:20:00+00:00
2026_07_LA_LV,nfl,NFL,2026,7,2026-10-25,LV,LA,,,,,,,,nflverse,2026-09-11T10:54:50.615246+00:00,,2026-10-25T20:25:00+00:00
2026_07_MIA_NYJ,nfl,NFL,2026,7,2026-10-25,NYJ,MIA,,,1.7407407407407407,2.1399999999999997,,2.5,41.5,nflverse,2026-09-11T10:54:50.615246+00:00,,2026-10-25T17:00:00+00:00
2026_07_NYG_HOU,nfl,NFL,2026,7,2026-10-25,HOU,NYG,,,1.4201680672268908,2.95,,5.5,43.5,nflverse,2026-09-11T10:54:50.615246+00:00,,2026-10-25T17:00:00+00:00
2026_07_PIT_NO,nfl,NFL,2026,7,2026-10-25,NO,PIT,,,2.2,1.704225352112676,,-2.5,42.5,nflverse,2026-09-11T10:54:50.615246+00:00,,2026-10-25T13:30:00+00:00
2026_07_SF_ATL,nfl,NFL,2026,7,2026-10-25,ATL,SF,,,,,,,,nflverse,2026-09-11T10:54:50.615246+00:00,,2026-10-25T17:00:00+00:00
2026_07_TB_CAR,nfl,NFL,2026,7,2026-10-25,CAR,TB,,,2.05,1.8,,-1.5,45.5,nflverse,2026-09-11T10:54:50.615246+00:00,,2026-10-25T17:00:00+00:00
2026_07_DAL_PHI,nfl,NFL,2026,7,2026-10-26,PHI,DAL,,,1.617283950617284,2.3600000000000003,,3.0,48.5,nflverse,2026-09-11T10:54:50.615246+00:00,,2026-10-27T00:15:00+00:00
2026_08_CAR_GB,nfl,NFL,2026,8,2026-10-29,GB,CAR,,,1.2816901408450705,3.8,,7.0,45.5,nflverse,2026-09-11T10:54:50.615246+00:00,,2026-10-30T00:15:00+00:00
2026_08_ARI_DAL,nfl,NFL,2026,8,2026-11-01,DAL,ARI,,,1.1818181818181819,5.1,,10.5,47.5,nflverse,2026-09-11T10:54:50.615246+00:00,,2026-11-01T18:00:00+00:00
2026_08_ATL_TB,nfl,NFL,2026,8,2026-11-01,TB,ATL,,,1.4444444444444444,2.85,,4.5,46.5,nflverse,2026-09-11T10:54:50.615246+00:00,,2026-11-01T18:00:00+00:00
2026_08_BAL_BUF,nfl,NFL,2026,8,2026-11-01,BUF,BAL,,,1.7407407407407407,2.1399999999999997,,2.5,51.5,nflverse,2026-09-11T10:54:50.615246+00:00,,2026-11-01T18:00:00+00:00
2026_08_CLE_PIT,nfl,NFL,2026,8,2026-11-01,PIT,CLE,,,1.3875968992248062,3.1,,6.0,39.5,nflverse,2026-09-11T10:54:50.615246+00:00,,2026-11-01T18:00:00+00:00
2026_08_IND_JAX,nfl,NFL,2026,8,2026-11-01,JAX,IND,,,1.4444444444444444,2.85,,4.5,49.5,nflverse,2026-09-11T10:54:50.615246+00:00,,2026-11-01T18:00:00+00:00
2026_08_KC_DEN,nfl,NFL,2026,8,2026-11-01,DEN,KC,,,1.8,2.05,,1.5,43.5,nflverse,2026-09-11T10:54:50.615246+00:00,,2026-11-01T21:25:00+00:00
2026_08_LAC_LA,nfl,NFL,2026,8,2026-11-01,LA,LAC,,,,,,,,nflverse,2026-09-11T10:54:50.615246+00:00,,2026-11-01T21:05:00+00:00
2026_08_LV_NYJ,nfl,NFL,2026,8,2026-11-01,NYJ,LV,,,1.819672131147541,2.02,,1.5,40.5,nflverse,2026-09-11T10:54:50.615246+00:00,,2026-11-01T18:00:00+00:00
2026_08_MIN_DET,nfl,NFL,2026,8,2026-11-01,DET,MIN,,,1.4444444444444444,2.85,,4.5,47.5,nflverse,2026-09-11T10:54:50.615246+00:00,,2026-11-01T18:00:00+00:00
2026_08_NE_MIA,nfl,NFL,2026,8,2026-11-01,MIA,NE,,,,,,,,nflverse,2026-09-11T10:54:50.615246+00:00,,2026-11-01T21:25:00+00:00
2026_08_PHI_WAS,nfl,NFL,2026,8,2026-11-01,WAS,PHI,,,2.05,1.8,,-1.5,46.5,nflverse,2026-09-11T10:54:50.615246+00:00,,2026-11-02T01:20:00+00:00
2026_08_TEN_CIN,nfl,NFL,2026,8,2026-11-01,CIN,TEN,,,1.3448275862068966,3.35,,6.5,49.5,nflverse,2026-09-11T10:54:50.615246+00:00,,2026-11-01T18:00:00+00:00
2026_08_CHI_SEA,nfl,NFL,2026,8,2026-11-02,SEA,CHI,,,,,,,,nflverse,2026-09-11T10:54:50.615246+00:00,,2026-11-03T01:15:00+00:00
2026_09_JAX_BAL,nfl,NFL,2026,9,2026-11-05,BAL,JAX,,,1.4878048780487805,2.7,,4.5,49.5,nflverse,2026-09-11T10:54:50.615246+00:00,,2026-11-06T01:15:00+00:00
2026_09_ARI_SEA,nfl,NFL,2026,9,2026-11-08,SEA,ARI,,,,,,,,nflverse,2026-09-11T10:54:50.615246+00:00,,2026-11-08T21:25:00+00:00
2026_09_CIN_ATL,nfl,NFL,2026,9,2026-11-08,ATL,CIN,,,2.9,1.434782608695652,,-5.5,49.5,nflverse,2026-09-11T10:54:50.615246+00:00,,2026-11-08T14:30:00+00:00
2026_09_CLE_NO,nfl,NFL,2026,9,2026-11-08,NO,CLE,,,,,,,,nflverse,2026-09-11T10:54:50.615246+00:00,,2026-11-08T18:00:00+00:00
2026_09_DAL_IND,nfl,NFL,2026,9,2026-11-08,IND,DAL,,,2.05,1.8,,-1.5,52.5,nflverse,2026-09-11T10:54:50.615246+00:00,,2026-11-08T18:00:00+00:00
2026_09_DEN_CAR,nfl,NFL,2026,9,2026-11-08,CAR,DEN,,,2.3600000000000003,1.617283950617284,,-3.0,42.5,nflverse,2026-09-11T10:54:50.615246+00:00,,2026-11-08T18:00:00+00:00
2026_09_DET_MIA,nfl,NFL,2026,9,2026-11-08,MIA,DET,,,3.25,1.3597122302158273,,-6.5,47.5,nflverse,2026-09-11T10:54:50.615246+00:00,,2026-11-08T18:00:00+00:00
2026_09_GB_NE,nfl,NFL,2026,9,2026-11-08,NE,GB,,,,,,,,nflverse,2026-09-11T10:54:50.615246+00:00,,2026-11-08T21:25:00+00:00
2026_09_HOU_LAC,nfl,NFL,2026,9,2026-11-08,LAC,HOU,,,,,,,,nflverse,2026-09-11T10:54:50.615246+00:00,,2026-11-08T21:05:00+00:00
2026_09_LA_WAS,nfl,NFL,2026,9,2026-11-08,WAS,LA,,,,,,,,nflverse,2026-09-11T10:54:50.615246+00:00,,2026-11-08T18:00:00+00:00
2026_09_LV_SF,nfl,NFL,2026,9,2026-11-08,SF,LV,,,,,,,,nflverse,2026-09-11T10:54:50.615246+00:00,,2026-11-08T21:05:00+00:00
2026_09_NYG_PHI,nfl,NFL,2026,9,2026-11-08,PHI,NYG,,,1.4201680672268908,2.95,,5.5,44.5,nflverse,2026-09-11T10:54:50.615246+00:00,,2026-11-08T18:00:00+00:00
2026_09_NYJ_KC,nfl,NFL,2026,9,2026-11-08,KC,NYJ,,,,,,,,nflverse,2026-09-11T10:54:50.615246+00:00,,2026-11-08T18:00:00+00:00
2026_09_TB_CHI,nfl,NFL,2026,9,2026-11-08,CHI,TB,,,,,,,,nflverse,2026-09-11T10:54:50.615246+00:00,,2026-11-09T01:20:00+00:00
2026_09_BUF_MIN,nfl,NFL,2026,9,2026-11-09,MIN,BUF,,,,,,,,nflverse,2026-09-11T10:54:50.615246+00:00,,2026-11-10T01:15:00+00:00
2026_10_WAS_NYG,nfl,NFL,2026,10,2026-11-12,NYG,WAS,,,,,,,,nflverse,2026-09-11T10:54:50.615246+00:00,,2026-11-13T01:15:00+00:00
2026_10_BUF_NYJ,nfl,NFL,2026,10,2026-11-15,NYJ,BUF,,,,,,,,nflverse,2026-09-11T10:54:50.615246+00:00,,2026-11-15T18:00:00+00:00
2026_10_CAR_NO,nfl,NFL,2026,10,2026-11-15,NO,CAR,,,,,,,,nflverse,2026-09-11T10:54:50.615246+00:00,,2026-11-15T18:00:00+00:00
2026_10_HOU_CLE,nfl,NFL,2026,10,2026-11-15,CLE,HOU,,,,,,,,nflverse,2026-09-11T10:54:50.615246+00:00,,2026-11-15T18:00:00+00:00
2026_10_JAX_TEN,nfl,NFL,2026,10,2026-11-15,TEN,JAX,,,,,,,,nflverse,2026-09-11T10:54:50.615246+00:00,,2026-11-15T18:00:00+00:00
2026_10_KC_ATL,nfl,NFL,2026,10,2026-11-15,ATL,KC,,,,,,,,nflverse,2026-09-11T10:54:50.615246+00:00,,2026-11-15T18:00:00+00:00
2026_10_LA_ARI,nfl,NFL,2026,10,2026-11-15,ARI,LA,,,,,,,,nflverse,2026-09-11T10:54:50.615246+00:00,,2026-11-15T21:05:00+00:00
2026_10_MIA_IND,nfl,NFL,2026,10,2026-11-15,IND,MIA,,,,,,,,nflverse,2026-09-11T10:54:50.615246+00:00,,2026-11-15T18:00:00+00:00
2026_10_MIN_GB,nfl,NFL,2026,10,2026-11-15,GB,MIN,,,,,,,,nflverse,2026-09-11T10:54:50.615246+00:00,,2026-11-15T18:00:00+00:00
2026_10_NE_DET,nfl,NFL,2026,10,2026-11-15,DET,NE,,,,,,,,nflverse,2026-09-11T10:54:50.615246+00:00,,2026-11-15T14:30:00+00:00
2026_10_PIT_CIN,nfl,NFL,2026,10,2026-11-15,CIN,PIT,,,,,,,,nflverse,2026-09-11T10:54:50.615246+00:00,,2026-11-16T01:20:00+00:00
2026_10_SEA_LV,nfl,NFL,2026,10,2026-11-15,LV,SEA,,,,,,,,nflverse,2026-09-11T10:54:50.615246+00:00,,2026-11-15T21:05:00+00:00
2026_10_SF_DAL,nfl,NFL,2026,10,2026-11-15,DAL,SF,,,,,,,,nflverse,2026-09-11T10:54:50.615246+00:00,,2026-11-15T21:25:00+00:00
2026_10_LAC_BAL,nfl,NFL,2026,10,2026-11-16,BAL,LAC,,,,,,,,nflverse,2026-09-11T10:54:50.615246+00:00,,2026-11-17T01:15:00+00:00
2026_11_IND_HOU,nfl,NFL,2026,11,2026-11-19,HOU,IND,,,,,,,,nflverse,2026-09-11T10:54:50.615246+00:00,,2026-11-20T01:15:00+00:00
2026_11_ARI_KC,nfl,NFL,2026,11,2026-11-22,KC,ARI,,,,,,,,nflverse,2026-09-11T10:54:50.615246+00:00,,2026-11-22T18:00:00+00:00
2026_11_BAL_CAR,nfl,NFL,2026,11,2026-11-22,CAR,BAL,,,,,,,,nflverse,2026-09-11T10:54:50.615246+00:00,,2026-11-22T18:00:00+00:00
2026_11_JAX_NYG,nfl,NFL,2026,11,2026-11-22,NYG,JAX,,,,,,,,nflverse,2026-09-11T10:54:50.615246+00:00,,2026-11-22T18:00:00+00:00
2026_11_LV_DEN,nfl,NFL,2026,11,2026-11-22,DEN,LV,,,,,,,,nflverse,2026-09-11T10:54:50.615246+00:00,,2026-11-22T21:25:00+00:00
2026_11_MIA_BUF,nfl,NFL,2026,11,2026-11-22,BUF,MIA,,,,,,,,nflverse,2026-09-11T10:54:50.615246+00:00,,2026-11-22T18:00:00+00:00
2026_11_MIN_SF,nfl,NFL,2026,11,2026-11-22,SF,MIN,,,,,,,,nflverse,2026-09-11T10:54:50.615246+00:00,,2026-11-23T01:20:00+00:00
2026_11_NO_CHI,nfl,NFL,2026,11,2026-11-22,CHI,NO,,,,,,,,nflverse,2026-09-11T10:54:50.615246+00:00,,2026-11-22T18:00:00+00:00
2026_11_NYJ_LAC,nfl,NFL,2026,11,2026-11-22,LAC,NYJ,,,,,,,,nflverse,2026-09-11T10:54:50.615246+00:00,,2026-11-22T21:05:00+00:00
2026_11_PIT_PHI,nfl,NFL,2026,11,2026-11-22,PHI,PIT,,,,,,,,nflverse,2026-09-11T10:54:50.615246+00:00,,2026-11-22T21:25:00+00:00
2026_11_TB_DET,nfl,NFL,2026,11,2026-11-22,DET,TB,,,,,,,,nflverse,2026-09-11T10:54:50.615246+00:00,,2026-11-22T18:00:00+00:00
2026_11_TEN_DAL,nfl,NFL,2026,11,2026-11-22,DAL,TEN,,,,,,,,nflverse,2026-09-11T10:54:50.615246+00:00,,2026-11-22T18:00:00+00:00
2026_11_CIN_WAS,nfl,NFL,2026,11,2026-11-23,WAS,CIN,,,,,,,,nflverse,2026-09-11T10:54:50.615246+00:00,,2026-11-24T01:15:00+00:00
2026_12_GB_LA,nfl,NFL,2026,12,2026-11-25,LA,GB,,,,,,,,nflverse,2026-09-11T10:54:50.615246+00:00,,2026-11-26T01:00:00+00:00
2026_12_CHI_DET,nfl,NFL,2026,12,2026-11-26,DET,CHI,,,,,,,,nflverse,2026-09-11T10:54:50.615246+00:00,,2026-11-26T18:00:00+00:00
2026_12_KC_BUF,nfl,NFL,2026,12,2026-11-26,BUF,KC,,,,,,,,nflverse,2026-09-11T10:54:50.615246+00:00,,2026-11-27T01:20:00+00:00
2026_12_PHI_DAL,nfl,NFL,2026,12,2026-11-26,DAL,PHI,,,,,,,,nflverse,2026-09-11T10:54:50.615246+00:00,,2026-11-26T21:30:00+00:00
2026_12_DEN_PIT,nfl,NFL,2026,12,2026-11-27,PIT,DEN,,,,,,,,nflverse,2026-09-11T10:54:50.615246+00:00,,2026-11-27T20:00:00+00:00
2026_12_ATL_MIN,nfl,NFL,2026,12,2026-11-29,MIN,ATL,,,,,,,,nflverse,2026-09-11T10:54:50.615246+00:00,,2026-11-29T18:00:00+00:00
2026_12_BAL_HOU,nfl,NFL,2026,12,2026-11-29,HOU,BAL,,,,,,,,nflverse,2026-09-11T10:54:50.615246+00:00,,2026-11-29T18:00:00+00:00
2026_12_LV_CLE,nfl,NFL,2026,12,2026-11-29,CLE,LV,,,,,,,,nflverse,2026-09-11T10:54:50.615246+00:00,,2026-11-29T18:00:00+00:00
2026_12_NE_LAC,nfl,NFL,2026,12,2026-11-29,LAC,NE,,,,,,,,nflverse,2026-09-11T10:54:50.615246+00:00,,2026-11-30T01:20:00+00:00
2026_12_NO_CIN,nfl,NFL,2026,12,2026-11-29,CIN,NO,,,,,,,,nflverse,2026-09-11T10:54:50.615246+00:00,,2026-11-29T18:00:00+00:00
2026_12_NYG_IND,nfl,NFL,2026,12,2026-11-29,IND,NYG,,,,,,,,nflverse,2026-09-11T10:54:50.615246+00:00,,2026-11-29T18:00:00+00:00
2026_12_NYJ_MIA,nfl,NFL,2026,12,2026-11-29,MIA,NYJ,,,,,,,,nflverse,2026-09-11T10:54:50.615246+00:00,,2026-11-29T18:00:00+00:00
2026_12_SEA_SF,nfl,NFL,2026,12,2026-11-29,SF,SEA,,,,,,,,nflverse,2026-09-11T10:54:50.615246+00:00,,2026-11-29T21:25:00+00:00
2026_12_TEN_JAX,nfl,NFL,2026,12,2026-11-29,JAX,TEN,,,,,,,,nflverse,2026-09-11T10:54:50.615246+00:00,,2026-11-29T21:05:00+00:00
2026_12_WAS_ARI,nfl,NFL,2026,12,2026-11-29,ARI,WAS,,,,,,,,nflverse,2026-09-11T10:54:50.615246+00:00,,2026-11-29T21:25:00+00:00
2026_12_CAR_TB,nfl,NFL,2026,12,2026-11-30,TB,CAR,,,,,,,,nflverse,2026-09-11T10:54:50.615246+00:00,,2026-12-01T01:15:00+00:00
2026_13_KC_LA,nfl,NFL,2026,13,2026-12-03,LA,KC,,,,,,,,nflverse,2026-09-11T10:54:50.615246+00:00,,2026-12-04T01:15:00+00:00
2026_13_BUF_NE,nfl,NFL,2026,13,2026-12-06,NE,BUF,,,,,,,,nflverse,2026-09-11T10:54:50.615246+00:00,,2026-12-06T21:25:00+00:00
2026_13_CAR_MIN,nfl,NFL,2026,13,2026-12-06,MIN,CAR,,,,,,,,nflverse,2026-09-11T10:54:50.615246+00:00,,2026-12-06T21:25:00+00:00
2026_13_CIN_CLE,nfl,NFL,2026,13,2026-12-06,CLE,CIN,,,,,,,,nflverse,2026-09-11T10:54:50.615246+00:00,,2026-12-06T18:00:00+00:00
2026_13_DET_ATL,nfl,NFL,2026,13,2026-12-06,ATL,DET,,,,,,,,nflverse,2026-09-11T10:54:50.615246+00:00,,2026-12-06T18:00:00+00:00
2026_13_GB_NO,nfl,NFL,2026,13,2026-12-06,NO,GB,,,,,,,,nflverse,2026-09-11T10:54:50.615246+00:00,,2026-12-06T18:00:00+00:00
2026_13_HOU_PIT,nfl,NFL,2026,13,2026-12-06,PIT,HOU,,,,,,,,nflverse,2026-09-11T10:54:50.615246+00:00,,2026-12-07T01:20:00+00:00
2026_13_JAX_CHI,nfl,NFL,2026,13,2026-12-06,CHI,JAX,,,,,,,,nflverse,2026-09-11T10:54:50.615246+00:00,,2026-12-06T18:00:00+00:00
2026_13_LAC_TB,nfl,NFL,2026,13,2026-12-06,TB,LAC,,,,,,,,nflverse,2026-09-11T10:54:50.615246+00:00,,2026-12-06T18:00:00+00:00
2026_13_MIA_DEN,nfl,NFL,2026,13,2026-12-06,DEN,MIA,,,,,,,,nflverse,2026-09-11T10:54:50.615246+00:00,,2026-12-06T21:05:00+00:00
2026_13_PHI_ARI,nfl,NFL,2026,13,2026-12-06,ARI,PHI,,,,,,,,nflverse,2026-09-11T10:54:50.615246+00:00,,2026-12-06T21:05:00+00:00
2026_13_SF_NYG,nfl,NFL,2026,13,2026-12-06,NYG,SF,,,,,,,,nflverse,2026-09-11T10:54:50.615246+00:00,,2026-12-06T18:00:00+00:00
2026_13_WAS_TEN,nfl,NFL,2026,13,2026-12-06,TEN,WAS,,,,,,,,nflverse,2026-09-11T10:54:50.615246+00:00,,2026-12-06T18:00:00+00:00
2026_13_DAL_SEA,nfl,NFL,2026,13,2026-12-07,SEA,DAL,,,,,,,,nflverse,2026-09-11T10:54:50.615246+00:00,,2026-12-08T01:15:00+00:00
2026_14_MIN_NE,nfl,NFL,2026,14,2026-12-10,NE,MIN,,,,,,,,nflverse,2026-09-11T10:54:50.615246+00:00,,2026-12-11T01:15:00+00:00
2026_14_ATL_CLE,nfl,NFL,2026,14,2026-12-13,CLE,ATL,,,,,,,,nflverse,2026-09-11T10:54:50.615246+00:00,,2026-12-13T18:00:00+00:00
2026_14_BUF_GB,nfl,NFL,2026,14,2026-12-13,GB,BUF,,,,,,,,nflverse,2026-09-11T10:54:50.615246+00:00,,2026-12-14T01:20:00+00:00
2026_14_CHI_MIA,nfl,NFL,2026,14,2026-12-13,MIA,CHI,,,,,,,,nflverse,2026-09-11T10:54:50.615246+00:00,,2026-12-13T18:00:00+00:00
2026_14_DEN_NYJ,nfl,NFL,2026,14,2026-12-13,NYJ,DEN,,,,,,,,nflverse,2026-09-11T10:54:50.615246+00:00,,2026-12-13T18:00:00+00:00
2026_14_HOU_WAS,nfl,NFL,2026,14,2026-12-13,WAS,HOU,,,,,,,,nflverse,2026-09-11T10:54:50.615246+00:00,,2026-12-13T18:00:00+00:00
2026_14_IND_PHI,nfl,NFL,2026,14,2026-12-13,PHI,IND,,,,,,,,nflverse,2026-09-11T10:54:50.615246+00:00,,2026-12-13T18:00:00+00:00
2026_14_KC_CIN,nfl,NFL,2026,14,2026-12-13,CIN,KC,,,,,,,,nflverse,2026-09-11T10:54:50.615246+00:00,,2026-12-13T21:25:00+00:00
2026_14_LAC_LV,nfl,NFL,2026,14,2026-12-13,LV,LAC,,,,,,,,nflverse,2026-09-11T10:54:50.615246+00:00,,2026-12-13T21:05:00+00:00
2026_14_LA_SF,nfl,NFL,2026,14,2026-12-13,SF,LA,,,,,,,,nflverse,2026-09-11T10:54:50.615246+00:00,,2026-12-13T21:25:00+00:00
2026_14_NO_CAR,nfl,NFL,2026,14,2026-12-13,CAR,NO,,,,,,,,nflverse,2026-09-11T10:54:50.615246+00:00,,2026-12-13T18:00:00+00:00
2026_14_NYG_SEA,nfl,NFL,2026,14,2026-12-13,SEA,NYG,,,,,,,,nflverse,2026-09-11T10:54:50.615246+00:00,,2026-12-13T21:25:00+00:00
2026_14_TB_BAL,nfl,NFL,2026,14,2026-12-13,BAL,TB,,,,,,,,nflverse,2026-09-11T10:54:50.615246+00:00,,2026-12-13T18:00:00+00:00
2026_14_TEN_DET,nfl,NFL,2026,14,2026-12-13,DET,TEN,,,,,,,,nflverse,2026-09-11T10:54:50.615246+00:00,,2026-12-13T18:00:00+00:00
2026_14_PIT_JAX,nfl,NFL,2026,14,2026-12-14,JAX,PIT,,,,,,,,nflverse,2026-09-11T10:54:50.615246+00:00,,2026-12-15T01:15:00+00:00
2026_15_SF_LAC,nfl,NFL,2026,15,2026-12-17,LAC,SF,,,,,,,,nflverse,2026-09-11T10:54:50.615246+00:00,,2026-12-18T01:15:00+00:00
2026_15_CHI_BUF,nfl,NFL,2026,15,2026-12-19,BUF,CHI,,,,,,,,nflverse,2026-09-11T10:54:50.615246+00:00,,2026-12-20T01:20:00+00:00
2026_15_SEA_PHI,nfl,NFL,2026,15,2026-12-19,PHI,SEA,,,,,,,,nflverse,2026-09-11T10:54:50.615246+00:00,,2026-12-19T22:00:00+00:00
2026_15_ATL_WAS,nfl,NFL,2026,15,2026-12-20,WAS,ATL,,,,,,,,nflverse,2026-09-11T10:54:50.615246+00:00,,2026-12-20T18:00:00+00:00
2026_15_BAL_PIT,nfl,NFL,2026,15,2026-12-20,PIT,BAL,,,,,,,,nflverse,2026-09-11T10:54:50.615246+00:00,,2026-12-20T18:00:00+00:00
2026_15_CIN_CAR,nfl,NFL,2026,15,2026-12-20,CAR,CIN,,,,,,,,nflverse,2026-09-11T10:54:50.615246+00:00,,2026-12-20T18:00:00+00:00
2026_15_CLE_NYG,nfl,NFL,2026,15,2026-12-20,NYG,CLE,,,,,,,,nflverse,2026-09-11T10:54:50.615246+00:00,,2026-12-20T18:00:00+00:00
2026_15_DAL_LA,nfl,NFL,2026,15,2026-12-20,LA,DAL,,,,,,,,nflverse,2026-09-11T10:54:50.615246+00:00,,2026-12-20T21:25:00+00:00
2026_15_DEN_LV,nfl,NFL,2026,15,2026-12-20,LV,DEN,,,,,,,,nflverse,2026-09-11T10:54:50.615246+00:00,,2026-12-20T21:25:00+00:00
2026_15_DET_MIN,nfl,NFL,2026,15,2026-12-20,MIN,DET,,,,,,,,nflverse,2026-09-11T10:54:50.615246+00:00,,2026-12-21T01:20:00+00:00
2026_15_IND_TEN,nfl,NFL,2026,15,2026-12-20,TEN,IND,,,,,,,,nflverse,2026-09-11T10:54:50.615246+00:00,,2026-12-20T18:00:00+00:00
2026_15_JAX_HOU,nfl,NFL,2026,15,2026-12-20,HOU,JAX,,,,,,,,nflverse,2026-09-11T10:54:50.615246+00:00,,2026-12-20T18:00:00+00:00
2026_15_MIA_GB,nfl,NFL,2026,15,2026-12-20,GB,MIA,,,,,,,,nflverse,2026-09-11T10:54:50.615246+00:00,,2026-12-20T18:00:00+00:00
2026_15_NO_TB,nfl,NFL,2026,15,2026-12-20,TB,NO,,,,,,,,nflverse,2026-09-11T10:54:50.615246+00:00,,2026-12-20T18:00:00+00:00
2026_15_NYJ_ARI,nfl,NFL,2026,15,2026-12-20,ARI,NYJ,,,,,,,,nflverse,2026-09-11T10:54:50.615246+00:00,,2026-12-20T21:05:00+00:00
2026_15_NE_KC,nfl,NFL,2026,15,2026-12-21,KC,NE,,,,,,,,nflverse,2026-09-11T10:54:50.615246+00:00,,2026-12-22T01:15:00+00:00
2026_16_HOU_PHI,nfl,NFL,2026,16,2026-12-24,PHI,HOU,,,,,,,,nflverse,2026-09-11T10:54:50.615246+00:00,,2026-12-25T01:15:00+00:00
2026_16_BUF_DEN,nfl,NFL,2026,16,2026-12-25,DEN,BUF,,,,,,,,nflverse,2026-09-11T10:54:50.615246+00:00,,2026-12-25T21:30:00+00:00
2026_16_GB_CHI,nfl,NFL,2026,16,2026-12-25,CHI,GB,,,,,,,,nflverse,2026-09-11T10:54:50.615246+00:00,,2026-12-25T18:00:00+00:00
2026_16_LA_SEA,nfl,NFL,2026,16,2026-12-25,SEA,LA,,,,,,,,nflverse,2026-09-11T10:54:50.615246+00:00,,2026-12-26T01:15:00+00:00
2026_16_ARI_NO,nfl,NFL,2026,16,2026-12-27,NO,ARI,,,,,,,,nflverse,2026-09-11T10:54:50.615246+00:00,,2026-12-27T18:00:00+00:00
2026_16_CAR_PIT,nfl,NFL,2026,16,2026-12-27,PIT,CAR,,,,,,,,nflverse,2026-09-11T10:54:50.615246+00:00,,2026-12-27T18:00:00+00:00
2026_16_CIN_IND,nfl,NFL,2026,16,2026-12-27,IND,CIN,,,,,,,,nflverse,2026-09-11T10:54:50.615246+00:00,,2026-12-27T18:00:00+00:00
2026_16_CLE_BAL,nfl,NFL,2026,16,2026-12-27,BAL,CLE,,,,,,,,nflverse,2026-09-11T10:54:50.615246+00:00,,2026-12-27T18:00:00+00:00
2026_16_JAX_DAL,nfl,NFL,2026,16,2026-12-27,DAL,JAX,,,,,,,,nflverse,2026-09-11T10:54:50.615246+00:00,,2026-12-28T01:20:00+00:00
2026_16_LAC_MIA,nfl,NFL,2026,16,2026-12-27,MIA,LAC,,,,,,,,nflverse,2026-09-11T10:54:50.615246+00:00,,2026-12-27T18:00:00+00:00
2026_16_NE_NYJ,nfl,NFL,2026,16,2026-12-27,NYJ,NE,,,,,,,,nflverse,2026-09-11T10:54:50.615246+00:00,,2026-12-27T18:00:00+00:00
2026_16_SF_KC,nfl,NFL,2026,16,2026-12-27,KC,SF,,,,,,,,nflverse,2026-09-11T10:54:50.615246+00:00,,2026-12-27T21:25:00+00:00
2026_16_TB_ATL,nfl,NFL,2026,16,2026-12-27,ATL,TB,,,,,,,,nflverse,2026-09-11T10:54:50.615246+00:00,,2026-12-27T18:00:00+00:00
2026_16_TEN_LV,nfl,NFL,2026,16,2026-12-27,LV,TEN,,,,,,,,nflverse,2026-09-11T10:54:50.615246+00:00,,2026-12-27T21:05:00+00:00
2026_16_WAS_MIN,nfl,NFL,2026,16,2026-12-27,MIN,WAS,,,,,,,,nflverse,2026-09-11T10:54:50.615246+00:00,,2026-12-27T18:00:00+00:00
2026_16_NYG_DET,nfl,NFL,2026,16,2026-12-28,DET,NYG,,,,,,,,nflverse,2026-09-11T10:54:50.615246+00:00,,2026-12-29T01:15:00+00:00
2026_17_BAL_CIN,nfl,NFL,2026,17,2026-12-31,CIN,BAL,,,,,,,,nflverse,2026-09-11T10:54:50.615246+00:00,,2027-01-01T01:15:00+00:00
2026_17_BUF_MIA,nfl,NFL,2026,17,2027-01-03,MIA,BUF,,,,,,,,nflverse,2026-09-11T10:54:50.615246+00:00,,2027-01-03T18:00:00+00:00
2026_17_DEN_NE,nfl,NFL,2026,17,2027-01-03,NE,DEN,,,,,,,,nflverse,2026-09-11T10:54:50.615246+00:00,,2027-01-03T18:00:00+00:00
2026_17_DET_CHI,nfl,NFL,2026,17,2027-01-03,CHI,DET,,,,,,,,nflverse,2026-09-11T10:54:50.615246+00:00,,2027-01-03T21:25:00+00:00
2026_17_IND_CLE,nfl,NFL,2026,17,2027-01-03,CLE,IND,,,,,,,,nflverse,2026-09-11T10:54:50.615246+00:00,,2027-01-03T18:00:00+00:00
2026_17_KC_LAC,nfl,NFL,2026,17,2027-01-03,LAC,KC,,,,,,,,nflverse,2026-09-11T10:54:50.615246+00:00,,2027-01-03T18:00:00+00:00
2026_17_LA_TB,nfl,NFL,2026,17,2027-01-03,TB,LA,,,,,,,,nflverse,2026-09-11T10:54:50.615246+00:00,,2027-01-03T18:00:00+00:00
2026_17_LV_ARI,nfl,NFL,2026,17,2027-01-03,ARI,LV,,,,,,,,nflverse,2026-09-11T10:54:50.615246+00:00,,2027-01-03T21:05:00+00:00
2026_17_MIN_NYJ,nfl,NFL,2026,17,2027-01-03,NYJ,MIN,,,,,,,,nflverse,2026-09-11T10:54:50.615246+00:00,,2027-01-03T18:00:00+00:00
2026_17_NO_ATL,nfl,NFL,2026,17,2027-01-03,ATL,NO,,,,,,,,nflverse,2026-09-11T10:54:50.615246+00:00,,2027-01-03T18:00:00+00:00
2026_17_NYG_DAL,nfl,NFL,2026,17,2027-01-03,DAL,NYG,,,,,,,,nflverse,2026-09-11T10:54:50.615246+00:00,,2027-01-03T18:00:00+00:00
2026_17_PHI_SF,nfl,NFL,2026,17,2027-01-03,SF,PHI,,,,,,,,nflverse,2026-09-11T10:54:50.615246+00:00,,2027-01-04T01:20:00+00:00
2026_17_PIT_TEN,nfl,NFL,2026,17,2027-01-03,TEN,PIT,,,,,,,,nflverse,2026-09-11T10:54:50.615246+00:00,,2027-01-03T18:00:00+00:00
2026_17_SEA_CAR,nfl,NFL,2026,17,2027-01-03,CAR,SEA,,,,,,,,nflverse,2026-09-11T10:54:50.615246+00:00,,2027-01-03T18:00:00+00:00
2026_17_WAS_JAX,nfl,NFL,2026,17,2027-01-03,JAX,WAS,,,,,,,,nflverse,2026-09-11T10:54:50.615246+00:00,,2027-01-03T18:00:00+00:00
2026_17_HOU_GB,nfl,NFL,2026,17,2027-01-04,GB,HOU,,,,,,,,nflverse,2026-09-11T10:54:50.615246+00:00,,2027-01-05T01:15:00+00:00
2026_18_ATL_CAR,nfl,NFL,2026,18,2027-01-10,CAR,ATL,,,,,,,,nflverse,2026-09-11T10:54:50.615246+00:00,,2027-01-10T18:00:00+00:00
2026_18_CHI_MIN,nfl,NFL,2026,18,2027-01-10,MIN,CHI,,,,,,,,nflverse,2026-09-11T10:54:50.615246+00:00,,2027-01-10T18:00:00+00:00
2026_18_CLE_CIN,nfl,NFL,2026,18,2027-01-10,CIN,CLE,,,,,,,,nflverse,2026-09-11T10:54:50.615246+00:00,,2027-01-10T18:00:00+00:00
2026_18_DAL_WAS,nfl,NFL,2026,18,2027-01-10,WAS,DAL,,,,,,,,nflverse,2026-09-11T10:54:50.615246+00:00,,2027-01-10T18:00:00+00:00
2026_18_DET_GB,nfl,NFL,2026,18,2027-01-10,GB,DET,,,,,,,,nflverse,2026-09-11T10:54:50.615246+00:00,,2027-01-10T18:00:00+00:00
2026_18_JAX_IND,nfl,NFL,2026,18,2027-01-10,IND,JAX,,,,,,,,nflverse,2026-09-11T10:54:50.615246+00:00,,2027-01-10T18:00:00+00:00
2026_18_LAC_DEN,nfl,NFL,2026,18,2027-01-10,DEN,LAC,,,,,,,,nflverse,2026-09-11T10:54:50.615246+00:00,,2027-01-10T18:00:00+00:00
2026_18_LV_KC,nfl,NFL,2026,18,2027-01-10,KC,LV,,,,,,,,nflverse,2026-09-11T10:54:50.615246+00:00,,2027-01-10T18:00:00+00:00
2026_18_MIA_NE,nfl,NFL,2026,18,2027-01-10,NE,MIA,,,,,,,,nflverse,2026-09-11T10:54:50.615246+00:00,,2027-01-10T18:00:00+00:00
2026_18_NYJ_BUF,nfl,NFL,2026,18,2027-01-10,BUF,NYJ,,,,,,,,nflverse,2026-09-11T10:54:50.615246+00:00,,2027-01-10T18:00:00+00:00
2026_18_PHI_NYG,nfl,NFL,2026,18,2027-01-10,NYG,PHI,,,,,,,,nflverse,2026-09-11T10:54:50.615246+00:00,,2027-01-10T18:00:00+00:00
2026_18_PIT_BAL,nfl,NFL,2026,18,2027-01-10,BAL,PIT,,,,,,,,nflverse,2026-09-11T10:54:50.615246+00:00,,2027-01-10T18:00:00+00:00
2026_18_SEA_LA,nfl,NFL,2026,18,2027-01-10,LA,SEA,,,,,,,,nflverse,2026-09-11T10:54:50.615246+00:00,,2027-01-10T18:00:00+00:00
2026_18_SF_ARI,nfl,NFL,2026,18,2027-01-10,ARI,SF,,,,,,,,nflverse,2026-09-11T10:54:50.615246+00:00,,2027-01-10T18:00:00+00:00
2026_18_TB_NO,nfl,NFL,2026,18,2027-01-10,NO,TB,,,,,,,,nflverse,2026-09-11T10:54:50.615246+00:00,,2027-01-10T18:00:00+00:00
2026_18_TEN_HOU,nfl,NFL,2026,18,2027-01-10,HOU,TEN,,,,,,,,nflverse,2026-09-11T10:54:50.615246+00:00,,2027-01-10T18:00:00+00:00
