sport,league,event_ticker,market_ticker,game_id,home_team,away_team,expiration_time,selection,yes_bid,yes_ask,implied_prob_mid,spread,yes_bid_size,yes_ask_size,volume,volume_24h,open_interest,status,source,fetched_at
nfl,NFL,KXNFLGAME-26OCT01PITCLE,KXNFLGAME-26OCT01PITCLE-PIT,,CLE,PIT,2026-10-02T03:15:00Z,away,0.57,0.58,0.575,0.01,853666.04,1569718.74,382510.45,174308.98,297425.65,active,kalshi,2026-10-01T00:02:31.320554+00:00
nfl,NFL,KXNFLGAME-26OCT01PITCLE,KXNFLGAME-26OCT01PITCLE-CLE,,CLE,PIT,2026-10-02T03:15:00Z,home,0.42,0.43,0.425,0.01,177228.7,2852606.11,330278.81,178351.69,303072.58,active,kalshi,2026-10-01T00:02:31.320554+00:00
nfl,NFL,KXNFLGAME-26OCT04ARINYG,KXNFLGAME-26OCT04ARINYG-ARI,,NYG,ARI,2026-10-04T20:00:00Z,away,0.56,0.57,0.565,0.01,75.72,340436.05,77834.0,7651.72,71449.78,active,kalshi,2026-10-01T00:02:31.320554+00:00
nfl,NFL,KXNFLGAME-26OCT04ARINYG,KXNFLGAME-26OCT04ARINYG-NYG,,NYG,ARI,2026-10-04T20:00:00Z,home,0.43,0.44,0.435,0.01,305504.16,18829.4,46485.76,13694.21,41659.77,active,kalshi,2026-10-01T00:02:31.320554+00:00
nfl,NFL,KXNFLGAME-26OCT04DALHOU,KXNFLGAME-26OCT04DALHOU-DAL,,HOU,DAL,2026-10-04T20:00:00Z,away,0.4,0.41,0.405,0.01,13209.85,321351.31,254525.21,78900.11,213425.29,active,kalshi,2026-10-01T00:02:31.320554+00:00
nfl,NFL,KXNFLGAME-26OCT04DALHOU,KXNFLGAME-26OCT04DALHOU-HOU,,HOU,DAL,2026-10-04T20:00:00Z,home,0.59,0.6,0.595,0.01,13406.09,16291.51,50420.18,15478.85,38251.08,active,kalshi,2026-10-01T00:02:31.320554+00:00
nfl,NFL,KXNFLGAME-26OCT04DENSF,KXNFLGAME-26OCT04DENSF-DEN,,SF,DEN,2026-10-04T23:25:00Z,away,0.42,0.43,0.425,0.01,81981.49,844.21,100952.05,27180.75,78353.84,active,kalshi,2026-10-01T00:02:31.320554+00:00
nfl,NFL,KXNFLGAME-26OCT04DENSF,KXNFLGAME-26OCT04DENSF-SF,,SF,DEN,2026-10-04T23:25:00Z,home,0.57,0.58,0.575,0.01,7945.26,119128.63,144209.68,29315.49,128712.63,active,kalshi,2026-10-01T00:02:31.320554+00:00
nfl,NFL,KXNFLGAME-26OCT04DETCAR,KXNFLGAME-26OCT04DETCAR-DET,,CAR,DET,2026-10-05T03:20:00Z,away,0.64,0.65,0.645,0.01,5474.3,154293.76,30517.85,8831.08,28646.9,active,kalshi,2026-10-01T00:02:31.320554+00:00
nfl,NFL,KXNFLGAME-26OCT04DETCAR,KXNFLGAME-26OCT04DETCAR-CAR,,CAR,DET,2026-10-05T03:20:00Z,home,0.35,0.36,0.355,0.01,34650.92,13405.02,27440.81,8188.99,22474.07,active,kalshi,2026-10-01T00:02:31.320554+00:00
nfl,NFL,KXNFLGAME-26OCT04GBTB,KXNFLGAME-26OCT04GBTB-GB,,TB,GB,2026-10-04T20:00:00Z,away,0.62,0.63,0.625,0.01,26964.49,76097.77,115246.13,8211.5,96429.48,active,kalshi,2026-10-01T00:02:31.320554+00:00
nfl,NFL,KXNFLGAME-26OCT04GBTB,KXNFLGAME-26OCT04GBTB-TB,,TB,GB,2026-10-04T20:00:00Z,home,0.37,0.38,0.375,0.01,868.51,117744.47,88934.17,14631.56,67504.74,active,kalshi,2026-10-01T00:02:31.320554+00:00
nfl,NFL,KXNFLGAME-26OCT04INDWAS,KXNFLGAME-26OCT04INDWAS-IND,,WAS,IND,2026-10-04T16:30:00Z,away,0.63,0.64,0.635,0.01,347240.3,94741.57,34858.12,6426.9,28282.62,active,kalshi,2026-10-01T00:02:31.320554+00:00
nfl,NFL,KXNFLGAME-26OCT04INDWAS,KXNFLGAME-26OCT04INDWAS-WAS,,WAS,IND,2026-10-04T16:30:00Z,home,0.36,0.37,0.365,0.01,77537.61,394600.43,74093.87,22804.64,62270.59,active,kalshi,2026-10-01T00:02:31.320554+00:00
nfl,NFL,KXNFLGAME-26OCT04JACCIN,KXNFLGAME-26OCT04JACCIN-JAC,,CIN,JAX,2026-10-04T20:00:00Z,away,0.43,0.44,0.435,0.01,590.97,74387.35,60465.9,24734.45,54610.5,active,kalshi,2026-10-01T00:02:31.320554+00:00
nfl,NFL,KXNFLGAME-26OCT04JACCIN,KXNFLGAME-26OCT04JACCIN-CIN,,CIN,JAX,2026-10-04T20:00:00Z,home,0.56,0.58,0.5700000000000001,0.02,32964.75,483387.08,34222.45,5029.81,31456.02,active,kalshi,2026-10-01T00:02:31.320554+00:00
nfl,NFL,KXNFLGAME-26OCT04KCLV,KXNFLGAME-26OCT04KCLV-KC,,LV,KC,2026-10-04T23:25:00Z,away,0.64,0.66,0.65,0.02,332464.95,285213.12,322229.22,82124.5,230366.76,active,kalshi,2026-10-01T00:02:31.320554+00:00
nfl,NFL,KXNFLGAME-26OCT04KCLV,KXNFLGAME-26OCT04KCLV-LV,,LV,KC,2026-10-04T23:25:00Z,home,0.34,0.36,0.35,0.02,45077.47,384550.68,720397.94,199068.62,630318.9,active,kalshi,2026-10-01T00:02:31.320554+00:00
nfl,NFL,KXNFLGAME-26OCT04LACSEA,KXNFLGAME-26OCT04LACSEA-LAC,,SEA,LAC,2026-10-04T23:25:00Z,away,0.24,0.25,0.245,0.01,33836.38,2985.0,50805.37,18009.16,47324.18,active,kalshi,2026-10-01T00:02:31.320554+00:00
nfl,NFL,KXNFLGAME-26OCT04LACSEA,KXNFLGAME-26OCT04LACSEA-SEA,,SEA,LAC,2026-10-04T23:25:00Z,home,0.75,0.76,0.755,0.01,6735.41,67326.4,33839.64,12117.95,29460.64,active,kalshi,2026-10-01T00:02:31.320554+00:00
nfl,NFL,KXNFLGAME-26OCT04LARPHI,KXNFLGAME-26OCT04LARPHI-LAR,,PHI,LA,2026-10-04T20:00:00Z,away,0.61,0.62,0.615,0.01,8129.18,407611.29,95115.64,21389.72,80222.2,active,kalshi,2026-10-01T00:02:31.320554+00:00
nfl,NFL,KXNFLGAME-26OCT04LARPHI,KXNFLGAME-26OCT04LARPHI-PHI,,PHI,LA,2026-10-04T20:00:00Z,home,0.38,0.39,0.385,0.01,342099.83,11069.55,96281.09,17306.63,62737.92,active,kalshi,2026-10-01T00:02:31.320554+00:00
nfl,NFL,KXNFLGAME-26OCT04MIAMIN,KXNFLGAME-26OCT04MIAMIN-MIA,,MIN,MIA,2026-10-04T23:05:00Z,away,0.16,0.17,0.165,0.01,9405.29,55885.07,99139.99,28900.63,89518.06,active,kalshi,2026-10-01T00:02:31.320554+00:00
nfl,NFL,KXNFLGAME-26OCT04MIAMIN,KXNFLGAME-26OCT04MIAMIN-MIN,,MIN,MIA,2026-10-04T23:05:00Z,home,0.83,0.84,0.835,0.01,16454.88,22909.15,68707.9,21438.38,58358.79,active,kalshi,2026-10-01T00:02:31.320554+00:00
nfl,NFL,KXNFLGAME-26OCT04NEBUF,KXNFLGAME-26OCT04NEBUF-NE,,BUF,NE,2026-10-04T20:00:00Z,away,0.26,0.27,0.265,0.01,11326.97,22804.27,68629.43,20923.76,45211.97,active,kalshi,2026-10-01T00:02:31.320554+00:00
nfl,NFL,KXNFLGAME-26OCT04NEBUF,KXNFLGAME-26OCT04NEBUF-BUF,,BUF,NE,2026-10-04T20:00:00Z,home,0.73,0.74,0.735,0.01,9815.22,92108.76,73908.2,21298.1,61935.1,active,kalshi,2026-10-01T00:02:31.320554+00:00
nfl,NFL,KXNFLGAME-26OCT04NYJCHI,KXNFLGAME-26OCT04NYJCHI-NYJ,,CHI,NYJ,2026-10-04T20:00:00Z,away,0.38,0.39,0.385,0.01,6242.32,61099.04,26277.52,7677.03,21579.99,active,kalshi,2026-10-01T00:02:31.320554+00:00
nfl,NFL,KXNFLGAME-26OCT04NYJCHI,KXNFLGAME-26OCT04NYJCHI-CHI,,CHI,NYJ,2026-10-04T20:00:00Z,home,0.62,0.63,0.625,0.01,9068.6,167372.19,44923.36,16796.3,40417.7,active,kalshi,2026-10-01T00:02:31.320554+00:00
nfl,NFL,KXNFLGAME-26OCT04TENBAL,KXNFLGAME-26OCT04TENBAL-TEN,,BAL,TEN,2026-10-04T20:00:00Z,away,0.14,0.15,0.14500000000000002,0.01,43852.04,353927.98,145453.41,48285.71,124137.02,active,kalshi,2026-10-01T00:02:31.320554+00:00
nfl,NFL,KXNFLGAME-26OCT04TENBAL,KXNFLGAME-26OCT04TENBAL-BAL,,BAL,TEN,2026-10-04T20:00:00Z,home,0.85,0.86,0.855,0.01,307301.74,141024.02,122631.75,38147.62,93240.72,active,kalshi,2026-10-01T00:02:31.320554+00:00
nfl,NFL,KXNFLGAME-26OCT05ATLNO,KXNFLGAME-26OCT05ATLNO-ATL,,NO,ATL,2026-10-06T03:15:00Z,away,0.43,0.44,0.435,0.01,151868.11,20100.69,81932.74,8970.41,66542.58,active,kalshi,2026-10-01T00:02:31.320554+00:00
nfl,NFL,KXNFLGAME-26OCT05ATLNO,KXNFLGAME-26OCT05ATLNO-NO,,NO,ATL,2026-10-06T03:15:00Z,home,0.56,0.57,0.565,0.01,592.12,173029.07,28137.05,3044.61,25138.27,active,kalshi,2026-10-01T00:02:31.320554+00:00
nfl,NFL,KXNFLGAME-26OCT08TBDAL,KXNFLGAME-26OCT08TBDAL-TB,,DAL,TB,2026-10-09T03:15:00Z,away,0.19,0.2,0.195,0.01,171.0,437.66,9757.16,5461.76,7451.84,active,kalshi,2026-10-01T00:02:31.320554+00:00
nfl,NFL,KXNFLGAME-26OCT08TBDAL,KXNFLGAME-26OCT08TBDAL-DAL,,DAL,TB,2026-10-09T03:15:00Z,home,0.81,0.82,0.815,0.01,269.61,174.88,4987.53,1991.96,4412.49,active,kalshi,2026-10-01T00:02:31.320554+00:00
nfl,NFL,KXNFLGAME-26OCT11BALATL,KXNFLGAME-26OCT11BALATL-BAL,,ATL,BAL,2026-10-12T03:20:00Z,away,0.72,0.75,0.735,0.03,8.95,10020.99,10588.74,165.15,10451.3,active,kalshi,2026-10-01T00:02:31.320554+00:00
nfl,NFL,KXNFLGAME-26OCT11BALATL,KXNFLGAME-26OCT11BALATL-ATL,,ATL,BAL,2026-10-12T03:20:00Z,home,0.26,0.29,0.275,0.03,41.0,11562.5,14423.99,668.17,13043.89,active,kalshi,2026-10-01T00:02:31.320554+00:00
nfl,NFL,KXNFLGAME-26OCT11CHIGB,KXNFLGAME-26OCT11CHIGB-CHI,,GB,CHI,2026-10-11T23:25:00Z,away,0.46,0.47,0.46499999999999997,0.01,1.2,450.0,8740.16,5609.16,7385.84,active,kalshi,2026-10-01T00:02:31.320554+00:00
nfl,NFL,KXNFLGAME-26OCT11CHIGB,KXNFLGAME-26OCT11CHIGB-GB,,GB,CHI,2026-10-11T23:25:00Z,home,0.53,0.56,0.545,0.03,25.0,94.0,1689.62,1241.68,1473.46,active,kalshi,2026-10-01T00:02:31.320554+00:00
nfl,NFL,KXNFLGAME-26OCT11CINMIA,KXNFLGAME-26OCT11CINMIA-CIN,,MIA,CIN,2026-10-11T20:00:00Z,away,0.8,0.83,0.815,0.03,10614.96,566.0,3898.76,292.08,3707.24,active,kalshi,2026-10-01T00:02:31.320554+00:00
nfl,NFL,KXNFLGAME-26OCT11CINMIA,KXNFLGAME-26OCT11CINMIA-MIA,,MIA,CIN,2026-10-11T20:00:00Z,home,0.18,0.19,0.185,0.01,28.0,1.04,2050.56,193.99,1373.86,active,kalshi,2026-10-01T00:02:31.320554+00:00
nfl,NFL,KXNFLGAME-26OCT11CLENYJ,KXNFLGAME-26OCT11CLENYJ-CLE,,NYJ,CLE,2026-10-11T20:00:00Z,away,0.42,0.45,0.435,0.03,4980.0,2515.0,557.63,176.65,557.63,active,kalshi,2026-10-01T00:02:31.320554+00:00
nfl,NFL,KXNFLGAME-26OCT11CLENYJ,KXNFLGAME-26OCT11CLENYJ-NYJ,,NYJ,CLE,2026-10-11T20:00:00Z,home,0.55,0.58,0.565,0.03,1105.94,2373.0,2766.15,106.22,2766.15,active,kalshi,2026-10-01T00:02:31.320554+00:00
nfl,NFL,KXNFLGAME-26OCT11DENLAC,KXNFLGAME-26OCT11DENLAC-DEN,,LAC,DEN,2026-10-11T23:05:00Z,away,0.54,0.58,0.56,0.04,14555.0,93.0,974.38,286.17,960.36,active,kalshi,2026-10-01T00:02:31.320554+00:00
nfl,NFL,KXNFLGAME-26OCT11DENLAC,KXNFLGAME-26OCT11DENLAC-LAC,,LAC,DEN,2026-10-11T23:05:00Z,home,0.44,0.47,0.45499999999999996,0.03,5.0,2583.08,625.26,107.08,523.31,active,kalshi,2026-10-01T00:02:31.320554+00:00
nfl,NFL,KXNFLGAME-26OCT11DETARI,KXNFLGAME-26OCT11DETARI-DET,,ARI,DET,2026-10-11T23:25:00Z,away,0.67,0.7,0.685,0.03,5.0,965.11,4335.77,130.86,2123.14,active,kalshi,2026-10-01T00:02:31.320554+00:00
nfl,NFL,KXNFLGAME-26OCT11DETARI,KXNFLGAME-26OCT11DETARI-ARI,,ARI,DET,2026-10-11T23:25:00Z,home,0.3,0.34,0.32,0.04,14792.32,346.0,2834.66,223.4,2659.8,active,kalshi,2026-10-01T00:02:31.320554+00:00
nfl,NFL,KXNFLGAME-26OCT11HOUTEN,KXNFLGAME-26OCT11HOUTEN-HOU,,TEN,HOU,2026-10-11T20:00:00Z,away,0.73,0.75,0.74,0.02,26.79,100.0,11650.86,389.39,10874.94,active,kalshi,2026-10-01T00:02:31.320554+00:00
nfl,NFL,KXNFLGAME-26OCT11HOUTEN,KXNFLGAME-26OCT11HOUTEN-TEN,,TEN,HOU,2026-10-11T20:00:00Z,home,0.25,0.28,0.265,0.03,13527.97,16.02,10540.23,324.04,10378.76,active,kalshi,2026-10-01T00:02:31.320554+00:00
nfl,NFL,KXNFLGAME-26OCT11INDPIT,KXNFLGAME-26OCT11INDPIT-IND,,PIT,IND,2026-10-11T20:00:00Z,away,0.42,0.44,0.43,0.02,53.86,4788.66,214.24,151.44,210.4,active,kalshi,2026-10-01T00:02:31.320554+00:00
nfl,NFL,KXNFLGAME-26OCT11INDPIT,KXNFLGAME-26OCT11INDPIT-PIT,,PIT,IND,2026-10-11T20:00:00Z,home,0.56,0.58,0.5700000000000001,0.02,2498.3,106.51,961.41,173.22,892.27,active,kalshi,2026-10-01T00:02:31.320554+00:00
nfl,NFL,KXNFLGAME-26OCT11LVNE,KXNFLGAME-26OCT11LVNE-LV,,NE,LV,2026-10-11T20:00:00Z,away,0.41,0.42,0.415,0.01,63.0,1156.0,12585.89,6130.38,11974.5,active,kalshi,2026-10-01T00:02:31.320554+00:00
nfl,NFL,KXNFLGAME-26OCT11LVNE,KXNFLGAME-26OCT11LVNE-NE,,NE,LV,2026-10-11T20:00:00Z,home,0.59,0.61,0.6,0.02,804.98,86.77,1823.17,584.45,1373.64,active,kalshi,2026-10-01T00:02:31.320554+00:00
nfl,NFL,KXNFLGAME-26OCT11MINNO,KXNFLGAME-26OCT11MINNO-MIN,,NO,MIN,2026-10-11T20:00:00Z,away,0.52,0.54,0.53,0.02,10.0,15602.0,3128.22,1235.3,3084.64,active,kalshi,2026-10-01T00:02:31.320554+00:00
nfl,NFL,KXNFLGAME-26OCT11MINNO,KXNFLGAME-26OCT11MINNO-NO,,NO,MIN,2026-10-11T20:00:00Z,home,0.46,0.49,0.475,0.03,129.0,250.0,311.48,127.54,311.48,active,kalshi,2026-10-01T00:02:31.320554+00:00
nfl,NFL,KXNFLGAME-26OCT11NYGWAS,KXNFLGAME-26OCT11NYGWAS-NYG,,WAS,NYG,2026-10-11T20:00:00Z,away,0.41,0.45,0.43,0.04,15052.0,798.0,567.6,327.18,494.78,active,kalshi,2026-10-01T00:02:31.320554+00:00
nfl,NFL,KXNFLGAME-26OCT11NYGWAS,KXNFLGAME-26OCT11NYGWAS-WAS,,WAS,NYG,2026-10-11T20:00:00Z,home,0.55,0.59,0.5700000000000001,0.04,729.24,12886.77,364.77,227.13,364.77,active,kalshi,2026-10-01T00:02:31.320554+00:00
nfl,NFL,KXNFLGAME-26OCT11PHIJAC,KXNFLGAME-26OCT11PHIJAC-PHI,,JAX,PHI,2026-10-11T16:30:00Z,away,0.42,0.43,0.425,0.01,52.6,70.0,1613.54,566.62,1199.38,active,kalshi,2026-10-01T00:02:31.320554+00:00
nfl,NFL,KXNFLGAME-26OCT11PHIJAC,KXNFLGAME-26OCT11PHIJAC-JAC,,JAX,PHI,2026-10-11T16:30:00Z,home,0.58,0.6,0.59,0.02,100.78,68.97,1374.41,310.81,1302.62,active,kalshi,2026-10-01T00:02:31.320554+00:00
nfl,NFL,KXNFLGAME-26OCT11SFSEA,KXNFLGAME-26OCT11SFSEA-SF,,SEA,SF,2026-10-11T23:25:00Z,away,0.38,0.4,0.39,0.02,214.72,29.0,33516.27,7314.2,25251.53,active,kalshi,2026-10-01T00:02:31.320554+00:00
nfl,NFL,KXNFLGAME-26OCT11SFSEA,KXNFLGAME-26OCT11SFSEA-SEA,,SEA,SF,2026-10-11T23:25:00Z,home,0.61,0.63,0.62,0.02,45.13,136.49,32470.26,720.39,29072.2,active,kalshi,2026-10-01T00:02:31.320554+00:00
nfl,NFL,KXNFLGAME-26OCT12BUFLAR,KXNFLGAME-26OCT12BUFLAR-BUF,,LA,BUF,2026-10-13T03:15:00Z,away,0.46,0.48,0.47,0.02,10168.69,3.0,1724.14,919.79,1720.87,active,kalshi,2026-10-01T00:02:31.320554+00:00
nfl,NFL,KXNFLGAME-26OCT12BUFLAR,KXNFLGAME-26OCT12BUFLAR-LAR,,LA,BUF,2026-10-13T03:15:00Z,home,0.52,0.54,0.53,0.02,3.0,2055.56,369.4,199.78,364.14,active,kalshi,2026-10-01T00:02:31.320554+00:00
nfl,NFL,KXNFLGAME-26OCT01PITCLE,KXNFLGAME-26OCT01PITCLE-PIT,,CLE,PIT,2026-10-02T03:15:00Z,away,0.57,0.58,0.575,0.01,853835.41,2516161.89,388435.11,175404.8,302577.57,active,kalshi,2026-10-01T00:46:48.779433+00:00
nfl,NFL,KXNFLGAME-26OCT01PITCLE,KXNFLGAME-26OCT01PITCLE-CLE,,CLE,PIT,2026-10-02T03:15:00Z,home,0.42,0.43,0.425,0.01,176827.17,3700582.5,339588.4,183923.31,312044.63,active,kalshi,2026-10-01T00:46:48.779433+00:00
nfl,NFL,KXNFLGAME-26OCT04ARINYG,KXNFLGAME-26OCT04ARINYG-ARI,,NYG,ARI,2026-10-04T20:00:00Z,away,0.56,0.57,0.565,0.01,143.72,323327.93,77907.12,7175.8,71522.9,active,kalshi,2026-10-01T00:46:48.779433+00:00
nfl,NFL,KXNFLGAME-26OCT04ARINYG,KXNFLGAME-26OCT04ARINYG-NYG,,NYG,ARI,2026-10-04T20:00:00Z,home,0.43,0.44,0.435,0.01,306548.61,18516.7,46952.19,13298.64,41878.46,active,kalshi,2026-10-01T00:46:48.779433+00:00
nfl,NFL,KXNFLGAME-26OCT04DALHOU,KXNFLGAME-26OCT04DALHOU-DAL,,HOU,DAL,2026-10-04T20:00:00Z,away,0.4,0.41,0.405,0.01,16410.69,319133.63,263488.7,84662.67,222230.46,active,kalshi,2026-10-01T00:46:48.779433+00:00
nfl,NFL,KXNFLGAME-26OCT04DALHOU,KXNFLGAME-26OCT04DALHOU-HOU,,HOU,DAL,2026-10-04T20:00:00Z,home,0.59,0.6,0.595,0.01,12659.66,15790.37,50954.26,15560.29,38785.16,active,kalshi,2026-10-01T00:46:48.779433+00:00
nfl,NFL,KXNFLGAME-26OCT04DENSF,KXNFLGAME-26OCT04DENSF-DEN,,SF,DEN,2026-10-04T23:25:00Z,away,0.42,0.43,0.425,0.01,85281.68,598.26,102833.46,28153.89,80235.25,active,kalshi,2026-10-01T00:46:48.779433+00:00
nfl,NFL,KXNFLGAME-26OCT04DENSF,KXNFLGAME-26OCT04DENSF-SF,,SF,DEN,2026-10-04T23:25:00Z,home,0.57,0.58,0.575,0.01,7881.3,114406.97,145176.83,26430.61,129621.18,active,kalshi,2026-10-01T00:46:48.779433+00:00
nfl,NFL,KXNFLGAME-26OCT04DETCAR,KXNFLGAME-26OCT04DETCAR-DET,,CAR,DET,2026-10-05T03:20:00Z,away,0.64,0.65,0.645,0.01,423.97,154236.35,30696.63,8491.66,28646.9,active,kalshi,2026-10-01T00:46:48.779433+00:00
nfl,NFL,KXNFLGAME-26OCT04DETCAR,KXNFLGAME-26OCT04DETCAR-CAR,,CAR,DET,2026-10-05T03:20:00Z,home,0.35,0.37,0.36,0.02,37826.5,407335.13,27587.11,7980.02,22620.37,active,kalshi,2026-10-01T00:46:48.779433+00:00
nfl,NFL,KXNFLGAME-26OCT04GBTB,KXNFLGAME-26OCT04GBTB-GB,,TB,GB,2026-10-04T20:00:00Z,away,0.62,0.63,0.625,0.01,26787.2,74476.86,115818.14,8483.56,96999.63,active,kalshi,2026-10-01T00:46:48.779433+00:00
nfl,NFL,KXNFLGAME-26OCT04GBTB,KXNFLGAME-26OCT04GBTB-TB,,TB,GB,2026-10-04T20:00:00Z,home,0.37,0.38,0.375,0.01,874.65,118295.94,89097.63,14377.86,67654.27,active,kalshi,2026-10-01T00:46:48.779433+00:00
nfl,NFL,KXNFLGAME-26OCT04INDWAS,KXNFLGAME-26OCT04INDWAS-IND,,WAS,IND,2026-10-04T16:30:00Z,away,0.63,0.64,0.635,0.01,347239.42,83840.75,35470.04,6917.46,28772.62,active,kalshi,2026-10-01T00:46:48.779433+00:00
nfl,NFL,KXNFLGAME-26OCT04INDWAS,KXNFLGAME-26OCT04INDWAS-WAS,,WAS,IND,2026-10-04T16:30:00Z,home,0.36,0.37,0.365,0.01,76494.67,393986.4,74733.37,22492.85,62884.21,active,kalshi,2026-10-01T00:46:48.779433+00:00
nfl,NFL,KXNFLGAME-26OCT04JACCIN,KXNFLGAME-26OCT04JACCIN-JAC,,CIN,JAX,2026-10-04T20:00:00Z,away,0.42,0.43,0.425,0.01,21809.35,343042.79,61421.79,24504.95,55375.1,active,kalshi,2026-10-01T00:46:48.779433+00:00
nfl,NFL,KXNFLGAME-26OCT04JACCIN,KXNFLGAME-26OCT04JACCIN-CIN,,CIN,JAX,2026-10-04T20:00:00Z,home,0.57,0.58,0.575,0.01,318071.03,55190.3,34941.06,5443.78,32172.4,active,kalshi,2026-10-01T00:46:48.779433+00:00
nfl,NFL,KXNFLGAME-26OCT04KCLV,KXNFLGAME-26OCT04KCLV-KC,,LV,KC,2026-10-04T23:25:00Z,away,0.64,0.66,0.65,0.02,333222.71,281447.36,324452.97,80286.76,232498.44,active,kalshi,2026-10-01T00:46:48.779433+00:00
nfl,NFL,KXNFLGAME-26OCT04KCLV,KXNFLGAME-26OCT04KCLV-LV,,LV,KC,2026-10-04T23:25:00Z,home,0.34,0.35,0.345,0.01,52832.71,25.0,730946.52,201887.74,634457.44,active,kalshi,2026-10-01T00:46:48.779433+00:00
nfl,NFL,KXNFLGAME-26OCT04LACSEA,KXNFLGAME-26OCT04LACSEA-LAC,,SEA,LAC,2026-10-04T23:25:00Z,away,0.24,0.25,0.245,0.01,33773.94,2625.53,51467.97,16912.57,47986.78,active,kalshi,2026-10-01T00:46:48.779433+00:00
nfl,NFL,KXNFLGAME-26OCT04LACSEA,KXNFLGAME-26OCT04LACSEA-SEA,,SEA,LAC,2026-10-04T23:25:00Z,home,0.75,0.76,0.755,0.01,6721.41,70910.52,33961.39,12048.36,29582.39,active,kalshi,2026-10-01T00:46:48.779433+00:00
nfl,NFL,KXNFLGAME-26OCT04LARPHI,KXNFLGAME-26OCT04LARPHI-LAR,,PHI,LA,2026-10-04T20:00:00Z,away,0.61,0.62,0.615,0.01,8085.4,372957.37,95410.17,20303.89,80430.27,active,kalshi,2026-10-01T00:46:48.779433+00:00
nfl,NFL,KXNFLGAME-26OCT04LARPHI,KXNFLGAME-26OCT04LARPHI-PHI,,PHI,LA,2026-10-04T20:00:00Z,home,0.38,0.39,0.385,0.01,337122.49,10322.35,97004.59,17103.66,63457.06,active,kalshi,2026-10-01T00:46:48.779433+00:00
nfl,NFL,KXNFLGAME-26OCT04MIAMIN,KXNFLGAME-26OCT04MIAMIN-MIA,,MIN,MIA,2026-10-04T23:05:00Z,away,0.16,0.17,0.165,0.01,9414.57,66438.41,99569.79,28837.28,89947.86,active,kalshi,2026-10-01T00:46:48.779433+00:00
nfl,NFL,KXNFLGAME-26OCT04MIAMIN,KXNFLGAME-26OCT04MIAMIN-MIN,,MIN,MIA,2026-10-04T23:05:00Z,home,0.83,0.84,0.835,0.01,19438.38,17828.61,68845.1,21339.51,58484.22,active,kalshi,2026-10-01T00:46:48.779433+00:00
nfl,NFL,KXNFLGAME-26OCT04NEBUF,KXNFLGAME-26OCT04NEBUF-NE,,BUF,NE,2026-10-04T20:00:00Z,away,0.26,0.27,0.265,0.01,11276.88,21254.59,70246.12,21560.2,46828.66,active,kalshi,2026-10-01T00:46:48.779433+00:00
nfl,NFL,KXNFLGAME-26OCT04NEBUF,KXNFLGAME-26OCT04NEBUF-BUF,,BUF,NE,2026-10-04T20:00:00Z,home,0.73,0.74,0.735,0.01,9833.59,94261.22,74736.37,21453.54,62756.64,active,kalshi,2026-10-01T00:46:48.779433+00:00
nfl,NFL,KXNFLGAME-26OCT04NYJCHI,KXNFLGAME-26OCT04NYJCHI-NYJ,,CHI,NYJ,2026-10-04T20:00:00Z,away,0.38,0.39,0.385,0.01,6274.95,122058.45,26488.99,7560.37,21766.88,active,kalshi,2026-10-01T00:46:48.779433+00:00
nfl,NFL,KXNFLGAME-26OCT04NYJCHI,KXNFLGAME-26OCT04NYJCHI-CHI,,CHI,NYJ,2026-10-04T20:00:00Z,home,0.62,0.63,0.625,0.01,5184.33,163588.9,45215.44,15188.32,40685.78,active,kalshi,2026-10-01T00:46:48.779433+00:00
nfl,NFL,KXNFLGAME-26OCT04TENBAL,KXNFLGAME-26OCT04TENBAL-TEN,,BAL,TEN,2026-10-04T20:00:00Z,away,0.14,0.15,0.14500000000000002,0.01,40327.26,318263.35,148332.62,49826.5,125093.85,active,kalshi,2026-10-01T00:46:48.779433+00:00
nfl,NFL,KXNFLGAME-26OCT04TENBAL,KXNFLGAME-26OCT04TENBAL-BAL,,BAL,TEN,2026-10-04T20:00:00Z,home,0.85,0.86,0.855,0.01,302308.22,130878.66,122925.88,36368.9,93448.52,active,kalshi,2026-10-01T00:46:48.779433+00:00
nfl,NFL,KXNFLGAME-26OCT05ATLNO,KXNFLGAME-26OCT05ATLNO-ATL,,NO,ATL,2026-10-06T03:15:00Z,away,0.43,0.44,0.435,0.01,151967.11,23008.76,82089.67,9030.24,66699.51,active,kalshi,2026-10-01T00:46:48.779433+00:00
nfl,NFL,KXNFLGAME-26OCT05ATLNO,KXNFLGAME-26OCT05ATLNO-NO,,NO,ATL,2026-10-06T03:15:00Z,home,0.56,0.57,0.565,0.01,601.78,172994.69,28176.39,2937.66,25168.61,active,kalshi,2026-10-01T00:46:48.779433+00:00
nfl,NFL,KXNFLGAME-26OCT08TBDAL,KXNFLGAME-26OCT08TBDAL-TB,,DAL,TB,2026-10-09T03:15:00Z,away,0.18,0.2,0.19,0.02,7679.13,468.13,9860.36,5365.94,7507.7,active,kalshi,2026-10-01T00:46:48.779433+00:00
nfl,NFL,KXNFLGAME-26OCT08TBDAL,KXNFLGAME-26OCT08TBDAL-DAL,,DAL,TB,2026-10-09T03:15:00Z,home,0.81,0.82,0.815,0.01,231.61,123.88,5158.73,2151.4,4413.69,active,kalshi,2026-10-01T00:46:48.779433+00:00
nfl,NFL,KXNFLGAME-26OCT11BALATL,KXNFLGAME-26OCT11BALATL-BAL,,ATL,BAL,2026-10-12T03:20:00Z,away,0.72,0.75,0.735,0.03,8.75,10185.87,10588.74,156.8,10451.3,active,kalshi,2026-10-01T00:46:48.779433+00:00
nfl,NFL,KXNFLGAME-26OCT11BALATL,KXNFLGAME-26OCT11BALATL-ATL,,ATL,BAL,2026-10-12T03:20:00Z,home,0.27,0.29,0.28,0.02,28.0,515.0,14423.99,568.17,13043.89,active,kalshi,2026-10-01T00:46:48.779433+00:00
nfl,NFL,KXNFLGAME-26OCT11CHIGB,KXNFLGAME-26OCT11CHIGB-CHI,,GB,CHI,2026-10-11T23:25:00Z,away,0.45,0.47,0.45999999999999996,0.02,3.17,2453.97,8848.7,5680.84,7494.38,active,kalshi,2026-10-01T00:46:48.779433+00:00
nfl,NFL,KXNFLGAME-26OCT11CHIGB,KXNFLGAME-26OCT11CHIGB-GB,,GB,CHI,2026-10-11T23:25:00Z,home,0.54,0.56,0.55,0.02,36.98,105.0,1715.6,1267.66,1499.44,active,kalshi,2026-10-01T00:46:48.779433+00:00
nfl,NFL,KXNFLGAME-26OCT11CINMIA,KXNFLGAME-26OCT11CINMIA-CIN,,MIA,CIN,2026-10-11T20:00:00Z,away,0.8,0.83,0.815,0.03,10541.59,595.0,3898.76,280.32,3707.24,active,kalshi,2026-10-01T00:46:48.779433+00:00
nfl,NFL,KXNFLGAME-26OCT11CINMIA,KXNFLGAME-26OCT11CINMIA-MIA,,MIA,CIN,2026-10-11T20:00:00Z,home,0.18,0.19,0.185,0.01,28.0,1.04,2050.56,193.99,1373.86,active,kalshi,2026-10-01T00:46:48.779433+00:00
nfl,NFL,KXNFLGAME-26OCT11CLENYJ,KXNFLGAME-26OCT11CLENYJ-CLE,,NYJ,CLE,2026-10-11T20:00:00Z,away,0.42,0.45,0.435,0.03,1979.0,2168.0,557.63,176.65,557.63,active,kalshi,2026-10-01T00:46:48.779433+00:00
nfl,NFL,KXNFLGAME-26OCT11CLENYJ,KXNFLGAME-26OCT11CLENYJ-NYJ,,NYJ,CLE,2026-10-11T20:00:00Z,home,0.55,0.58,0.565,0.03,1095.14,2573.0,2766.15,106.22,2766.15,active,kalshi,2026-10-01T00:46:48.779433+00:00
nfl,NFL,KXNFLGAME-26OCT11DENLAC,KXNFLGAME-26OCT11DENLAC-DEN,,LAC,DEN,2026-10-11T23:05:00Z,away,0.54,0.56,0.55,0.02,29.0,12386.0,974.38,286.17,960.36,active,kalshi,2026-10-01T00:46:48.779433+00:00
nfl,NFL,KXNFLGAME-26OCT11DENLAC,KXNFLGAME-26OCT11DENLAC-LAC,,LAC,DEN,2026-10-11T23:05:00Z,home,0.44,0.47,0.45499999999999996,0.03,557.0,3083.08,625.26,107.08,523.31,active,kalshi,2026-10-01T00:46:48.779433+00:00
nfl,NFL,KXNFLGAME-26OCT11DETARI,KXNFLGAME-26OCT11DETARI-DET,,ARI,DET,2026-10-11T23:25:00Z,away,0.68,0.69,0.685,0.01,5.0,30.78,4335.77,103.48,2123.14,active,kalshi,2026-10-01T00:46:48.779433+00:00
nfl,NFL,KXNFLGAME-26OCT11DETARI,KXNFLGAME-26OCT11DETARI-ARI,,ARI,DET,2026-10-11T23:25:00Z,home,0.3,0.34,0.32,0.04,14780.32,3327.0,2834.66,223.4,2659.8,active,kalshi,2026-10-01T00:46:48.779433+00:00
nfl,NFL,KXNFLGAME-26OCT11HOUTEN,KXNFLGAME-26OCT11HOUTEN-HOU,,TEN,HOU,2026-10-11T20:00:00Z,away,0.73,0.75,0.74,0.02,25.71,2398.0,11650.86,331.23,10874.94,active,kalshi,2026-10-01T00:46:48.779433+00:00
nfl,NFL,KXNFLGAME-26OCT11HOUTEN,KXNFLGAME-26OCT11HOUTEN-TEN,,TEN,HOU,2026-10-11T20:00:00Z,home,0.25,0.27,0.26,0.02,416.35,2.0,10540.23,267.67,10378.76,active,kalshi,2026-10-01T00:46:48.779433+00:00
nfl,NFL,KXNFLGAME-26OCT11INDPIT,KXNFLGAME-26OCT11INDPIT-IND,,PIT,IND,2026-10-11T20:00:00Z,away,0.42,0.44,0.43,0.02,53.86,14788.66,214.24,151.44,210.4,active,kalshi,2026-10-01T00:46:48.779433+00:00
nfl,NFL,KXNFLGAME-26OCT11INDPIT,KXNFLGAME-26OCT11INDPIT-PIT,,PIT,IND,2026-10-11T20:00:00Z,home,0.56,0.58,0.5700000000000001,0.02,2498.3,556.51,961.41,173.22,892.27,active,kalshi,2026-10-01T00:46:48.779433+00:00
nfl,NFL,KXNFLGAME-26OCT11LVNE,KXNFLGAME-26OCT11LVNE-LV,,NE,LV,2026-10-11T20:00:00Z,away,0.4,0.41,0.405,0.01,33.0,77.0,12823.06,6075.87,12162.49,active,kalshi,2026-10-01T00:46:48.779433+00:00
nfl,NFL,KXNFLGAME-26OCT11LVNE,KXNFLGAME-26OCT11LVNE-NE,,NE,LV,2026-10-11T20:00:00Z,home,0.6,0.61,0.605,0.01,454.0,56.3,1823.17,582.93,1373.64,active,kalshi,2026-10-01T00:46:48.779433+00:00
nfl,NFL,KXNFLGAME-26OCT11MINNO,KXNFLGAME-26OCT11MINNO-MIN,,NO,MIN,2026-10-11T20:00:00Z,away,0.53,0.54,0.535,0.01,15.0,5570.08,3140.77,1253.33,3097.19,active,kalshi,2026-10-01T00:46:48.779433+00:00
nfl,NFL,KXNFLGAME-26OCT11MINNO,KXNFLGAME-26OCT11MINNO-NO,,NO,MIN,2026-10-11T20:00:00Z,home,0.47,0.48,0.475,0.01,1.0,1.0,311.48,127.54,311.48,active,kalshi,2026-10-01T00:46:48.779433+00:00
nfl,NFL,KXNFLGAME-26OCT11NYGWAS,KXNFLGAME-26OCT11NYGWAS-NYG,,WAS,NYG,2026-10-11T20:00:00Z,away,0.43,0.45,0.44,0.02,13000.0,60.0,567.6,327.18,494.78,active,kalshi,2026-10-01T00:46:48.779433+00:00
nfl,NFL,KXNFLGAME-26OCT11NYGWAS,KXNFLGAME-26OCT11NYGWAS-WAS,,WAS,NYG,2026-10-11T20:00:00Z,home,0.55,0.59,0.5700000000000001,0.04,769.24,22871.77,364.77,227.13,364.77,active,kalshi,2026-10-01T00:46:48.779433+00:00
nfl,NFL,KXNFLGAME-26OCT11PHIJAC,KXNFLGAME-26OCT11PHIJAC-PHI,,JAX,PHI,2026-10-11T16:30:00Z,away,0.42,0.43,0.425,0.01,50.6,70.0,1613.54,566.62,1199.38,active,kalshi,2026-10-01T00:46:48.779433+00:00
nfl,NFL,KXNFLGAME-26OCT11PHIJAC,KXNFLGAME-26OCT11PHIJAC-JAC,,JAX,PHI,2026-10-11T16:30:00Z,home,0.58,0.6,0.59,0.02,17.14,97.63,1374.41,317.84,1302.62,active,kalshi,2026-10-01T00:46:48.779433+00:00
nfl,NFL,KXNFLGAME-26OCT11SFSEA,KXNFLGAME-26OCT11SFSEA-SF,,SEA,SF,2026-10-11T23:25:00Z,away,0.38,0.4,0.39,0.02,53.0,4828.0,33565.44,4739.13,25300.7,active,kalshi,2026-10-01T00:46:48.779433+00:00
nfl,NFL,KXNFLGAME-26OCT11SFSEA,KXNFLGAME-26OCT11SFSEA-SEA,,SEA,SF,2026-10-11T23:25:00Z,home,0.62,0.64,0.63,0.02,45.13,114.73,32470.26,717.3,29072.2,active,kalshi,2026-10-01T00:46:48.779433+00:00
nfl,NFL,KXNFLGAME-26OCT12BUFLAR,KXNFLGAME-26OCT12BUFLAR-BUF,,LA,BUF,2026-10-13T03:15:00Z,away,0.46,0.48,0.47,0.02,10095.32,16.0,1724.14,815.17,1720.87,active,kalshi,2026-10-01T00:46:48.779433+00:00
nfl,NFL,KXNFLGAME-26OCT12BUFLAR,KXNFLGAME-26OCT12BUFLAR-LAR,,LA,BUF,2026-10-13T03:15:00Z,home,0.52,0.54,0.53,0.02,3.0,1983.64,369.4,199.78,364.14,active,kalshi,2026-10-01T00:46:48.779433+00:00
nfl,NFL,KXNFLGAME-26OCT01PITCLE,KXNFLGAME-26OCT01PITCLE-PIT,,CLE,PIT,2026-10-02T03:15:00Z,away,0.57,0.58,0.575,0.01,878546.69,2514431.45,393351.98,176628.39,306341.65,active,kalshi,2026-10-01T01:05:57.435692+00:00
nfl,NFL,KXNFLGAME-26OCT01PITCLE,KXNFLGAME-26OCT01PITCLE-CLE,,CLE,PIT,2026-10-02T03:15:00Z,home,0.42,0.43,0.425,0.01,176668.73,2932381.34,343449.73,184724.41,315698.52,active,kalshi,2026-10-01T01:05:57.435692+00:00
nfl,NFL,KXNFLGAME-26OCT04ARINYG,KXNFLGAME-26OCT04ARINYG-ARI,,NYG,ARI,2026-10-04T20:00:00Z,away,0.56,0.57,0.565,0.01,144.95,323310.23,77924.82,7086.69,71540.6,active,kalshi,2026-10-01T01:05:57.435692+00:00
nfl,NFL,KXNFLGAME-26OCT04ARINYG,KXNFLGAME-26OCT04ARINYG-NYG,,NYG,ARI,2026-10-04T20:00:00Z,home,0.43,0.44,0.435,0.01,306610.47,18020.09,47424.16,13605.23,42350.43,active,kalshi,2026-10-01T01:05:57.435692+00:00
nfl,NFL,KXNFLGAME-26OCT04DALHOU,KXNFLGAME-26OCT04DALHOU-DAL,,HOU,DAL,2026-10-04T20:00:00Z,away,0.4,0.41,0.405,0.01,17419.9,318260.19,264924.04,84930.88,223591.34,active,kalshi,2026-10-01T01:05:57.435692+00:00
nfl,NFL,KXNFLGAME-26OCT04DALHOU,KXNFLGAME-26OCT04DALHOU-HOU,,HOU,DAL,2026-10-04T20:00:00Z,home,0.59,0.6,0.595,0.01,12251.64,17471.08,51186.46,15280.98,39017.36,active,kalshi,2026-10-01T01:05:57.435692+00:00
nfl,NFL,KXNFLGAME-26OCT04DENSF,KXNFLGAME-26OCT04DENSF-DEN,,SF,DEN,2026-10-04T23:25:00Z,away,0.42,0.43,0.425,0.01,82286.03,521.27,103022.19,27708.43,80423.98,active,kalshi,2026-10-01T01:05:57.435692+00:00
nfl,NFL,KXNFLGAME-26OCT04DENSF,KXNFLGAME-26OCT04DENSF-SF,,SF,DEN,2026-10-04T23:25:00Z,home,0.57,0.58,0.575,0.01,7912.99,117463.42,145811.57,26102.25,130255.92,active,kalshi,2026-10-01T01:05:57.435692+00:00
nfl,NFL,KXNFLGAME-26OCT04DETCAR,KXNFLGAME-26OCT04DETCAR-DET,,CAR,DET,2026-10-05T03:20:00Z,away,0.64,0.65,0.645,0.01,5461.01,155595.99,30804.17,7831.1,28646.9,active,kalshi,2026-10-01T01:05:57.435692+00:00
nfl,NFL,KXNFLGAME-26OCT04DETCAR,KXNFLGAME-26OCT04DETCAR-CAR,,CAR,DET,2026-10-05T03:20:00Z,home,0.35,0.36,0.355,0.01,37856.15,13945.2,27743.96,8053.57,22777.22,active,kalshi,2026-10-01T01:05:57.435692+00:00
nfl,NFL,KXNFLGAME-26OCT04GBTB,KXNFLGAME-26OCT04GBTB-GB,,TB,GB,2026-10-04T20:00:00Z,away,0.62,0.63,0.625,0.01,26768.93,74389.27,115901.19,8454.97,97065.5,active,kalshi,2026-10-01T01:05:57.435692+00:00
nfl,NFL,KXNFLGAME-26OCT04GBTB,KXNFLGAME-26OCT04GBTB-TB,,TB,GB,2026-10-04T20:00:00Z,home,0.37,0.38,0.375,0.01,874.65,117600.47,89793.1,15044.67,68349.74,active,kalshi,2026-10-01T01:05:57.435692+00:00
nfl,NFL,KXNFLGAME-26OCT04INDWAS,KXNFLGAME-26OCT04INDWAS-IND,,WAS,IND,2026-10-04T16:30:00Z,away,0.63,0.64,0.635,0.01,347271.91,83565.49,35876.94,6604.78,29057.6,active,kalshi,2026-10-01T01:05:57.435692+00:00
nfl,NFL,KXNFLGAME-26OCT04INDWAS,KXNFLGAME-26OCT04INDWAS-WAS,,WAS,IND,2026-10-04T16:30:00Z,home,0.36,0.37,0.365,0.01,76536.38,393675.34,75070.29,22721.94,63194.55,active,kalshi,2026-10-01T01:05:57.435692+00:00
nfl,NFL,KXNFLGAME-26OCT04JACCIN,KXNFLGAME-26OCT04JACCIN-JAC,,CIN,JAX,2026-10-04T20:00:00Z,away,0.42,0.43,0.425,0.01,14695.54,344551.15,61858.55,25062.98,55811.86,active,kalshi,2026-10-01T01:05:57.435692+00:00
nfl,NFL,KXNFLGAME-26OCT04JACCIN,KXNFLGAME-26OCT04JACCIN-CIN,,CIN,JAX,2026-10-04T20:00:00Z,home,0.57,0.58,0.575,0.01,317990.73,57492.5,35228.09,5654.15,32459.43,active,kalshi,2026-10-01T01:05:57.435692+00:00
nfl,NFL,KXNFLGAME-26OCT04KCLV,KXNFLGAME-26OCT04KCLV-KC,,LV,KC,2026-10-04T23:25:00Z,away,0.64,0.66,0.65,0.02,333110.47,285370.15,325329.9,78191.6,233311.65,active,kalshi,2026-10-01T01:05:57.435692+00:00
nfl,NFL,KXNFLGAME-26OCT04KCLV,KXNFLGAME-26OCT04KCLV-LV,,LV,KC,2026-10-04T23:25:00Z,home,0.34,0.36,0.35,0.02,49933.42,376160.17,733811.56,201998.9,637290.44,active,kalshi,2026-10-01T01:05:57.435692+00:00
nfl,NFL,KXNFLGAME-26OCT04LACSEA,KXNFLGAME-26OCT04LACSEA-LAC,,SEA,LAC,2026-10-04T23:25:00Z,away,0.24,0.25,0.245,0.01,33671.76,420.2,52916.54,17991.28,49397.35,active,kalshi,2026-10-01T01:05:57.435692+00:00
nfl,NFL,KXNFLGAME-26OCT04LACSEA,KXNFLGAME-26OCT04LACSEA-SEA,,SEA,LAC,2026-10-04T23:25:00Z,home,0.75,0.76,0.755,0.01,1458.41,67761.53,34150.51,12155.22,29771.51,active,kalshi,2026-10-01T01:05:57.435692+00:00
nfl,NFL,KXNFLGAME-26OCT04LARPHI,KXNFLGAME-26OCT04LARPHI-LAR,,PHI,LA,2026-10-04T20:00:00Z,away,0.61,0.62,0.615,0.01,8084.58,372532.92,95825.75,20056.48,80845.85,active,kalshi,2026-10-01T01:05:57.435692+00:00
nfl,NFL,KXNFLGAME-26OCT04LARPHI,KXNFLGAME-26OCT04LARPHI-PHI,,PHI,LA,2026-10-04T20:00:00Z,home,0.38,0.39,0.385,0.01,337184.49,9613.28,97713.66,17580.46,64166.13,active,kalshi,2026-10-01T01:05:57.435692+00:00
nfl,NFL,KXNFLGAME-26OCT04MIAMIN,KXNFLGAME-26OCT04MIAMIN-MIA,,MIN,MIA,2026-10-04T23:05:00Z,away,0.16,0.17,0.165,0.01,9510.53,63183.35,99803.59,28535.45,90181.66,active,kalshi,2026-10-01T01:05:57.435692+00:00
nfl,NFL,KXNFLGAME-26OCT04MIAMIN,KXNFLGAME-26OCT04MIAMIN-MIN,,MIN,MIA,2026-10-04T23:05:00Z,home,0.83,0.84,0.835,0.01,16432.67,21958.32,68920.94,21310.47,58560.06,active,kalshi,2026-10-01T01:05:57.435692+00:00
nfl,NFL,KXNFLGAME-26OCT04NEBUF,KXNFLGAME-26OCT04NEBUF-NE,,BUF,NE,2026-10-04T20:00:00Z,away,0.26,0.27,0.265,0.01,11308.58,19176.58,72324.13,23405.26,48906.67,active,kalshi,2026-10-01T01:05:57.435692+00:00
nfl,NFL,KXNFLGAME-26OCT04NEBUF,KXNFLGAME-26OCT04NEBUF-BUF,,BUF,NE,2026-10-04T20:00:00Z,home,0.73,0.74,0.735,0.01,9833.59,91105.75,74892.84,21404.58,62913.11,active,kalshi,2026-10-01T01:05:57.435692+00:00
nfl,NFL,KXNFLGAME-26OCT04NYJCHI,KXNFLGAME-26OCT04NYJCHI-NYJ,,CHI,NYJ,2026-10-04T20:00:00Z,away,0.38,0.39,0.385,0.01,6298.92,121682.64,26638.39,7750.82,21916.28,active,kalshi,2026-10-01T01:05:57.435692+00:00
nfl,NFL,KXNFLGAME-26OCT04NYJCHI,KXNFLGAME-26OCT04NYJCHI-CHI,,CHI,NYJ,2026-10-04T20:00:00Z,home,0.62,0.63,0.625,0.01,5227.57,163347.51,45621.62,15065.06,41091.96,active,kalshi,2026-10-01T01:05:57.435692+00:00
nfl,NFL,KXNFLGAME-26OCT04TENBAL,KXNFLGAME-26OCT04TENBAL-TEN,,BAL,TEN,2026-10-04T20:00:00Z,away,0.14,0.15,0.14500000000000002,0.01,40340.66,326902.49,148718.48,48924.58,125479.71,active,kalshi,2026-10-01T01:05:57.435692+00:00
nfl,NFL,KXNFLGAME-26OCT04TENBAL,KXNFLGAME-26OCT04TENBAL-BAL,,BAL,TEN,2026-10-04T20:00:00Z,home,0.85,0.86,0.855,0.01,303291.84,130686.65,123573.27,35541.35,93831.07,active,kalshi,2026-10-01T01:05:57.435692+00:00
nfl,NFL,KXNFLGAME-26OCT05ATLNO,KXNFLGAME-26OCT05ATLNO-ATL,,NO,ATL,2026-10-06T03:15:00Z,away,0.43,0.44,0.435,0.01,176509.91,19758.15,82340.28,7907.49,66950.12,active,kalshi,2026-10-01T01:05:57.435692+00:00
nfl,NFL,KXNFLGAME-26OCT05ATLNO,KXNFLGAME-26OCT05ATLNO-NO,,NO,ATL,2026-10-06T03:15:00Z,home,0.56,0.57,0.565,0.01,604.38,222135.14,28253.6,2979.51,25245.82,active,kalshi,2026-10-01T01:05:57.435692+00:00
nfl,NFL,KXNFLGAME-26OCT08TBDAL,KXNFLGAME-26OCT08TBDAL-TB,,DAL,TB,2026-10-09T03:15:00Z,away,0.18,0.2,0.19,0.02,7684.13,426.99,9905.5,5211.71,7552.84,active,kalshi,2026-10-01T01:05:57.435692+00:00
nfl,NFL,KXNFLGAME-26OCT08TBDAL,KXNFLGAME-26OCT08TBDAL-DAL,,DAL,TB,2026-10-09T03:15:00Z,home,0.81,0.82,0.815,0.01,214.61,1199.02,5165.0,2157.67,4419.96,active,kalshi,2026-10-01T01:05:57.435692+00:00
nfl,NFL,KXNFLGAME-26OCT11BALATL,KXNFLGAME-26OCT11BALATL-BAL,,ATL,BAL,2026-10-12T03:20:00Z,away,0.72,0.74,0.73,0.02,8.75,133.0,10588.74,123.79,10451.3,active,kalshi,2026-10-01T01:05:57.435692+00:00
nfl,NFL,KXNFLGAME-26OCT11BALATL,KXNFLGAME-26OCT11BALATL-ATL,,ATL,BAL,2026-10-12T03:20:00Z,home,0.26,0.29,0.275,0.03,162.0,2700.37,14423.99,561.13,13043.89,active,kalshi,2026-10-01T01:05:57.435692+00:00
nfl,NFL,KXNFLGAME-26OCT11CHIGB,KXNFLGAME-26OCT11CHIGB-CHI,,GB,CHI,2026-10-11T23:25:00Z,away,0.45,0.47,0.45999999999999996,0.02,3.17,2405.94,8889.73,5719.78,7535.41,active,kalshi,2026-10-01T01:05:57.435692+00:00
nfl,NFL,KXNFLGAME-26OCT11CHIGB,KXNFLGAME-26OCT11CHIGB-GB,,GB,CHI,2026-10-11T23:25:00Z,home,0.54,0.56,0.55,0.02,25.98,94.0,1715.6,1267.66,1499.44,active,kalshi,2026-10-01T01:05:57.435692+00:00
nfl,NFL,KXNFLGAME-26OCT11CINMIA,KXNFLGAME-26OCT11CINMIA-CIN,,MIA,CIN,2026-10-11T20:00:00Z,away,0.8,0.83,0.815,0.03,10618.33,509.0,3898.76,280.32,3707.24,active,kalshi,2026-10-01T01:05:57.435692+00:00
nfl,NFL,KXNFLGAME-26OCT11CINMIA,KXNFLGAME-26OCT11CINMIA-MIA,,MIA,CIN,2026-10-11T20:00:00Z,home,0.18,0.19,0.185,0.01,28.0,1.04,2050.56,144.04,1373.86,active,kalshi,2026-10-01T01:05:57.435692+00:00
nfl,NFL,KXNFLGAME-26OCT11CLENYJ,KXNFLGAME-26OCT11CLENYJ-CLE,,NYJ,CLE,2026-10-11T20:00:00Z,away,0.42,0.45,0.435,0.03,4980.0,3168.0,557.63,176.65,557.63,active,kalshi,2026-10-01T01:05:57.435692+00:00
nfl,NFL,KXNFLGAME-26OCT11CLENYJ,KXNFLGAME-26OCT11CLENYJ-NYJ,,NYJ,CLE,2026-10-11T20:00:00Z,home,0.55,0.58,0.565,0.03,1095.14,2673.0,2766.15,106.22,2766.15,active,kalshi,2026-10-01T01:05:57.435692+00:00
nfl,NFL,KXNFLGAME-26OCT11DENLAC,KXNFLGAME-26OCT11DENLAC-DEN,,LAC,DEN,2026-10-11T23:05:00Z,away,0.54,0.56,0.55,0.02,29.0,13278.68,991.7,260.41,977.68,active,kalshi,2026-10-01T01:05:57.435692+00:00
nfl,NFL,KXNFLGAME-26OCT11DENLAC,KXNFLGAME-26OCT11DENLAC-LAC,,LAC,DEN,2026-10-11T23:05:00Z,home,0.44,0.47,0.45499999999999996,0.03,3086.0,3083.08,625.26,107.08,523.31,active,kalshi,2026-10-01T01:05:57.435692+00:00
nfl,NFL,KXNFLGAME-26OCT11DETARI,KXNFLGAME-26OCT11DETARI-DET,,ARI,DET,2026-10-11T23:25:00Z,away,0.68,0.69,0.685,0.01,5.0,10.0,4335.77,103.48,2123.14,active,kalshi,2026-10-01T01:05:57.435692+00:00
nfl,NFL,KXNFLGAME-26OCT11DETARI,KXNFLGAME-26OCT11DETARI-ARI,,ARI,DET,2026-10-11T23:25:00Z,home,0.3,0.34,0.32,0.04,14780.32,3327.0,2834.66,223.4,2659.8,active,kalshi,2026-10-01T01:05:57.435692+00:00
nfl,NFL,KXNFLGAME-26OCT11HOUTEN,KXNFLGAME-26OCT11HOUTEN-HOU,,TEN,HOU,2026-10-11T20:00:00Z,away,0.73,0.76,0.745,0.03,25.71,124.3,11650.86,331.23,10874.94,active,kalshi,2026-10-01T01:05:57.435692+00:00
nfl,NFL,KXNFLGAME-26OCT11HOUTEN,KXNFLGAME-26OCT11HOUTEN-TEN,,TEN,HOU,2026-10-11T20:00:00Z,home,0.25,0.27,0.26,0.02,523.35,16.3,10540.93,268.37,10379.46,active,kalshi,2026-10-01T01:05:57.435692+00:00
nfl,NFL,KXNFLGAME-26OCT11INDPIT,KXNFLGAME-26OCT11INDPIT-IND,,PIT,IND,2026-10-11T20:00:00Z,away,0.42,0.44,0.43,0.02,53.86,14788.66,214.24,109.8,210.4,active,kalshi,2026-10-01T01:05:57.435692+00:00
nfl,NFL,KXNFLGAME-26OCT11INDPIT,KXNFLGAME-26OCT11INDPIT-PIT,,PIT,IND,2026-10-11T20:00:00Z,home,0.56,0.58,0.5700000000000001,0.02,2498.3,556.51,961.41,173.22,892.27,active,kalshi,2026-10-01T01:05:57.435692+00:00
nfl,NFL,KXNFLGAME-26OCT11LVNE,KXNFLGAME-26OCT11LVNE-LV,,NE,LV,2026-10-11T20:00:00Z,away,0.39,0.41,0.4,0.02,376.0,3.0,12875.88,6128.69,12215.31,active,kalshi,2026-10-01T01:05:57.435692+00:00
nfl,NFL,KXNFLGAME-26OCT11LVNE,KXNFLGAME-26OCT11LVNE-NE,,NE,LV,2026-10-11T20:00:00Z,home,0.6,0.61,0.605,0.01,454.0,158.3,1823.17,582.93,1373.64,active,kalshi,2026-10-01T01:05:57.435692+00:00
nfl,NFL,KXNFLGAME-26OCT11MINNO,KXNFLGAME-26OCT11MINNO-MIN,,NO,MIN,2026-10-11T20:00:00Z,away,0.53,0.54,0.535,0.01,455.0,5564.08,3140.77,1217.63,3097.19,active,kalshi,2026-10-01T01:05:57.435692+00:00
nfl,NFL,KXNFLGAME-26OCT11MINNO,KXNFLGAME-26OCT11MINNO-NO,,NO,MIN,2026-10-11T20:00:00Z,home,0.45,0.47,0.45999999999999996,0.02,3297.27,549.0,311.48,127.54,311.48,active,kalshi,2026-10-01T01:05:57.435692+00:00
nfl,NFL,KXNFLGAME-26OCT11NYGWAS,KXNFLGAME-26OCT11NYGWAS-NYG,,WAS,NYG,2026-10-11T20:00:00Z,away,0.43,0.45,0.44,0.02,13000.0,60.0,567.6,284.65,494.78,active,kalshi,2026-10-01T01:05:57.435692+00:00
nfl,NFL,KXNFLGAME-26OCT11NYGWAS,KXNFLGAME-26OCT11NYGWAS-WAS,,WAS,NYG,2026-10-11T20:00:00Z,home,0.55,0.58,0.565,0.03,744.24,4069.0,364.77,227.13,364.77,active,kalshi,2026-10-01T01:05:57.435692+00:00
nfl,NFL,KXNFLGAME-26OCT11PHIJAC,KXNFLGAME-26OCT11PHIJAC-PHI,,JAX,PHI,2026-10-11T16:30:00Z,away,0.42,0.43,0.425,0.01,52.6,70.0,1613.54,562.35,1199.38,active,kalshi,2026-10-01T01:05:57.435692+00:00
nfl,NFL,KXNFLGAME-26OCT11PHIJAC,KXNFLGAME-26OCT11PHIJAC-JAC,,JAX,PHI,2026-10-11T16:30:00Z,home,0.58,0.6,0.59,0.02,17.92,58.97,1374.41,317.84,1302.62,active,kalshi,2026-10-01T01:05:57.435692+00:00
nfl,NFL,KXNFLGAME-26OCT11SFSEA,KXNFLGAME-26OCT11SFSEA-SF,,SEA,SF,2026-10-11T23:25:00Z,away,0.38,0.4,0.39,0.02,51.0,2828.0,33565.44,4758.04,25300.7,active,kalshi,2026-10-01T01:05:57.435692+00:00
nfl,NFL,KXNFLGAME-26OCT11SFSEA,KXNFLGAME-26OCT11SFSEA-SEA,,SEA,SF,2026-10-11T23:25:00Z,home,0.62,0.64,0.63,0.02,45.13,99.8,32470.26,717.3,29072.2,active,kalshi,2026-10-01T01:05:57.435692+00:00
nfl,NFL,KXNFLGAME-26OCT12BUFLAR,KXNFLGAME-26OCT12BUFLAR-BUF,,LA,BUF,2026-10-13T03:15:00Z,away,0.46,0.48,0.47,0.02,10059.32,3.0,1724.14,815.17,1720.87,active,kalshi,2026-10-01T01:05:57.435692+00:00
nfl,NFL,KXNFLGAME-26OCT12BUFLAR,KXNFLGAME-26OCT12BUFLAR-LAR,,LA,BUF,2026-10-13T03:15:00Z,home,0.52,0.54,0.53,0.02,3.0,1883.64,369.4,199.78,364.14,active,kalshi,2026-10-01T01:05:57.435692+00:00
nfl,NFL,KXNFLGAME-26OCT01PITCLE,KXNFLGAME-26OCT01PITCLE-PIT,,CLE,PIT,2026-10-02T03:15:00Z,away,0.57,0.58,0.575,0.01,871793.48,2493964.48,400838.37,183111.79,313109.9,active,kalshi,2026-10-01T01:36:49.603373+00:00
nfl,NFL,KXNFLGAME-26OCT01PITCLE,KXNFLGAME-26OCT01PITCLE-CLE,,CLE,PIT,2026-10-02T03:15:00Z,home,0.42,0.43,0.425,0.01,174002.09,5470815.64,350183.67,188169.13,321070.49,active,kalshi,2026-10-01T01:36:49.603373+00:00
nfl,NFL,KXNFLGAME-26OCT04ARINYG,KXNFLGAME-26OCT04ARINYG-ARI,,NYG,ARI,2026-10-04T20:00:00Z,away,0.56,0.57,0.565,0.01,102.37,322354.38,78093.83,7116.27,71620.45,active,kalshi,2026-10-01T01:36:49.603373+00:00
nfl,NFL,KXNFLGAME-26OCT04ARINYG,KXNFLGAME-26OCT04ARINYG-NYG,,NYG,ARI,2026-10-04T20:00:00Z,home,0.43,0.44,0.435,0.01,305634.47,17853.75,47592.5,13280.98,42518.77,active,kalshi,2026-10-01T01:36:49.603373+00:00
nfl,NFL,KXNFLGAME-26OCT04DALHOU,KXNFLGAME-26OCT04DALHOU-DAL,,HOU,DAL,2026-10-04T20:00:00Z,away,0.4,0.41,0.405,0.01,18098.04,315756.9,268202.99,86145.26,226826.57,active,kalshi,2026-10-01T01:36:49.603373+00:00
nfl,NFL,KXNFLGAME-26OCT04DALHOU,KXNFLGAME-26OCT04DALHOU-HOU,,HOU,DAL,2026-10-04T20:00:00Z,home,0.59,0.6,0.595,0.01,11655.24,61533.46,51263.48,15266.08,39093.58,active,kalshi,2026-10-01T01:36:49.603373+00:00
nfl,NFL,KXNFLGAME-26OCT04DENSF,KXNFLGAME-26OCT04DENSF-DEN,,SF,DEN,2026-10-04T23:25:00Z,away,0.42,0.43,0.425,0.01,85277.55,700.0,103615.28,27872.88,81003.73,active,kalshi,2026-10-01T01:36:49.603373+00:00
nfl,NFL,KXNFLGAME-26OCT04DENSF,KXNFLGAME-26OCT04DENSF-SF,,SF,DEN,2026-10-04T23:25:00Z,home,0.57,0.58,0.575,0.01,7872.59,106808.21,146804.18,26388.64,131208.13,active,kalshi,2026-10-01T01:36:49.603373+00:00
nfl,NFL,KXNFLGAME-26OCT04DETCAR,KXNFLGAME-26OCT04DETCAR-DET,,CAR,DET,2026-10-05T03:20:00Z,away,0.64,0.65,0.645,0.01,5461.01,156306.83,30894.33,7409.24,28726.04,active,kalshi,2026-10-01T01:36:49.603373+00:00
nfl,NFL,KXNFLGAME-26OCT04DETCAR,KXNFLGAME-26OCT04DETCAR-CAR,,CAR,DET,2026-10-05T03:20:00Z,home,0.35,0.36,0.355,0.01,34859.15,14164.4,27906.66,8278.14,22939.92,active,kalshi,2026-10-01T01:36:49.603373+00:00
nfl,NFL,KXNFLGAME-26OCT04GBTB,KXNFLGAME-26OCT04GBTB-GB,,TB,GB,2026-10-04T20:00:00Z,away,0.62,0.63,0.625,0.01,26768.93,74079.1,116210.36,8431.32,97374.67,active,kalshi,2026-10-01T01:36:49.603373+00:00
nfl,NFL,KXNFLGAME-26OCT04GBTB,KXNFLGAME-26OCT04GBTB-TB,,TB,GB,2026-10-04T20:00:00Z,home,0.37,0.38,0.375,0.01,853.58,115058.52,92436.05,17129.64,70992.69,active,kalshi,2026-10-01T01:36:49.603373+00:00
nfl,NFL,KXNFLGAME-26OCT04INDWAS,KXNFLGAME-26OCT04INDWAS-IND,,WAS,IND,2026-10-04T16:30:00Z,away,0.63,0.64,0.635,0.01,347271.91,93909.8,36031.97,6529.66,29212.63,active,kalshi,2026-10-01T01:36:49.603373+00:00
nfl,NFL,KXNFLGAME-26OCT04INDWAS,KXNFLGAME-26OCT04INDWAS-WAS,,WAS,IND,2026-10-04T16:30:00Z,home,0.36,0.37,0.365,0.01,77505.38,393245.14,75500.49,22203.73,63624.75,active,kalshi,2026-10-01T01:36:49.603373+00:00
nfl,NFL,KXNFLGAME-26OCT04JACCIN,KXNFLGAME-26OCT04JACCIN-JAC,,CIN,JAX,2026-10-04T20:00:00Z,away,0.42,0.43,0.425,0.01,19945.54,344213.62,62297.08,25184.93,56250.39,active,kalshi,2026-10-01T01:36:49.603373+00:00
nfl,NFL,KXNFLGAME-26OCT04JACCIN,KXNFLGAME-26OCT04JACCIN-CIN,,CIN,JAX,2026-10-04T20:00:00Z,home,0.57,0.58,0.575,0.01,320880.73,57572.2,35360.39,5470.9,32591.73,active,kalshi,2026-10-01T01:36:49.603373+00:00
nfl,NFL,KXNFLGAME-26OCT04KCLV,KXNFLGAME-26OCT04KCLV-KC,,LV,KC,2026-10-04T23:25:00Z,away,0.64,0.66,0.65,0.02,333046.01,284266.81,326467.13,75940.2,234359.17,active,kalshi,2026-10-01T01:36:49.603373+00:00
nfl,NFL,KXNFLGAME-26OCT04KCLV,KXNFLGAME-26OCT04KCLV-LV,,LV,KC,2026-10-04T23:25:00Z,home,0.34,0.36,0.35,0.02,49918.0,372557.29,737536.7,201044.31,640893.32,active,kalshi,2026-10-01T01:36:49.603373+00:00
nfl,NFL,KXNFLGAME-26OCT04LACSEA,KXNFLGAME-26OCT04LACSEA-LAC,,SEA,LAC,2026-10-04T23:25:00Z,away,0.24,0.25,0.245,0.01,36638.66,500.0,53268.57,18211.81,49749.38,active,kalshi,2026-10-01T01:36:49.603373+00:00
nfl,NFL,KXNFLGAME-26OCT04LACSEA,KXNFLGAME-26OCT04LACSEA-SEA,,SEA,LAC,2026-10-04T23:25:00Z,home,0.75,0.76,0.755,0.01,1444.18,67662.75,34278.03,11728.66,29870.57,active,kalshi,2026-10-01T01:36:49.603373+00:00
nfl,NFL,KXNFLGAME-26OCT04LARPHI,KXNFLGAME-26OCT04LARPHI-LAR,,PHI,LA,2026-10-04T20:00:00Z,away,0.61,0.62,0.615,0.01,8450.55,370960.71,97397.96,21381.59,82418.06,active,kalshi,2026-10-01T01:36:49.603373+00:00
nfl,NFL,KXNFLGAME-26OCT04LARPHI,KXNFLGAME-26OCT04LARPHI-PHI,,PHI,LA,2026-10-04T20:00:00Z,home,0.38,0.39,0.385,0.01,333742.49,8949.03,98377.91,17149.28,64830.38,active,kalshi,2026-10-01T01:36:49.603373+00:00
nfl,NFL,KXNFLGAME-26OCT04MIAMIN,KXNFLGAME-26OCT04MIAMIN-MIA,,MIN,MIA,2026-10-04T23:05:00Z,away,0.16,0.17,0.165,0.01,9510.53,63086.58,100000.36,28470.21,90378.43,active,kalshi,2026-10-01T01:36:49.603373+00:00
nfl,NFL,KXNFLGAME-26OCT04MIAMIN,KXNFLGAME-26OCT04MIAMIN-MIN,,MIN,MIA,2026-10-04T23:05:00Z,home,0.83,0.84,0.835,0.01,16432.67,21864.37,69014.89,21006.22,58654.01,active,kalshi,2026-10-01T01:36:49.603373+00:00
nfl,NFL,KXNFLGAME-26OCT04NEBUF,KXNFLGAME-26OCT04NEBUF-NE,,BUF,NE,2026-10-04T20:00:00Z,away,0.26,0.27,0.265,0.01,11308.58,19176.63,72424.08,23288.82,49006.62,active,kalshi,2026-10-01T01:36:49.603373+00:00
nfl,NFL,KXNFLGAME-26OCT04NEBUF,KXNFLGAME-26OCT04NEBUF-BUF,,BUF,NE,2026-10-04T20:00:00Z,home,0.73,0.74,0.735,0.01,9833.59,86632.51,79466.08,25561.14,67484.53,active,kalshi,2026-10-01T01:36:49.603373+00:00
nfl,NFL,KXNFLGAME-26OCT04NYJCHI,KXNFLGAME-26OCT04NYJCHI-NYJ,,CHI,NYJ,2026-10-04T20:00:00Z,away,0.38,0.39,0.385,0.01,6298.92,122260.22,26748.81,7685.41,22026.7,active,kalshi,2026-10-01T01:36:49.603373+00:00
nfl,NFL,KXNFLGAME-26OCT04NYJCHI,KXNFLGAME-26OCT04NYJCHI-CHI,,CHI,NYJ,2026-10-04T20:00:00Z,home,0.62,0.63,0.625,0.01,5219.84,163279.22,45808.06,14548.71,41270.67,active,kalshi,2026-10-01T01:36:49.603373+00:00
nfl,NFL,KXNFLGAME-26OCT04TENBAL,KXNFLGAME-26OCT04TENBAL-TEN,,BAL,TEN,2026-10-04T20:00:00Z,away,0.14,0.15,0.14500000000000002,0.01,40350.2,323256.54,156445.38,55519.32,133206.61,active,kalshi,2026-10-01T01:36:49.603373+00:00
nfl,NFL,KXNFLGAME-26OCT04TENBAL,KXNFLGAME-26OCT04TENBAL-BAL,,BAL,TEN,2026-10-04T20:00:00Z,home,0.85,0.86,0.855,0.01,303133.39,133352.27,124063.1,34482.19,94004.0,active,kalshi,2026-10-01T01:36:49.603373+00:00
nfl,NFL,KXNFLGAME-26OCT05ATLNO,KXNFLGAME-26OCT05ATLNO-ATL,,NO,ATL,2026-10-06T03:15:00Z,away,0.43,0.44,0.435,0.01,178509.91,22432.65,82665.78,7972.08,67275.62,active,kalshi,2026-10-01T01:36:49.603373+00:00
nfl,NFL,KXNFLGAME-26OCT05ATLNO,KXNFLGAME-26OCT05ATLNO-NO,,NO,ATL,2026-10-06T03:15:00Z,home,0.56,0.57,0.565,0.01,589.2,229156.45,28539.33,3054.03,25531.51,active,kalshi,2026-10-01T01:36:49.603373+00:00
nfl,NFL,KXNFLGAME-26OCT08TBDAL,KXNFLGAME-26OCT08TBDAL-TB,,DAL,TB,2026-10-09T03:15:00Z,away,0.18,0.2,0.19,0.02,7719.69,426.99,9905.5,4607.6,7552.84,active,kalshi,2026-10-01T01:36:49.603373+00:00
nfl,NFL,KXNFLGAME-26OCT08TBDAL,KXNFLGAME-26OCT08TBDAL-DAL,,DAL,TB,2026-10-09T03:15:00Z,home,0.81,0.82,0.815,0.01,231.61,1199.02,5165.0,2144.43,4419.96,active,kalshi,2026-10-01T01:36:49.603373+00:00
nfl,NFL,KXNFLGAME-26OCT11BALATL,KXNFLGAME-26OCT11BALATL-BAL,,ATL,BAL,2026-10-12T03:20:00Z,away,0.72,0.74,0.73,0.02,8.75,133.0,10588.74,123.47,10451.3,active,kalshi,2026-10-01T01:36:49.603373+00:00
nfl,NFL,KXNFLGAME-26OCT11BALATL,KXNFLGAME-26OCT11BALATL-ATL,,ATL,BAL,2026-10-12T03:20:00Z,home,0.26,0.29,0.275,0.03,162.0,1201.0,14423.99,561.13,13043.89,active,kalshi,2026-10-01T01:36:49.603373+00:00
nfl,NFL,KXNFLGAME-26OCT11CHIGB,KXNFLGAME-26OCT11CHIGB-CHI,,GB,CHI,2026-10-11T23:25:00Z,away,0.45,0.47,0.45999999999999996,0.02,3.17,2381.33,8914.34,5661.64,7560.02,active,kalshi,2026-10-01T01:36:49.603373+00:00
nfl,NFL,KXNFLGAME-26OCT11CHIGB,KXNFLGAME-26OCT11CHIGB-GB,,GB,CHI,2026-10-11T23:25:00Z,home,0.54,0.56,0.55,0.02,25.98,94.0,1715.6,1259.15,1499.44,active,kalshi,2026-10-01T01:36:49.603373+00:00
nfl,NFL,KXNFLGAME-26OCT11CINMIA,KXNFLGAME-26OCT11CINMIA-CIN,,MIA,CIN,2026-10-11T20:00:00Z,away,0.8,0.83,0.815,0.03,10619.46,63.0,3898.76,280.32,3707.24,active,kalshi,2026-10-01T01:36:49.603373+00:00
nfl,NFL,KXNFLGAME-26OCT11CINMIA,KXNFLGAME-26OCT11CINMIA-MIA,,MIA,CIN,2026-10-11T20:00:00Z,home,0.18,0.19,0.185,0.01,28.0,1.04,2050.56,144.04,1373.86,active,kalshi,2026-10-01T01:36:49.603373+00:00
nfl,NFL,KXNFLGAME-26OCT11CLENYJ,KXNFLGAME-26OCT11CLENYJ-CLE,,NYJ,CLE,2026-10-11T20:00:00Z,away,0.42,0.45,0.435,0.03,4980.0,2268.0,557.63,176.65,557.63,active,kalshi,2026-10-01T01:36:49.603373+00:00
nfl,NFL,KXNFLGAME-26OCT11CLENYJ,KXNFLGAME-26OCT11CLENYJ-NYJ,,NYJ,CLE,2026-10-11T20:00:00Z,home,0.55,0.58,0.565,0.03,1095.14,2473.0,2766.15,106.22,2766.15,active,kalshi,2026-10-01T01:36:49.603373+00:00
nfl,NFL,KXNFLGAME-26OCT11DENLAC,KXNFLGAME-26OCT11DENLAC-DEN,,LAC,DEN,2026-10-11T23:05:00Z,away,0.54,0.56,0.55,0.02,29.0,13679.0,991.7,260.41,977.68,active,kalshi,2026-10-01T01:36:49.603373+00:00
nfl,NFL,KXNFLGAME-26OCT11DENLAC,KXNFLGAME-26OCT11DENLAC-LAC,,LAC,DEN,2026-10-11T23:05:00Z,home,0.44,0.47,0.45499999999999996,0.03,3086.0,3083.08,625.26,86.7,523.31,active,kalshi,2026-10-01T01:36:49.603373+00:00
nfl,NFL,KXNFLGAME-26OCT11DETARI,KXNFLGAME-26OCT11DETARI-DET,,ARI,DET,2026-10-11T23:25:00Z,away,0.68,0.7,0.69,0.02,15.0,5575.46,4348.77,89.48,2136.14,active,kalshi,2026-10-01T01:36:49.603373+00:00
nfl,NFL,KXNFLGAME-26OCT11DETARI,KXNFLGAME-26OCT11DETARI-ARI,,ARI,DET,2026-10-11T23:25:00Z,home,0.3,0.33,0.315,0.03,14628.32,450.0,2834.66,223.4,2659.8,active,kalshi,2026-10-01T01:36:49.603373+00:00
nfl,NFL,KXNFLGAME-26OCT11HOUTEN,KXNFLGAME-26OCT11HOUTEN-HOU,,TEN,HOU,2026-10-11T20:00:00Z,away,0.73,0.76,0.745,0.03,26.32,3169.35,11650.86,331.23,10874.94,active,kalshi,2026-10-01T01:36:49.603373+00:00
nfl,NFL,KXNFLGAME-26OCT11HOUTEN,KXNFLGAME-26OCT11HOUTEN-TEN,,TEN,HOU,2026-10-11T20:00:00Z,home,0.25,0.27,0.26,0.02,523.35,16.3,10540.93,268.37,10379.46,active,kalshi,2026-10-01T01:36:49.603373+00:00
nfl,NFL,KXNFLGAME-26OCT11INDPIT,KXNFLGAME-26OCT11INDPIT-IND,,PIT,IND,2026-10-11T20:00:00Z,away,0.42,0.44,0.43,0.02,53.86,14788.66,214.24,88.97,210.4,active,kalshi,2026-10-01T01:36:49.603373+00:00
nfl,NFL,KXNFLGAME-26OCT11INDPIT,KXNFLGAME-26OCT11INDPIT-PIT,,PIT,IND,2026-10-11T20:00:00Z,home,0.56,0.58,0.5700000000000001,0.02,2498.3,556.51,961.41,88.07,892.27,active,kalshi,2026-10-01T01:36:49.603373+00:00
nfl,NFL,KXNFLGAME-26OCT11LVNE,KXNFLGAME-26OCT11LVNE-LV,,NE,LV,2026-10-11T20:00:00Z,away,0.39,0.41,0.4,0.02,395.0,38.0,13001.33,6168.81,12340.76,active,kalshi,2026-10-01T01:36:49.603373+00:00
nfl,NFL,KXNFLGAME-26OCT11LVNE,KXNFLGAME-26OCT11LVNE-NE,,NE,LV,2026-10-11T20:00:00Z,home,0.6,0.61,0.605,0.01,454.0,150.93,1823.17,582.64,1373.64,active,kalshi,2026-10-01T01:36:49.603373+00:00
nfl,NFL,KXNFLGAME-26OCT11MINNO,KXNFLGAME-26OCT11MINNO-MIN,,NO,MIN,2026-10-11T20:00:00Z,away,0.53,0.54,0.535,0.01,857.0,5553.29,3142.56,1219.42,3098.98,active,kalshi,2026-10-01T01:36:49.603373+00:00
nfl,NFL,KXNFLGAME-26OCT11MINNO,KXNFLGAME-26OCT11MINNO-NO,,NO,MIN,2026-10-11T20:00:00Z,home,0.45,0.46,0.455,0.01,1302.51,200.0,311.48,127.54,311.48,active,kalshi,2026-10-01T01:36:49.603373+00:00
nfl,NFL,KXNFLGAME-26OCT11NYGWAS,KXNFLGAME-26OCT11NYGWAS-NYG,,WAS,NYG,2026-10-11T20:00:00Z,away,0.43,0.45,0.44,0.02,13000.0,60.0,567.6,284.65,494.78,active,kalshi,2026-10-01T01:36:49.603373+00:00
nfl,NFL,KXNFLGAME-26OCT11NYGWAS,KXNFLGAME-26OCT11NYGWAS-WAS,,WAS,NYG,2026-10-11T20:00:00Z,home,0.55,0.58,0.565,0.03,744.24,4069.0,364.77,227.13,364.77,active,kalshi,2026-10-01T01:36:49.603373+00:00
nfl,NFL,KXNFLGAME-26OCT11PHIJAC,KXNFLGAME-26OCT11PHIJAC-PHI,,JAX,PHI,2026-10-11T16:30:00Z,away,0.42,0.43,0.425,0.01,52.6,70.0,1613.54,562.35,1199.38,active,kalshi,2026-10-01T01:36:49.603373+00:00
nfl,NFL,KXNFLGAME-26OCT11PHIJAC,KXNFLGAME-26OCT11PHIJAC-JAC,,JAX,PHI,2026-10-11T16:30:00Z,home,0.58,0.6,0.59,0.02,18.6,58.97,1374.41,279.59,1302.62,active,kalshi,2026-10-01T01:36:49.603373+00:00
nfl,NFL,KXNFLGAME-26OCT11SFSEA,KXNFLGAME-26OCT11SFSEA-SF,,SEA,SF,2026-10-11T23:25:00Z,away,0.38,0.39,0.385,0.01,77.0,450.0,33577.6,4511.94,25312.86,active,kalshi,2026-10-01T01:36:49.603373+00:00
nfl,NFL,KXNFLGAME-26OCT11SFSEA,KXNFLGAME-26OCT11SFSEA-SEA,,SEA,SF,2026-10-11T23:25:00Z,home,0.62,0.63,0.625,0.01,45.13,31.04,32470.26,438.87,29072.2,active,kalshi,2026-10-01T01:36:49.603373+00:00
nfl,NFL,KXNFLGAME-26OCT12BUFLAR,KXNFLGAME-26OCT12BUFLAR-BUF,,LA,BUF,2026-10-13T03:15:00Z,away,0.46,0.48,0.47,0.02,158.32,3.0,1724.14,794.79,1720.87,active,kalshi,2026-10-01T01:36:49.603373+00:00
nfl,NFL,KXNFLGAME-26OCT12BUFLAR,KXNFLGAME-26OCT12BUFLAR-LAR,,LA,BUF,2026-10-13T03:15:00Z,home,0.52,0.54,0.53,0.02,1977.0,226.74,369.4,199.78,364.14,active,kalshi,2026-10-01T01:36:49.603373+00:00
nfl,NFL,KXNFLGAME-26OCT01PITCLE,KXNFLGAME-26OCT01PITCLE-PIT,,CLE,PIT,2026-10-02T03:15:00Z,away,0.57,0.58,0.575,0.01,862100.08,1808209.96,405244.69,184647.5,316609.8,active,kalshi,2026-10-01T02:03:34.098842+00:00
nfl,NFL,KXNFLGAME-26OCT01PITCLE,KXNFLGAME-26OCT01PITCLE-CLE,,CLE,PIT,2026-10-02T03:15:00Z,home,0.42,0.43,0.425,0.01,175376.12,6246278.69,356487.79,192292.87,327225.36,active,kalshi,2026-10-01T02:03:34.098842+00:00
nfl,NFL,KXNFLGAME-26OCT04ARINYG,KXNFLGAME-26OCT04ARINYG-ARI,,NYG,ARI,2026-10-04T20:00:00Z,away,0.56,0.57,0.565,0.01,101.14,322450.98,78097.23,6693.06,71623.85,active,kalshi,2026-10-01T02:03:34.098842+00:00
nfl,NFL,KXNFLGAME-26OCT04ARINYG,KXNFLGAME-26OCT04ARINYG-NYG,,NYG,ARI,2026-10-04T20:00:00Z,home,0.43,0.44,0.435,0.01,305634.47,17663.79,47782.46,13181.67,42708.73,active,kalshi,2026-10-01T02:03:34.098842+00:00
nfl,NFL,KXNFLGAME-26OCT04DALHOU,KXNFLGAME-26OCT04DALHOU-DAL,,HOU,DAL,2026-10-04T20:00:00Z,away,0.4,0.41,0.405,0.01,18087.97,306055.67,271229.11,88458.67,229832.65,active,kalshi,2026-10-01T02:03:34.098842+00:00
nfl,NFL,KXNFLGAME-26OCT04DALHOU,KXNFLGAME-26OCT04DALHOU-HOU,,HOU,DAL,2026-10-04T20:00:00Z,home,0.59,0.6,0.595,0.01,2085.35,61593.08,51546.52,15323.18,39242.84,active,kalshi,2026-10-01T02:03:34.098842+00:00
nfl,NFL,KXNFLGAME-26OCT04DENSF,KXNFLGAME-26OCT04DENSF-DEN,,SF,DEN,2026-10-04T23:25:00Z,away,0.42,0.43,0.425,0.01,82286.37,513.26,103903.03,27596.8,81291.48,active,kalshi,2026-10-01T02:03:34.098842+00:00
nfl,NFL,KXNFLGAME-26OCT04DENSF,KXNFLGAME-26OCT04DENSF-SF,,SF,DEN,2026-10-04T23:25:00Z,home,0.57,0.58,0.575,0.01,7699.65,109300.11,147535.84,26756.42,131897.14,active,kalshi,2026-10-01T02:03:34.098842+00:00
nfl,NFL,KXNFLGAME-26OCT04DETCAR,KXNFLGAME-26OCT04DETCAR-DET,,CAR,DET,2026-10-05T03:20:00Z,away,0.64,0.65,0.645,0.01,5446.1,156355.08,30931.15,7374.14,28733.04,active,kalshi,2026-10-01T02:03:34.098842+00:00
nfl,NFL,KXNFLGAME-26OCT04DETCAR,KXNFLGAME-26OCT04DETCAR-CAR,,CAR,DET,2026-10-05T03:20:00Z,home,0.35,0.36,0.355,0.01,34756.15,14289.03,27984.56,8309.27,23017.82,active,kalshi,2026-10-01T02:03:34.098842+00:00
nfl,NFL,KXNFLGAME-26OCT04GBTB,KXNFLGAME-26OCT04GBTB-GB,,TB,GB,2026-10-04T20:00:00Z,away,0.62,0.63,0.625,0.01,29689.93,73855.83,116333.63,8297.1,97497.94,active,kalshi,2026-10-01T02:03:34.098842+00:00
nfl,NFL,KXNFLGAME-26OCT04GBTB,KXNFLGAME-26OCT04GBTB-TB,,TB,GB,2026-10-04T20:00:00Z,home,0.37,0.38,0.375,0.01,874.65,114978.06,92617.51,16971.5,71174.15,active,kalshi,2026-10-01T02:03:34.098842+00:00
nfl,NFL,KXNFLGAME-26OCT04INDWAS,KXNFLGAME-26OCT04INDWAS-IND,,WAS,IND,2026-10-04T16:30:00Z,away,0.63,0.64,0.635,0.01,347271.91,93915.73,36142.69,6050.5,29306.7,active,kalshi,2026-10-01T02:03:34.098842+00:00
nfl,NFL,KXNFLGAME-26OCT04INDWAS,KXNFLGAME-26OCT04INDWAS-WAS,,WAS,IND,2026-10-04T16:30:00Z,home,0.36,0.37,0.365,0.01,77178.61,392792.1,75988.27,22509.7,64064.75,active,kalshi,2026-10-01T02:03:34.098842+00:00
nfl,NFL,KXNFLGAME-26OCT04JACCIN,KXNFLGAME-26OCT04JACCIN-JAC,,CIN,JAX,2026-10-04T20:00:00Z,away,0.42,0.43,0.425,0.01,19940.54,344107.29,63008.41,25585.0,56961.72,active,kalshi,2026-10-01T02:03:34.098842+00:00
nfl,NFL,KXNFLGAME-26OCT04JACCIN,KXNFLGAME-26OCT04JACCIN-CIN,,CIN,JAX,2026-10-04T20:00:00Z,home,0.57,0.58,0.575,0.01,317791.46,56755.46,35377.13,5458.19,32608.47,active,kalshi,2026-10-01T02:03:34.098842+00:00
nfl,NFL,KXNFLGAME-26OCT04KCLV,KXNFLGAME-26OCT04KCLV-KC,,LV,KC,2026-10-04T23:25:00Z,away,0.64,0.66,0.65,0.02,333125.42,282473.36,328017.36,75198.94,235741.85,active,kalshi,2026-10-01T02:03:34.098842+00:00
nfl,NFL,KXNFLGAME-26OCT04KCLV,KXNFLGAME-26OCT04KCLV-LV,,LV,KC,2026-10-04T23:25:00Z,home,0.34,0.36,0.35,0.02,50140.66,368828.49,742105.4,198716.28,644622.12,active,kalshi,2026-10-01T02:03:34.098842+00:00
nfl,NFL,KXNFLGAME-26OCT04LACSEA,KXNFLGAME-26OCT04LACSEA-LAC,,SEA,LAC,2026-10-04T23:25:00Z,away,0.24,0.25,0.245,0.01,28587.92,463.0,53411.17,18235.92,49891.98,active,kalshi,2026-10-01T02:03:34.098842+00:00
nfl,NFL,KXNFLGAME-26OCT04LACSEA,KXNFLGAME-26OCT04LACSEA-SEA,,SEA,LAC,2026-10-04T23:25:00Z,home,0.75,0.76,0.755,0.01,1431.37,53566.56,34397.84,10676.69,29964.76,active,kalshi,2026-10-01T02:03:34.098842+00:00
nfl,NFL,KXNFLGAME-26OCT04LARPHI,KXNFLGAME-26OCT04LARPHI-LAR,,PHI,LA,2026-10-04T20:00:00Z,away,0.61,0.62,0.615,0.01,8448.08,370816.05,97516.54,21342.41,82536.64,active,kalshi,2026-10-01T02:03:34.098842+00:00
nfl,NFL,KXNFLGAME-26OCT04LARPHI,KXNFLGAME-26OCT04LARPHI-PHI,,PHI,LA,2026-10-04T20:00:00Z,home,0.38,0.39,0.385,0.01,337334.39,8697.4,98640.64,17160.33,65070.91,active,kalshi,2026-10-01T02:03:34.098842+00:00
nfl,NFL,KXNFLGAME-26OCT04MIAMIN,KXNFLGAME-26OCT04MIAMIN-MIA,,MIN,MIA,2026-10-04T23:05:00Z,away,0.16,0.17,0.165,0.01,9496.9,63119.83,100183.78,27810.46,90545.18,active,kalshi,2026-10-01T02:03:34.098842+00:00
nfl,NFL,KXNFLGAME-26OCT04MIAMIN,KXNFLGAME-26OCT04MIAMIN-MIN,,MIN,MIA,2026-10-04T23:05:00Z,home,0.83,0.84,0.835,0.01,16421.05,21692.7,69198.18,21131.38,58825.68,active,kalshi,2026-10-01T02:03:34.098842+00:00
nfl,NFL,KXNFLGAME-26OCT04NEBUF,KXNFLGAME-26OCT04NEBUF-NE,,BUF,NE,2026-10-04T20:00:00Z,away,0.26,0.27,0.265,0.01,11291.58,12625.33,72971.83,23449.81,49537.37,active,kalshi,2026-10-01T02:03:34.098842+00:00
nfl,NFL,KXNFLGAME-26OCT04NEBUF,KXNFLGAME-26OCT04NEBUF-BUF,,BUF,NE,2026-10-04T20:00:00Z,home,0.73,0.74,0.735,0.01,3718.54,86313.64,79912.55,25760.55,67888.94,active,kalshi,2026-10-01T02:03:34.098842+00:00
nfl,NFL,KXNFLGAME-26OCT04NYJCHI,KXNFLGAME-26OCT04NYJCHI-NYJ,,CHI,NYJ,2026-10-04T20:00:00Z,away,0.38,0.39,0.385,0.01,6298.92,118418.44,26790.59,7719.83,22068.48,active,kalshi,2026-10-01T02:03:34.098842+00:00
nfl,NFL,KXNFLGAME-26OCT04NYJCHI,KXNFLGAME-26OCT04NYJCHI-CHI,,CHI,NYJ,2026-10-04T20:00:00Z,home,0.62,0.63,0.625,0.01,144.05,163030.5,46094.55,14628.44,41526.44,active,kalshi,2026-10-01T02:03:34.098842+00:00
nfl,NFL,KXNFLGAME-26OCT04TENBAL,KXNFLGAME-26OCT04TENBAL-TEN,,BAL,TEN,2026-10-04T20:00:00Z,away,0.14,0.15,0.14500000000000002,0.01,38640.89,322847.16,158564.07,57430.4,133640.99,active,kalshi,2026-10-01T02:03:34.098842+00:00
nfl,NFL,KXNFLGAME-26OCT04TENBAL,KXNFLGAME-26OCT04TENBAL-BAL,,BAL,TEN,2026-10-04T20:00:00Z,home,0.85,0.86,0.855,0.01,303107.63,132991.08,124182.05,33609.73,94075.27,active,kalshi,2026-10-01T02:03:34.098842+00:00
nfl,NFL,KXNFLGAME-26OCT05ATLNO,KXNFLGAME-26OCT05ATLNO-ATL,,NO,ATL,2026-10-06T03:15:00Z,away,0.43,0.44,0.435,0.01,178504.91,22387.79,82710.64,7808.06,67320.48,active,kalshi,2026-10-01T02:03:34.098842+00:00
nfl,NFL,KXNFLGAME-26OCT05ATLNO,KXNFLGAME-26OCT05ATLNO-NO,,NO,ATL,2026-10-06T03:15:00Z,home,0.56,0.57,0.565,0.01,589.2,229155.75,28596.03,3084.54,25588.21,active,kalshi,2026-10-01T02:03:34.098842+00:00
nfl,NFL,KXNFLGAME-26OCT08TBDAL,KXNFLGAME-26OCT08TBDAL-TB,,DAL,TB,2026-10-09T03:15:00Z,away,0.18,0.2,0.19,0.02,68.21,403.32,9929.17,4538.3,7576.51,active,kalshi,2026-10-01T02:03:34.098842+00:00
nfl,NFL,KXNFLGAME-26OCT08TBDAL,KXNFLGAME-26OCT08TBDAL-DAL,,DAL,TB,2026-10-09T03:15:00Z,home,0.81,0.82,0.815,0.01,233.61,27.78,5205.9,2185.33,4460.86,active,kalshi,2026-10-01T02:03:34.098842+00:00
nfl,NFL,KXNFLGAME-26OCT11BALATL,KXNFLGAME-26OCT11BALATL-BAL,,ATL,BAL,2026-10-12T03:20:00Z,away,0.72,0.75,0.735,0.03,11.04,3014.45,10595.29,123.47,10457.85,active,kalshi,2026-10-01T02:03:34.098842+00:00
nfl,NFL,KXNFLGAME-26OCT11BALATL,KXNFLGAME-26OCT11BALATL-ATL,,ATL,BAL,2026-10-12T03:20:00Z,home,0.26,0.29,0.275,0.03,64.0,3031.0,14423.99,527.13,13043.89,active,kalshi,2026-10-01T02:03:34.098842+00:00
nfl,NFL,KXNFLGAME-26OCT11CHIGB,KXNFLGAME-26OCT11CHIGB-CHI,,GB,CHI,2026-10-11T23:25:00Z,away,0.45,0.47,0.45999999999999996,0.02,3.17,2371.15,8924.52,5630.22,7570.2,active,kalshi,2026-10-01T02:03:34.098842+00:00
nfl,NFL,KXNFLGAME-26OCT11CHIGB,KXNFLGAME-26OCT11CHIGB-GB,,GB,CHI,2026-10-11T23:25:00Z,home,0.54,0.56,0.55,0.02,25.98,43.0,1715.6,1259.15,1499.44,active,kalshi,2026-10-01T02:03:34.098842+00:00
nfl,NFL,KXNFLGAME-26OCT11CINMIA,KXNFLGAME-26OCT11CINMIA-CIN,,MIA,CIN,2026-10-11T20:00:00Z,away,0.8,0.83,0.815,0.03,10641.96,480.0,3898.76,268.84,3707.24,active,kalshi,2026-10-01T02:03:34.098842+00:00
nfl,NFL,KXNFLGAME-26OCT11CINMIA,KXNFLGAME-26OCT11CINMIA-MIA,,MIA,CIN,2026-10-11T20:00:00Z,home,0.18,0.19,0.185,0.01,28.0,1.04,2050.56,131.44,1373.86,active,kalshi,2026-10-01T02:03:34.098842+00:00
nfl,NFL,KXNFLGAME-26OCT11CLENYJ,KXNFLGAME-26OCT11CLENYJ-CLE,,NYJ,CLE,2026-10-11T20:00:00Z,away,0.42,0.45,0.435,0.03,4873.0,3104.39,568.24,155.38,568.24,active,kalshi,2026-10-01T02:03:34.098842+00:00
nfl,NFL,KXNFLGAME-26OCT11CLENYJ,KXNFLGAME-26OCT11CLENYJ-NYJ,,NYJ,CLE,2026-10-11T20:00:00Z,home,0.55,0.58,0.565,0.03,1002.14,2472.0,2766.15,106.22,2766.15,active,kalshi,2026-10-01T02:03:34.098842+00:00
nfl,NFL,KXNFLGAME-26OCT11DENLAC,KXNFLGAME-26OCT11DENLAC-DEN,,LAC,DEN,2026-10-11T23:05:00Z,away,0.54,0.56,0.55,0.02,29.0,13479.0,991.7,260.41,977.68,active,kalshi,2026-10-01T02:03:34.098842+00:00
nfl,NFL,KXNFLGAME-26OCT11DENLAC,KXNFLGAME-26OCT11DENLAC-LAC,,LAC,DEN,2026-10-11T23:05:00Z,home,0.44,0.47,0.45499999999999996,0.03,3001.0,3117.05,666.29,127.73,549.99,active,kalshi,2026-10-01T02:03:34.098842+00:00
nfl,NFL,KXNFLGAME-26OCT11DETARI,KXNFLGAME-26OCT11DETARI-DET,,ARI,DET,2026-10-11T23:25:00Z,away,0.68,0.7,0.69,0.02,15.0,2975.46,4348.77,89.48,2136.14,active,kalshi,2026-10-01T02:03:34.098842+00:00
nfl,NFL,KXNFLGAME-26OCT11DETARI,KXNFLGAME-26OCT11DETARI-ARI,,ARI,DET,2026-10-11T23:25:00Z,home,0.3,0.33,0.315,0.03,1763.32,2992.0,2834.66,193.57,2659.8,active,kalshi,2026-10-01T02:03:34.098842+00:00
nfl,NFL,KXNFLGAME-26OCT11HOUTEN,KXNFLGAME-26OCT11HOUTEN-HOU,,TEN,HOU,2026-10-11T20:00:00Z,away,0.74,0.75,0.745,0.01,1.0,1.0,11650.86,311.7,10874.94,active,kalshi,2026-10-01T02:03:34.098842+00:00
nfl,NFL,KXNFLGAME-26OCT11HOUTEN,KXNFLGAME-26OCT11HOUTEN-TEN,,TEN,HOU,2026-10-11T20:00:00Z,home,0.25,0.27,0.26,0.02,416.35,16.3,10540.93,268.37,10379.46,active,kalshi,2026-10-01T02:03:34.098842+00:00
nfl,NFL,KXNFLGAME-26OCT11INDPIT,KXNFLGAME-26OCT11INDPIT-IND,,PIT,IND,2026-10-11T20:00:00Z,away,0.42,0.44,0.43,0.02,53.86,14788.66,214.24,88.97,210.4,active,kalshi,2026-10-01T02:03:34.098842+00:00
nfl,NFL,KXNFLGAME-26OCT11INDPIT,KXNFLGAME-26OCT11INDPIT-PIT,,PIT,IND,2026-10-11T20:00:00Z,home,0.56,0.58,0.5700000000000001,0.02,2498.3,553.17,964.75,74.19,895.61,active,kalshi,2026-10-01T02:03:34.098842+00:00
nfl,NFL,KXNFLGAME-26OCT11LVNE,KXNFLGAME-26OCT11LVNE-LV,,NE,LV,2026-10-11T20:00:00Z,away,0.39,0.41,0.4,0.02,388.94,4.0,13003.39,5827.76,12338.7,active,kalshi,2026-10-01T02:03:34.098842+00:00
nfl,NFL,KXNFLGAME-26OCT11LVNE,KXNFLGAME-26OCT11LVNE-NE,,NE,LV,2026-10-11T20:00:00Z,home,0.6,0.61,0.605,0.01,454.0,149.93,1823.17,582.64,1373.64,active,kalshi,2026-10-01T02:03:34.098842+00:00
nfl,NFL,KXNFLGAME-26OCT11MINNO,KXNFLGAME-26OCT11MINNO-MIN,,NO,MIN,2026-10-11T20:00:00Z,away,0.52,0.54,0.53,0.02,32.0,5562.29,3142.56,1219.42,3098.98,active,kalshi,2026-10-01T02:03:34.098842+00:00
nfl,NFL,KXNFLGAME-26OCT11MINNO,KXNFLGAME-26OCT11MINNO-NO,,NO,MIN,2026-10-11T20:00:00Z,home,0.46,0.47,0.46499999999999997,0.01,1.0,1.0,311.48,127.54,311.48,active,kalshi,2026-10-01T02:03:34.098842+00:00
nfl,NFL,KXNFLGAME-26OCT11NYGWAS,KXNFLGAME-26OCT11NYGWAS-NYG,,WAS,NYG,2026-10-11T20:00:00Z,away,0.43,0.45,0.44,0.02,13000.0,60.0,567.6,284.65,494.78,active,kalshi,2026-10-01T02:03:34.098842+00:00
nfl,NFL,KXNFLGAME-26OCT11NYGWAS,KXNFLGAME-26OCT11NYGWAS-WAS,,WAS,NYG,2026-10-11T20:00:00Z,home,0.55,0.58,0.565,0.03,744.24,4069.0,364.77,227.13,364.77,active,kalshi,2026-10-01T02:03:34.098842+00:00
nfl,NFL,KXNFLGAME-26OCT11PHIJAC,KXNFLGAME-26OCT11PHIJAC-PHI,,JAX,PHI,2026-10-11T16:30:00Z,away,0.42,0.44,0.43,0.02,52.6,7132.0,1613.54,541.1,1199.38,active,kalshi,2026-10-01T02:03:34.098842+00:00
nfl,NFL,KXNFLGAME-26OCT11PHIJAC,KXNFLGAME-26OCT11PHIJAC-JAC,,JAX,PHI,2026-10-11T16:30:00Z,home,0.58,0.6,0.59,0.02,20.32,58.97,1374.41,279.59,1302.62,active,kalshi,2026-10-01T02:03:34.098842+00:00
nfl,NFL,KXNFLGAME-26OCT11SFSEA,KXNFLGAME-26OCT11SFSEA-SF,,SEA,SF,2026-10-11T23:25:00Z,away,0.38,0.39,0.385,0.01,39.0,450.0,33584.96,4458.69,25320.22,active,kalshi,2026-10-01T02:03:34.098842+00:00
nfl,NFL,KXNFLGAME-26OCT11SFSEA,KXNFLGAME-26OCT11SFSEA-SEA,,SEA,SF,2026-10-11T23:25:00Z,home,0.62,0.64,0.63,0.02,45.13,50.59,32470.26,423.41,29072.2,active,kalshi,2026-10-01T02:03:34.098842+00:00
nfl,NFL,KXNFLGAME-26OCT12BUFLAR,KXNFLGAME-26OCT12BUFLAR-BUF,,LA,BUF,2026-10-13T03:15:00Z,away,0.46,0.48,0.47,0.02,45.32,3.0,1724.14,784.54,1720.87,active,kalshi,2026-10-01T02:03:34.098842+00:00
nfl,NFL,KXNFLGAME-26OCT12BUFLAR,KXNFLGAME-26OCT12BUFLAR-LAR,,LA,BUF,2026-10-13T03:15:00Z,home,0.52,0.54,0.53,0.02,3.0,46.74,369.4,198.05,364.14,active,kalshi,2026-10-01T02:03:34.098842+00:00
nfl,NFL,KXNFLGAME-26OCT01PITCLE,KXNFLGAME-26OCT01PITCLE-PIT,,CLE,PIT,2026-10-02T03:15:00Z,away,0.57,0.58,0.575,0.01,862136.25,1840137.81,413390.38,188548.46,321734.85,active,kalshi,2026-10-01T02:38:14.854638+00:00
nfl,NFL,KXNFLGAME-26OCT01PITCLE,KXNFLGAME-26OCT01PITCLE-CLE,,CLE,PIT,2026-10-02T03:15:00Z,home,0.42,0.43,0.425,0.01,180186.36,6243210.43,368302.83,199868.45,338989.76,active,kalshi,2026-10-01T02:38:14.854638+00:00
nfl,NFL,KXNFLGAME-26OCT04ARINYG,KXNFLGAME-26OCT04ARINYG-ARI,,NYG,ARI,2026-10-04T20:00:00Z,away,0.56,0.57,0.565,0.01,35.94,323343.79,78145.28,6490.9,71671.9,active,kalshi,2026-10-01T02:38:14.854638+00:00
nfl,NFL,KXNFLGAME-26OCT04ARINYG,KXNFLGAME-26OCT04ARINYG-NYG,,NYG,ARI,2026-10-04T20:00:00Z,home,0.43,0.44,0.435,0.01,306204.47,12953.85,48292.4,13263.25,43218.67,active,kalshi,2026-10-01T02:38:14.854638+00:00
nfl,NFL,KXNFLGAME-26OCT04DALHOU,KXNFLGAME-26OCT04DALHOU-DAL,,HOU,DAL,2026-10-04T20:00:00Z,away,0.4,0.41,0.405,0.01,13312.2,304811.05,273843.08,88589.6,232184.3,active,kalshi,2026-10-01T02:38:14.854638+00:00
nfl,NFL,KXNFLGAME-26OCT04DALHOU,KXNFLGAME-26OCT04DALHOU-HOU,,HOU,DAL,2026-10-04T20:00:00Z,home,0.59,0.6,0.595,0.01,1266.02,49121.9,52264.13,14294.4,39842.61,active,kalshi,2026-10-01T02:38:14.854638+00:00
nfl,NFL,KXNFLGAME-26OCT04DENSF,KXNFLGAME-26OCT04DENSF-DEN,,SF,DEN,2026-10-04T23:25:00Z,away,0.42,0.43,0.425,0.01,82280.07,621.34,104282.45,27518.59,81650.78,active,kalshi,2026-10-01T02:38:14.854638+00:00
nfl,NFL,KXNFLGAME-26OCT04DENSF,KXNFLGAME-26OCT04DENSF-SF,,SF,DEN,2026-10-04T23:25:00Z,home,0.57,0.58,0.575,0.01,1094.41,109439.89,149796.15,26498.13,131672.15,active,kalshi,2026-10-01T02:38:14.854638+00:00
nfl,NFL,KXNFLGAME-26OCT04DETCAR,KXNFLGAME-26OCT04DETCAR-DET,,CAR,DET,2026-10-05T03:20:00Z,away,0.64,0.65,0.645,0.01,413.51,155608.03,31056.6,6649.86,28858.49,active,kalshi,2026-10-01T02:38:14.854638+00:00
nfl,NFL,KXNFLGAME-26OCT04DETCAR,KXNFLGAME-26OCT04DETCAR-CAR,,CAR,DET,2026-10-05T03:20:00Z,home,0.35,0.37,0.36,0.02,34906.38,404096.44,28117.22,8099.59,23150.48,active,kalshi,2026-10-01T02:38:14.854638+00:00
nfl,NFL,KXNFLGAME-26OCT04GBTB,KXNFLGAME-26OCT04GBTB-GB,,TB,GB,2026-10-04T20:00:00Z,away,0.62,0.63,0.625,0.01,29767.86,73345.97,116536.85,8253.9,97701.16,active,kalshi,2026-10-01T02:38:14.854638+00:00
nfl,NFL,KXNFLGAME-26OCT04GBTB,KXNFLGAME-26OCT04GBTB-TB,,TB,GB,2026-10-04T20:00:00Z,home,0.37,0.38,0.375,0.01,873.15,114773.84,92823.27,17060.86,71379.91,active,kalshi,2026-10-01T02:38:14.854638+00:00
nfl,NFL,KXNFLGAME-26OCT04INDWAS,KXNFLGAME-26OCT04INDWAS-IND,,WAS,IND,2026-10-04T16:30:00Z,away,0.63,0.64,0.635,0.01,347271.91,113442.57,36906.13,6534.42,29511.76,active,kalshi,2026-10-01T02:38:14.854638+00:00
nfl,NFL,KXNFLGAME-26OCT04INDWAS,KXNFLGAME-26OCT04INDWAS-WAS,,WAS,IND,2026-10-04T16:30:00Z,home,0.36,0.37,0.365,0.01,82010.5,392030.69,76917.79,22777.31,64826.16,active,kalshi,2026-10-01T02:38:14.854638+00:00
nfl,NFL,KXNFLGAME-26OCT04JACCIN,KXNFLGAME-26OCT04JACCIN-JAC,,CIN,JAX,2026-10-04T20:00:00Z,away,0.42,0.43,0.425,0.01,20128.54,343504.73,63612.97,25710.36,57566.28,active,kalshi,2026-10-01T02:38:14.854638+00:00
nfl,NFL,KXNFLGAME-26OCT04JACCIN,KXNFLGAME-26OCT04JACCIN-CIN,,CIN,JAX,2026-10-04T20:00:00Z,home,0.57,0.58,0.575,0.01,317491.18,20880.66,35729.93,5316.95,32961.27,active,kalshi,2026-10-01T02:38:14.854638+00:00
nfl,NFL,KXNFLGAME-26OCT04KCLV,KXNFLGAME-26OCT04KCLV-KC,,LV,KC,2026-10-04T23:25:00Z,away,0.64,0.66,0.65,0.02,333201.53,276877.96,329732.76,73943.28,237055.92,active,kalshi,2026-10-01T02:38:14.854638+00:00
nfl,NFL,KXNFLGAME-26OCT04KCLV,KXNFLGAME-26OCT04KCLV-LV,,LV,KC,2026-10-04T23:25:00Z,home,0.34,0.36,0.35,0.02,50140.69,364721.35,746796.96,198455.64,649222.65,active,kalshi,2026-10-01T02:38:14.854638+00:00
nfl,NFL,KXNFLGAME-26OCT04LACSEA,KXNFLGAME-26OCT04LACSEA-LAC,,SEA,LAC,2026-10-04T23:25:00Z,away,0.24,0.25,0.245,0.01,28532.29,501.0,54459.43,17802.65,50940.24,active,kalshi,2026-10-01T02:38:14.854638+00:00
nfl,NFL,KXNFLGAME-26OCT04LACSEA,KXNFLGAME-26OCT04LACSEA-SEA,,SEA,LAC,2026-10-04T23:25:00Z,home,0.75,0.76,0.755,0.01,1431.37,53467.29,34453.05,10504.67,30019.97,active,kalshi,2026-10-01T02:38:14.854638+00:00
nfl,NFL,KXNFLGAME-26OCT04LARPHI,KXNFLGAME-26OCT04LARPHI-LAR,,PHI,LA,2026-10-04T20:00:00Z,away,0.61,0.62,0.615,0.01,8440.23,370726.78,97620.1,21133.71,82624.5,active,kalshi,2026-10-01T02:38:14.854638+00:00
nfl,NFL,KXNFLGAME-26OCT04LARPHI,KXNFLGAME-26OCT04LARPHI-PHI,,PHI,LA,2026-10-04T20:00:00Z,home,0.38,0.39,0.385,0.01,337349.39,8313.4,99024.64,16869.73,65454.91,active,kalshi,2026-10-01T02:38:14.854638+00:00
nfl,NFL,KXNFLGAME-26OCT04MIAMIN,KXNFLGAME-26OCT04MIAMIN-MIA,,MIN,MIA,2026-10-04T23:05:00Z,away,0.16,0.17,0.165,0.01,9371.9,63013.72,100289.89,27583.14,90651.29,active,kalshi,2026-10-01T02:38:14.854638+00:00
nfl,NFL,KXNFLGAME-26OCT04MIAMIN,KXNFLGAME-26OCT04MIAMIN-MIN,,MIN,MIA,2026-10-04T23:05:00Z,home,0.83,0.84,0.835,0.01,16426.05,25230.75,69691.73,10710.25,59319.23,active,kalshi,2026-10-01T02:38:14.854638+00:00
nfl,NFL,KXNFLGAME-26OCT04NEBUF,KXNFLGAME-26OCT04NEBUF-NE,,BUF,NE,2026-10-04T20:00:00Z,away,0.26,0.27,0.265,0.01,14751.34,11446.77,73972.39,24464.86,50537.93,active,kalshi,2026-10-01T02:38:14.854638+00:00
nfl,NFL,KXNFLGAME-26OCT04NEBUF,KXNFLGAME-26OCT04NEBUF-BUF,,BUF,NE,2026-10-04T20:00:00Z,home,0.73,0.74,0.735,0.01,3215.54,108342.76,80837.64,25901.18,68814.03,active,kalshi,2026-10-01T02:38:14.854638+00:00
nfl,NFL,KXNFLGAME-26OCT04NYJCHI,KXNFLGAME-26OCT04NYJCHI-NYJ,,CHI,NYJ,2026-10-04T20:00:00Z,away,0.38,0.39,0.385,0.01,5707.92,116762.55,26945.21,7668.12,22223.1,active,kalshi,2026-10-01T02:38:14.854638+00:00
nfl,NFL,KXNFLGAME-26OCT04NYJCHI,KXNFLGAME-26OCT04NYJCHI-CHI,,CHI,NYJ,2026-10-04T20:00:00Z,home,0.62,0.63,0.625,0.01,169.55,162978.63,46310.32,14248.14,41732.93,active,kalshi,2026-10-01T02:38:14.854638+00:00
nfl,NFL,KXNFLGAME-26OCT04TENBAL,KXNFLGAME-26OCT04TENBAL-TEN,,BAL,TEN,2026-10-04T20:00:00Z,away,0.14,0.15,0.14500000000000002,0.01,38313.51,347093.1,161020.51,58595.92,135908.05,active,kalshi,2026-10-01T02:38:14.854638+00:00
nfl,NFL,KXNFLGAME-26OCT04TENBAL,KXNFLGAME-26OCT04TENBAL-BAL,,BAL,TEN,2026-10-04T20:00:00Z,home,0.85,0.86,0.855,0.01,308131.29,128603.6,124868.94,33312.13,94761.48,active,kalshi,2026-10-01T02:38:14.854638+00:00
nfl,NFL,KXNFLGAME-26OCT05ATLNO,KXNFLGAME-26OCT05ATLNO-ATL,,NO,ATL,2026-10-06T03:15:00Z,away,0.43,0.44,0.435,0.01,183457.59,17679.78,83072.68,7254.23,67634.0,active,kalshi,2026-10-01T02:38:14.854638+00:00
nfl,NFL,KXNFLGAME-26OCT05ATLNO,KXNFLGAME-26OCT05ATLNO-NO,,NO,ATL,2026-10-06T03:15:00Z,home,0.56,0.57,0.565,0.01,51.83,264125.25,28710.09,3148.84,25702.27,active,kalshi,2026-10-01T02:38:14.854638+00:00
nfl,NFL,KXNFLGAME-26OCT08TBDAL,KXNFLGAME-26OCT08TBDAL-TB,,DAL,TB,2026-10-09T03:15:00Z,away,0.18,0.2,0.19,0.02,61.21,420.48,10039.69,4500.88,7687.03,active,kalshi,2026-10-01T02:38:14.854638+00:00
nfl,NFL,KXNFLGAME-26OCT08TBDAL,KXNFLGAME-26OCT08TBDAL-DAL,,DAL,TB,2026-10-09T03:15:00Z,home,0.81,0.82,0.815,0.01,236.0,23.02,5205.9,2155.59,4460.86,active,kalshi,2026-10-01T02:38:14.854638+00:00
nfl,NFL,KXNFLGAME-26OCT11BALATL,KXNFLGAME-26OCT11BALATL-BAL,,ATL,BAL,2026-10-12T03:20:00Z,away,0.72,0.74,0.73,0.02,11.04,133.0,10595.29,130.02,10457.85,active,kalshi,2026-10-01T02:38:14.854638+00:00
nfl,NFL,KXNFLGAME-26OCT11BALATL,KXNFLGAME-26OCT11BALATL-ATL,,ATL,BAL,2026-10-12T03:20:00Z,home,0.26,0.29,0.275,0.03,162.0,3015.0,14423.99,527.13,13043.89,active,kalshi,2026-10-01T02:38:14.854638+00:00
nfl,NFL,KXNFLGAME-26OCT11CHIGB,KXNFLGAME-26OCT11CHIGB-CHI,,GB,CHI,2026-10-11T23:25:00Z,away,0.45,0.47,0.45999999999999996,0.02,60.17,2369.1,8926.57,5330.4,7572.25,active,kalshi,2026-10-01T02:38:14.854638+00:00
nfl,NFL,KXNFLGAME-26OCT11CHIGB,KXNFLGAME-26OCT11CHIGB-GB,,GB,CHI,2026-10-11T23:25:00Z,home,0.54,0.56,0.55,0.02,77.0,100.0,2142.09,1685.64,1840.13,active,kalshi,2026-10-01T02:38:14.854638+00:00
nfl,NFL,KXNFLGAME-26OCT11CINMIA,KXNFLGAME-26OCT11CINMIA-CIN,,MIA,CIN,2026-10-11T20:00:00Z,away,0.8,0.83,0.815,0.03,10291.0,450.0,3898.76,263.84,3707.24,active,kalshi,2026-10-01T02:38:14.854638+00:00
nfl,NFL,KXNFLGAME-26OCT11CINMIA,KXNFLGAME-26OCT11CINMIA-MIA,,MIA,CIN,2026-10-11T20:00:00Z,home,0.18,0.19,0.185,0.01,28.0,1.04,2050.56,131.44,1373.86,active,kalshi,2026-10-01T02:38:14.854638+00:00
nfl,NFL,KXNFLGAME-26OCT11CLENYJ,KXNFLGAME-26OCT11CLENYJ-CLE,,NYJ,CLE,2026-10-11T20:00:00Z,away,0.42,0.45,0.435,0.03,2809.0,3104.39,568.24,165.99,568.24,active,kalshi,2026-10-01T02:38:14.854638+00:00
nfl,NFL,KXNFLGAME-26OCT11CLENYJ,KXNFLGAME-26OCT11CLENYJ-NYJ,,NYJ,CLE,2026-10-11T20:00:00Z,home,0.55,0.58,0.565,0.03,14002.14,2473.0,2766.31,106.38,2766.31,active,kalshi,2026-10-01T02:38:14.854638+00:00
nfl,NFL,KXNFLGAME-26OCT11DENLAC,KXNFLGAME-26OCT11DENLAC-DEN,,LAC,DEN,2026-10-11T23:05:00Z,away,0.54,0.56,0.55,0.02,29.0,13679.0,991.7,260.41,977.68,active,kalshi,2026-10-01T02:38:14.854638+00:00
nfl,NFL,KXNFLGAME-26OCT11DENLAC,KXNFLGAME-26OCT11DENLAC-LAC,,LAC,DEN,2026-10-11T23:05:00Z,home,0.44,0.47,0.45499999999999996,0.03,5093.0,3125.4,666.29,127.73,549.99,active,kalshi,2026-10-01T02:38:14.854638+00:00
nfl,NFL,KXNFLGAME-26OCT11DETARI,KXNFLGAME-26OCT11DETARI-DET,,ARI,DET,2026-10-11T23:25:00Z,away,0.68,0.7,0.69,0.02,15.0,2975.46,4348.77,89.48,2136.14,active,kalshi,2026-10-01T02:38:14.854638+00:00
nfl,NFL,KXNFLGAME-26OCT11DETARI,KXNFLGAME-26OCT11DETARI-ARI,,ARI,DET,2026-10-11T23:25:00Z,home,0.3,0.33,0.315,0.03,1763.32,2948.59,2878.07,236.98,2703.21,active,kalshi,2026-10-01T02:38:14.854638+00:00
nfl,NFL,KXNFLGAME-26OCT11HOUTEN,KXNFLGAME-26OCT11HOUTEN-HOU,,TEN,HOU,2026-10-11T20:00:00Z,away,0.73,0.75,0.74,0.02,28.52,35.73,11650.86,311.7,10874.94,active,kalshi,2026-10-01T02:38:14.854638+00:00
nfl,NFL,KXNFLGAME-26OCT11HOUTEN,KXNFLGAME-26OCT11HOUTEN-TEN,,TEN,HOU,2026-10-11T20:00:00Z,home,0.25,0.27,0.26,0.02,523.35,15.42,10541.81,261.33,10380.34,active,kalshi,2026-10-01T02:38:14.854638+00:00
nfl,NFL,KXNFLGAME-26OCT11INDPIT,KXNFLGAME-26OCT11INDPIT-IND,,PIT,IND,2026-10-11T20:00:00Z,away,0.42,0.44,0.43,0.02,53.86,14788.66,214.24,88.97,210.4,active,kalshi,2026-10-01T02:38:14.854638+00:00
nfl,NFL,KXNFLGAME-26OCT11INDPIT,KXNFLGAME-26OCT11INDPIT-PIT,,PIT,IND,2026-10-11T20:00:00Z,home,0.56,0.58,0.5700000000000001,0.02,2498.3,553.17,964.75,63.98,895.61,active,kalshi,2026-10-01T02:38:14.854638+00:00
nfl,NFL,KXNFLGAME-26OCT11LVNE,KXNFLGAME-26OCT11LVNE-LV,,NE,LV,2026-10-11T20:00:00Z,away,0.39,0.41,0.4,0.02,135.0,2581.66,13061.76,5630.49,12397.07,active,kalshi,2026-10-01T02:38:14.854638+00:00
nfl,NFL,KXNFLGAME-26OCT11LVNE,KXNFLGAME-26OCT11LVNE-NE,,NE,LV,2026-10-11T20:00:00Z,home,0.6,0.61,0.605,0.01,454.0,114.14,1839.03,589.84,1389.5,active,kalshi,2026-10-01T02:38:14.854638+00:00
nfl,NFL,KXNFLGAME-26OCT11MINNO,KXNFLGAME-26OCT11MINNO-MIN,,NO,MIN,2026-10-11T20:00:00Z,away,0.53,0.54,0.535,0.01,18.0,5568.29,3142.56,1217.06,3098.98,active,kalshi,2026-10-01T02:38:14.854638+00:00
nfl,NFL,KXNFLGAME-26OCT11MINNO,KXNFLGAME-26OCT11MINNO-NO,,NO,MIN,2026-10-11T20:00:00Z,home,0.46,0.48,0.47,0.02,128.0,3077.9,352.56,147.52,352.56,active,kalshi,2026-10-01T02:38:14.854638+00:00
nfl,NFL,KXNFLGAME-26OCT11NYGWAS,KXNFLGAME-26OCT11NYGWAS-NYG,,WAS,NYG,2026-10-11T20:00:00Z,away,0.43,0.45,0.44,0.02,13000.0,60.0,567.6,284.65,494.78,active,kalshi,2026-10-01T02:38:14.854638+00:00
nfl,NFL,KXNFLGAME-26OCT11NYGWAS,KXNFLGAME-26OCT11NYGWAS-WAS,,WAS,NYG,2026-10-11T20:00:00Z,home,0.55,0.58,0.565,0.03,744.24,4069.0,364.77,152.14,364.77,active,kalshi,2026-10-01T02:38:14.854638+00:00
nfl,NFL,KXNFLGAME-26OCT11PHIJAC,KXNFLGAME-26OCT11PHIJAC-PHI,,JAX,PHI,2026-10-11T16:30:00Z,away,0.42,0.44,0.43,0.02,52.6,7333.27,1635.27,562.83,1221.11,active,kalshi,2026-10-01T02:38:14.854638+00:00
nfl,NFL,KXNFLGAME-26OCT11PHIJAC,KXNFLGAME-26OCT11PHIJAC-JAC,,JAX,PHI,2026-10-11T16:30:00Z,home,0.58,0.6,0.59,0.02,120.32,58.97,1374.41,279.59,1302.62,active,kalshi,2026-10-01T02:38:14.854638+00:00
nfl,NFL,KXNFLGAME-26OCT11SFSEA,KXNFLGAME-26OCT11SFSEA-SF,,SEA,SF,2026-10-11T23:25:00Z,away,0.39,0.4,0.395,0.01,35.0,2387.21,33609.55,4480.76,25344.81,active,kalshi,2026-10-01T02:38:14.854638+00:00
nfl,NFL,KXNFLGAME-26OCT11SFSEA,KXNFLGAME-26OCT11SFSEA-SEA,,SEA,SF,2026-10-11T23:25:00Z,home,0.62,0.64,0.63,0.02,45.13,138.59,32470.26,423.41,29072.2,active,kalshi,2026-10-01T02:38:14.854638+00:00
nfl,NFL,KXNFLGAME-26OCT12BUFLAR,KXNFLGAME-26OCT12BUFLAR-BUF,,LA,BUF,2026-10-13T03:15:00Z,away,0.46,0.48,0.47,0.02,158.32,450.0,1768.32,824.62,1765.05,active,kalshi,2026-10-01T02:38:14.854638+00:00
nfl,NFL,KXNFLGAME-26OCT12BUFLAR,KXNFLGAME-26OCT12BUFLAR-LAR,,LA,BUF,2026-10-13T03:15:00Z,home,0.52,0.54,0.53,0.02,1977.0,226.74,369.4,111.45,364.14,active,kalshi,2026-10-01T02:38:14.854638+00:00
nfl,NFL,KXNFLGAME-26OCT01PITCLE,KXNFLGAME-26OCT01PITCLE-PIT,,CLE,PIT,2026-10-02T03:15:00Z,away,0.57,0.58,0.575,0.01,862003.82,1833869.23,422937.82,197993.6,330812.57,active,kalshi,2026-10-01T03:03:20.103896+00:00
nfl,NFL,KXNFLGAME-26OCT01PITCLE,KXNFLGAME-26OCT01PITCLE-CLE,,CLE,PIT,2026-10-02T03:15:00Z,home,0.42,0.43,0.425,0.01,186316.23,6339805.18,372768.35,202562.95,343002.16,active,kalshi,2026-10-01T03:03:20.103896+00:00
nfl,NFL,KXNFLGAME-26OCT04ARINYG,KXNFLGAME-26OCT04ARINYG-ARI,,NYG,ARI,2026-10-04T20:00:00Z,away,0.56,0.57,0.565,0.01,126.51,11644.19,78242.3,6440.81,71764.06,active,kalshi,2026-10-01T03:03:20.103896+00:00
nfl,NFL,KXNFLGAME-26OCT04ARINYG,KXNFLGAME-26OCT04ARINYG-NYG,,NYG,ARI,2026-10-04T20:00:00Z,home,0.43,0.44,0.435,0.01,6169.26,12878.71,48502.75,13387.39,43416.63,active,kalshi,2026-10-01T03:03:20.103896+00:00
nfl,NFL,KXNFLGAME-26OCT04DALHOU,KXNFLGAME-26OCT04DALHOU-DAL,,HOU,DAL,2026-10-04T20:00:00Z,away,0.4,0.41,0.405,0.01,19272.94,308697.34,276261.22,89877.96,234523.92,active,kalshi,2026-10-01T03:03:20.103896+00:00
nfl,NFL,KXNFLGAME-26OCT04DALHOU,KXNFLGAME-26OCT04DALHOU-HOU,,HOU,DAL,2026-10-04T20:00:00Z,home,0.59,0.6,0.595,0.01,304403.13,72721.67,52596.58,14861.33,40110.62,active,kalshi,2026-10-01T03:03:20.103896+00:00
nfl,NFL,KXNFLGAME-26OCT04DENSF,KXNFLGAME-26OCT04DENSF-DEN,,SF,DEN,2026-10-04T23:25:00Z,away,0.42,0.43,0.425,0.01,85279.25,549.31,104526.27,27513.85,81894.6,active,kalshi,2026-10-01T03:03:20.103896+00:00
nfl,NFL,KXNFLGAME-26OCT04DENSF,KXNFLGAME-26OCT04DENSF-SF,,SF,DEN,2026-10-04T23:25:00Z,home,0.57,0.58,0.575,0.01,1102.76,91048.05,150257.57,28473.99,132100.27,active,kalshi,2026-10-01T03:03:20.103896+00:00
nfl,NFL,KXNFLGAME-26OCT04DETCAR,KXNFLGAME-26OCT04DETCAR-DET,,CAR,DET,2026-10-05T03:20:00Z,away,0.64,0.65,0.645,0.01,5446.1,155623.97,31137.84,6679.17,28939.73,active,kalshi,2026-10-01T03:03:20.103896+00:00
nfl,NFL,KXNFLGAME-26OCT04DETCAR,KXNFLGAME-26OCT04DETCAR-CAR,,CAR,DET,2026-10-05T03:20:00Z,home,0.35,0.36,0.355,0.01,34864.67,13968.68,28175.19,7351.28,23208.45,active,kalshi,2026-10-01T03:03:20.103896+00:00
nfl,NFL,KXNFLGAME-26OCT04GBTB,KXNFLGAME-26OCT04GBTB-GB,,TB,GB,2026-10-04T20:00:00Z,away,0.62,0.63,0.625,0.01,26768.86,73226.47,116656.35,8373.13,97820.66,active,kalshi,2026-10-01T03:03:20.103896+00:00
nfl,NFL,KXNFLGAME-26OCT04GBTB,KXNFLGAME-26OCT04GBTB-TB,,TB,GB,2026-10-04T20:00:00Z,home,0.37,0.38,0.375,0.01,749.89,114659.53,93038.77,17164.18,71518.22,active,kalshi,2026-10-01T03:03:20.103896+00:00
nfl,NFL,KXNFLGAME-26OCT04INDWAS,KXNFLGAME-26OCT04INDWAS-IND,,WAS,IND,2026-10-04T16:30:00Z,away,0.63,0.64,0.635,0.01,347271.91,113226.24,37047.21,6746.39,29630.09,active,kalshi,2026-10-01T03:03:20.103896+00:00
nfl,NFL,KXNFLGAME-26OCT04INDWAS,KXNFLGAME-26OCT04INDWAS-WAS,,WAS,IND,2026-10-04T16:30:00Z,home,0.36,0.37,0.365,0.01,81940.62,391946.18,77072.18,22661.79,64910.67,active,kalshi,2026-10-01T03:03:20.103896+00:00
nfl,NFL,KXNFLGAME-26OCT04JACCIN,KXNFLGAME-26OCT04JACCIN-JAC,,CIN,JAX,2026-10-04T20:00:00Z,away,0.42,0.43,0.425,0.01,20128.54,343550.84,63767.86,24983.14,57721.17,active,kalshi,2026-10-01T03:03:20.103896+00:00
nfl,NFL,KXNFLGAME-26OCT04JACCIN,KXNFLGAME-26OCT04JACCIN-CIN,,CIN,JAX,2026-10-04T20:00:00Z,home,0.57,0.58,0.575,0.01,320403.08,20847.64,35779.6,5536.63,32977.64,active,kalshi,2026-10-01T03:03:20.103896+00:00
nfl,NFL,KXNFLGAME-26OCT04KCLV,KXNFLGAME-26OCT04KCLV-KC,,LV,KC,2026-10-04T23:25:00Z,away,0.64,0.66,0.65,0.02,331261.76,280077.3,330835.02,72289.15,237934.51,active,kalshi,2026-10-01T03:03:20.103896+00:00
nfl,NFL,KXNFLGAME-26OCT04KCLV,KXNFLGAME-26OCT04KCLV-LV,,LV,KC,2026-10-04T23:25:00Z,home,0.34,0.36,0.35,0.02,50045.61,358877.88,751234.23,198347.02,653381.07,active,kalshi,2026-10-01T03:03:20.103896+00:00
nfl,NFL,KXNFLGAME-26OCT04LACSEA,KXNFLGAME-26OCT04LACSEA-LAC,,SEA,LAC,2026-10-04T23:25:00Z,away,0.24,0.25,0.245,0.01,33437.42,428.67,54778.34,18333.09,51195.31,active,kalshi,2026-10-01T03:03:20.103896+00:00
nfl,NFL,KXNFLGAME-26OCT04LACSEA,KXNFLGAME-26OCT04LACSEA-SEA,,SEA,LAC,2026-10-04T23:25:00Z,home,0.75,0.76,0.755,0.01,1405.08,70299.54,34614.17,10553.19,30178.51,active,kalshi,2026-10-01T03:03:20.103896+00:00
nfl,NFL,KXNFLGAME-26OCT04LARPHI,KXNFLGAME-26OCT04LARPHI-LAR,,PHI,LA,2026-10-04T20:00:00Z,away,0.61,0.62,0.615,0.01,8238.33,404978.04,97845.38,21315.55,82770.7,active,kalshi,2026-10-01T03:03:20.103896+00:00
nfl,NFL,KXNFLGAME-26OCT04LARPHI,KXNFLGAME-26OCT04LARPHI-PHI,,PHI,LA,2026-10-04T20:00:00Z,home,0.38,0.39,0.385,0.01,342342.39,7995.01,99348.03,16618.84,65768.3,active,kalshi,2026-10-01T03:03:20.103896+00:00
nfl,NFL,KXNFLGAME-26OCT04MIAMIN,KXNFLGAME-26OCT04MIAMIN-MIA,,MIN,MIA,2026-10-04T23:05:00Z,away,0.16,0.17,0.165,0.01,9744.68,393869.24,100359.37,27460.89,90720.77,active,kalshi,2026-10-01T03:03:20.103896+00:00
nfl,NFL,KXNFLGAME-26OCT04MIAMIN,KXNFLGAME-26OCT04MIAMIN-MIN,,MIN,MIA,2026-10-04T23:05:00Z,home,0.83,0.84,0.835,0.01,316449.58,24850.39,70011.56,10917.33,59637.59,active,kalshi,2026-10-01T03:03:20.103896+00:00
nfl,NFL,KXNFLGAME-26OCT04NEBUF,KXNFLGAME-26OCT04NEBUF-NE,,BUF,NE,2026-10-04T20:00:00Z,away,0.26,0.27,0.265,0.01,11643.34,349137.33,74383.83,24559.65,50949.37,active,kalshi,2026-10-01T03:03:20.103896+00:00
nfl,NFL,KXNFLGAME-26OCT04NEBUF,KXNFLGAME-26OCT04NEBUF-BUF,,BUF,NE,2026-10-04T20:00:00Z,home,0.73,0.74,0.735,0.01,305654.27,86232.46,81426.21,26133.39,69376.06,active,kalshi,2026-10-01T03:03:20.103896+00:00
nfl,NFL,KXNFLGAME-26OCT04NYJCHI,KXNFLGAME-26OCT04NYJCHI-NYJ,,CHI,NYJ,2026-10-04T20:00:00Z,away,0.38,0.39,0.385,0.01,6396.92,116445.56,27095.2,7733.03,22373.09,active,kalshi,2026-10-01T03:03:20.103896+00:00
nfl,NFL,KXNFLGAME-26OCT04NYJCHI,KXNFLGAME-26OCT04NYJCHI-CHI,,CHI,NYJ,2026-10-04T20:00:00Z,home,0.62,0.63,0.625,0.01,46.06,465290.7,46821.32,14377.17,42053.91,active,kalshi,2026-10-01T03:03:20.103896+00:00
nfl,NFL,KXNFLGAME-26OCT04TENBAL,KXNFLGAME-26OCT04TENBAL-TEN,,BAL,TEN,2026-10-04T20:00:00Z,away,0.14,0.15,0.14500000000000002,0.01,39955.49,347532.16,161555.47,58736.65,136442.2,active,kalshi,2026-10-01T03:03:20.103896+00:00
nfl,NFL,KXNFLGAME-26OCT04TENBAL,KXNFLGAME-26OCT04TENBAL-BAL,,BAL,TEN,2026-10-04T20:00:00Z,home,0.85,0.86,0.855,0.01,307896.21,129749.23,125550.39,32103.12,94976.77,active,kalshi,2026-10-01T03:03:20.103896+00:00
nfl,NFL,KXNFLGAME-26OCT05ATLNO,KXNFLGAME-26OCT05ATLNO-ATL,,NO,ATL,2026-10-06T03:15:00Z,away,0.43,0.44,0.435,0.01,178457.59,18852.02,83294.93,7323.3,67856.25,active,kalshi,2026-10-01T03:03:20.103896+00:00
nfl,NFL,KXNFLGAME-26OCT05ATLNO,KXNFLGAME-26OCT05ATLNO-NO,,NO,ATL,2026-10-06T03:15:00Z,home,0.56,0.57,0.565,0.01,586.51,227752.75,28746.17,3175.96,25738.35,active,kalshi,2026-10-01T03:03:20.103896+00:00
nfl,NFL,KXNFLGAME-26OCT08TBDAL,KXNFLGAME-26OCT08TBDAL-TB,,DAL,TB,2026-10-09T03:15:00Z,away,0.18,0.2,0.19,0.02,159.21,371.26,10236.59,4653.29,7883.93,active,kalshi,2026-10-01T03:03:20.103896+00:00
nfl,NFL,KXNFLGAME-26OCT08TBDAL,KXNFLGAME-26OCT08TBDAL-DAL,,DAL,TB,2026-10-09T03:15:00Z,home,0.81,0.82,0.815,0.01,224.0,171.93,5211.92,2161.32,4466.88,active,kalshi,2026-10-01T03:03:20.103896+00:00
nfl,NFL,KXNFLGAME-26OCT11BALATL,KXNFLGAME-26OCT11BALATL-BAL,,ATL,BAL,2026-10-12T03:20:00Z,away,0.72,0.75,0.735,0.03,8.8,13079.0,10595.29,130.02,10457.85,active,kalshi,2026-10-01T03:03:20.103896+00:00
nfl,NFL,KXNFLGAME-26OCT11BALATL,KXNFLGAME-26OCT11BALATL-ATL,,ATL,BAL,2026-10-12T03:20:00Z,home,0.27,0.29,0.28,0.02,45.0,3159.0,14456.21,559.35,13076.11,active,kalshi,2026-10-01T03:03:20.103896+00:00
nfl,NFL,KXNFLGAME-26OCT11CHIGB,KXNFLGAME-26OCT11CHIGB-CHI,,GB,CHI,2026-10-11T23:25:00Z,away,0.45,0.47,0.45999999999999996,0.02,3.17,2440.49,8947.08,5305.56,7592.76,active,kalshi,2026-10-01T03:03:20.103896+00:00
nfl,NFL,KXNFLGAME-26OCT11CHIGB,KXNFLGAME-26OCT11CHIGB-GB,,GB,CHI,2026-10-11T23:25:00Z,home,0.54,0.56,0.55,0.02,72.0,100.0,2142.09,1674.9,1840.13,active,kalshi,2026-10-01T03:03:20.103896+00:00
nfl,NFL,KXNFLGAME-26OCT11CINMIA,KXNFLGAME-26OCT11CINMIA-CIN,,MIA,CIN,2026-10-11T20:00:00Z,away,0.8,0.83,0.815,0.03,291.0,3027.0,3898.76,263.84,3707.24,active,kalshi,2026-10-01T03:03:20.103896+00:00
nfl,NFL,KXNFLGAME-26OCT11CINMIA,KXNFLGAME-26OCT11CINMIA-MIA,,MIA,CIN,2026-10-11T20:00:00Z,home,0.18,0.2,0.19,0.02,28.0,2982.35,2096.01,176.89,1374.9,active,kalshi,2026-10-01T03:03:20.103896+00:00
nfl,NFL,KXNFLGAME-26OCT11CLENYJ,KXNFLGAME-26OCT11CLENYJ-CLE,,NYJ,CLE,2026-10-11T20:00:00Z,away,0.42,0.45,0.435,0.03,4980.0,2253.0,568.24,165.99,568.24,active,kalshi,2026-10-01T03:03:20.103896+00:00
nfl,NFL,KXNFLGAME-26OCT11CLENYJ,KXNFLGAME-26OCT11CLENYJ-NYJ,,NYJ,CLE,2026-10-11T20:00:00Z,home,0.55,0.58,0.565,0.03,1095.14,3029.0,2766.31,106.38,2766.31,active,kalshi,2026-10-01T03:03:20.103896+00:00
nfl,NFL,KXNFLGAME-26OCT11DENLAC,KXNFLGAME-26OCT11DENLAC-DEN,,LAC,DEN,2026-10-11T23:05:00Z,away,0.54,0.56,0.55,0.02,29.0,13579.0,1026.34,295.05,1012.32,active,kalshi,2026-10-01T03:03:20.103896+00:00
nfl,NFL,KXNFLGAME-26OCT11DENLAC,KXNFLGAME-26OCT11DENLAC-LAC,,LAC,DEN,2026-10-11T23:05:00Z,home,0.44,0.47,0.45499999999999996,0.03,5108.0,3110.4,666.29,127.73,549.99,active,kalshi,2026-10-01T03:03:20.103896+00:00
nfl,NFL,KXNFLGAME-26OCT11DETARI,KXNFLGAME-26OCT11DETARI-DET,,ARI,DET,2026-10-11T23:25:00Z,away,0.68,0.7,0.69,0.02,15.0,3119.0,4348.77,89.48,2136.14,active,kalshi,2026-10-01T03:03:20.103896+00:00
nfl,NFL,KXNFLGAME-26OCT11DETARI,KXNFLGAME-26OCT11DETARI-ARI,,ARI,DET,2026-10-11T23:25:00Z,home,0.3,0.33,0.315,0.03,1763.32,2971.0,2878.07,236.98,2703.21,active,kalshi,2026-10-01T03:03:20.103896+00:00
nfl,NFL,KXNFLGAME-26OCT11HOUTEN,KXNFLGAME-26OCT11HOUTEN-HOU,,TEN,HOU,2026-10-11T20:00:00Z,away,0.73,0.75,0.74,0.02,25.77,3030.0,11650.86,311.7,10874.94,active,kalshi,2026-10-01T03:03:20.103896+00:00
nfl,NFL,KXNFLGAME-26OCT11HOUTEN,KXNFLGAME-26OCT11HOUTEN-TEN,,TEN,HOU,2026-10-11T20:00:00Z,home,0.25,0.28,0.265,0.03,523.35,3165.0,10575.11,295.51,10413.64,active,kalshi,2026-10-01T03:03:20.103896+00:00
nfl,NFL,KXNFLGAME-26OCT11INDPIT,KXNFLGAME-26OCT11INDPIT-IND,,PIT,IND,2026-10-11T20:00:00Z,away,0.43,0.44,0.435,0.01,1997.0,4788.66,214.24,88.97,210.4,active,kalshi,2026-10-01T03:03:20.103896+00:00
nfl,NFL,KXNFLGAME-26OCT11INDPIT,KXNFLGAME-26OCT11INDPIT-PIT,,PIT,IND,2026-10-11T20:00:00Z,home,0.56,0.58,0.5700000000000001,0.02,2498.3,3199.17,964.75,63.98,895.61,active,kalshi,2026-10-01T03:03:20.103896+00:00
nfl,NFL,KXNFLGAME-26OCT11LVNE,KXNFLGAME-26OCT11LVNE-LV,,NE,LV,2026-10-11T20:00:00Z,away,0.4,0.42,0.41000000000000003,0.02,283.0,1662.0,14311.5,5488.91,12534.81,active,kalshi,2026-10-01T03:03:20.103896+00:00
nfl,NFL,KXNFLGAME-26OCT11LVNE,KXNFLGAME-26OCT11LVNE-NE,,NE,LV,2026-10-11T20:00:00Z,home,0.6,0.61,0.605,0.01,4.0,207.59,1839.03,589.84,1389.5,active,kalshi,2026-10-01T03:03:20.103896+00:00
nfl,NFL,KXNFLGAME-26OCT11MINNO,KXNFLGAME-26OCT11MINNO-MIN,,NO,MIN,2026-10-11T20:00:00Z,away,0.53,0.54,0.535,0.01,28.0,5553.29,3142.56,858.26,3098.98,active,kalshi,2026-10-01T03:03:20.103896+00:00
nfl,NFL,KXNFLGAME-26OCT11MINNO,KXNFLGAME-26OCT11MINNO-NO,,NO,MIN,2026-10-11T20:00:00Z,home,0.45,0.48,0.46499999999999997,0.03,1334.64,3098.0,352.56,164.44,352.56,active,kalshi,2026-10-01T03:03:20.103896+00:00
nfl,NFL,KXNFLGAME-26OCT11NYGWAS,KXNFLGAME-26OCT11NYGWAS-NYG,,WAS,NYG,2026-10-11T20:00:00Z,away,0.43,0.46,0.445,0.03,13000.0,118.0,567.6,284.65,494.78,active,kalshi,2026-10-01T03:03:20.103896+00:00
nfl,NFL,KXNFLGAME-26OCT11NYGWAS,KXNFLGAME-26OCT11NYGWAS-WAS,,WAS,NYG,2026-10-11T20:00:00Z,home,0.55,0.58,0.565,0.03,515.0,3069.0,364.77,152.14,364.77,active,kalshi,2026-10-01T03:03:20.103896+00:00
nfl,NFL,KXNFLGAME-26OCT11PHIJAC,KXNFLGAME-26OCT11PHIJAC-PHI,,JAX,PHI,2026-10-11T16:30:00Z,away,0.42,0.44,0.43,0.02,52.6,4227.41,1657.13,575.1,1242.97,active,kalshi,2026-10-01T03:03:20.103896+00:00
nfl,NFL,KXNFLGAME-26OCT11PHIJAC,KXNFLGAME-26OCT11PHIJAC-JAC,,JAX,PHI,2026-10-11T16:30:00Z,home,0.58,0.6,0.59,0.02,17.73,3113.57,1374.41,246.26,1302.62,active,kalshi,2026-10-01T03:03:20.103896+00:00
nfl,NFL,KXNFLGAME-26OCT11SFSEA,KXNFLGAME-26OCT11SFSEA-SF,,SEA,SF,2026-10-11T23:25:00Z,away,0.39,0.4,0.395,0.01,3.09,2939.23,33749.41,4573.58,25484.67,active,kalshi,2026-10-01T03:03:20.103896+00:00
nfl,NFL,KXNFLGAME-26OCT11SFSEA,KXNFLGAME-26OCT11SFSEA-SEA,,SEA,SF,2026-10-11T23:25:00Z,home,0.62,0.64,0.63,0.02,34.13,140.98,32470.26,423.41,29072.2,active,kalshi,2026-10-01T03:03:20.103896+00:00
nfl,NFL,KXNFLGAME-26OCT12BUFLAR,KXNFLGAME-26OCT12BUFLAR-BUF,,LA,BUF,2026-10-13T03:15:00Z,away,0.46,0.47,0.46499999999999997,0.01,45.32,1973.0,1776.2,829.97,1772.93,active,kalshi,2026-10-01T03:03:20.103896+00:00
nfl,NFL,KXNFLGAME-26OCT12BUFLAR,KXNFLGAME-26OCT12BUFLAR-LAR,,LA,BUF,2026-10-13T03:15:00Z,home,0.52,0.54,0.53,0.02,180.58,126.74,415.4,157.45,346.14,active,kalshi,2026-10-01T03:03:20.103896+00:00
nfl,NFL,KXNFLGAME-26OCT01PITCLE,KXNFLGAME-26OCT01PITCLE-PIT,,CLE,PIT,2026-10-02T03:15:00Z,away,0.57,0.58,0.575,0.01,862126.19,1825636.48,434106.23,202603.23,340242.6,active,kalshi,2026-10-01T03:39:15.900019+00:00
nfl,NFL,KXNFLGAME-26OCT01PITCLE,KXNFLGAME-26OCT01PITCLE-CLE,,CLE,PIT,2026-10-02T03:15:00Z,home,0.42,0.43,0.425,0.01,185546.44,6333297.6,380507.26,202622.8,349979.65,active,kalshi,2026-10-01T03:39:15.900019+00:00
nfl,NFL,KXNFLGAME-26OCT04ARINYG,KXNFLGAME-26OCT04ARINYG-ARI,,NYG,ARI,2026-10-04T20:00:00Z,away,0.56,0.57,0.565,0.01,2.0,4250.13,78549.92,6356.25,71606.36,active,kalshi,2026-10-01T03:39:15.900019+00:00
nfl,NFL,KXNFLGAME-26OCT04ARINYG,KXNFLGAME-26OCT04ARINYG-NYG,,NYG,ARI,2026-10-04T20:00:00Z,home,0.43,0.44,0.435,0.01,6158.97,16921.74,48738.58,13182.68,43652.46,active,kalshi,2026-10-01T03:39:15.900019+00:00
nfl,NFL,KXNFLGAME-26OCT04DALHOU,KXNFLGAME-26OCT04DALHOU-DAL,,HOU,DAL,2026-10-04T20:00:00Z,away,0.4,0.41,0.405,0.01,19254.76,305263.95,278754.19,90249.77,237016.89,active,kalshi,2026-10-01T03:39:15.900019+00:00
nfl,NFL,KXNFLGAME-26OCT04DALHOU,KXNFLGAME-26OCT04DALHOU-HOU,,HOU,DAL,2026-10-04T20:00:00Z,home,0.59,0.6,0.595,0.01,304222.66,72193.14,53120.27,14596.65,40630.85,active,kalshi,2026-10-01T03:39:15.900019+00:00
nfl,NFL,KXNFLGAME-26OCT04DENSF,KXNFLGAME-26OCT04DENSF-DEN,,SF,DEN,2026-10-04T23:25:00Z,away,0.42,0.43,0.425,0.01,82220.3,589.68,104741.36,27209.07,82060.46,active,kalshi,2026-10-01T03:39:15.900019+00:00
nfl,NFL,KXNFLGAME-26OCT04DENSF,KXNFLGAME-26OCT04DENSF-SF,,SF,DEN,2026-10-04T23:25:00Z,home,0.57,0.58,0.575,0.01,1086.39,94356.57,153931.03,30088.47,135740.99,active,kalshi,2026-10-01T03:39:15.900019+00:00
nfl,NFL,KXNFLGAME-26OCT04DETCAR,KXNFLGAME-26OCT04DETCAR-DET,,CAR,DET,2026-10-05T03:20:00Z,away,0.64,0.65,0.645,0.01,5445.74,155838.79,31724.86,6311.97,29526.75,active,kalshi,2026-10-01T03:39:15.900019+00:00
nfl,NFL,KXNFLGAME-26OCT04DETCAR,KXNFLGAME-26OCT04DETCAR-CAR,,CAR,DET,2026-10-05T03:20:00Z,home,0.35,0.36,0.355,0.01,34865.3,13922.0,28240.08,7351.4,23268.97,active,kalshi,2026-10-01T03:39:15.900019+00:00
nfl,NFL,KXNFLGAME-26OCT04GBTB,KXNFLGAME-26OCT04GBTB-GB,,TB,GB,2026-10-04T20:00:00Z,away,0.62,0.63,0.625,0.01,26743.49,72838.93,116976.91,8504.24,98141.22,active,kalshi,2026-10-01T03:39:15.900019+00:00
nfl,NFL,KXNFLGAME-26OCT04GBTB,KXNFLGAME-26OCT04GBTB-TB,,TB,GB,2026-10-04T20:00:00Z,home,0.37,0.38,0.375,0.01,788.47,114564.53,93207.35,17169.29,71684.43,active,kalshi,2026-10-01T03:39:15.900019+00:00
nfl,NFL,KXNFLGAME-26OCT04INDWAS,KXNFLGAME-26OCT04INDWAS-IND,,WAS,IND,2026-10-04T16:30:00Z,away,0.63,0.64,0.635,0.01,347232.39,112974.4,37216.24,6725.5,29799.12,active,kalshi,2026-10-01T03:39:15.900019+00:00
nfl,NFL,KXNFLGAME-26OCT04INDWAS,KXNFLGAME-26OCT04INDWAS-WAS,,WAS,IND,2026-10-04T16:30:00Z,home,0.36,0.37,0.365,0.01,81420.76,391082.08,77447.14,22636.04,65259.77,active,kalshi,2026-10-01T03:39:15.900019+00:00
nfl,NFL,KXNFLGAME-26OCT04JACCIN,KXNFLGAME-26OCT04JACCIN-JAC,,CIN,JAX,2026-10-04T20:00:00Z,away,0.42,0.43,0.425,0.01,21349.04,377440.65,64884.27,25289.09,58837.58,active,kalshi,2026-10-01T03:39:15.900019+00:00
nfl,NFL,KXNFLGAME-26OCT04JACCIN,KXNFLGAME-26OCT04JACCIN-CIN,,CIN,JAX,2026-10-04T20:00:00Z,home,0.57,0.58,0.575,0.01,321829.33,24223.3,35926.0,5623.72,33096.11,active,kalshi,2026-10-01T03:39:15.900019+00:00
nfl,NFL,KXNFLGAME-26OCT04KCLV,KXNFLGAME-26OCT04KCLV-KC,,LV,KC,2026-10-04T23:25:00Z,away,0.64,0.66,0.65,0.02,331143.58,277836.4,332920.74,70966.16,239745.28,active,kalshi,2026-10-01T03:39:15.900019+00:00
nfl,NFL,KXNFLGAME-26OCT04KCLV,KXNFLGAME-26OCT04KCLV-LV,,LV,KC,2026-10-04T23:25:00Z,home,0.34,0.36,0.35,0.02,53985.51,353837.96,757946.65,197043.75,659512.44,active,kalshi,2026-10-01T03:39:15.900019+00:00
nfl,NFL,KXNFLGAME-26OCT04LACSEA,KXNFLGAME-26OCT04LACSEA-LAC,,SEA,LAC,2026-10-04T23:25:00Z,away,0.24,0.25,0.245,0.01,33379.6,509.62,54808.6,18246.78,51225.57,active,kalshi,2026-10-01T03:39:15.900019+00:00
nfl,NFL,KXNFLGAME-26OCT04LACSEA,KXNFLGAME-26OCT04LACSEA-SEA,,SEA,LAC,2026-10-04T23:25:00Z,home,0.75,0.76,0.755,0.01,1403.92,67115.45,34762.02,9050.73,30295.73,active,kalshi,2026-10-01T03:39:15.900019+00:00
nfl,NFL,KXNFLGAME-26OCT04LARPHI,KXNFLGAME-26OCT04LARPHI-LAR,,PHI,LA,2026-10-04T20:00:00Z,away,0.61,0.62,0.615,0.01,7861.14,404515.39,98747.1,21031.59,82919.36,active,kalshi,2026-10-01T03:39:15.900019+00:00
nfl,NFL,KXNFLGAME-26OCT04LARPHI,KXNFLGAME-26OCT04LARPHI-PHI,,PHI,LA,2026-10-04T20:00:00Z,home,0.38,0.39,0.385,0.01,342229.83,7624.42,99941.4,16851.11,65867.4,active,kalshi,2026-10-01T03:39:15.900019+00:00
nfl,NFL,KXNFLGAME-26OCT04MIAMIN,KXNFLGAME-26OCT04MIAMIN-MIA,,MIN,MIA,2026-10-04T23:05:00Z,away,0.16,0.17,0.165,0.01,9717.67,393498.66,100757.74,26734.85,91091.35,active,kalshi,2026-10-01T03:39:15.900019+00:00
nfl,NFL,KXNFLGAME-26OCT04MIAMIN,KXNFLGAME-26OCT04MIAMIN-MIN,,MIN,MIA,2026-10-04T23:05:00Z,home,0.83,0.84,0.835,0.01,316398.74,27543.18,70309.44,9903.32,59886.18,active,kalshi,2026-10-01T03:39:15.900019+00:00
nfl,NFL,KXNFLGAME-26OCT04NEBUF,KXNFLGAME-26OCT04NEBUF-NE,,BUF,NE,2026-10-04T20:00:00Z,away,0.26,0.27,0.265,0.01,11646.48,348788.18,74840.0,24567.04,51405.54,active,kalshi,2026-10-01T03:39:15.900019+00:00
nfl,NFL,KXNFLGAME-26OCT04NEBUF,KXNFLGAME-26OCT04NEBUF-BUF,,BUF,NE,2026-10-04T20:00:00Z,home,0.73,0.74,0.735,0.01,305625.99,85381.84,82284.45,26229.54,70181.74,active,kalshi,2026-10-01T03:39:15.900019+00:00
nfl,NFL,KXNFLGAME-26OCT04NYJCHI,KXNFLGAME-26OCT04NYJCHI-NYJ,,CHI,NYJ,2026-10-04T20:00:00Z,away,0.38,0.39,0.385,0.01,6396.31,117778.23,27112.9,7659.04,22390.79,active,kalshi,2026-10-01T03:39:15.900019+00:00
nfl,NFL,KXNFLGAME-26OCT04NYJCHI,KXNFLGAME-26OCT04NYJCHI-CHI,,CHI,NYJ,2026-10-04T20:00:00Z,home,0.62,0.63,0.625,0.01,22.37,464972.43,47260.92,14865.54,42493.51,active,kalshi,2026-10-01T03:39:15.900019+00:00
nfl,NFL,KXNFLGAME-26OCT04TENBAL,KXNFLGAME-26OCT04TENBAL-TEN,,BAL,TEN,2026-10-04T20:00:00Z,away,0.14,0.15,0.14500000000000002,0.01,39353.38,346041.09,163635.93,60182.4,137935.27,active,kalshi,2026-10-01T03:39:15.900019+00:00
nfl,NFL,KXNFLGAME-26OCT04TENBAL,KXNFLGAME-26OCT04TENBAL-BAL,,BAL,TEN,2026-10-04T20:00:00Z,home,0.85,0.86,0.855,0.01,307881.11,132502.68,125947.24,31098.09,95339.42,active,kalshi,2026-10-01T03:39:15.900019+00:00
nfl,NFL,KXNFLGAME-26OCT05ATLNO,KXNFLGAME-26OCT05ATLNO-ATL,,NO,ATL,2026-10-06T03:15:00Z,away,0.43,0.44,0.435,0.01,178459.44,6275.84,84045.64,7913.19,68606.96,active,kalshi,2026-10-01T03:39:15.900019+00:00
nfl,NFL,KXNFLGAME-26OCT05ATLNO,KXNFLGAME-26OCT05ATLNO-NO,,NO,ATL,2026-10-06T03:15:00Z,home,0.56,0.57,0.565,0.01,668.8,229143.79,28784.89,3125.8,25777.07,active,kalshi,2026-10-01T03:39:15.900019+00:00
nfl,NFL,KXNFLGAME-26OCT08TBDAL,KXNFLGAME-26OCT08TBDAL-TB,,DAL,TB,2026-10-09T03:15:00Z,away,0.18,0.19,0.185,0.01,118.18,13.38,10236.59,4190.86,7883.93,active,kalshi,2026-10-01T03:39:15.900019+00:00
nfl,NFL,KXNFLGAME-26OCT08TBDAL,KXNFLGAME-26OCT08TBDAL-DAL,,DAL,TB,2026-10-09T03:15:00Z,home,0.81,0.82,0.815,0.01,244.96,136.04,5211.92,2124.58,4466.88,active,kalshi,2026-10-01T03:39:15.900019+00:00
nfl,NFL,KXNFLGAME-26OCT11BALATL,KXNFLGAME-26OCT11BALATL-BAL,,ATL,BAL,2026-10-12T03:20:00Z,away,0.72,0.74,0.73,0.02,8.72,42.17,10595.29,130.02,10457.85,active,kalshi,2026-10-01T03:39:15.900019+00:00
nfl,NFL,KXNFLGAME-26OCT11BALATL,KXNFLGAME-26OCT11BALATL-ATL,,ATL,BAL,2026-10-12T03:20:00Z,home,0.28,0.29,0.28500000000000003,0.01,9.17,10.56,14456.21,559.35,13076.11,active,kalshi,2026-10-01T03:39:15.900019+00:00
nfl,NFL,KXNFLGAME-26OCT11CHIGB,KXNFLGAME-26OCT11CHIGB-CHI,,GB,CHI,2026-10-11T23:25:00Z,away,0.45,0.46,0.455,0.01,1.97,73.77,8990.2,5346.59,7635.88,active,kalshi,2026-10-01T03:39:15.900019+00:00
nfl,NFL,KXNFLGAME-26OCT11CHIGB,KXNFLGAME-26OCT11CHIGB-GB,,GB,CHI,2026-10-11T23:25:00Z,home,0.54,0.56,0.55,0.02,28.0,64.76,2142.53,1666.83,1840.57,active,kalshi,2026-10-01T03:39:15.900019+00:00
nfl,NFL,KXNFLGAME-26OCT11CINMIA,KXNFLGAME-26OCT11CINMIA-CIN,,MIA,CIN,2026-10-11T20:00:00Z,away,0.79,0.83,0.81,0.04,14658.0,2997.0,3898.76,243.99,3707.24,active,kalshi,2026-10-01T03:39:15.900019+00:00
nfl,NFL,KXNFLGAME-26OCT11CINMIA,KXNFLGAME-26OCT11CINMIA-MIA,,MIA,CIN,2026-10-11T20:00:00Z,home,0.18,0.2,0.19,0.02,28.0,2982.35,2096.01,171.91,1374.9,active,kalshi,2026-10-01T03:39:15.900019+00:00
nfl,NFL,KXNFLGAME-26OCT11CLENYJ,KXNFLGAME-26OCT11CLENYJ-CLE,,NYJ,CLE,2026-10-11T20:00:00Z,away,0.42,0.45,0.435,0.03,2916.0,2200.0,568.24,124.99,568.24,active,kalshi,2026-10-01T03:39:15.900019+00:00
nfl,NFL,KXNFLGAME-26OCT11CLENYJ,KXNFLGAME-26OCT11CLENYJ-NYJ,,NYJ,CLE,2026-10-11T20:00:00Z,home,0.55,0.58,0.565,0.03,1095.14,2923.0,2766.31,88.07,2766.31,active,kalshi,2026-10-01T03:39:15.900019+00:00
nfl,NFL,KXNFLGAME-26OCT11DENLAC,KXNFLGAME-26OCT11DENLAC-DEN,,LAC,DEN,2026-10-11T23:05:00Z,away,0.54,0.56,0.55,0.02,29.0,2637.0,1026.34,295.05,1012.32,active,kalshi,2026-10-01T03:39:15.900019+00:00
nfl,NFL,KXNFLGAME-26OCT11DENLAC,KXNFLGAME-26OCT11DENLAC-LAC,,LAC,DEN,2026-10-11T23:05:00Z,home,0.44,0.47,0.45499999999999996,0.03,4991.0,3110.4,666.29,127.73,549.99,active,kalshi,2026-10-01T03:39:15.900019+00:00
nfl,NFL,KXNFLGAME-26OCT11DETARI,KXNFLGAME-26OCT11DETARI-DET,,ARI,DET,2026-10-11T23:25:00Z,away,0.68,0.7,0.69,0.02,15.0,3118.0,4348.77,74.22,2136.14,active,kalshi,2026-10-01T03:39:15.900019+00:00
nfl,NFL,KXNFLGAME-26OCT11DETARI,KXNFLGAME-26OCT11DETARI-ARI,,ARI,DET,2026-10-11T23:25:00Z,home,0.3,0.33,0.315,0.03,1763.32,2971.0,2878.07,207.15,2703.21,active,kalshi,2026-10-01T03:39:15.900019+00:00
nfl,NFL,KXNFLGAME-26OCT11HOUTEN,KXNFLGAME-26OCT11HOUTEN-HOU,,TEN,HOU,2026-10-11T20:00:00Z,away,0.73,0.75,0.74,0.02,25.77,3030.0,11650.86,295.93,10874.94,active,kalshi,2026-10-01T03:39:15.900019+00:00
nfl,NFL,KXNFLGAME-26OCT11HOUTEN,KXNFLGAME-26OCT11HOUTEN-TEN,,TEN,HOU,2026-10-11T20:00:00Z,home,0.25,0.28,0.265,0.03,523.35,3116.0,10575.11,295.51,10413.64,active,kalshi,2026-10-01T03:39:15.900019+00:00
nfl,NFL,KXNFLGAME-26OCT11INDPIT,KXNFLGAME-26OCT11INDPIT-IND,,PIT,IND,2026-10-11T20:00:00Z,away,0.42,0.44,0.43,0.02,3049.86,4788.66,214.24,88.97,210.4,active,kalshi,2026-10-01T03:39:15.900019+00:00
nfl,NFL,KXNFLGAME-26OCT11INDPIT,KXNFLGAME-26OCT11INDPIT-PIT,,PIT,IND,2026-10-11T20:00:00Z,home,0.56,0.57,0.565,0.01,2498.3,1997.0,964.75,63.98,895.61,active,kalshi,2026-10-01T03:39:15.900019+00:00
nfl,NFL,KXNFLGAME-26OCT11LVNE,KXNFLGAME-26OCT11LVNE-LV,,NE,LV,2026-10-11T20:00:00Z,away,0.39,0.41,0.4,0.02,560.37,61.29,14444.32,5931.91,12664.63,active,kalshi,2026-10-01T03:39:15.900019+00:00
nfl,NFL,KXNFLGAME-26OCT11LVNE,KXNFLGAME-26OCT11LVNE-NE,,NE,LV,2026-10-11T20:00:00Z,home,0.6,0.61,0.605,0.01,9.14,131.54,1839.03,589.84,1389.5,active,kalshi,2026-10-01T03:39:15.900019+00:00
nfl,NFL,KXNFLGAME-26OCT11MINNO,KXNFLGAME-26OCT11MINNO-MIN,,NO,MIN,2026-10-11T20:00:00Z,away,0.53,0.54,0.535,0.01,8.0,5574.37,3142.56,768.56,3098.98,active,kalshi,2026-10-01T03:39:15.900019+00:00
nfl,NFL,KXNFLGAME-26OCT11MINNO,KXNFLGAME-26OCT11MINNO-NO,,NO,MIN,2026-10-11T20:00:00Z,home,0.46,0.47,0.46499999999999997,0.01,1.0,1.0,352.56,164.44,352.56,active,kalshi,2026-10-01T03:39:15.900019+00:00
nfl,NFL,KXNFLGAME-26OCT11NYGWAS,KXNFLGAME-26OCT11NYGWAS-NYG,,WAS,NYG,2026-10-11T20:00:00Z,away,0.42,0.45,0.435,0.03,3015.0,3045.0,567.6,284.65,494.78,active,kalshi,2026-10-01T03:39:15.900019+00:00
nfl,NFL,KXNFLGAME-26OCT11NYGWAS,KXNFLGAME-26OCT11NYGWAS-WAS,,WAS,NYG,2026-10-11T20:00:00Z,home,0.55,0.58,0.565,0.03,837.24,2854.0,364.77,152.14,364.77,active,kalshi,2026-10-01T03:39:15.900019+00:00
nfl,NFL,KXNFLGAME-26OCT11PHIJAC,KXNFLGAME-26OCT11PHIJAC-PHI,,JAX,PHI,2026-10-11T16:30:00Z,away,0.42,0.43,0.425,0.01,64.4,5.18,1701.71,447.09,1287.55,active,kalshi,2026-10-01T03:39:15.900019+00:00
nfl,NFL,KXNFLGAME-26OCT11PHIJAC,KXNFLGAME-26OCT11PHIJAC-JAC,,JAX,PHI,2026-10-11T16:30:00Z,home,0.58,0.6,0.59,0.02,15.87,3088.97,1374.41,246.26,1302.62,active,kalshi,2026-10-01T03:39:15.900019+00:00
nfl,NFL,KXNFLGAME-26OCT11SFSEA,KXNFLGAME-26OCT11SFSEA-SF,,SEA,SF,2026-10-11T23:25:00Z,away,0.39,0.4,0.395,0.01,3.09,7468.24,33773.21,4544.88,25508.47,active,kalshi,2026-10-01T03:39:15.900019+00:00
nfl,NFL,KXNFLGAME-26OCT11SFSEA,KXNFLGAME-26OCT11SFSEA-SEA,,SEA,SF,2026-10-11T23:25:00Z,home,0.62,0.63,0.625,0.01,12.18,129.85,34389.66,2337.91,30942.93,active,kalshi,2026-10-01T03:39:15.900019+00:00
nfl,NFL,KXNFLGAME-26OCT12BUFLAR,KXNFLGAME-26OCT12BUFLAR-BUF,,LA,BUF,2026-10-13T03:15:00Z,away,0.46,0.47,0.46499999999999997,0.01,42.13,2515.12,1786.45,805.28,1783.18,active,kalshi,2026-10-01T03:39:15.900019+00:00
nfl,NFL,KXNFLGAME-26OCT12BUFLAR,KXNFLGAME-26OCT12BUFLAR-LAR,,LA,BUF,2026-10-13T03:15:00Z,home,0.53,0.56,0.545,0.03,4972.0,3088.74,415.4,157.45,346.14,active,kalshi,2026-10-01T03:39:15.900019+00:00
nfl,NFL,KXNFLGAME-26OCT01PITCLE,KXNFLGAME-26OCT01PITCLE-PIT,,CLE,PIT,2026-10-02T03:15:00Z,away,0.57,0.58,0.575,0.01,561710.61,1707523.99,444371.13,213372.78,349438.02,active,kalshi,2026-10-01T04:04:05.554942+00:00
nfl,NFL,KXNFLGAME-26OCT01PITCLE,KXNFLGAME-26OCT01PITCLE-CLE,,CLE,PIT,2026-10-02T03:15:00Z,home,0.42,0.43,0.425,0.01,185546.69,6026239.45,387839.9,202188.03,357162.54,active,kalshi,2026-10-01T04:04:05.554942+00:00
nfl,NFL,KXNFLGAME-26OCT04ARINYG,KXNFLGAME-26OCT04ARINYG-ARI,,NYG,ARI,2026-10-04T20:00:00Z,away,0.56,0.57,0.565,0.01,73.81,4231.49,78568.81,5964.1,71621.53,active,kalshi,2026-10-01T04:04:05.554942+00:00
nfl,NFL,KXNFLGAME-26OCT04ARINYG,KXNFLGAME-26OCT04ARINYG-NYG,,NYG,ARI,2026-10-04T20:00:00Z,home,0.43,0.44,0.435,0.01,6158.97,16800.74,48859.58,13291.05,43773.46,active,kalshi,2026-10-01T04:04:05.554942+00:00
nfl,NFL,KXNFLGAME-26OCT04DALHOU,KXNFLGAME-26OCT04DALHOU-DAL,,HOU,DAL,2026-10-04T20:00:00Z,away,0.4,0.42,0.41000000000000003,0.02,19513.54,89675.3,281194.88,90488.5,239451.02,active,kalshi,2026-10-01T04:04:05.554942+00:00
nfl,NFL,KXNFLGAME-26OCT04DALHOU,KXNFLGAME-26OCT04DALHOU-HOU,,HOU,DAL,2026-10-04T20:00:00Z,home,0.59,0.6,0.595,0.01,598.66,72080.92,53415.88,14879.47,40719.39,active,kalshi,2026-10-01T04:04:05.554942+00:00
nfl,NFL,KXNFLGAME-26OCT04DENSF,KXNFLGAME-26OCT04DENSF-DEN,,SF,DEN,2026-10-04T23:25:00Z,away,0.42,0.43,0.425,0.01,81842.44,473.33,105366.83,27359.27,82685.93,active,kalshi,2026-10-01T04:04:05.554942+00:00
nfl,NFL,KXNFLGAME-26OCT04DENSF,KXNFLGAME-26OCT04DENSF-SF,,SF,DEN,2026-10-04T23:25:00Z,home,0.57,0.58,0.575,0.01,1044.74,116219.46,154642.59,31380.97,136419.25,active,kalshi,2026-10-01T04:04:05.554942+00:00
nfl,NFL,KXNFLGAME-26OCT04DETCAR,KXNFLGAME-26OCT04DETCAR-DET,,CAR,DET,2026-10-05T03:20:00Z,away,0.64,0.65,0.645,0.01,5420.74,155661.46,31927.19,6464.67,29729.08,active,kalshi,2026-10-01T04:04:05.554942+00:00
nfl,NFL,KXNFLGAME-26OCT04DETCAR,KXNFLGAME-26OCT04DETCAR-CAR,,CAR,DET,2026-10-05T03:20:00Z,home,0.35,0.36,0.355,0.01,34865.3,14015.49,28270.64,7273.52,23299.53,active,kalshi,2026-10-01T04:04:05.554942+00:00
nfl,NFL,KXNFLGAME-26OCT04GBTB,KXNFLGAME-26OCT04GBTB-GB,,TB,GB,2026-10-04T20:00:00Z,away,0.62,0.63,0.625,0.01,26663.95,72766.54,117050.84,8440.18,98213.61,active,kalshi,2026-10-01T04:04:05.554942+00:00
nfl,NFL,KXNFLGAME-26OCT04GBTB,KXNFLGAME-26OCT04GBTB-TB,,TB,GB,2026-10-04T20:00:00Z,home,0.37,0.38,0.375,0.01,742.24,114433.79,93363.69,17147.99,71840.17,active,kalshi,2026-10-01T04:04:05.554942+00:00
nfl,NFL,KXNFLGAME-26OCT04INDWAS,KXNFLGAME-26OCT04INDWAS-IND,,WAS,IND,2026-10-04T16:30:00Z,away,0.63,0.64,0.635,0.01,47265.39,112617.83,37585.52,7066.38,30155.69,active,kalshi,2026-10-01T04:04:05.554942+00:00
nfl,NFL,KXNFLGAME-26OCT04INDWAS,KXNFLGAME-26OCT04INDWAS-WAS,,WAS,IND,2026-10-04T16:30:00Z,home,0.36,0.37,0.365,0.01,81331.03,90706.6,77908.24,21276.87,65634.16,active,kalshi,2026-10-01T04:04:05.554942+00:00
nfl,NFL,KXNFLGAME-26OCT04JACCIN,KXNFLGAME-26OCT04JACCIN-JAC,,CIN,JAX,2026-10-04T20:00:00Z,away,0.42,0.43,0.425,0.01,21349.04,77115.41,65209.51,19992.64,59162.82,active,kalshi,2026-10-01T04:04:05.554942+00:00
nfl,NFL,KXNFLGAME-26OCT04JACCIN,KXNFLGAME-26OCT04JACCIN-CIN,,CIN,JAX,2026-10-04T20:00:00Z,home,0.57,0.58,0.575,0.01,21626.71,24202.73,35990.57,5529.38,33116.68,active,kalshi,2026-10-01T04:04:05.554942+00:00
nfl,NFL,KXNFLGAME-26OCT04KCLV,KXNFLGAME-26OCT04KCLV-KC,,LV,KC,2026-10-04T23:25:00Z,away,0.64,0.66,0.65,0.02,13613.48,272059.29,334182.72,70486.03,240996.9,active,kalshi,2026-10-01T04:04:05.554942+00:00
nfl,NFL,KXNFLGAME-26OCT04KCLV,KXNFLGAME-26OCT04KCLV-LV,,LV,KC,2026-10-04T23:25:00Z,home,0.34,0.36,0.35,0.02,63281.65,20726.11,760792.36,195585.39,661779.17,active,kalshi,2026-10-01T04:04:05.554942+00:00
nfl,NFL,KXNFLGAME-26OCT04LACSEA,KXNFLGAME-26OCT04LACSEA-LAC,,SEA,LAC,2026-10-04T23:25:00Z,away,0.24,0.25,0.245,0.01,33246.54,464.02,55137.89,17421.01,51554.86,active,kalshi,2026-10-01T04:04:05.554942+00:00
nfl,NFL,KXNFLGAME-26OCT04LACSEA,KXNFLGAME-26OCT04LACSEA-SEA,,SEA,LAC,2026-10-04T23:25:00Z,home,0.75,0.76,0.755,0.01,1378.92,66874.33,35028.14,9212.83,30561.85,active,kalshi,2026-10-01T04:04:05.554942+00:00
nfl,NFL,KXNFLGAME-26OCT04LARPHI,KXNFLGAME-26OCT04LARPHI-LAR,,PHI,LA,2026-10-04T20:00:00Z,away,0.61,0.62,0.615,0.01,7549.57,94245.47,98778.63,21450.04,82947.75,active,kalshi,2026-10-01T04:04:05.554942+00:00
nfl,NFL,KXNFLGAME-26OCT04LARPHI,KXNFLGAME-26OCT04LARPHI-PHI,,PHI,LA,2026-10-04T20:00:00Z,home,0.38,0.39,0.385,0.01,31261.2,8157.12,101158.9,17647.96,67084.9,active,kalshi,2026-10-01T04:04:05.554942+00:00
nfl,NFL,KXNFLGAME-26OCT04MIAMIN,KXNFLGAME-26OCT04MIAMIN-MIA,,MIN,MIA,2026-10-04T23:05:00Z,away,0.16,0.17,0.165,0.01,9851.67,93386.85,101369.55,27101.86,91703.16,active,kalshi,2026-10-01T04:04:05.554942+00:00
nfl,NFL,KXNFLGAME-26OCT04MIAMIN,KXNFLGAME-26OCT04MIAMIN-MIN,,MIN,MIA,2026-10-04T23:05:00Z,home,0.83,0.84,0.835,0.01,16373.74,24455.23,70960.39,10370.57,60537.13,active,kalshi,2026-10-01T04:04:05.554942+00:00
nfl,NFL,KXNFLGAME-26OCT04NEBUF,KXNFLGAME-26OCT04NEBUF-NE,,BUF,NE,2026-10-04T20:00:00Z,away,0.26,0.27,0.265,0.01,15042.86,43143.22,75736.58,25084.33,52298.5,active,kalshi,2026-10-01T04:04:05.554942+00:00
nfl,NFL,KXNFLGAME-26OCT04NEBUF,KXNFLGAME-26OCT04NEBUF-BUF,,BUF,NE,2026-10-04T20:00:00Z,home,0.73,0.74,0.735,0.01,5229.31,106341.94,83058.27,26807.11,70512.2,active,kalshi,2026-10-01T04:04:05.554942+00:00
nfl,NFL,KXNFLGAME-26OCT04NYJCHI,KXNFLGAME-26OCT04NYJCHI-NYJ,,CHI,NYJ,2026-10-04T20:00:00Z,away,0.38,0.39,0.385,0.01,6298.31,117159.74,27160.39,7656.39,22438.28,active,kalshi,2026-10-01T04:04:05.554942+00:00
nfl,NFL,KXNFLGAME-26OCT04NYJCHI,KXNFLGAME-26OCT04NYJCHI-CHI,,CHI,NYJ,2026-10-04T20:00:00Z,home,0.62,0.63,0.625,0.01,41.61,164952.44,47332.86,13543.33,42565.45,active,kalshi,2026-10-01T04:04:05.554942+00:00
nfl,NFL,KXNFLGAME-26OCT04TENBAL,KXNFLGAME-26OCT04TENBAL-TEN,,BAL,TEN,2026-10-04T20:00:00Z,away,0.14,0.15,0.14500000000000002,0.01,39174.24,45088.84,164281.32,58578.48,138285.52,active,kalshi,2026-10-01T04:04:05.554942+00:00
nfl,NFL,KXNFLGAME-26OCT04TENBAL,KXNFLGAME-26OCT04TENBAL-BAL,,BAL,TEN,2026-10-04T20:00:00Z,home,0.85,0.86,0.855,0.01,7678.16,132712.29,126075.58,30621.38,95441.86,active,kalshi,2026-10-01T04:04:05.554942+00:00
nfl,NFL,KXNFLGAME-26OCT05ATLNO,KXNFLGAME-26OCT05ATLNO-ATL,,NO,ATL,2026-10-06T03:15:00Z,away,0.43,0.44,0.435,0.01,178459.44,6148.5,84172.98,8081.64,68734.3,active,kalshi,2026-10-01T04:04:05.554942+00:00
nfl,NFL,KXNFLGAME-26OCT05ATLNO,KXNFLGAME-26OCT05ATLNO-NO,,NO,ATL,2026-10-06T03:15:00Z,home,0.56,0.57,0.565,0.01,668.8,227513.35,29005.33,3305.22,25997.51,active,kalshi,2026-10-01T04:04:05.554942+00:00
nfl,NFL,KXNFLGAME-26OCT08TBDAL,KXNFLGAME-26OCT08TBDAL-TB,,DAL,TB,2026-10-09T03:15:00Z,away,0.18,0.2,0.19,0.02,139.24,459.71,10294.14,4165.17,7941.48,active,kalshi,2026-10-01T04:04:05.554942+00:00
nfl,NFL,KXNFLGAME-26OCT08TBDAL,KXNFLGAME-26OCT08TBDAL-DAL,,DAL,TB,2026-10-09T03:15:00Z,home,0.81,0.82,0.815,0.01,233.38,184.99,5285.86,2112.82,4540.82,active,kalshi,2026-10-01T04:04:05.554942+00:00
nfl,NFL,KXNFLGAME-26OCT11BALATL,KXNFLGAME-26OCT11BALATL-BAL,,ATL,BAL,2026-10-12T03:20:00Z,away,0.72,0.75,0.735,0.03,9.34,503.0,10595.29,117.04,10457.85,active,kalshi,2026-10-01T04:04:05.554942+00:00
nfl,NFL,KXNFLGAME-26OCT11BALATL,KXNFLGAME-26OCT11BALATL-ATL,,ATL,BAL,2026-10-12T03:20:00Z,home,0.25,0.27,0.26,0.02,675.47,19.04,14456.21,471.26,13076.11,active,kalshi,2026-10-01T04:04:05.554942+00:00
nfl,NFL,KXNFLGAME-26OCT11CHIGB,KXNFLGAME-26OCT11CHIGB-CHI,,GB,CHI,2026-10-11T23:25:00Z,away,0.45,0.48,0.46499999999999997,0.03,1.97,1648.0,9021.61,5330.81,7667.29,active,kalshi,2026-10-01T04:04:05.554942+00:00
nfl,NFL,KXNFLGAME-26OCT11CHIGB,KXNFLGAME-26OCT11CHIGB-GB,,GB,CHI,2026-10-11T23:25:00Z,home,0.54,0.55,0.545,0.01,28.0,12.25,2142.53,1666.83,1840.57,active,kalshi,2026-10-01T04:04:05.554942+00:00
nfl,NFL,KXNFLGAME-26OCT11CINMIA,KXNFLGAME-26OCT11CINMIA-CIN,,MIA,CIN,2026-10-11T20:00:00Z,away,0.8,0.83,0.815,0.03,107.0,63.0,3898.76,232.37,3707.24,active,kalshi,2026-10-01T04:04:05.554942+00:00
nfl,NFL,KXNFLGAME-26OCT11CINMIA,KXNFLGAME-26OCT11CINMIA-MIA,,MIA,CIN,2026-10-11T20:00:00Z,home,0.18,0.2,0.19,0.02,148.0,1772.35,2118.01,171.91,1374.9,active,kalshi,2026-10-01T04:04:05.554942+00:00
nfl,NFL,KXNFLGAME-26OCT11CLENYJ,KXNFLGAME-26OCT11CLENYJ-CLE,,NYJ,CLE,2026-10-11T20:00:00Z,away,0.41,0.45,0.43,0.04,578.0,1305.0,568.24,103.74,568.24,active,kalshi,2026-10-01T04:04:05.554942+00:00
nfl,NFL,KXNFLGAME-26OCT11CLENYJ,KXNFLGAME-26OCT11CLENYJ-NYJ,,NYJ,CLE,2026-10-11T20:00:00Z,home,0.55,0.58,0.565,0.03,1595.14,450.0,2766.31,88.07,2766.31,active,kalshi,2026-10-01T04:04:05.554942+00:00
nfl,NFL,KXNFLGAME-26OCT11DENLAC,KXNFLGAME-26OCT11DENLAC-DEN,,LAC,DEN,2026-10-11T23:05:00Z,away,0.53,0.57,0.55,0.04,65.98,3986.0,1026.34,277.83,1012.32,active,kalshi,2026-10-01T04:04:05.554942+00:00
nfl,NFL,KXNFLGAME-26OCT11DENLAC,KXNFLGAME-26OCT11DENLAC-LAC,,LAC,DEN,2026-10-11T23:05:00Z,home,0.44,0.47,0.45499999999999996,0.03,5243.0,1943.4,666.29,127.73,549.99,active,kalshi,2026-10-01T04:04:05.554942+00:00
nfl,NFL,KXNFLGAME-26OCT11DETARI,KXNFLGAME-26OCT11DETARI-DET,,ARI,DET,2026-10-11T23:25:00Z,away,0.67,0.7,0.685,0.03,30.21,2554.0,4348.77,60.34,2136.14,active,kalshi,2026-10-01T04:04:05.554942+00:00
nfl,NFL,KXNFLGAME-26OCT11DETARI,KXNFLGAME-26OCT11DETARI-ARI,,ARI,DET,2026-10-11T23:25:00Z,home,0.3,0.33,0.315,0.03,1714.68,450.0,2878.07,207.15,2703.21,active,kalshi,2026-10-01T04:04:05.554942+00:00
nfl,NFL,KXNFLGAME-26OCT11HOUTEN,KXNFLGAME-26OCT11HOUTEN-HOU,,TEN,HOU,2026-10-11T20:00:00Z,away,0.73,0.75,0.74,0.02,10.77,74.0,11650.86,283.12,10874.94,active,kalshi,2026-10-01T04:04:05.554942+00:00
nfl,NFL,KXNFLGAME-26OCT11HOUTEN,KXNFLGAME-26OCT11HOUTEN-TEN,,TEN,HOU,2026-10-11T20:00:00Z,home,0.25,0.28,0.265,0.03,416.35,177.0,10619.31,279.89,10457.84,active,kalshi,2026-10-01T04:04:05.554942+00:00
nfl,NFL,KXNFLGAME-26OCT11INDPIT,KXNFLGAME-26OCT11INDPIT-IND,,PIT,IND,2026-10-11T20:00:00Z,away,0.42,0.44,0.43,0.02,53.86,4788.66,214.24,88.97,210.4,active,kalshi,2026-10-01T04:04:05.554942+00:00
nfl,NFL,KXNFLGAME-26OCT11INDPIT,KXNFLGAME-26OCT11INDPIT-PIT,,PIT,IND,2026-10-11T20:00:00Z,home,0.56,0.58,0.5700000000000001,0.02,2498.3,97.17,964.75,47.04,895.61,active,kalshi,2026-10-01T04:04:05.554942+00:00
nfl,NFL,KXNFLGAME-26OCT11LVNE,KXNFLGAME-26OCT11LVNE-LV,,NE,LV,2026-10-11T20:00:00Z,away,0.39,0.41,0.4,0.02,214.88,3.0,14500.39,5891.35,12720.7,active,kalshi,2026-10-01T04:04:05.554942+00:00
nfl,NFL,KXNFLGAME-26OCT11LVNE,KXNFLGAME-26OCT11LVNE-NE,,NE,LV,2026-10-11T20:00:00Z,home,0.6,0.61,0.605,0.01,21.1,146.44,1839.03,311.46,1389.5,active,kalshi,2026-10-01T04:04:05.554942+00:00
nfl,NFL,KXNFLGAME-26OCT11MINNO,KXNFLGAME-26OCT11MINNO-MIN,,NO,MIN,2026-10-11T20:00:00Z,away,0.53,0.54,0.535,0.01,5.0,5591.24,3142.56,768.56,3098.98,active,kalshi,2026-10-01T04:04:05.554942+00:00
nfl,NFL,KXNFLGAME-26OCT11MINNO,KXNFLGAME-26OCT11MINNO-NO,,NO,MIN,2026-10-11T20:00:00Z,home,0.46,0.47,0.46499999999999997,0.01,114.0,1.0,352.56,143.63,352.56,active,kalshi,2026-10-01T04:04:05.554942+00:00
nfl,NFL,KXNFLGAME-26OCT11NYGWAS,KXNFLGAME-26OCT11NYGWAS-NYG,,WAS,NYG,2026-10-11T20:00:00Z,away,0.42,0.45,0.435,0.03,5776.0,450.0,567.6,284.65,494.78,active,kalshi,2026-10-01T04:04:05.554942+00:00
nfl,NFL,KXNFLGAME-26OCT11NYGWAS,KXNFLGAME-26OCT11NYGWAS-WAS,,WAS,NYG,2026-10-11T20:00:00Z,home,0.54,0.58,0.56,0.04,1382.24,996.0,364.77,127.12,364.77,active,kalshi,2026-10-01T04:04:05.554942+00:00
nfl,NFL,KXNFLGAME-26OCT11PHIJAC,KXNFLGAME-26OCT11PHIJAC-PHI,,JAX,PHI,2026-10-11T16:30:00Z,away,0.42,0.44,0.43,0.02,65.59,3547.95,1701.71,447.09,1287.55,active,kalshi,2026-10-01T04:04:05.554942+00:00
nfl,NFL,KXNFLGAME-26OCT11PHIJAC,KXNFLGAME-26OCT11PHIJAC-JAC,,JAX,PHI,2026-10-11T16:30:00Z,home,0.57,0.59,0.58,0.02,33.93,62.0,1374.41,229.61,1302.62,active,kalshi,2026-10-01T04:04:05.554942+00:00
nfl,NFL,KXNFLGAME-26OCT11SFSEA,KXNFLGAME-26OCT11SFSEA-SF,,SEA,SF,2026-10-11T23:25:00Z,away,0.39,0.4,0.395,0.01,3.09,1200.19,33785.2,3798.82,25520.46,active,kalshi,2026-10-01T04:04:05.554942+00:00
nfl,NFL,KXNFLGAME-26OCT11SFSEA,KXNFLGAME-26OCT11SFSEA-SEA,,SEA,SF,2026-10-11T23:25:00Z,home,0.61,0.64,0.625,0.03,464.79,129.33,34389.66,2327.45,30942.93,active,kalshi,2026-10-01T04:04:05.554942+00:00
nfl,NFL,KXNFLGAME-26OCT12BUFLAR,KXNFLGAME-26OCT12BUFLAR-BUF,,LA,BUF,2026-10-13T03:15:00Z,away,0.47,0.49,0.48,0.02,3.19,56.0,3758.45,2756.77,3316.32,active,kalshi,2026-10-01T04:04:05.554942+00:00
nfl,NFL,KXNFLGAME-26OCT12BUFLAR,KXNFLGAME-26OCT12BUFLAR-LAR,,LA,BUF,2026-10-13T03:15:00Z,home,0.54,0.55,0.545,0.01,1.0,600.86,415.4,140.23,346.14,active,kalshi,2026-10-01T04:04:05.554942+00:00
nfl,NFL,KXNFLGAME-26OCT01PITCLE,KXNFLGAME-26OCT01PITCLE-PIT,,CLE,PIT,2026-10-02T03:15:00Z,away,0.57,0.58,0.575,0.01,568184.88,1672872.32,457234.04,222272.61,361581.11,active,kalshi,2026-10-01T04:39:56.953514+00:00
nfl,NFL,KXNFLGAME-26OCT01PITCLE,KXNFLGAME-26OCT01PITCLE-CLE,,CLE,PIT,2026-10-02T03:15:00Z,home,0.42,0.43,0.425,0.01,176774.7,6018026.19,400968.29,208767.07,369722.04,active,kalshi,2026-10-01T04:39:56.953514+00:00
nfl,NFL,KXNFLGAME-26OCT04ARINYG,KXNFLGAME-26OCT04ARINYG-ARI,,NYG,ARI,2026-10-04T20:00:00Z,away,0.56,0.57,0.565,0.01,18.27,4445.51,78676.92,6017.35,71729.64,active,kalshi,2026-10-01T04:39:56.953514+00:00
nfl,NFL,KXNFLGAME-26OCT04ARINYG,KXNFLGAME-26OCT04ARINYG-NYG,,NYG,ARI,2026-10-04T20:00:00Z,home,0.43,0.44,0.435,0.01,6141.76,16468.42,49233.51,13014.21,44062.97,active,kalshi,2026-10-01T04:39:56.953514+00:00
nfl,NFL,KXNFLGAME-26OCT04DALHOU,KXNFLGAME-26OCT04DALHOU-DAL,,HOU,DAL,2026-10-04T20:00:00Z,away,0.4,0.41,0.405,0.01,19718.62,491.73,283327.55,91208.43,241544.55,active,kalshi,2026-10-01T04:39:56.953514+00:00
nfl,NFL,KXNFLGAME-26OCT04DALHOU,KXNFLGAME-26OCT04DALHOU-HOU,,HOU,DAL,2026-10-04T20:00:00Z,home,0.59,0.6,0.595,0.01,46.77,71905.4,53841.63,15192.92,40642.68,active,kalshi,2026-10-01T04:39:56.953514+00:00
nfl,NFL,KXNFLGAME-26OCT04DENSF,KXNFLGAME-26OCT04DENSF-DEN,,SF,DEN,2026-10-04T23:25:00Z,away,0.42,0.43,0.425,0.01,85217.26,552.0,105795.37,27536.84,83114.47,active,kalshi,2026-10-01T04:39:56.953514+00:00
nfl,NFL,KXNFLGAME-26OCT04DENSF,KXNFLGAME-26OCT04DENSF-SF,,SF,DEN,2026-10-04T23:25:00Z,home,0.57,0.58,0.575,0.01,1044.74,113851.07,156238.98,30862.2,138015.64,active,kalshi,2026-10-01T04:39:56.953514+00:00
nfl,NFL,KXNFLGAME-26OCT04DETCAR,KXNFLGAME-26OCT04DETCAR-DET,,CAR,DET,2026-10-05T03:20:00Z,away,0.64,0.65,0.645,0.01,5420.74,155608.0,31980.88,6079.49,29782.77,active,kalshi,2026-10-01T04:39:56.953514+00:00
nfl,NFL,KXNFLGAME-26OCT04DETCAR,KXNFLGAME-26OCT04DETCAR-CAR,,CAR,DET,2026-10-05T03:20:00Z,home,0.35,0.36,0.355,0.01,34856.06,13953.02,28622.69,7384.36,23651.58,active,kalshi,2026-10-01T04:39:56.953514+00:00
nfl,NFL,KXNFLGAME-26OCT04GBTB,KXNFLGAME-26OCT04GBTB-GB,,TB,GB,2026-10-04T20:00:00Z,away,0.62,0.63,0.625,0.01,26645.08,74245.9,117609.58,8565.58,98763.05,active,kalshi,2026-10-01T04:39:56.953514+00:00
nfl,NFL,KXNFLGAME-26OCT04GBTB,KXNFLGAME-26OCT04GBTB-TB,,TB,GB,2026-10-04T20:00:00Z,home,0.37,0.38,0.375,0.01,738.76,114171.14,93626.34,17011.34,72102.82,active,kalshi,2026-10-01T04:39:56.953514+00:00
nfl,NFL,KXNFLGAME-26OCT04INDWAS,KXNFLGAME-26OCT04INDWAS-IND,,WAS,IND,2026-10-04T16:30:00Z,away,0.63,0.64,0.635,0.01,47260.75,112477.44,37758.83,7057.36,30292.36,active,kalshi,2026-10-01T04:39:56.953514+00:00
nfl,NFL,KXNFLGAME-26OCT04INDWAS,KXNFLGAME-26OCT04INDWAS-WAS,,WAS,IND,2026-10-04T16:30:00Z,home,0.36,0.37,0.365,0.01,81331.03,90284.98,78329.54,21460.32,66055.46,active,kalshi,2026-10-01T04:39:56.953514+00:00
nfl,NFL,KXNFLGAME-26OCT04JACCIN,KXNFLGAME-26OCT04JACCIN-JAC,,CIN,JAX,2026-10-04T20:00:00Z,away,0.42,0.43,0.425,0.01,21349.04,69453.0,65872.01,20621.75,59825.32,active,kalshi,2026-10-01T04:39:56.953514+00:00
nfl,NFL,KXNFLGAME-26OCT04JACCIN,KXNFLGAME-26OCT04JACCIN-CIN,,CIN,JAX,2026-10-04T20:00:00Z,home,0.57,0.58,0.575,0.01,21270.28,25063.42,36155.06,5541.79,33255.99,active,kalshi,2026-10-01T04:39:56.953514+00:00
nfl,NFL,KXNFLGAME-26OCT04KCLV,KXNFLGAME-26OCT04KCLV-KC,,LV,KC,2026-10-04T23:25:00Z,away,0.64,0.65,0.645,0.01,15412.07,1002.31,335655.41,70132.66,242228.22,active,kalshi,2026-10-01T04:39:56.953514+00:00
nfl,NFL,KXNFLGAME-26OCT04KCLV,KXNFLGAME-26OCT04KCLV-LV,,LV,KC,2026-10-04T23:25:00Z,home,0.35,0.36,0.355,0.01,660.49,54465.78,778095.86,207404.92,652366.2,active,kalshi,2026-10-01T04:39:56.953514+00:00
nfl,NFL,KXNFLGAME-26OCT04LACSEA,KXNFLGAME-26OCT04LACSEA-LAC,,SEA,LAC,2026-10-04T23:25:00Z,away,0.24,0.25,0.245,0.01,33571.8,500.0,56441.89,18182.54,52779.76,active,kalshi,2026-10-01T04:39:56.953514+00:00
nfl,NFL,KXNFLGAME-26OCT04LACSEA,KXNFLGAME-26OCT04LACSEA-SEA,,SEA,LAC,2026-10-04T23:25:00Z,home,0.75,0.76,0.755,0.01,1378.87,66385.88,35524.56,9625.06,31058.22,active,kalshi,2026-10-01T04:39:56.953514+00:00
nfl,NFL,KXNFLGAME-26OCT04LARPHI,KXNFLGAME-26OCT04LARPHI-LAR,,PHI,LA,2026-10-04T20:00:00Z,away,0.61,0.62,0.615,0.01,7355.09,89956.03,99050.08,21054.19,83030.53,active,kalshi,2026-10-01T04:39:56.953514+00:00
nfl,NFL,KXNFLGAME-26OCT04LARPHI,KXNFLGAME-26OCT04LARPHI-PHI,,PHI,LA,2026-10-04T20:00:00Z,home,0.38,0.39,0.385,0.01,31366.57,7798.07,101533.51,17808.82,67400.25,active,kalshi,2026-10-01T04:39:56.953514+00:00
nfl,NFL,KXNFLGAME-26OCT04MIAMIN,KXNFLGAME-26OCT04MIAMIN-MIA,,MIN,MIA,2026-10-04T23:05:00Z,away,0.16,0.17,0.165,0.01,9667.81,84388.36,101623.63,27169.71,91901.65,active,kalshi,2026-10-01T04:39:56.953514+00:00
nfl,NFL,KXNFLGAME-26OCT04MIAMIN,KXNFLGAME-26OCT04MIAMIN-MIN,,MIN,MIA,2026-10-04T23:05:00Z,home,0.83,0.84,0.835,0.01,16362.63,22993.24,72433.49,11603.18,62010.23,active,kalshi,2026-10-01T04:39:56.953514+00:00
nfl,NFL,KXNFLGAME-26OCT04NEBUF,KXNFLGAME-26OCT04NEBUF-NE,,BUF,NE,2026-10-04T20:00:00Z,away,0.26,0.27,0.265,0.01,15642.7,36255.28,75976.52,25307.3,52538.44,active,kalshi,2026-10-01T04:39:56.953514+00:00
nfl,NFL,KXNFLGAME-26OCT04NEBUF,KXNFLGAME-26OCT04NEBUF-BUF,,BUF,NE,2026-10-04T20:00:00Z,home,0.73,0.74,0.735,0.01,5011.4,107231.29,84050.65,27196.38,71068.76,active,kalshi,2026-10-01T04:39:56.953514+00:00
nfl,NFL,KXNFLGAME-26OCT04NYJCHI,KXNFLGAME-26OCT04NYJCHI-NYJ,,CHI,NYJ,2026-10-04T20:00:00Z,away,0.38,0.39,0.385,0.01,6298.31,120951.34,27189.73,7583.76,22467.62,active,kalshi,2026-10-01T04:39:56.953514+00:00
nfl,NFL,KXNFLGAME-26OCT04NYJCHI,KXNFLGAME-26OCT04NYJCHI-CHI,,CHI,NYJ,2026-10-04T20:00:00Z,home,0.62,0.63,0.625,0.01,7751.2,164821.19,47489.11,13517.57,42721.7,active,kalshi,2026-10-01T04:39:56.953514+00:00
nfl,NFL,KXNFLGAME-26OCT04TENBAL,KXNFLGAME-26OCT04TENBAL-TEN,,BAL,TEN,2026-10-04T20:00:00Z,away,0.14,0.15,0.14500000000000002,0.01,39173.24,44819.22,164550.94,42885.67,138555.14,active,kalshi,2026-10-01T04:39:56.953514+00:00
nfl,NFL,KXNFLGAME-26OCT04TENBAL,KXNFLGAME-26OCT04TENBAL-BAL,,BAL,TEN,2026-10-04T20:00:00Z,home,0.85,0.86,0.855,0.01,7560.15,129403.48,126628.4,30446.95,95758.66,active,kalshi,2026-10-01T04:39:56.953514+00:00
nfl,NFL,KXNFLGAME-26OCT05ATLNO,KXNFLGAME-26OCT05ATLNO-ATL,,NO,ATL,2026-10-06T03:15:00Z,away,0.43,0.44,0.435,0.01,178458.53,5816.0,84505.14,8320.58,69066.46,active,kalshi,2026-10-01T04:39:56.953514+00:00
nfl,NFL,KXNFLGAME-26OCT05ATLNO,KXNFLGAME-26OCT05ATLNO-NO,,NO,ATL,2026-10-06T03:15:00Z,home,0.56,0.57,0.565,0.01,668.19,227488.93,29137.77,3437.34,26129.95,active,kalshi,2026-10-01T04:39:56.953514+00:00
nfl,NFL,KXNFLGAME-26OCT08TBDAL,KXNFLGAME-26OCT08TBDAL-TB,,DAL,TB,2026-10-09T03:15:00Z,away,0.18,0.2,0.19,0.02,151.85,413.32,10340.53,4211.56,7987.87,active,kalshi,2026-10-01T04:39:56.953514+00:00
nfl,NFL,KXNFLGAME-26OCT08TBDAL,KXNFLGAME-26OCT08TBDAL-DAL,,DAL,TB,2026-10-09T03:15:00Z,home,0.81,0.82,0.815,0.01,244.14,134.71,5291.88,2174.12,4546.84,active,kalshi,2026-10-01T04:39:56.953514+00:00
nfl,NFL,KXNFLGAME-26OCT11BALATL,KXNFLGAME-26OCT11BALATL-BAL,,ATL,BAL,2026-10-12T03:20:00Z,away,0.7,0.72,0.71,0.02,24.34,123.0,10743.29,136.04,10605.64,active,kalshi,2026-10-01T04:39:56.953514+00:00
nfl,NFL,KXNFLGAME-26OCT11BALATL,KXNFLGAME-26OCT11BALATL-ATL,,ATL,BAL,2026-10-12T03:20:00Z,home,0.28,0.29,0.28500000000000003,0.01,156.0,8.96,14484.46,490.26,13075.9,active,kalshi,2026-10-01T04:39:56.953514+00:00
nfl,NFL,KXNFLGAME-26OCT11CHIGB,KXNFLGAME-26OCT11CHIGB-CHI,,GB,CHI,2026-10-11T23:25:00Z,away,0.45,0.48,0.46499999999999997,0.03,304.51,568.27,9056.96,5284.13,7672.7,active,kalshi,2026-10-01T04:39:56.953514+00:00
nfl,NFL,KXNFLGAME-26OCT11CHIGB,KXNFLGAME-26OCT11CHIGB-GB,,GB,CHI,2026-10-11T23:25:00Z,home,0.53,0.55,0.54,0.02,478.0,116.09,2142.53,1666.83,1840.57,active,kalshi,2026-10-01T04:39:56.953514+00:00
nfl,NFL,KXNFLGAME-26OCT11CINMIA,KXNFLGAME-26OCT11CINMIA-CIN,,MIA,CIN,2026-10-11T20:00:00Z,away,0.8,0.83,0.815,0.03,111.0,3499.0,3910.38,243.99,3715.86,active,kalshi,2026-10-01T04:39:56.953514+00:00
nfl,NFL,KXNFLGAME-26OCT11CINMIA,KXNFLGAME-26OCT11CINMIA-MIA,,MIA,CIN,2026-10-11T20:00:00Z,home,0.18,0.2,0.19,0.02,28.0,1511.1,2164.74,205.53,1385.52,active,kalshi,2026-10-01T04:39:56.953514+00:00
nfl,NFL,KXNFLGAME-26OCT11CLENYJ,KXNFLGAME-26OCT11CLENYJ-CLE,,NYJ,CLE,2026-10-11T20:00:00Z,away,0.41,0.45,0.43,0.04,478.0,1194.0,589.49,124.99,589.49,active,kalshi,2026-10-01T04:39:56.953514+00:00
nfl,NFL,KXNFLGAME-26OCT11CLENYJ,KXNFLGAME-26OCT11CLENYJ-NYJ,,NYJ,CLE,2026-10-11T20:00:00Z,home,0.55,0.58,0.565,0.03,1502.14,68.0,2766.31,88.07,2766.31,active,kalshi,2026-10-01T04:39:56.953514+00:00
nfl,NFL,KXNFLGAME-26OCT11DENLAC,KXNFLGAME-26OCT11DENLAC-DEN,,LAC,DEN,2026-10-11T23:05:00Z,away,0.53,0.56,0.545,0.03,41.98,450.0,1043.28,294.77,1029.26,active,kalshi,2026-10-01T04:39:56.953514+00:00
nfl,NFL,KXNFLGAME-26OCT11DENLAC,KXNFLGAME-26OCT11DENLAC-LAC,,LAC,DEN,2026-10-11T23:05:00Z,home,0.44,0.47,0.45499999999999996,0.03,450.0,1911.02,686.67,148.11,570.37,active,kalshi,2026-10-01T04:39:56.953514+00:00
nfl,NFL,KXNFLGAME-26OCT11DETARI,KXNFLGAME-26OCT11DETARI-DET,,ARI,DET,2026-10-11T23:25:00Z,away,0.66,0.7,0.6799999999999999,0.04,42.21,1910.57,4348.77,60.34,2136.14,active,kalshi,2026-10-01T04:39:56.953514+00:00
nfl,NFL,KXNFLGAME-26OCT11DETARI,KXNFLGAME-26OCT11DETARI-ARI,,ARI,DET,2026-10-11T23:25:00Z,home,0.3,0.33,0.315,0.03,1700.3,450.0,2878.07,207.15,2703.21,active,kalshi,2026-10-01T04:39:56.953514+00:00
nfl,NFL,KXNFLGAME-26OCT11HOUTEN,KXNFLGAME-26OCT11HOUTEN-HOU,,TEN,HOU,2026-10-11T20:00:00Z,away,0.73,0.75,0.74,0.02,32.53,67.0,11657.34,289.6,10881.42,active,kalshi,2026-10-01T04:39:56.953514+00:00
nfl,NFL,KXNFLGAME-26OCT11HOUTEN,KXNFLGAME-26OCT11HOUTEN-TEN,,TEN,HOU,2026-10-11T20:00:00Z,home,0.25,0.28,0.265,0.03,416.35,562.0,10619.31,279.89,10457.84,active,kalshi,2026-10-01T04:39:56.953514+00:00
nfl,NFL,KXNFLGAME-26OCT11INDPIT,KXNFLGAME-26OCT11INDPIT-IND,,PIT,IND,2026-10-11T20:00:00Z,away,0.42,0.44,0.43,0.02,30.0,4788.66,214.24,88.97,210.4,active,kalshi,2026-10-01T04:39:56.953514+00:00
nfl,NFL,KXNFLGAME-26OCT11INDPIT,KXNFLGAME-26OCT11INDPIT-PIT,,PIT,IND,2026-10-11T20:00:00Z,home,0.56,0.58,0.5700000000000001,0.02,2498.3,65.52,981.4,63.69,912.26,active,kalshi,2026-10-01T04:39:56.953514+00:00
nfl,NFL,KXNFLGAME-26OCT11LVNE,KXNFLGAME-26OCT11LVNE-LV,,NE,LV,2026-10-11T20:00:00Z,away,0.38,0.4,0.39,0.02,64.7,535.18,14653.01,6036.14,12873.32,active,kalshi,2026-10-01T04:39:56.953514+00:00
nfl,NFL,KXNFLGAME-26OCT11LVNE,KXNFLGAME-26OCT11LVNE-NE,,NE,LV,2026-10-11T20:00:00Z,home,0.6,0.62,0.61,0.02,26.86,35.1,1839.03,311.46,1389.5,active,kalshi,2026-10-01T04:39:56.953514+00:00
nfl,NFL,KXNFLGAME-26OCT11MINNO,KXNFLGAME-26OCT11MINNO-MIN,,NO,MIN,2026-10-11T20:00:00Z,away,0.53,0.54,0.535,0.01,5.0,5589.78,3142.56,750.62,3098.98,active,kalshi,2026-10-01T04:39:56.953514+00:00
nfl,NFL,KXNFLGAME-26OCT11MINNO,KXNFLGAME-26OCT11MINNO-NO,,NO,MIN,2026-10-11T20:00:00Z,home,0.46,0.48,0.47,0.02,136.0,518.02,372.54,163.61,372.54,active,kalshi,2026-10-01T04:39:56.953514+00:00
nfl,NFL,KXNFLGAME-26OCT11NYGWAS,KXNFLGAME-26OCT11NYGWAS-NYG,,WAS,NYG,2026-10-11T20:00:00Z,away,0.41,0.45,0.43,0.04,170.0,1095.48,610.12,305.9,494.78,active,kalshi,2026-10-01T04:39:56.953514+00:00
nfl,NFL,KXNFLGAME-26OCT11NYGWAS,KXNFLGAME-26OCT11NYGWAS-WAS,,WAS,NYG,2026-10-11T20:00:00Z,home,0.55,0.58,0.565,0.03,1229.24,481.0,364.77,127.12,364.77,active,kalshi,2026-10-01T04:39:56.953514+00:00
nfl,NFL,KXNFLGAME-26OCT11PHIJAC,KXNFLGAME-26OCT11PHIJAC-PHI,,JAX,PHI,2026-10-11T16:30:00Z,away,0.42,0.44,0.43,0.02,72.42,3473.27,1727.91,452.29,1313.75,active,kalshi,2026-10-01T04:39:56.953514+00:00
nfl,NFL,KXNFLGAME-26OCT11PHIJAC,KXNFLGAME-26OCT11PHIJAC-JAC,,JAX,PHI,2026-10-11T16:30:00Z,home,0.58,0.6,0.59,0.02,17.42,66.91,1382.47,237.67,1310.68,active,kalshi,2026-10-01T04:39:56.953514+00:00
nfl,NFL,KXNFLGAME-26OCT11SFSEA,KXNFLGAME-26OCT11SFSEA-SF,,SEA,SF,2026-10-11T23:25:00Z,away,0.39,0.4,0.395,0.01,3.09,1028.66,33944.79,3755.84,25680.05,active,kalshi,2026-10-01T04:39:56.953514+00:00
nfl,NFL,KXNFLGAME-26OCT11SFSEA,KXNFLGAME-26OCT11SFSEA-SEA,,SEA,SF,2026-10-11T23:25:00Z,home,0.61,0.64,0.625,0.03,464.79,78.69,34389.66,2327.45,30942.93,active,kalshi,2026-10-01T04:39:56.953514+00:00
nfl,NFL,KXNFLGAME-26OCT12BUFLAR,KXNFLGAME-26OCT12BUFLAR-BUF,,LA,BUF,2026-10-13T03:15:00Z,away,0.45,0.48,0.46499999999999997,0.03,21.19,450.0,3967.18,2914.64,3525.05,active,kalshi,2026-10-01T04:39:56.953514+00:00
nfl,NFL,KXNFLGAME-26OCT12BUFLAR,KXNFLGAME-26OCT12BUFLAR-LAR,,LA,BUF,2026-10-13T03:15:00Z,home,0.52,0.56,0.54,0.04,519.0,1038.0,416.4,141.23,346.14,active,kalshi,2026-10-01T04:39:56.953514+00:00
nfl,NFL,KXNFLGAME-26OCT01PITCLE,KXNFLGAME-26OCT01PITCLE-PIT,,CLE,PIT,2026-10-02T03:15:00Z,away,0.57,0.58,0.575,0.01,628331.83,1789755.56,515473.4,257907.13,414886.84,active,kalshi,2026-10-01T10:04:57.553606+00:00
nfl,NFL,KXNFLGAME-26OCT01PITCLE,KXNFLGAME-26OCT01PITCLE-CLE,,CLE,PIT,2026-10-02T03:15:00Z,home,0.42,0.43,0.425,0.01,183261.11,6176061.27,451419.38,231259.31,418621.81,active,kalshi,2026-10-01T10:04:57.553606+00:00
nfl,NFL,KXNFLGAME-26OCT04ARINYG,KXNFLGAME-26OCT04ARINYG-ARI,,NYG,ARI,2026-10-04T20:00:00Z,away,0.56,0.57,0.565,0.01,144.72,817.17,79283.11,5139.73,72302.67,active,kalshi,2026-10-01T10:04:57.553606+00:00
nfl,NFL,KXNFLGAME-26OCT04ARINYG,KXNFLGAME-26OCT04ARINYG-NYG,,NYG,ARI,2026-10-04T20:00:00Z,home,0.43,0.44,0.435,0.01,978.61,10918.7,50631.89,13377.6,45461.35,active,kalshi,2026-10-01T10:04:57.553606+00:00
nfl,NFL,KXNFLGAME-26OCT04DALHOU,KXNFLGAME-26OCT04DALHOU-DAL,,HOU,DAL,2026-10-04T20:00:00Z,away,0.4,0.41,0.405,0.01,37129.39,37685.91,303967.43,103386.46,260565.5,active,kalshi,2026-10-01T10:04:57.553606+00:00
nfl,NFL,KXNFLGAME-26OCT04DALHOU,KXNFLGAME-26OCT04DALHOU-HOU,,HOU,DAL,2026-10-04T20:00:00Z,home,0.59,0.6,0.595,0.01,1285.53,93416.15,54741.77,15134.87,41369.3,active,kalshi,2026-10-01T10:04:57.553606+00:00
nfl,NFL,KXNFLGAME-26OCT04DENSF,KXNFLGAME-26OCT04DENSF-DEN,,SF,DEN,2026-10-04T23:25:00Z,away,0.42,0.43,0.425,0.01,74659.56,6584.0,107184.13,27344.01,84465.93,active,kalshi,2026-10-01T10:04:57.553606+00:00
nfl,NFL,KXNFLGAME-26OCT04DENSF,KXNFLGAME-26OCT04DENSF-SF,,SF,DEN,2026-10-04T23:25:00Z,home,0.57,0.58,0.575,0.01,9344.0,95404.55,159281.35,28177.84,140404.09,active,kalshi,2026-10-01T10:04:57.553606+00:00
nfl,NFL,KXNFLGAME-26OCT04DETCAR,KXNFLGAME-26OCT04DETCAR-DET,,CAR,DET,2026-10-05T03:20:00Z,away,0.64,0.65,0.645,0.01,389.83,168946.24,32580.64,6488.17,30382.53,active,kalshi,2026-10-01T10:04:57.553606+00:00
nfl,NFL,KXNFLGAME-26OCT04DETCAR,KXNFLGAME-26OCT04DETCAR-CAR,,CAR,DET,2026-10-05T03:20:00Z,home,0.35,0.36,0.355,0.01,68135.58,13936.36,29201.14,6158.38,24190.15,active,kalshi,2026-10-01T10:04:57.553606+00:00
nfl,NFL,KXNFLGAME-26OCT04GBTB,KXNFLGAME-26OCT04GBTB-GB,,TB,GB,2026-10-04T20:00:00Z,away,0.62,0.63,0.625,0.01,5122.98,144561.41,119690.02,8844.81,100834.22,active,kalshi,2026-10-01T10:04:57.553606+00:00
nfl,NFL,KXNFLGAME-26OCT04GBTB,KXNFLGAME-26OCT04GBTB-TB,,TB,GB,2026-10-04T20:00:00Z,home,0.37,0.38,0.375,0.01,66764.33,31291.8,94176.89,16361.39,72620.36,active,kalshi,2026-10-01T10:04:57.553606+00:00
nfl,NFL,KXNFLGAME-26OCT04INDWAS,KXNFLGAME-26OCT04INDWAS-IND,,WAS,IND,2026-10-04T16:30:00Z,away,0.63,0.64,0.635,0.01,77714.04,145176.72,39028.56,7526.99,31106.61,active,kalshi,2026-10-01T10:04:57.553606+00:00
nfl,NFL,KXNFLGAME-26OCT04INDWAS,KXNFLGAME-26OCT04INDWAS-WAS,,WAS,IND,2026-10-04T16:30:00Z,home,0.36,0.37,0.365,0.01,103700.26,182439.19,80317.82,21368.46,67909.15,active,kalshi,2026-10-01T10:04:57.553606+00:00
nfl,NFL,KXNFLGAME-26OCT04JACCIN,KXNFLGAME-26OCT04JACCIN-JAC,,CIN,JAX,2026-10-04T20:00:00Z,away,0.42,0.43,0.425,0.01,12514.68,98215.19,67041.08,19432.1,60960.13,active,kalshi,2026-10-01T10:04:57.553606+00:00
nfl,NFL,KXNFLGAME-26OCT04JACCIN,KXNFLGAME-26OCT04JACCIN-CIN,,CIN,JAX,2026-10-04T20:00:00Z,home,0.57,0.58,0.575,0.01,41265.61,6747.85,37884.04,6938.38,34940.97,active,kalshi,2026-10-01T10:04:57.553606+00:00
nfl,NFL,KXNFLGAME-26OCT04KCLV,KXNFLGAME-26OCT04KCLV-KC,,LV,KC,2026-10-04T23:25:00Z,away,0.64,0.66,0.65,0.02,29806.42,580783.35,341819.48,63577.25,246747.54,active,kalshi,2026-10-01T10:04:57.553606+00:00
nfl,NFL,KXNFLGAME-26OCT04KCLV,KXNFLGAME-26OCT04KCLV-LV,,LV,KC,2026-10-04T23:25:00Z,home,0.34,0.36,0.35,0.02,93468.93,66358.78,795743.13,199925.47,667539.69,active,kalshi,2026-10-01T10:04:57.553606+00:00
nfl,NFL,KXNFLGAME-26OCT04LACSEA,KXNFLGAME-26OCT04LACSEA-LAC,,SEA,LAC,2026-10-04T23:25:00Z,away,0.25,0.26,0.255,0.01,652.74,152963.23,59129.88,19208.57,55461.15,active,kalshi,2026-10-01T10:04:57.553606+00:00
nfl,NFL,KXNFLGAME-26OCT04LACSEA,KXNFLGAME-26OCT04LACSEA-SEA,,SEA,LAC,2026-10-04T23:25:00Z,home,0.75,0.76,0.755,0.01,87.06,88949.5,35982.83,7924.89,31487.63,active,kalshi,2026-10-01T10:04:57.553606+00:00
nfl,NFL,KXNFLGAME-26OCT04LARPHI,KXNFLGAME-26OCT04LARPHI-LAR,,PHI,LA,2026-10-04T20:00:00Z,away,0.61,0.62,0.615,0.01,342.3,155946.54,99659.53,17453.43,83537.8,active,kalshi,2026-10-01T10:04:57.553606+00:00
nfl,NFL,KXNFLGAME-26OCT04LARPHI,KXNFLGAME-26OCT04LARPHI-PHI,,PHI,LA,2026-10-04T20:00:00Z,home,0.38,0.39,0.385,0.01,89350.81,1343.19,102919.85,17949.03,68625.65,active,kalshi,2026-10-01T10:04:57.553606+00:00
nfl,NFL,KXNFLGAME-26OCT04MIAMIN,KXNFLGAME-26OCT04MIAMIN-MIA,,MIN,MIA,2026-10-04T23:05:00Z,away,0.16,0.17,0.165,0.01,10143.4,99168.38,104259.03,28084.32,94531.53,active,kalshi,2026-10-01T10:04:57.553606+00:00
nfl,NFL,KXNFLGAME-26OCT04MIAMIN,KXNFLGAME-26OCT04MIAMIN-MIN,,MIN,MIA,2026-10-04T23:05:00Z,home,0.83,0.84,0.835,0.01,17662.35,23980.09,72823.47,10768.69,62388.59,active,kalshi,2026-10-01T10:04:57.553606+00:00
nfl,NFL,KXNFLGAME-26OCT04NEBUF,KXNFLGAME-26OCT04NEBUF-NE,,BUF,NE,2026-10-04T20:00:00Z,away,0.26,0.27,0.265,0.01,50571.72,4679.79,77531.37,24340.99,54091.97,active,kalshi,2026-10-01T10:04:57.553606+00:00
nfl,NFL,KXNFLGAME-26OCT04NEBUF,KXNFLGAME-26OCT04NEBUF-BUF,,BUF,NE,2026-10-04T20:00:00Z,home,0.73,0.74,0.735,0.01,4102.0,140870.42,93548.98,35888.73,79839.6,active,kalshi,2026-10-01T10:04:57.553606+00:00
nfl,NFL,KXNFLGAME-26OCT04NYJCHI,KXNFLGAME-26OCT04NYJCHI-NYJ,,CHI,NYJ,2026-10-04T20:00:00Z,away,0.38,0.39,0.385,0.01,6273.31,206134.15,27407.74,5302.88,22685.63,active,kalshi,2026-10-01T10:04:57.553606+00:00
nfl,NFL,KXNFLGAME-26OCT04NYJCHI,KXNFLGAME-26OCT04NYJCHI-CHI,,CHI,NYJ,2026-10-04T20:00:00Z,home,0.62,0.63,0.625,0.01,3906.48,165732.14,48611.79,13233.93,43516.52,active,kalshi,2026-10-01T10:04:57.553606+00:00
nfl,NFL,KXNFLGAME-26OCT04TENBAL,KXNFLGAME-26OCT04TENBAL-TEN,,BAL,TEN,2026-10-04T20:00:00Z,away,0.14,0.15,0.14500000000000002,0.01,34678.24,11881.04,166695.9,41669.21,140586.1,active,kalshi,2026-10-01T10:04:57.553606+00:00
nfl,NFL,KXNFLGAME-26OCT04TENBAL,KXNFLGAME-26OCT04TENBAL-BAL,,BAL,TEN,2026-10-04T20:00:00Z,home,0.85,0.86,0.855,0.01,636.5,71539.48,128115.16,27764.16,96422.35,active,kalshi,2026-10-01T10:04:57.553606+00:00
nfl,NFL,KXNFLGAME-26OCT05ATLNO,KXNFLGAME-26OCT05ATLNO-ATL,,NO,ATL,2026-10-06T03:15:00Z,away,0.43,0.44,0.435,0.01,165094.32,18016.97,85204.31,8199.95,69722.34,active,kalshi,2026-10-01T10:04:57.553606+00:00
nfl,NFL,KXNFLGAME-26OCT05ATLNO,KXNFLGAME-26OCT05ATLNO-NO,,NO,ATL,2026-10-06T03:15:00Z,home,0.56,0.57,0.565,0.01,19798.4,216927.9,29380.89,3486.14,26356.04,active,kalshi,2026-10-01T10:04:57.553606+00:00
nfl,NFL,KXNFLGAME-26OCT08TBDAL,KXNFLGAME-26OCT08TBDAL-TB,,DAL,TB,2026-10-09T03:15:00Z,away,0.18,0.21,0.195,0.03,111.26,2576.36,10649.37,4040.22,8296.71,active,kalshi,2026-10-01T10:04:57.553606+00:00
nfl,NFL,KXNFLGAME-26OCT08TBDAL,KXNFLGAME-26OCT08TBDAL-DAL,,DAL,TB,2026-10-09T03:15:00Z,home,0.81,0.82,0.815,0.01,61.36,34.69,5304.94,911.95,4533.78,active,kalshi,2026-10-01T10:04:57.553606+00:00
nfl,NFL,KXNFLGAME-26OCT11BALATL,KXNFLGAME-26OCT11BALATL-BAL,,ATL,BAL,2026-10-12T03:20:00Z,away,0.7,0.74,0.72,0.04,25.0,494.65,10745.28,264.71,10607.63,active,kalshi,2026-10-01T10:04:57.553606+00:00
nfl,NFL,KXNFLGAME-26OCT11BALATL,KXNFLGAME-26OCT11BALATL-ATL,,ATL,BAL,2026-10-12T03:20:00Z,home,0.28,0.3,0.29000000000000004,0.02,5.39,31.75,14489.38,418.81,13080.82,active,kalshi,2026-10-01T10:04:57.553606+00:00
nfl,NFL,KXNFLGAME-26OCT11CHIGB,KXNFLGAME-26OCT11CHIGB-CHI,,GB,CHI,2026-10-11T23:25:00Z,away,0.45,0.48,0.46499999999999997,0.03,1.2,1031.0,9088.47,4942.23,7704.21,active,kalshi,2026-10-01T10:04:57.553606+00:00
nfl,NFL,KXNFLGAME-26OCT11CHIGB,KXNFLGAME-26OCT11CHIGB-GB,,GB,CHI,2026-10-11T23:25:00Z,home,0.54,0.57,0.5549999999999999,0.03,15.87,1498.71,2161.33,1685.63,1859.37,active,kalshi,2026-10-01T10:04:57.553606+00:00
nfl,NFL,KXNFLGAME-26OCT11CINMIA,KXNFLGAME-26OCT11CINMIA-CIN,,MIA,CIN,2026-10-11T20:00:00Z,away,0.81,0.83,0.8200000000000001,0.02,516.0,11.0,3911.57,233.41,3717.05,active,kalshi,2026-10-01T10:04:57.553606+00:00
nfl,NFL,KXNFLGAME-26OCT11CINMIA,KXNFLGAME-26OCT11CINMIA-MIA,,MIA,CIN,2026-10-11T20:00:00Z,home,0.17,0.19,0.18,0.02,500.0,1096.0,2164.74,240.64,1385.52,active,kalshi,2026-10-01T10:04:57.553606+00:00
nfl,NFL,KXNFLGAME-26OCT11CLENYJ,KXNFLGAME-26OCT11CLENYJ-CLE,,NYJ,CLE,2026-10-11T20:00:00Z,away,0.41,0.46,0.435,0.05,466.0,481.0,589.49,124.99,589.49,active,kalshi,2026-10-01T10:04:57.553606+00:00
nfl,NFL,KXNFLGAME-26OCT11CLENYJ,KXNFLGAME-26OCT11CLENYJ-NYJ,,NYJ,CLE,2026-10-11T20:00:00Z,home,0.55,0.58,0.565,0.03,487.14,301.0,2766.31,84.74,2766.31,active,kalshi,2026-10-01T10:04:57.553606+00:00
nfl,NFL,KXNFLGAME-26OCT11DENLAC,KXNFLGAME-26OCT11DENLAC-DEN,,LAC,DEN,2026-10-11T23:05:00Z,away,0.53,0.58,0.5549999999999999,0.05,46.0,1575.0,1052.65,245.62,1038.63,active,kalshi,2026-10-01T10:04:57.553606+00:00
nfl,NFL,KXNFLGAME-26OCT11DENLAC,KXNFLGAME-26OCT11DENLAC-LAC,,LAC,DEN,2026-10-11T23:05:00Z,home,0.44,0.47,0.45499999999999996,0.03,452.0,1088.96,687.73,147.17,571.43,active,kalshi,2026-10-01T10:04:57.553606+00:00
nfl,NFL,KXNFLGAME-26OCT11DETARI,KXNFLGAME-26OCT11DETARI-DET,,ARI,DET,2026-10-11T23:25:00Z,away,0.67,0.7,0.685,0.03,15.21,808.54,4362.01,73.58,2136.14,active,kalshi,2026-10-01T10:04:57.553606+00:00
nfl,NFL,KXNFLGAME-26OCT11DETARI,KXNFLGAME-26OCT11DETARI-ARI,,ARI,DET,2026-10-11T23:25:00Z,home,0.3,0.33,0.315,0.03,1143.82,450.0,2879.54,63.9,2704.68,active,kalshi,2026-10-01T10:04:57.553606+00:00
nfl,NFL,KXNFLGAME-26OCT11HOUTEN,KXNFLGAME-26OCT11HOUTEN-HOU,,TEN,HOU,2026-10-11T20:00:00Z,away,0.74,0.76,0.75,0.02,10.29,501.34,11657.34,274.05,10881.42,active,kalshi,2026-10-01T10:04:57.553606+00:00
nfl,NFL,KXNFLGAME-26OCT11HOUTEN,KXNFLGAME-26OCT11HOUTEN-TEN,,TEN,HOU,2026-10-11T20:00:00Z,home,0.25,0.28,0.265,0.03,416.35,44.0,10619.31,195.35,10457.84,active,kalshi,2026-10-01T10:04:57.553606+00:00
nfl,NFL,KXNFLGAME-26OCT11INDPIT,KXNFLGAME-26OCT11INDPIT-IND,,PIT,IND,2026-10-11T20:00:00Z,away,0.42,0.43,0.425,0.01,1.0,1.0,216.42,69.29,212.58,active,kalshi,2026-10-01T10:04:57.553606+00:00
nfl,NFL,KXNFLGAME-26OCT11INDPIT,KXNFLGAME-26OCT11INDPIT-PIT,,PIT,IND,2026-10-11T20:00:00Z,home,0.56,0.58,0.5700000000000001,0.02,2498.3,450.0,981.4,63.69,912.26,active,kalshi,2026-10-01T10:04:57.553606+00:00
nfl,NFL,KXNFLGAME-26OCT11LVNE,KXNFLGAME-26OCT11LVNE-LV,,NE,LV,2026-10-11T20:00:00Z,away,0.37,0.41,0.39,0.04,2061.64,3.0,14983.09,5032.05,13203.4,active,kalshi,2026-10-01T10:04:57.553606+00:00
nfl,NFL,KXNFLGAME-26OCT11LVNE,KXNFLGAME-26OCT11LVNE-NE,,NE,LV,2026-10-11T20:00:00Z,home,0.6,0.62,0.61,0.02,450.01,64.24,1861.32,295.07,1394.48,active,kalshi,2026-10-01T10:04:57.553606+00:00
nfl,NFL,KXNFLGAME-26OCT11MINNO,KXNFLGAME-26OCT11MINNO-MIN,,NO,MIN,2026-10-11T20:00:00Z,away,0.52,0.54,0.53,0.02,25.34,5331.87,3433.68,1002.28,3390.1,active,kalshi,2026-10-01T10:04:57.553606+00:00
nfl,NFL,KXNFLGAME-26OCT11MINNO,KXNFLGAME-26OCT11MINNO-NO,,NO,MIN,2026-10-11T20:00:00Z,home,0.45,0.49,0.47,0.04,405.0,250.0,425.51,216.38,425.51,active,kalshi,2026-10-01T10:04:57.553606+00:00
nfl,NFL,KXNFLGAME-26OCT11NYGWAS,KXNFLGAME-26OCT11NYGWAS-NYG,,WAS,NYG,2026-10-11T20:00:00Z,away,0.4,0.45,0.42500000000000004,0.05,468.0,452.48,610.12,196.43,494.78,active,kalshi,2026-10-01T10:04:57.553606+00:00
nfl,NFL,KXNFLGAME-26OCT11NYGWAS,KXNFLGAME-26OCT11NYGWAS-WAS,,WAS,NYG,2026-10-11T20:00:00Z,home,0.55,0.58,0.565,0.03,247.59,450.0,364.77,127.12,364.77,active,kalshi,2026-10-01T10:04:57.553606+00:00
nfl,NFL,KXNFLGAME-26OCT11PHIJAC,KXNFLGAME-26OCT11PHIJAC-PHI,,JAX,PHI,2026-10-11T16:30:00Z,away,0.42,0.44,0.43,0.02,73.68,1912.45,1750.73,292.93,1336.57,active,kalshi,2026-10-01T10:04:57.553606+00:00
nfl,NFL,KXNFLGAME-26OCT11PHIJAC,KXNFLGAME-26OCT11PHIJAC-JAC,,JAX,PHI,2026-10-11T16:30:00Z,home,0.56,0.59,0.575,0.03,1067.43,15.0,1384.09,227.64,1312.3,active,kalshi,2026-10-01T10:04:57.553606+00:00
nfl,NFL,KXNFLGAME-26OCT11SFSEA,KXNFLGAME-26OCT11SFSEA-SF,,SEA,SF,2026-10-11T23:25:00Z,away,0.37,0.41,0.39,0.04,495.35,1174.0,34136.72,3556.02,25858.51,active,kalshi,2026-10-01T10:04:57.553606+00:00
nfl,NFL,KXNFLGAME-26OCT11SFSEA,KXNFLGAME-26OCT11SFSEA-SEA,,SEA,SF,2026-10-11T23:25:00Z,home,0.6,0.64,0.62,0.04,2.0,143.25,34502.81,2341.99,31053.08,active,kalshi,2026-10-01T10:04:57.553606+00:00
nfl,NFL,KXNFLGAME-26OCT12BUFLAR,KXNFLGAME-26OCT12BUFLAR-BUF,,LA,BUF,2026-10-13T03:15:00Z,away,0.45,0.49,0.47,0.04,1060.32,3.0,4068.97,2822.81,3626.84,active,kalshi,2026-10-01T10:04:57.553606+00:00
nfl,NFL,KXNFLGAME-26OCT12BUFLAR,KXNFLGAME-26OCT12BUFLAR-LAR,,LA,BUF,2026-10-13T03:15:00Z,home,0.53,0.55,0.54,0.02,1.0,1048.51,504.92,187.49,433.66,active,kalshi,2026-10-01T10:04:57.553606+00:00
nfl,NFL,KXNFLGAME-26OCT01PITCLE,KXNFLGAME-26OCT01PITCLE-PIT,,CLE,PIT,2026-10-02T03:15:00Z,away,0.57,0.58,0.575,0.01,628281.31,1785797.05,520293.93,260010.22,419078.05,active,kalshi,2026-10-01T10:38:33.194834+00:00
nfl,NFL,KXNFLGAME-26OCT01PITCLE,KXNFLGAME-26OCT01PITCLE-CLE,,CLE,PIT,2026-10-02T03:15:00Z,home,0.42,0.43,0.425,0.01,175366.68,6169770.53,455609.4,234616.0,422511.14,active,kalshi,2026-10-01T10:38:33.194834+00:00
nfl,NFL,KXNFLGAME-26OCT04ARINYG,KXNFLGAME-26OCT04ARINYG-ARI,,NYG,ARI,2026-10-04T20:00:00Z,away,0.56,0.57,0.565,0.01,137.72,857.11,79288.17,5087.9,72307.73,active,kalshi,2026-10-01T10:38:33.194834+00:00
nfl,NFL,KXNFLGAME-26OCT04ARINYG,KXNFLGAME-26OCT04ARINYG-NYG,,NYG,ARI,2026-10-04T20:00:00Z,home,0.43,0.44,0.435,0.01,1023.61,15116.52,50634.07,13313.96,45463.53,active,kalshi,2026-10-01T10:38:33.194834+00:00
nfl,NFL,KXNFLGAME-26OCT04DALHOU,KXNFLGAME-26OCT04DALHOU-DAL,,HOU,DAL,2026-10-04T20:00:00Z,away,0.4,0.41,0.405,0.01,37270.26,36769.03,304919.44,103678.58,261452.25,active,kalshi,2026-10-01T10:38:33.194834+00:00
nfl,NFL,KXNFLGAME-26OCT04DALHOU,KXNFLGAME-26OCT04DALHOU-HOU,,HOU,DAL,2026-10-04T20:00:00Z,home,0.59,0.6,0.595,0.01,995.17,94652.06,54996.22,15321.81,41419.52,active,kalshi,2026-10-01T10:38:33.194834+00:00
nfl,NFL,KXNFLGAME-26OCT04DENSF,KXNFLGAME-26OCT04DENSF-DEN,,SF,DEN,2026-10-04T23:25:00Z,away,0.42,0.43,0.425,0.01,74617.65,6549.27,107218.86,27367.56,84500.66,active,kalshi,2026-10-01T10:38:33.194834+00:00
nfl,NFL,KXNFLGAME-26OCT04DENSF,KXNFLGAME-26OCT04DENSF-SF,,SF,DEN,2026-10-04T23:25:00Z,home,0.57,0.58,0.575,0.01,9335.63,92323.73,159371.54,28122.78,140477.54,active,kalshi,2026-10-01T10:38:33.194834+00:00
nfl,NFL,KXNFLGAME-26OCT04DETCAR,KXNFLGAME-26OCT04DETCAR-DET,,CAR,DET,2026-10-05T03:20:00Z,away,0.64,0.65,0.645,0.01,389.83,173133.23,32592.65,6412.86,30394.54,active,kalshi,2026-10-01T10:38:33.194834+00:00
nfl,NFL,KXNFLGAME-26OCT04DETCAR,KXNFLGAME-26OCT04DETCAR-CAR,,CAR,DET,2026-10-05T03:20:00Z,home,0.35,0.36,0.355,0.01,69336.58,13935.04,29202.46,6159.7,24191.47,active,kalshi,2026-10-01T10:38:33.194834+00:00
nfl,NFL,KXNFLGAME-26OCT04GBTB,KXNFLGAME-26OCT04GBTB-GB,,TB,GB,2026-10-04T20:00:00Z,away,0.62,0.63,0.625,0.01,5092.04,144430.91,119852.46,8912.86,100965.72,active,kalshi,2026-10-01T10:38:33.194834+00:00
nfl,NFL,KXNFLGAME-26OCT04GBTB,KXNFLGAME-26OCT04GBTB-TB,,TB,GB,2026-10-04T20:00:00Z,home,0.37,0.38,0.375,0.01,68285.2,28110.64,94258.05,16083.64,72701.52,active,kalshi,2026-10-01T10:38:33.194834+00:00
nfl,NFL,KXNFLGAME-26OCT04INDWAS,KXNFLGAME-26OCT04INDWAS-IND,,WAS,IND,2026-10-04T16:30:00Z,away,0.63,0.64,0.635,0.01,77714.04,154551.33,39226.68,7628.15,31304.73,active,kalshi,2026-10-01T10:38:33.194834+00:00
nfl,NFL,KXNFLGAME-26OCT04INDWAS,KXNFLGAME-26OCT04INDWAS-WAS,,WAS,IND,2026-10-04T16:30:00Z,home,0.36,0.37,0.365,0.01,103574.3,181851.79,80801.64,21731.39,68367.01,active,kalshi,2026-10-01T10:38:33.194834+00:00
nfl,NFL,KXNFLGAME-26OCT04JACCIN,KXNFLGAME-26OCT04JACCIN-JAC,,CIN,JAX,2026-10-04T20:00:00Z,away,0.42,0.43,0.425,0.01,12514.68,98026.82,67229.45,18074.79,61148.5,active,kalshi,2026-10-01T10:38:33.194834+00:00
nfl,NFL,KXNFLGAME-26OCT04JACCIN,KXNFLGAME-26OCT04JACCIN-CIN,,CIN,JAX,2026-10-04T20:00:00Z,home,0.57,0.58,0.575,0.01,41135.43,7136.11,37931.78,6971.77,34988.71,active,kalshi,2026-10-01T10:38:33.194834+00:00
nfl,NFL,KXNFLGAME-26OCT04KCLV,KXNFLGAME-26OCT04KCLV-KC,,LV,KC,2026-10-04T23:25:00Z,away,0.64,0.65,0.645,0.01,32243.99,401.93,342455.02,63811.68,246888.38,active,kalshi,2026-10-01T10:38:33.194834+00:00
nfl,NFL,KXNFLGAME-26OCT04KCLV,KXNFLGAME-26OCT04KCLV-LV,,LV,KC,2026-10-04T23:25:00Z,home,0.34,0.36,0.35,0.02,88104.41,98551.16,798882.95,200916.15,670679.51,active,kalshi,2026-10-01T10:38:33.194834+00:00
nfl,NFL,KXNFLGAME-26OCT04LACSEA,KXNFLGAME-26OCT04LACSEA-LAC,,SEA,LAC,2026-10-04T23:25:00Z,away,0.25,0.26,0.255,0.01,652.74,152957.51,59136.6,19191.66,55467.87,active,kalshi,2026-10-01T10:38:33.194834+00:00
nfl,NFL,KXNFLGAME-26OCT04LACSEA,KXNFLGAME-26OCT04LACSEA-SEA,,SEA,LAC,2026-10-04T23:25:00Z,home,0.75,0.76,0.755,0.01,87.06,88850.5,35982.83,7887.86,31487.63,active,kalshi,2026-10-01T10:38:33.194834+00:00
nfl,NFL,KXNFLGAME-26OCT04LARPHI,KXNFLGAME-26OCT04LARPHI-LAR,,PHI,LA,2026-10-04T20:00:00Z,away,0.61,0.62,0.615,0.01,310.88,152473.12,99729.37,17467.43,83544.8,active,kalshi,2026-10-01T10:38:33.194834+00:00
nfl,NFL,KXNFLGAME-26OCT04LARPHI,KXNFLGAME-26OCT04LARPHI-PHI,,PHI,LA,2026-10-04T20:00:00Z,home,0.38,0.39,0.385,0.01,85803.59,1127.86,103035.18,17885.24,68740.98,active,kalshi,2026-10-01T10:38:33.194834+00:00
nfl,NFL,KXNFLGAME-26OCT04MIAMIN,KXNFLGAME-26OCT04MIAMIN-MIA,,MIN,MIA,2026-10-04T23:05:00Z,away,0.16,0.17,0.165,0.01,13166.4,98931.87,104470.54,28212.44,94743.04,active,kalshi,2026-10-01T10:38:33.194834+00:00
nfl,NFL,KXNFLGAME-26OCT04MIAMIN,KXNFLGAME-26OCT04MIAMIN-MIN,,MIN,MIA,2026-10-04T23:05:00Z,home,0.83,0.84,0.835,0.01,17562.35,25044.61,72860.95,10707.13,62426.07,active,kalshi,2026-10-01T10:38:33.194834+00:00
nfl,NFL,KXNFLGAME-26OCT04NEBUF,KXNFLGAME-26OCT04NEBUF-NE,,BUF,NE,2026-10-04T20:00:00Z,away,0.26,0.27,0.265,0.01,50570.72,1870.25,77763.91,24453.38,54324.51,active,kalshi,2026-10-01T10:38:33.194834+00:00
nfl,NFL,KXNFLGAME-26OCT04NEBUF,KXNFLGAME-26OCT04NEBUF-BUF,,BUF,NE,2026-10-04T20:00:00Z,home,0.73,0.74,0.735,0.01,1486.9,137779.52,93579.98,35808.45,79857.5,active,kalshi,2026-10-01T10:38:33.194834+00:00
nfl,NFL,KXNFLGAME-26OCT04NYJCHI,KXNFLGAME-26OCT04NYJCHI-NYJ,,CHI,NYJ,2026-10-04T20:00:00Z,away,0.38,0.39,0.385,0.01,6273.31,206118.1,27435.79,5295.82,22713.68,active,kalshi,2026-10-01T10:38:33.194834+00:00
nfl,NFL,KXNFLGAME-26OCT04NYJCHI,KXNFLGAME-26OCT04NYJCHI-CHI,,CHI,NYJ,2026-10-04T20:00:00Z,home,0.62,0.63,0.625,0.01,3830.48,167691.67,48627.26,13172.05,43531.99,active,kalshi,2026-10-01T10:38:33.194834+00:00
nfl,NFL,KXNFLGAME-26OCT04TENBAL,KXNFLGAME-26OCT04TENBAL-TEN,,BAL,TEN,2026-10-04T20:00:00Z,away,0.14,0.15,0.14500000000000002,0.01,34678.24,9065.66,167393.28,41825.81,141027.48,active,kalshi,2026-10-01T10:38:33.194834+00:00
nfl,NFL,KXNFLGAME-26OCT04TENBAL,KXNFLGAME-26OCT04TENBAL-BAL,,BAL,TEN,2026-10-04T20:00:00Z,home,0.85,0.86,0.855,0.01,634.5,71332.92,128224.72,27653.36,96527.91,active,kalshi,2026-10-01T10:38:33.194834+00:00
nfl,NFL,KXNFLGAME-26OCT05ATLNO,KXNFLGAME-26OCT05ATLNO-ATL,,NO,ATL,2026-10-06T03:15:00Z,away,0.43,0.44,0.435,0.01,165094.32,17874.85,85346.43,8275.49,69864.46,active,kalshi,2026-10-01T10:38:33.194834+00:00
nfl,NFL,KXNFLGAME-26OCT05ATLNO,KXNFLGAME-26OCT05ATLNO-NO,,NO,ATL,2026-10-06T03:15:00Z,home,0.56,0.57,0.565,0.01,19766.58,216793.55,29548.06,3636.28,26474.5,active,kalshi,2026-10-01T10:38:33.194834+00:00
nfl,NFL,KXNFLGAME-26OCT08TBDAL,KXNFLGAME-26OCT08TBDAL-TB,,DAL,TB,2026-10-09T03:15:00Z,away,0.18,0.2,0.19,0.02,231.26,426.33,10673.04,4040.22,8320.38,active,kalshi,2026-10-01T10:38:33.194834+00:00
nfl,NFL,KXNFLGAME-26OCT08TBDAL,KXNFLGAME-26OCT08TBDAL-DAL,,DAL,TB,2026-10-09T03:15:00Z,home,0.81,0.82,0.815,0.01,61.36,89.69,5304.94,909.55,4533.78,active,kalshi,2026-10-01T10:38:33.194834+00:00
nfl,NFL,KXNFLGAME-26OCT11BALATL,KXNFLGAME-26OCT11BALATL-BAL,,ATL,BAL,2026-10-12T03:20:00Z,away,0.7,0.74,0.72,0.04,25.0,489.57,10745.28,264.71,10607.63,active,kalshi,2026-10-01T10:38:33.194834+00:00
nfl,NFL,KXNFLGAME-26OCT11BALATL,KXNFLGAME-26OCT11BALATL-ATL,,ATL,BAL,2026-10-12T03:20:00Z,home,0.28,0.3,0.29000000000000004,0.02,5.39,31.75,14489.38,335.51,13080.82,active,kalshi,2026-10-01T10:38:33.194834+00:00
nfl,NFL,KXNFLGAME-26OCT11CHIGB,KXNFLGAME-26OCT11CHIGB-CHI,,GB,CHI,2026-10-11T23:25:00Z,away,0.46,0.5,0.48,0.04,25.0,1218.74,9118.01,4942.23,7733.75,active,kalshi,2026-10-01T10:38:33.194834+00:00
nfl,NFL,KXNFLGAME-26OCT11CHIGB,KXNFLGAME-26OCT11CHIGB-GB,,GB,CHI,2026-10-11T23:25:00Z,home,0.53,0.57,0.55,0.04,48.87,1701.46,2161.33,1643.28,1859.37,active,kalshi,2026-10-01T10:38:33.194834+00:00
nfl,NFL,KXNFLGAME-26OCT11CINMIA,KXNFLGAME-26OCT11CINMIA-CIN,,MIA,CIN,2026-10-11T20:00:00Z,away,0.8,0.83,0.815,0.03,648.0,11.0,3911.57,233.41,3717.05,active,kalshi,2026-10-01T10:38:33.194834+00:00
nfl,NFL,KXNFLGAME-26OCT11CINMIA,KXNFLGAME-26OCT11CINMIA-MIA,,MIA,CIN,2026-10-11T20:00:00Z,home,0.17,0.19,0.18,0.02,950.0,626.0,2164.74,240.64,1385.52,active,kalshi,2026-10-01T10:38:33.194834+00:00
nfl,NFL,KXNFLGAME-26OCT11CLENYJ,KXNFLGAME-26OCT11CLENYJ-CLE,,NYJ,CLE,2026-10-11T20:00:00Z,away,0.41,0.46,0.435,0.05,466.0,481.0,589.49,124.99,589.49,active,kalshi,2026-10-01T10:38:33.194834+00:00
nfl,NFL,KXNFLGAME-26OCT11CLENYJ,KXNFLGAME-26OCT11CLENYJ-NYJ,,NYJ,CLE,2026-10-11T20:00:00Z,home,0.55,0.58,0.565,0.03,987.14,301.0,2766.31,43.09,2766.31,active,kalshi,2026-10-01T10:38:33.194834+00:00
nfl,NFL,KXNFLGAME-26OCT11DENLAC,KXNFLGAME-26OCT11DENLAC-DEN,,LAC,DEN,2026-10-11T23:05:00Z,away,0.53,0.59,0.56,0.06,263.0,4.0,1069.12,262.09,1055.1,active,kalshi,2026-10-01T10:38:33.194834+00:00
nfl,NFL,KXNFLGAME-26OCT11DENLAC,KXNFLGAME-26OCT11DENLAC-LAC,,LAC,DEN,2026-10-11T23:05:00Z,home,0.41,0.47,0.43999999999999995,0.06,7.0,1957.96,687.73,147.17,571.43,active,kalshi,2026-10-01T10:38:33.194834+00:00
nfl,NFL,KXNFLGAME-26OCT11DETARI,KXNFLGAME-26OCT11DETARI-DET,,ARI,DET,2026-10-11T23:25:00Z,away,0.67,0.71,0.69,0.04,30.21,948.16,4362.01,73.58,2136.14,active,kalshi,2026-10-01T10:38:33.194834+00:00
nfl,NFL,KXNFLGAME-26OCT11DETARI,KXNFLGAME-26OCT11DETARI-ARI,,ARI,DET,2026-10-11T23:25:00Z,home,0.3,0.33,0.315,0.03,547.13,465.0,2879.54,63.9,2704.68,active,kalshi,2026-10-01T10:38:33.194834+00:00
nfl,NFL,KXNFLGAME-26OCT11HOUTEN,KXNFLGAME-26OCT11HOUTEN-HOU,,TEN,HOU,2026-10-11T20:00:00Z,away,0.74,0.76,0.75,0.02,10.29,505.66,11657.34,274.05,10881.42,active,kalshi,2026-10-01T10:38:33.194834+00:00
nfl,NFL,KXNFLGAME-26OCT11HOUTEN,KXNFLGAME-26OCT11HOUTEN-TEN,,TEN,HOU,2026-10-11T20:00:00Z,home,0.25,0.28,0.265,0.03,416.35,44.0,10619.31,195.35,10457.84,active,kalshi,2026-10-01T10:38:33.194834+00:00
nfl,NFL,KXNFLGAME-26OCT11INDPIT,KXNFLGAME-26OCT11INDPIT-IND,,PIT,IND,2026-10-11T20:00:00Z,away,0.41,0.44,0.425,0.03,19.0,4199.48,216.42,58.36,212.58,active,kalshi,2026-10-01T10:38:33.194834+00:00
nfl,NFL,KXNFLGAME-26OCT11INDPIT,KXNFLGAME-26OCT11INDPIT-PIT,,PIT,IND,2026-10-11T20:00:00Z,home,0.57,0.58,0.575,0.01,1.0,1.0,981.4,63.69,912.26,active,kalshi,2026-10-01T10:38:33.194834+00:00
nfl,NFL,KXNFLGAME-26OCT11LVNE,KXNFLGAME-26OCT11LVNE-LV,,NE,LV,2026-10-11T20:00:00Z,away,0.38,0.41,0.395,0.03,128.0,3.0,14983.09,5032.05,13203.4,active,kalshi,2026-10-01T10:38:33.194834+00:00
nfl,NFL,KXNFLGAME-26OCT11LVNE,KXNFLGAME-26OCT11LVNE-NE,,NE,LV,2026-10-11T20:00:00Z,home,0.6,0.62,0.61,0.02,450.01,121.78,1861.32,295.07,1394.48,active,kalshi,2026-10-01T10:38:33.194834+00:00
nfl,NFL,KXNFLGAME-26OCT11MINNO,KXNFLGAME-26OCT11MINNO-MIN,,NO,MIN,2026-10-11T20:00:00Z,away,0.52,0.54,0.53,0.02,40.34,5284.62,3433.68,1002.28,3390.1,active,kalshi,2026-10-01T10:38:33.194834+00:00
nfl,NFL,KXNFLGAME-26OCT11MINNO,KXNFLGAME-26OCT11MINNO-NO,,NO,MIN,2026-10-11T20:00:00Z,home,0.46,0.47,0.46499999999999997,0.01,1.0,1.0,425.51,216.38,425.51,active,kalshi,2026-10-01T10:38:33.194834+00:00
nfl,NFL,KXNFLGAME-26OCT11NYGWAS,KXNFLGAME-26OCT11NYGWAS-NYG,,WAS,NYG,2026-10-11T20:00:00Z,away,0.4,0.45,0.42500000000000004,0.05,468.0,452.48,610.12,196.43,494.78,active,kalshi,2026-10-01T10:38:33.194834+00:00
nfl,NFL,KXNFLGAME-26OCT11NYGWAS,KXNFLGAME-26OCT11NYGWAS-WAS,,WAS,NYG,2026-10-11T20:00:00Z,home,0.55,0.58,0.565,0.03,747.59,464.0,364.77,127.12,364.77,active,kalshi,2026-10-01T10:38:33.194834+00:00
nfl,NFL,KXNFLGAME-26OCT11PHIJAC,KXNFLGAME-26OCT11PHIJAC-PHI,,JAX,PHI,2026-10-11T16:30:00Z,away,0.42,0.44,0.43,0.02,73.68,3346.45,1750.73,284.19,1336.57,active,kalshi,2026-10-01T10:38:33.194834+00:00
nfl,NFL,KXNFLGAME-26OCT11PHIJAC,KXNFLGAME-26OCT11PHIJAC-JAC,,JAX,PHI,2026-10-11T16:30:00Z,home,0.56,0.59,0.575,0.03,1250.43,15.0,1384.09,227.64,1312.3,active,kalshi,2026-10-01T10:38:33.194834+00:00
nfl,NFL,KXNFLGAME-26OCT11SFSEA,KXNFLGAME-26OCT11SFSEA-SF,,SEA,SF,2026-10-11T23:25:00Z,away,0.37,0.4,0.385,0.03,483.64,162.0,34187.1,3629.82,25908.89,active,kalshi,2026-10-01T10:38:33.194834+00:00
nfl,NFL,KXNFLGAME-26OCT11SFSEA,KXNFLGAME-26OCT11SFSEA-SEA,,SEA,SF,2026-10-11T23:25:00Z,home,0.6,0.64,0.62,0.04,2.0,173.25,34502.81,2302.95,31053.08,active,kalshi,2026-10-01T10:38:33.194834+00:00
nfl,NFL,KXNFLGAME-26OCT12BUFLAR,KXNFLGAME-26OCT12BUFLAR-BUF,,LA,BUF,2026-10-13T03:15:00Z,away,0.45,0.48,0.46499999999999997,0.03,85.32,450.0,4068.97,2822.81,3626.84,active,kalshi,2026-10-01T10:38:33.194834+00:00
nfl,NFL,KXNFLGAME-26OCT12BUFLAR,KXNFLGAME-26OCT12BUFLAR-LAR,,LA,BUF,2026-10-13T03:15:00Z,home,0.53,0.56,0.545,0.03,450.0,1081.0,504.92,187.49,433.66,active,kalshi,2026-10-01T10:38:33.194834+00:00
