sport,league,event_ticker,market_ticker,game_id,home_team,away_team,expiration_time,selection,yes_bid,yes_ask,implied_prob_mid,spread,yes_bid_size,yes_ask_size,volume,volume_24h,open_interest,status,source,fetched_at
soccer,EPL,KXEPLGAME-26OCT10ARSLEE,KXEPLGAME-26OCT10ARSLEE-LEE,,Arsenal,Leeds,2026-10-10T14:30:00Z,away,0.11,0.12,0.11499999999999999,0.01,4486.21,1349.72,6826.79,2324.09,5248.64,active,kalshi,2026-09-30T00:02:43.810111+00:00
soccer,EPL,KXEPLGAME-26OCT10ARSLEE,KXEPLGAME-26OCT10ARSLEE-TIE,,Arsenal,Leeds,2026-10-10T14:30:00Z,draw,0.17,0.18,0.175,0.01,657.0,1486.5,508.1,205.78,491.1,active,kalshi,2026-09-30T00:02:43.810111+00:00
soccer,EPL,KXEPLGAME-26OCT10ARSLEE,KXEPLGAME-26OCT10ARSLEE-ARS,,Arsenal,Leeds,2026-10-10T14:30:00Z,home,0.72,0.73,0.725,0.01,133.91,1528.69,21703.81,4478.2,17877.87,active,kalshi,2026-09-30T00:02:43.810111+00:00
soccer,EPL,KXEPLGAME-26OCT10AVLBRE,KXEPLGAME-26OCT10AVLBRE-BRE,,Aston Villa,Brentford,2026-10-10T17:00:00Z,away,0.35,0.38,0.365,0.03,203.46,1640.41,1392.56,70.18,1272.12,active,kalshi,2026-09-30T00:02:43.810111+00:00
soccer,EPL,KXEPLGAME-26OCT10AVLBRE,KXEPLGAME-26OCT10AVLBRE-TIE,,Aston Villa,Brentford,2026-10-10T17:00:00Z,draw,0.26,0.27,0.265,0.01,280.95,1982.0,855.94,0.0,852.94,active,kalshi,2026-09-30T00:02:43.810111+00:00
soccer,EPL,KXEPLGAME-26OCT10AVLBRE,KXEPLGAME-26OCT10AVLBRE-AVL,,Aston Villa,Brentford,2026-10-10T17:00:00Z,home,0.35,0.37,0.36,0.02,187.41,91.45,1161.74,245.18,1096.74,active,kalshi,2026-09-30T00:02:43.810111+00:00
soccer,EPL,KXEPLGAME-26OCT10CFCBOU,KXEPLGAME-26OCT10CFCBOU-BOU,,Chelsea,Bournemouth,2026-10-10T17:00:00Z,away,0.2,0.21,0.20500000000000002,0.01,0.6,953.73,403.49,35.07,403.49,active,kalshi,2026-09-30T00:02:43.810111+00:00
soccer,EPL,KXEPLGAME-26OCT10CFCBOU,KXEPLGAME-26OCT10CFCBOU-TIE,,Chelsea,Bournemouth,2026-10-10T17:00:00Z,draw,0.22,0.23,0.225,0.01,872.59,2154.75,615.38,50.12,613.38,active,kalshi,2026-09-30T00:02:43.810111+00:00
soccer,EPL,KXEPLGAME-26OCT10CFCBOU,KXEPLGAME-26OCT10CFCBOU-CFC,,Chelsea,Bournemouth,2026-10-10T17:00:00Z,home,0.56,0.58,0.5700000000000001,0.02,77.94,227.26,15477.85,372.83,14334.9,active,kalshi,2026-09-30T00:02:43.810111+00:00
soccer,EPL,KXEPLGAME-26OCT10IPSFUL,KXEPLGAME-26OCT10IPSFUL-FUL,,Ipswich,Fulham,2026-10-10T17:00:00Z,away,0.36,0.39,0.375,0.03,258.25,1511.33,599.2,42.53,476.26,active,kalshi,2026-09-30T00:02:43.810111+00:00
soccer,EPL,KXEPLGAME-26OCT10IPSFUL,KXEPLGAME-26OCT10IPSFUL-TIE,,Ipswich,Fulham,2026-10-10T17:00:00Z,draw,0.26,0.28,0.27,0.02,414.53,5525.53,107.06,0.0,107.06,active,kalshi,2026-09-30T00:02:43.810111+00:00
soccer,EPL,KXEPLGAME-26OCT10IPSFUL,KXEPLGAME-26OCT10IPSFUL-IPS,,Ipswich,Fulham,2026-10-10T17:00:00Z,home,0.34,0.36,0.35,0.02,251.58,377.48,239.03,25.0,239.03,active,kalshi,2026-09-30T00:02:43.810111+00:00
soccer,EPL,KXEPLGAME-26OCT10MUNTOT,KXEPLGAME-26OCT10MUNTOT-TOT,,Man United,Tottenham,2026-10-10T19:30:00Z,away,0.21,0.22,0.215,0.01,174.0,1988.71,2533.95,232.84,2434.35,active,kalshi,2026-09-30T00:02:43.810111+00:00
soccer,EPL,KXEPLGAME-26OCT10MUNTOT,KXEPLGAME-26OCT10MUNTOT-TIE,,Man United,Tottenham,2026-10-10T19:30:00Z,draw,0.21,0.22,0.215,0.01,735.5,410.14,603.51,174.86,603.51,active,kalshi,2026-09-30T00:02:43.810111+00:00
soccer,EPL,KXEPLGAME-26OCT10MUNTOT,KXEPLGAME-26OCT10MUNTOT-MUN,,Man United,Tottenham,2026-10-10T19:30:00Z,home,0.56,0.58,0.5700000000000001,0.02,40.77,1505.62,7792.85,600.38,7240.05,active,kalshi,2026-09-30T00:02:43.810111+00:00
soccer,EPL,KXEPLGAME-26OCT10SUNBRI,KXEPLGAME-26OCT10SUNBRI-BRI,,Sunderland,Brighton,2026-10-10T17:00:00Z,away,0.4,0.41,0.405,0.01,59.52,125.0,6042.79,296.37,4664.93,active,kalshi,2026-09-30T00:02:43.810111+00:00
soccer,EPL,KXEPLGAME-26OCT10SUNBRI,KXEPLGAME-26OCT10SUNBRI-TIE,,Sunderland,Brighton,2026-10-10T17:00:00Z,draw,0.26,0.28,0.27,0.02,263.65,1478.46,905.25,0.0,560.71,active,kalshi,2026-09-30T00:02:43.810111+00:00
soccer,EPL,KXEPLGAME-26OCT10SUNBRI,KXEPLGAME-26OCT10SUNBRI-SUN,,Sunderland,Brighton,2026-10-10T17:00:00Z,home,0.31,0.33,0.32,0.02,123.32,124.45,420.02,56.94,392.02,active,kalshi,2026-09-30T00:02:43.810111+00:00
soccer,EPL,KXEPLGAME-26OCT11CRYNFO,KXEPLGAME-26OCT11CRYNFO-NFO,,Crystal Palace,Nott'm Forest,2026-10-11T16:00:00Z,away,0.33,0.36,0.345,0.03,207.99,284.91,15.85,0.0,15.85,active,kalshi,2026-09-30T00:02:43.810111+00:00
soccer,EPL,KXEPLGAME-26OCT11CRYNFO,KXEPLGAME-26OCT11CRYNFO-TIE,,Crystal Palace,Nott'm Forest,2026-10-11T16:00:00Z,draw,0.28,0.29,0.28500000000000003,0.01,366.01,979.0,6.0,6.0,6.0,active,kalshi,2026-09-30T00:02:43.810111+00:00
soccer,EPL,KXEPLGAME-26OCT11CRYNFO,KXEPLGAME-26OCT11CRYNFO-CRY,,Crystal Palace,Nott'm Forest,2026-10-11T16:00:00Z,home,0.34,0.37,0.355,0.03,207.91,269.36,137.93,112.71,137.93,active,kalshi,2026-09-30T00:02:43.810111+00:00
soccer,EPL,KXEPLGAME-26OCT11HULEVE,KXEPLGAME-26OCT11HULEVE-EVE,,Hull,Everton,2026-10-11T16:00:00Z,away,0.44,0.47,0.45499999999999996,0.03,875.48,228.38,60.46,10.26,56.35,active,kalshi,2026-09-30T00:02:43.810111+00:00
soccer,EPL,KXEPLGAME-26OCT11HULEVE,KXEPLGAME-26OCT11HULEVE-TIE,,Hull,Everton,2026-10-11T16:00:00Z,draw,0.28,0.29,0.28500000000000003,0.01,210.0,1500.72,117.28,32.0,117.28,active,kalshi,2026-09-30T00:02:43.810111+00:00
soccer,EPL,KXEPLGAME-26OCT11HULEVE,KXEPLGAME-26OCT11HULEVE-HUL,,Hull,Everton,2026-10-11T16:00:00Z,home,0.23,0.27,0.25,0.04,887.39,5478.25,232.41,17.0,232.41,active,kalshi,2026-09-30T00:02:43.810111+00:00
soccer,EPL,KXEPLGAME-26OCT11LFCMCI,KXEPLGAME-26OCT11LFCMCI-MCI,,Liverpool,Man City,2026-10-11T18:30:00Z,away,0.39,0.4,0.395,0.01,340.32,4417.46,34220.55,22309.12,32575.33,active,kalshi,2026-09-30T00:02:43.810111+00:00
soccer,EPL,KXEPLGAME-26OCT11LFCMCI,KXEPLGAME-26OCT11LFCMCI-TIE,,Liverpool,Man City,2026-10-11T18:30:00Z,draw,0.25,0.26,0.255,0.01,228.8,5411.2,1139.28,875.37,1128.08,active,kalshi,2026-09-30T00:02:43.810111+00:00
soccer,EPL,KXEPLGAME-26OCT11LFCMCI,KXEPLGAME-26OCT11LFCMCI-LFC,,Liverpool,Man City,2026-10-11T18:30:00Z,home,0.36,0.37,0.365,0.01,217.24,111.88,13416.91,10925.28,12106.48,active,kalshi,2026-09-30T00:02:43.810111+00:00
soccer,EPL,KXEPLGAME-26OCT12COVNEW,KXEPLGAME-26OCT12COVNEW-NEW,,Coventry,Newcastle,2026-10-12T22:00:00Z,away,0.43,0.46,0.445,0.03,250.35,511.95,1362.8,320.11,1362.8,active,kalshi,2026-09-30T00:02:43.810111+00:00
soccer,EPL,KXEPLGAME-26OCT12COVNEW,KXEPLGAME-26OCT12COVNEW-TIE,,Coventry,Newcastle,2026-10-12T22:00:00Z,draw,0.25,0.28,0.265,0.03,257.34,5551.34,37.52,37.52,37.52,active,kalshi,2026-09-30T00:02:43.810111+00:00
soccer,EPL,KXEPLGAME-26OCT12COVNEW,KXEPLGAME-26OCT12COVNEW-COV,,Coventry,Newcastle,2026-10-12T22:00:00Z,home,0.26,0.3,0.28,0.04,982.2,5294.7,0.0,0.0,0.0,active,kalshi,2026-09-30T00:02:43.810111+00:00
soccer,EPL,KXEPLGAME-26OCT10ARSLEE,KXEPLGAME-26OCT10ARSLEE-LEE,,Arsenal,Leeds,2026-10-10T14:30:00Z,away,0.11,0.12,0.11499999999999999,0.01,4486.01,1442.11,6962.58,2459.88,5384.43,active,kalshi,2026-09-30T00:45:19.601277+00:00
soccer,EPL,KXEPLGAME-26OCT10ARSLEE,KXEPLGAME-26OCT10ARSLEE-TIE,,Arsenal,Leeds,2026-10-10T14:30:00Z,draw,0.17,0.18,0.175,0.01,657.0,1465.64,518.1,215.78,501.1,active,kalshi,2026-09-30T00:45:19.601277+00:00
soccer,EPL,KXEPLGAME-26OCT10ARSLEE,KXEPLGAME-26OCT10ARSLEE-ARS,,Arsenal,Leeds,2026-10-10T14:30:00Z,home,0.72,0.73,0.725,0.01,123.91,3624.53,21713.81,4488.2,17877.87,active,kalshi,2026-09-30T00:45:19.601277+00:00
soccer,EPL,KXEPLGAME-26OCT10AVLBRE,KXEPLGAME-26OCT10AVLBRE-BRE,,Aston Villa,Brentford,2026-10-10T17:00:00Z,away,0.35,0.37,0.36,0.02,203.46,124.25,1392.56,70.18,1272.12,active,kalshi,2026-09-30T00:45:19.601277+00:00
soccer,EPL,KXEPLGAME-26OCT10AVLBRE,KXEPLGAME-26OCT10AVLBRE-TIE,,Aston Villa,Brentford,2026-10-10T17:00:00Z,draw,0.26,0.27,0.265,0.01,280.95,1982.0,855.94,0.0,852.94,active,kalshi,2026-09-30T00:45:19.601277+00:00
soccer,EPL,KXEPLGAME-26OCT10AVLBRE,KXEPLGAME-26OCT10AVLBRE-AVL,,Aston Villa,Brentford,2026-10-10T17:00:00Z,home,0.35,0.37,0.36,0.02,187.41,123.4,1161.74,245.18,1096.74,active,kalshi,2026-09-30T00:45:19.601277+00:00
soccer,EPL,KXEPLGAME-26OCT10CFCBOU,KXEPLGAME-26OCT10CFCBOU-BOU,,Chelsea,Bournemouth,2026-10-10T17:00:00Z,away,0.2,0.21,0.20500000000000002,0.01,172.12,953.73,403.49,35.07,403.49,active,kalshi,2026-09-30T00:45:19.601277+00:00
soccer,EPL,KXEPLGAME-26OCT10CFCBOU,KXEPLGAME-26OCT10CFCBOU-TIE,,Chelsea,Bournemouth,2026-10-10T17:00:00Z,draw,0.22,0.23,0.225,0.01,872.59,2154.75,615.38,50.12,613.38,active,kalshi,2026-09-30T00:45:19.601277+00:00
soccer,EPL,KXEPLGAME-26OCT10CFCBOU,KXEPLGAME-26OCT10CFCBOU-CFC,,Chelsea,Bournemouth,2026-10-10T17:00:00Z,home,0.56,0.57,0.565,0.01,55.29,171.55,15477.85,372.83,14334.9,active,kalshi,2026-09-30T00:45:19.601277+00:00
soccer,EPL,KXEPLGAME-26OCT10IPSFUL,KXEPLGAME-26OCT10IPSFUL-FUL,,Ipswich,Fulham,2026-10-10T17:00:00Z,away,0.36,0.39,0.375,0.03,258.25,1511.33,599.2,42.53,476.26,active,kalshi,2026-09-30T00:45:19.601277+00:00
soccer,EPL,KXEPLGAME-26OCT10IPSFUL,KXEPLGAME-26OCT10IPSFUL-TIE,,Ipswich,Fulham,2026-10-10T17:00:00Z,draw,0.26,0.28,0.27,0.02,414.53,5525.53,107.06,0.0,107.06,active,kalshi,2026-09-30T00:45:19.601277+00:00
soccer,EPL,KXEPLGAME-26OCT10IPSFUL,KXEPLGAME-26OCT10IPSFUL-IPS,,Ipswich,Fulham,2026-10-10T17:00:00Z,home,0.34,0.36,0.35,0.02,251.58,377.4,239.03,25.0,239.03,active,kalshi,2026-09-30T00:45:19.601277+00:00
soccer,EPL,KXEPLGAME-26OCT10MUNTOT,KXEPLGAME-26OCT10MUNTOT-TOT,,Man United,Tottenham,2026-10-10T19:30:00Z,away,0.19,0.22,0.20500000000000002,0.03,251.86,2005.71,2760.95,459.84,2409.42,active,kalshi,2026-09-30T00:45:19.601277+00:00
soccer,EPL,KXEPLGAME-26OCT10MUNTOT,KXEPLGAME-26OCT10MUNTOT-TIE,,Man United,Tottenham,2026-10-10T19:30:00Z,draw,0.21,0.22,0.215,0.01,735.5,410.14,603.51,174.86,603.51,active,kalshi,2026-09-30T00:45:19.601277+00:00
soccer,EPL,KXEPLGAME-26OCT10MUNTOT,KXEPLGAME-26OCT10MUNTOT-MUN,,Man United,Tottenham,2026-10-10T19:30:00Z,home,0.56,0.57,0.565,0.01,68.77,0.56,7793.27,617.54,7240.47,active,kalshi,2026-09-30T00:45:19.601277+00:00
soccer,EPL,KXEPLGAME-26OCT10SUNBRI,KXEPLGAME-26OCT10SUNBRI-BRI,,Sunderland,Brighton,2026-10-10T17:00:00Z,away,0.4,0.41,0.405,0.01,29.52,125.0,6042.79,296.37,4664.93,active,kalshi,2026-09-30T00:45:19.601277+00:00
soccer,EPL,KXEPLGAME-26OCT10SUNBRI,KXEPLGAME-26OCT10SUNBRI-TIE,,Sunderland,Brighton,2026-10-10T17:00:00Z,draw,0.26,0.28,0.27,0.02,263.65,1478.46,905.25,0.0,560.71,active,kalshi,2026-09-30T00:45:19.601277+00:00
soccer,EPL,KXEPLGAME-26OCT10SUNBRI,KXEPLGAME-26OCT10SUNBRI-SUN,,Sunderland,Brighton,2026-10-10T17:00:00Z,home,0.31,0.33,0.32,0.02,123.32,124.45,420.02,56.94,392.02,active,kalshi,2026-09-30T00:45:19.601277+00:00
soccer,EPL,KXEPLGAME-26OCT11CRYNFO,KXEPLGAME-26OCT11CRYNFO-NFO,,Crystal Palace,Nott'm Forest,2026-10-11T16:00:00Z,away,0.33,0.36,0.345,0.03,207.99,284.91,15.85,0.0,15.85,active,kalshi,2026-09-30T00:45:19.601277+00:00
soccer,EPL,KXEPLGAME-26OCT11CRYNFO,KXEPLGAME-26OCT11CRYNFO-TIE,,Crystal Palace,Nott'm Forest,2026-10-11T16:00:00Z,draw,0.28,0.29,0.28500000000000003,0.01,366.01,979.0,6.0,6.0,6.0,active,kalshi,2026-09-30T00:45:19.601277+00:00
soccer,EPL,KXEPLGAME-26OCT11CRYNFO,KXEPLGAME-26OCT11CRYNFO-CRY,,Crystal Palace,Nott'm Forest,2026-10-11T16:00:00Z,home,0.34,0.37,0.355,0.03,207.91,269.36,137.93,112.71,137.93,active,kalshi,2026-09-30T00:45:19.601277+00:00
soccer,EPL,KXEPLGAME-26OCT11HULEVE,KXEPLGAME-26OCT11HULEVE-EVE,,Hull,Everton,2026-10-11T16:00:00Z,away,0.44,0.47,0.45499999999999996,0.03,875.48,228.38,60.46,10.26,56.35,active,kalshi,2026-09-30T00:45:19.601277+00:00
soccer,EPL,KXEPLGAME-26OCT11HULEVE,KXEPLGAME-26OCT11HULEVE-TIE,,Hull,Everton,2026-10-11T16:00:00Z,draw,0.28,0.29,0.28500000000000003,0.01,338.36,1500.72,117.28,32.0,117.28,active,kalshi,2026-09-30T00:45:19.601277+00:00
soccer,EPL,KXEPLGAME-26OCT11HULEVE,KXEPLGAME-26OCT11HULEVE-HUL,,Hull,Everton,2026-10-11T16:00:00Z,home,0.23,0.27,0.25,0.04,887.39,5478.25,232.41,17.0,232.41,active,kalshi,2026-09-30T00:45:19.601277+00:00
soccer,EPL,KXEPLGAME-26OCT11LFCMCI,KXEPLGAME-26OCT11LFCMCI-MCI,,Liverpool,Man City,2026-10-11T18:30:00Z,away,0.38,0.39,0.385,0.01,2320.73,182.87,34236.36,22192.92,32591.14,active,kalshi,2026-09-30T00:45:19.601277+00:00
soccer,EPL,KXEPLGAME-26OCT11LFCMCI,KXEPLGAME-26OCT11LFCMCI-TIE,,Liverpool,Man City,2026-10-11T18:30:00Z,draw,0.25,0.26,0.255,0.01,228.8,5411.2,1139.28,509.7,1128.08,active,kalshi,2026-09-30T00:45:19.601277+00:00
soccer,EPL,KXEPLGAME-26OCT11LFCMCI,KXEPLGAME-26OCT11LFCMCI-LFC,,Liverpool,Man City,2026-10-11T18:30:00Z,home,0.36,0.37,0.365,0.01,203.91,100.0,13442.79,10924.58,12132.36,active,kalshi,2026-09-30T00:45:19.601277+00:00
soccer,EPL,KXEPLGAME-26OCT12COVNEW,KXEPLGAME-26OCT12COVNEW-NEW,,Coventry,Newcastle,2026-10-12T22:00:00Z,away,0.43,0.46,0.445,0.03,250.35,499.95,1362.8,215.38,1362.8,active,kalshi,2026-09-30T00:45:19.601277+00:00
soccer,EPL,KXEPLGAME-26OCT12COVNEW,KXEPLGAME-26OCT12COVNEW-TIE,,Coventry,Newcastle,2026-10-12T22:00:00Z,draw,0.25,0.28,0.265,0.03,257.34,5551.34,37.52,37.52,37.52,active,kalshi,2026-09-30T00:45:19.601277+00:00
soccer,EPL,KXEPLGAME-26OCT12COVNEW,KXEPLGAME-26OCT12COVNEW-COV,,Coventry,Newcastle,2026-10-12T22:00:00Z,home,0.26,0.3,0.28,0.04,982.2,5111.0,0.0,0.0,0.0,active,kalshi,2026-09-30T00:45:19.601277+00:00
soccer,EPL,KXEPLGAME-26OCT10ARSLEE,KXEPLGAME-26OCT10ARSLEE-LEE,,Arsenal,Leeds,2026-10-10T14:30:00Z,away,0.11,0.12,0.11499999999999999,0.01,4486.01,1391.27,6962.58,2459.88,5384.43,active,kalshi,2026-09-30T01:05:32.008807+00:00
soccer,EPL,KXEPLGAME-26OCT10ARSLEE,KXEPLGAME-26OCT10ARSLEE-TIE,,Arsenal,Leeds,2026-10-10T14:30:00Z,draw,0.17,0.18,0.175,0.01,657.0,1465.64,518.1,215.78,501.1,active,kalshi,2026-09-30T01:05:32.008807+00:00
soccer,EPL,KXEPLGAME-26OCT10ARSLEE,KXEPLGAME-26OCT10ARSLEE-ARS,,Arsenal,Leeds,2026-10-10T14:30:00Z,home,0.72,0.73,0.725,0.01,123.91,3624.53,21713.81,4488.2,17877.87,active,kalshi,2026-09-30T01:05:32.008807+00:00
soccer,EPL,KXEPLGAME-26OCT10AVLBRE,KXEPLGAME-26OCT10AVLBRE-BRE,,Aston Villa,Brentford,2026-10-10T17:00:00Z,away,0.35,0.37,0.36,0.02,203.46,124.25,1392.56,70.18,1272.12,active,kalshi,2026-09-30T01:05:32.008807+00:00
soccer,EPL,KXEPLGAME-26OCT10AVLBRE,KXEPLGAME-26OCT10AVLBRE-TIE,,Aston Villa,Brentford,2026-10-10T17:00:00Z,draw,0.26,0.27,0.265,0.01,280.95,1982.0,855.94,0.0,852.94,active,kalshi,2026-09-30T01:05:32.008807+00:00
soccer,EPL,KXEPLGAME-26OCT10AVLBRE,KXEPLGAME-26OCT10AVLBRE-AVL,,Aston Villa,Brentford,2026-10-10T17:00:00Z,home,0.35,0.37,0.36,0.02,187.41,123.4,1161.74,245.18,1096.74,active,kalshi,2026-09-30T01:05:32.008807+00:00
soccer,EPL,KXEPLGAME-26OCT10CFCBOU,KXEPLGAME-26OCT10CFCBOU-BOU,,Chelsea,Bournemouth,2026-10-10T17:00:00Z,away,0.2,0.21,0.20500000000000002,0.01,172.12,953.73,403.49,35.07,403.49,active,kalshi,2026-09-30T01:05:32.008807+00:00
soccer,EPL,KXEPLGAME-26OCT10CFCBOU,KXEPLGAME-26OCT10CFCBOU-TIE,,Chelsea,Bournemouth,2026-10-10T17:00:00Z,draw,0.22,0.23,0.225,0.01,872.59,2154.75,615.38,50.12,613.38,active,kalshi,2026-09-30T01:05:32.008807+00:00
soccer,EPL,KXEPLGAME-26OCT10CFCBOU,KXEPLGAME-26OCT10CFCBOU-CFC,,Chelsea,Bournemouth,2026-10-10T17:00:00Z,home,0.56,0.57,0.565,0.01,55.29,171.55,15477.85,372.83,14334.9,active,kalshi,2026-09-30T01:05:32.008807+00:00
soccer,EPL,KXEPLGAME-26OCT10IPSFUL,KXEPLGAME-26OCT10IPSFUL-FUL,,Ipswich,Fulham,2026-10-10T17:00:00Z,away,0.36,0.39,0.375,0.03,258.25,1511.33,599.2,42.53,476.26,active,kalshi,2026-09-30T01:05:32.008807+00:00
soccer,EPL,KXEPLGAME-26OCT10IPSFUL,KXEPLGAME-26OCT10IPSFUL-TIE,,Ipswich,Fulham,2026-10-10T17:00:00Z,draw,0.26,0.28,0.27,0.02,414.53,5525.53,107.06,0.0,107.06,active,kalshi,2026-09-30T01:05:32.008807+00:00
soccer,EPL,KXEPLGAME-26OCT10IPSFUL,KXEPLGAME-26OCT10IPSFUL-IPS,,Ipswich,Fulham,2026-10-10T17:00:00Z,home,0.34,0.36,0.35,0.02,251.58,377.4,239.03,25.0,239.03,active,kalshi,2026-09-30T01:05:32.008807+00:00
soccer,EPL,KXEPLGAME-26OCT10MUNTOT,KXEPLGAME-26OCT10MUNTOT-TOT,,Man United,Tottenham,2026-10-10T19:30:00Z,away,0.19,0.22,0.20500000000000002,0.03,251.86,2005.71,2760.95,459.84,2409.42,active,kalshi,2026-09-30T01:05:32.008807+00:00
soccer,EPL,KXEPLGAME-26OCT10MUNTOT,KXEPLGAME-26OCT10MUNTOT-TIE,,Man United,Tottenham,2026-10-10T19:30:00Z,draw,0.21,0.22,0.215,0.01,735.5,410.14,603.51,174.86,603.51,active,kalshi,2026-09-30T01:05:32.008807+00:00
soccer,EPL,KXEPLGAME-26OCT10MUNTOT,KXEPLGAME-26OCT10MUNTOT-MUN,,Man United,Tottenham,2026-10-10T19:30:00Z,home,0.56,0.57,0.565,0.01,68.77,0.56,7793.27,617.54,7240.47,active,kalshi,2026-09-30T01:05:32.008807+00:00
soccer,EPL,KXEPLGAME-26OCT10SUNBRI,KXEPLGAME-26OCT10SUNBRI-BRI,,Sunderland,Brighton,2026-10-10T17:00:00Z,away,0.4,0.41,0.405,0.01,29.52,125.0,6042.79,296.37,4664.93,active,kalshi,2026-09-30T01:05:32.008807+00:00
soccer,EPL,KXEPLGAME-26OCT10SUNBRI,KXEPLGAME-26OCT10SUNBRI-TIE,,Sunderland,Brighton,2026-10-10T17:00:00Z,draw,0.26,0.28,0.27,0.02,263.65,1478.46,905.25,0.0,560.71,active,kalshi,2026-09-30T01:05:32.008807+00:00
soccer,EPL,KXEPLGAME-26OCT10SUNBRI,KXEPLGAME-26OCT10SUNBRI-SUN,,Sunderland,Brighton,2026-10-10T17:00:00Z,home,0.31,0.33,0.32,0.02,123.32,124.45,420.02,56.94,392.02,active,kalshi,2026-09-30T01:05:32.008807+00:00
soccer,EPL,KXEPLGAME-26OCT11CRYNFO,KXEPLGAME-26OCT11CRYNFO-NFO,,Crystal Palace,Nott'm Forest,2026-10-11T16:00:00Z,away,0.33,0.36,0.345,0.03,207.99,284.91,15.85,0.0,15.85,active,kalshi,2026-09-30T01:05:32.008807+00:00
soccer,EPL,KXEPLGAME-26OCT11CRYNFO,KXEPLGAME-26OCT11CRYNFO-TIE,,Crystal Palace,Nott'm Forest,2026-10-11T16:00:00Z,draw,0.28,0.29,0.28500000000000003,0.01,366.01,979.0,6.0,6.0,6.0,active,kalshi,2026-09-30T01:05:32.008807+00:00
soccer,EPL,KXEPLGAME-26OCT11CRYNFO,KXEPLGAME-26OCT11CRYNFO-CRY,,Crystal Palace,Nott'm Forest,2026-10-11T16:00:00Z,home,0.34,0.37,0.355,0.03,207.91,269.36,137.93,112.71,137.93,active,kalshi,2026-09-30T01:05:32.008807+00:00
soccer,EPL,KXEPLGAME-26OCT11HULEVE,KXEPLGAME-26OCT11HULEVE-EVE,,Hull,Everton,2026-10-11T16:00:00Z,away,0.44,0.47,0.45499999999999996,0.03,875.48,228.38,60.46,10.26,56.35,active,kalshi,2026-09-30T01:05:32.008807+00:00
soccer,EPL,KXEPLGAME-26OCT11HULEVE,KXEPLGAME-26OCT11HULEVE-TIE,,Hull,Everton,2026-10-11T16:00:00Z,draw,0.28,0.29,0.28500000000000003,0.01,338.36,1500.72,117.28,32.0,117.28,active,kalshi,2026-09-30T01:05:32.008807+00:00
soccer,EPL,KXEPLGAME-26OCT11HULEVE,KXEPLGAME-26OCT11HULEVE-HUL,,Hull,Everton,2026-10-11T16:00:00Z,home,0.23,0.27,0.25,0.04,887.39,5478.25,232.41,17.0,232.41,active,kalshi,2026-09-30T01:05:32.008807+00:00
soccer,EPL,KXEPLGAME-26OCT11LFCMCI,KXEPLGAME-26OCT11LFCMCI-MCI,,Liverpool,Man City,2026-10-11T18:30:00Z,away,0.38,0.39,0.385,0.01,2185.85,174.01,34236.36,22181.21,32591.14,active,kalshi,2026-09-30T01:05:32.008807+00:00
soccer,EPL,KXEPLGAME-26OCT11LFCMCI,KXEPLGAME-26OCT11LFCMCI-TIE,,Liverpool,Man City,2026-10-11T18:30:00Z,draw,0.25,0.26,0.255,0.01,228.8,5315.2,1139.28,509.7,1128.08,active,kalshi,2026-09-30T01:05:32.008807+00:00
soccer,EPL,KXEPLGAME-26OCT11LFCMCI,KXEPLGAME-26OCT11LFCMCI-LFC,,Liverpool,Man City,2026-10-11T18:30:00Z,home,0.36,0.37,0.365,0.01,192.91,87.21,13455.58,10924.58,12145.15,active,kalshi,2026-09-30T01:05:32.008807+00:00
soccer,EPL,KXEPLGAME-26OCT12COVNEW,KXEPLGAME-26OCT12COVNEW-NEW,,Coventry,Newcastle,2026-10-12T22:00:00Z,away,0.43,0.46,0.445,0.03,250.35,499.95,1362.8,215.38,1362.8,active,kalshi,2026-09-30T01:05:32.008807+00:00
soccer,EPL,KXEPLGAME-26OCT12COVNEW,KXEPLGAME-26OCT12COVNEW-TIE,,Coventry,Newcastle,2026-10-12T22:00:00Z,draw,0.25,0.28,0.265,0.03,257.34,5551.34,37.52,37.52,37.52,active,kalshi,2026-09-30T01:05:32.008807+00:00
soccer,EPL,KXEPLGAME-26OCT12COVNEW,KXEPLGAME-26OCT12COVNEW-COV,,Coventry,Newcastle,2026-10-12T22:00:00Z,home,0.26,0.3,0.28,0.04,982.2,5111.0,0.0,0.0,0.0,active,kalshi,2026-09-30T01:05:32.008807+00:00
soccer,EPL,KXEPLGAME-26OCT10ARSLEE,KXEPLGAME-26OCT10ARSLEE-LEE,,Arsenal,Leeds,2026-10-10T14:30:00Z,away,0.11,0.12,0.11499999999999999,0.01,4487.89,1391.3,6962.58,2302.89,5384.43,active,kalshi,2026-09-30T01:36:17.653138+00:00
soccer,EPL,KXEPLGAME-26OCT10ARSLEE,KXEPLGAME-26OCT10ARSLEE-TIE,,Arsenal,Leeds,2026-10-10T14:30:00Z,draw,0.17,0.18,0.175,0.01,657.0,1465.14,518.1,215.78,501.1,active,kalshi,2026-09-30T01:36:17.653138+00:00
soccer,EPL,KXEPLGAME-26OCT10ARSLEE,KXEPLGAME-26OCT10ARSLEE-ARS,,Arsenal,Leeds,2026-10-10T14:30:00Z,home,0.72,0.73,0.725,0.01,123.91,3610.85,21722.81,4290.82,17886.87,active,kalshi,2026-09-30T01:36:17.653138+00:00
soccer,EPL,KXEPLGAME-26OCT10AVLBRE,KXEPLGAME-26OCT10AVLBRE-BRE,,Aston Villa,Brentford,2026-10-10T17:00:00Z,away,0.35,0.37,0.36,0.02,203.46,124.25,1392.56,70.18,1272.12,active,kalshi,2026-09-30T01:36:17.653138+00:00
soccer,EPL,KXEPLGAME-26OCT10AVLBRE,KXEPLGAME-26OCT10AVLBRE-TIE,,Aston Villa,Brentford,2026-10-10T17:00:00Z,draw,0.26,0.27,0.265,0.01,280.95,1982.0,855.94,0.0,852.94,active,kalshi,2026-09-30T01:36:17.653138+00:00
soccer,EPL,KXEPLGAME-26OCT10AVLBRE,KXEPLGAME-26OCT10AVLBRE-AVL,,Aston Villa,Brentford,2026-10-10T17:00:00Z,home,0.35,0.37,0.36,0.02,187.41,123.8,1161.74,245.18,1096.74,active,kalshi,2026-09-30T01:36:17.653138+00:00
soccer,EPL,KXEPLGAME-26OCT10CFCBOU,KXEPLGAME-26OCT10CFCBOU-BOU,,Chelsea,Bournemouth,2026-10-10T17:00:00Z,away,0.2,0.21,0.20500000000000002,0.01,172.12,953.73,403.49,35.07,403.49,active,kalshi,2026-09-30T01:36:17.653138+00:00
soccer,EPL,KXEPLGAME-26OCT10CFCBOU,KXEPLGAME-26OCT10CFCBOU-TIE,,Chelsea,Bournemouth,2026-10-10T17:00:00Z,draw,0.22,0.23,0.225,0.01,872.59,2154.75,615.38,50.12,613.38,active,kalshi,2026-09-30T01:36:17.653138+00:00
soccer,EPL,KXEPLGAME-26OCT10CFCBOU,KXEPLGAME-26OCT10CFCBOU-CFC,,Chelsea,Bournemouth,2026-10-10T17:00:00Z,home,0.56,0.57,0.565,0.01,55.29,171.55,15477.85,372.83,14334.9,active,kalshi,2026-09-30T01:36:17.653138+00:00
soccer,EPL,KXEPLGAME-26OCT10IPSFUL,KXEPLGAME-26OCT10IPSFUL-FUL,,Ipswich,Fulham,2026-10-10T17:00:00Z,away,0.36,0.39,0.375,0.03,258.25,1511.33,599.2,42.53,476.26,active,kalshi,2026-09-30T01:36:17.653138+00:00
soccer,EPL,KXEPLGAME-26OCT10IPSFUL,KXEPLGAME-26OCT10IPSFUL-TIE,,Ipswich,Fulham,2026-10-10T17:00:00Z,draw,0.26,0.28,0.27,0.02,414.53,5525.53,107.06,0.0,107.06,active,kalshi,2026-09-30T01:36:17.653138+00:00
soccer,EPL,KXEPLGAME-26OCT10IPSFUL,KXEPLGAME-26OCT10IPSFUL-IPS,,Ipswich,Fulham,2026-10-10T17:00:00Z,home,0.34,0.36,0.35,0.02,251.58,377.4,239.03,25.0,239.03,active,kalshi,2026-09-30T01:36:17.653138+00:00
soccer,EPL,KXEPLGAME-26OCT10MUNTOT,KXEPLGAME-26OCT10MUNTOT-TOT,,Man United,Tottenham,2026-10-10T19:30:00Z,away,0.19,0.22,0.20500000000000002,0.03,251.86,1997.09,2769.57,459.84,2418.04,active,kalshi,2026-09-30T01:36:17.653138+00:00
soccer,EPL,KXEPLGAME-26OCT10MUNTOT,KXEPLGAME-26OCT10MUNTOT-TIE,,Man United,Tottenham,2026-10-10T19:30:00Z,draw,0.21,0.22,0.215,0.01,735.5,410.14,603.51,174.86,603.51,active,kalshi,2026-09-30T01:36:17.653138+00:00
soccer,EPL,KXEPLGAME-26OCT10MUNTOT,KXEPLGAME-26OCT10MUNTOT-MUN,,Man United,Tottenham,2026-10-10T19:30:00Z,home,0.56,0.57,0.565,0.01,28.0,64.1,7875.0,699.27,7158.74,active,kalshi,2026-09-30T01:36:17.653138+00:00
soccer,EPL,KXEPLGAME-26OCT10SUNBRI,KXEPLGAME-26OCT10SUNBRI-BRI,,Sunderland,Brighton,2026-10-10T17:00:00Z,away,0.4,0.41,0.405,0.01,59.52,124.42,6043.37,296.37,4665.51,active,kalshi,2026-09-30T01:36:17.653138+00:00
soccer,EPL,KXEPLGAME-26OCT10SUNBRI,KXEPLGAME-26OCT10SUNBRI-TIE,,Sunderland,Brighton,2026-10-10T17:00:00Z,draw,0.26,0.28,0.27,0.02,263.65,1478.46,905.25,0.0,560.71,active,kalshi,2026-09-30T01:36:17.653138+00:00
soccer,EPL,KXEPLGAME-26OCT10SUNBRI,KXEPLGAME-26OCT10SUNBRI-SUN,,Sunderland,Brighton,2026-10-10T17:00:00Z,home,0.31,0.33,0.32,0.02,123.32,124.45,420.02,56.94,392.02,active,kalshi,2026-09-30T01:36:17.653138+00:00
soccer,EPL,KXEPLGAME-26OCT11CRYNFO,KXEPLGAME-26OCT11CRYNFO-NFO,,Crystal Palace,Nott'm Forest,2026-10-11T16:00:00Z,away,0.33,0.36,0.345,0.03,207.99,284.91,15.85,0.0,15.85,active,kalshi,2026-09-30T01:36:17.653138+00:00
soccer,EPL,KXEPLGAME-26OCT11CRYNFO,KXEPLGAME-26OCT11CRYNFO-TIE,,Crystal Palace,Nott'm Forest,2026-10-11T16:00:00Z,draw,0.28,0.29,0.28500000000000003,0.01,366.01,979.0,6.0,6.0,6.0,active,kalshi,2026-09-30T01:36:17.653138+00:00
soccer,EPL,KXEPLGAME-26OCT11CRYNFO,KXEPLGAME-26OCT11CRYNFO-CRY,,Crystal Palace,Nott'm Forest,2026-10-11T16:00:00Z,home,0.34,0.37,0.355,0.03,207.91,269.36,137.93,112.71,137.93,active,kalshi,2026-09-30T01:36:17.653138+00:00
soccer,EPL,KXEPLGAME-26OCT11HULEVE,KXEPLGAME-26OCT11HULEVE-EVE,,Hull,Everton,2026-10-11T16:00:00Z,away,0.44,0.47,0.45499999999999996,0.03,875.48,228.47,60.46,10.26,56.35,active,kalshi,2026-09-30T01:36:17.653138+00:00
soccer,EPL,KXEPLGAME-26OCT11HULEVE,KXEPLGAME-26OCT11HULEVE-TIE,,Hull,Everton,2026-10-11T16:00:00Z,draw,0.28,0.29,0.28500000000000003,0.01,338.45,1500.72,117.28,32.0,117.28,active,kalshi,2026-09-30T01:36:17.653138+00:00
soccer,EPL,KXEPLGAME-26OCT11HULEVE,KXEPLGAME-26OCT11HULEVE-HUL,,Hull,Everton,2026-10-11T16:00:00Z,home,0.23,0.27,0.25,0.04,887.39,5478.25,232.41,17.0,232.41,active,kalshi,2026-09-30T01:36:17.653138+00:00
soccer,EPL,KXEPLGAME-26OCT11LFCMCI,KXEPLGAME-26OCT11LFCMCI-MCI,,Liverpool,Man City,2026-10-11T18:30:00Z,away,0.38,0.39,0.385,0.01,2194.38,173.96,34245.27,22173.5,32600.05,active,kalshi,2026-09-30T01:36:17.653138+00:00
soccer,EPL,KXEPLGAME-26OCT11LFCMCI,KXEPLGAME-26OCT11LFCMCI-TIE,,Liverpool,Man City,2026-10-11T18:30:00Z,draw,0.25,0.26,0.255,0.01,228.8,5312.2,1139.28,509.7,1128.08,active,kalshi,2026-09-30T01:36:17.653138+00:00
soccer,EPL,KXEPLGAME-26OCT11LFCMCI,KXEPLGAME-26OCT11LFCMCI-LFC,,Liverpool,Man City,2026-10-11T18:30:00Z,home,0.36,0.37,0.365,0.01,192.43,82.04,13460.75,10937.37,12150.32,active,kalshi,2026-09-30T01:36:17.653138+00:00
soccer,EPL,KXEPLGAME-26OCT12COVNEW,KXEPLGAME-26OCT12COVNEW-NEW,,Coventry,Newcastle,2026-10-12T22:00:00Z,away,0.43,0.46,0.445,0.03,250.35,499.95,1362.8,213.3,1362.8,active,kalshi,2026-09-30T01:36:17.653138+00:00
soccer,EPL,KXEPLGAME-26OCT12COVNEW,KXEPLGAME-26OCT12COVNEW-TIE,,Coventry,Newcastle,2026-10-12T22:00:00Z,draw,0.25,0.28,0.265,0.03,257.34,5551.34,37.52,37.52,37.52,active,kalshi,2026-09-30T01:36:17.653138+00:00
soccer,EPL,KXEPLGAME-26OCT12COVNEW,KXEPLGAME-26OCT12COVNEW-COV,,Coventry,Newcastle,2026-10-12T22:00:00Z,home,0.26,0.3,0.28,0.04,982.2,5294.47,0.0,0.0,0.0,active,kalshi,2026-09-30T01:36:17.653138+00:00
soccer,EPL,KXEPLGAME-26OCT10ARSLEE,KXEPLGAME-26OCT10ARSLEE-LEE,,Arsenal,Leeds,2026-10-10T14:30:00Z,away,0.11,0.12,0.11499999999999999,0.01,4487.89,1391.31,6962.58,2301.89,5384.43,active,kalshi,2026-09-30T02:03:20.823685+00:00
soccer,EPL,KXEPLGAME-26OCT10ARSLEE,KXEPLGAME-26OCT10ARSLEE-TIE,,Arsenal,Leeds,2026-10-10T14:30:00Z,draw,0.17,0.18,0.175,0.01,657.0,1465.14,518.1,215.78,501.1,active,kalshi,2026-09-30T02:03:20.823685+00:00
soccer,EPL,KXEPLGAME-26OCT10ARSLEE,KXEPLGAME-26OCT10ARSLEE-ARS,,Arsenal,Leeds,2026-10-10T14:30:00Z,home,0.72,0.73,0.725,0.01,123.91,3733.31,21749.25,4317.26,17913.31,active,kalshi,2026-09-30T02:03:20.823685+00:00
soccer,EPL,KXEPLGAME-26OCT10AVLBRE,KXEPLGAME-26OCT10AVLBRE-BRE,,Aston Villa,Brentford,2026-10-10T17:00:00Z,away,0.35,0.37,0.36,0.02,203.46,124.25,1392.56,70.18,1272.12,active,kalshi,2026-09-30T02:03:20.823685+00:00
soccer,EPL,KXEPLGAME-26OCT10AVLBRE,KXEPLGAME-26OCT10AVLBRE-TIE,,Aston Villa,Brentford,2026-10-10T17:00:00Z,draw,0.26,0.27,0.265,0.01,280.95,1982.0,855.94,0.0,852.94,active,kalshi,2026-09-30T02:03:20.823685+00:00
soccer,EPL,KXEPLGAME-26OCT10AVLBRE,KXEPLGAME-26OCT10AVLBRE-AVL,,Aston Villa,Brentford,2026-10-10T17:00:00Z,home,0.35,0.37,0.36,0.02,187.41,123.8,1161.74,245.18,1096.74,active,kalshi,2026-09-30T02:03:20.823685+00:00
soccer,EPL,KXEPLGAME-26OCT10CFCBOU,KXEPLGAME-26OCT10CFCBOU-BOU,,Chelsea,Bournemouth,2026-10-10T17:00:00Z,away,0.2,0.21,0.20500000000000002,0.01,172.12,953.73,403.49,35.07,403.49,active,kalshi,2026-09-30T02:03:20.823685+00:00
soccer,EPL,KXEPLGAME-26OCT10CFCBOU,KXEPLGAME-26OCT10CFCBOU-TIE,,Chelsea,Bournemouth,2026-10-10T17:00:00Z,draw,0.22,0.23,0.225,0.01,872.59,2154.75,615.38,50.12,613.38,active,kalshi,2026-09-30T02:03:20.823685+00:00
soccer,EPL,KXEPLGAME-26OCT10CFCBOU,KXEPLGAME-26OCT10CFCBOU-CFC,,Chelsea,Bournemouth,2026-10-10T17:00:00Z,home,0.56,0.57,0.565,0.01,58.54,134.64,15552.76,413.68,14409.81,active,kalshi,2026-09-30T02:03:20.823685+00:00
soccer,EPL,KXEPLGAME-26OCT10IPSFUL,KXEPLGAME-26OCT10IPSFUL-FUL,,Ipswich,Fulham,2026-10-10T17:00:00Z,away,0.36,0.39,0.375,0.03,258.25,1511.33,599.2,42.53,476.26,active,kalshi,2026-09-30T02:03:20.823685+00:00
soccer,EPL,KXEPLGAME-26OCT10IPSFUL,KXEPLGAME-26OCT10IPSFUL-TIE,,Ipswich,Fulham,2026-10-10T17:00:00Z,draw,0.26,0.28,0.27,0.02,414.53,5525.53,107.06,0.0,107.06,active,kalshi,2026-09-30T02:03:20.823685+00:00
soccer,EPL,KXEPLGAME-26OCT10IPSFUL,KXEPLGAME-26OCT10IPSFUL-IPS,,Ipswich,Fulham,2026-10-10T17:00:00Z,home,0.34,0.36,0.35,0.02,251.58,377.4,239.03,25.0,239.03,active,kalshi,2026-09-30T02:03:20.823685+00:00
soccer,EPL,KXEPLGAME-26OCT10MUNTOT,KXEPLGAME-26OCT10MUNTOT-TOT,,Man United,Tottenham,2026-10-10T19:30:00Z,away,0.19,0.22,0.20500000000000002,0.03,251.86,1997.09,2769.57,468.46,2418.04,active,kalshi,2026-09-30T02:03:20.823685+00:00
soccer,EPL,KXEPLGAME-26OCT10MUNTOT,KXEPLGAME-26OCT10MUNTOT-TIE,,Man United,Tottenham,2026-10-10T19:30:00Z,draw,0.21,0.22,0.215,0.01,735.5,410.14,603.51,174.86,603.51,active,kalshi,2026-09-30T02:03:20.823685+00:00
soccer,EPL,KXEPLGAME-26OCT10MUNTOT,KXEPLGAME-26OCT10MUNTOT-MUN,,Man United,Tottenham,2026-10-10T19:30:00Z,home,0.56,0.57,0.565,0.01,28.0,50.09,7875.0,699.27,7158.74,active,kalshi,2026-09-30T02:03:20.823685+00:00
soccer,EPL,KXEPLGAME-26OCT10SUNBRI,KXEPLGAME-26OCT10SUNBRI-BRI,,Sunderland,Brighton,2026-10-10T17:00:00Z,away,0.4,0.41,0.405,0.01,52.46,179.42,6047.37,195.55,4669.51,active,kalshi,2026-09-30T02:03:20.823685+00:00
soccer,EPL,KXEPLGAME-26OCT10SUNBRI,KXEPLGAME-26OCT10SUNBRI-TIE,,Sunderland,Brighton,2026-10-10T17:00:00Z,draw,0.26,0.28,0.27,0.02,263.65,1478.46,905.25,0.0,560.71,active,kalshi,2026-09-30T02:03:20.823685+00:00
soccer,EPL,KXEPLGAME-26OCT10SUNBRI,KXEPLGAME-26OCT10SUNBRI-SUN,,Sunderland,Brighton,2026-10-10T17:00:00Z,home,0.31,0.33,0.32,0.02,123.32,124.45,420.02,56.94,392.02,active,kalshi,2026-09-30T02:03:20.823685+00:00
soccer,EPL,KXEPLGAME-26OCT11CRYNFO,KXEPLGAME-26OCT11CRYNFO-NFO,,Crystal Palace,Nott'm Forest,2026-10-11T16:00:00Z,away,0.33,0.36,0.345,0.03,207.99,284.91,15.85,0.0,15.85,active,kalshi,2026-09-30T02:03:20.823685+00:00
soccer,EPL,KXEPLGAME-26OCT11CRYNFO,KXEPLGAME-26OCT11CRYNFO-TIE,,Crystal Palace,Nott'm Forest,2026-10-11T16:00:00Z,draw,0.28,0.29,0.28500000000000003,0.01,366.01,979.0,6.0,6.0,6.0,active,kalshi,2026-09-30T02:03:20.823685+00:00
soccer,EPL,KXEPLGAME-26OCT11CRYNFO,KXEPLGAME-26OCT11CRYNFO-CRY,,Crystal Palace,Nott'm Forest,2026-10-11T16:00:00Z,home,0.34,0.37,0.355,0.03,207.91,269.36,137.93,112.71,137.93,active,kalshi,2026-09-30T02:03:20.823685+00:00
soccer,EPL,KXEPLGAME-26OCT11HULEVE,KXEPLGAME-26OCT11HULEVE-EVE,,Hull,Everton,2026-10-11T16:00:00Z,away,0.44,0.47,0.45499999999999996,0.03,875.48,228.47,60.46,10.26,56.35,active,kalshi,2026-09-30T02:03:20.823685+00:00
soccer,EPL,KXEPLGAME-26OCT11HULEVE,KXEPLGAME-26OCT11HULEVE-TIE,,Hull,Everton,2026-10-11T16:00:00Z,draw,0.28,0.29,0.28500000000000003,0.01,338.45,1500.72,117.28,32.0,117.28,active,kalshi,2026-09-30T02:03:20.823685+00:00
soccer,EPL,KXEPLGAME-26OCT11HULEVE,KXEPLGAME-26OCT11HULEVE-HUL,,Hull,Everton,2026-10-11T16:00:00Z,home,0.23,0.27,0.25,0.04,887.39,5478.25,232.41,17.0,232.41,active,kalshi,2026-09-30T02:03:20.823685+00:00
soccer,EPL,KXEPLGAME-26OCT11LFCMCI,KXEPLGAME-26OCT11LFCMCI-MCI,,Liverpool,Man City,2026-10-11T18:30:00Z,away,0.38,0.39,0.385,0.01,1217.33,81.91,34539.46,22449.18,32894.24,active,kalshi,2026-09-30T02:03:20.823685+00:00
soccer,EPL,KXEPLGAME-26OCT11LFCMCI,KXEPLGAME-26OCT11LFCMCI-TIE,,Liverpool,Man City,2026-10-11T18:30:00Z,draw,0.25,0.26,0.255,0.01,228.8,5350.88,1139.28,509.7,1128.08,active,kalshi,2026-09-30T02:03:20.823685+00:00
soccer,EPL,KXEPLGAME-26OCT11LFCMCI,KXEPLGAME-26OCT11LFCMCI-LFC,,Liverpool,Man City,2026-10-11T18:30:00Z,home,0.36,0.37,0.365,0.01,239.42,115.0,13581.75,11058.23,12271.32,active,kalshi,2026-09-30T02:03:20.823685+00:00
soccer,EPL,KXEPLGAME-26OCT12COVNEW,KXEPLGAME-26OCT12COVNEW-NEW,,Coventry,Newcastle,2026-10-12T22:00:00Z,away,0.43,0.46,0.445,0.03,250.35,499.95,1362.8,213.3,1362.8,active,kalshi,2026-09-30T02:03:20.823685+00:00
soccer,EPL,KXEPLGAME-26OCT12COVNEW,KXEPLGAME-26OCT12COVNEW-TIE,,Coventry,Newcastle,2026-10-12T22:00:00Z,draw,0.25,0.28,0.265,0.03,257.34,5551.34,37.52,37.52,37.52,active,kalshi,2026-09-30T02:03:20.823685+00:00
soccer,EPL,KXEPLGAME-26OCT12COVNEW,KXEPLGAME-26OCT12COVNEW-COV,,Coventry,Newcastle,2026-10-12T22:00:00Z,home,0.26,0.3,0.28,0.04,982.2,5111.0,0.0,0.0,0.0,active,kalshi,2026-09-30T02:03:20.823685+00:00
soccer,EPL,KXEPLGAME-26OCT10ARSLEE,KXEPLGAME-26OCT10ARSLEE-LEE,,Arsenal,Leeds,2026-10-10T14:30:00Z,away,0.11,0.12,0.11499999999999999,0.01,4486.41,1377.31,6976.58,2315.89,5398.43,active,kalshi,2026-09-30T02:36:59.800875+00:00
soccer,EPL,KXEPLGAME-26OCT10ARSLEE,KXEPLGAME-26OCT10ARSLEE-TIE,,Arsenal,Leeds,2026-10-10T14:30:00Z,draw,0.17,0.18,0.175,0.01,657.0,1455.14,528.1,225.78,511.1,active,kalshi,2026-09-30T02:36:59.800875+00:00
soccer,EPL,KXEPLGAME-26OCT10ARSLEE,KXEPLGAME-26OCT10ARSLEE-ARS,,Arsenal,Leeds,2026-10-10T14:30:00Z,home,0.72,0.73,0.725,0.01,123.91,3650.87,21886.28,4450.26,18050.34,active,kalshi,2026-09-30T02:36:59.800875+00:00
soccer,EPL,KXEPLGAME-26OCT10AVLBRE,KXEPLGAME-26OCT10AVLBRE-BRE,,Aston Villa,Brentford,2026-10-10T17:00:00Z,away,0.35,0.37,0.36,0.02,203.46,0.25,1392.56,70.18,1272.12,active,kalshi,2026-09-30T02:36:59.800875+00:00
soccer,EPL,KXEPLGAME-26OCT10AVLBRE,KXEPLGAME-26OCT10AVLBRE-TIE,,Aston Villa,Brentford,2026-10-10T17:00:00Z,draw,0.26,0.27,0.265,0.01,280.95,1982.0,855.94,0.0,852.94,active,kalshi,2026-09-30T02:36:59.800875+00:00
soccer,EPL,KXEPLGAME-26OCT10AVLBRE,KXEPLGAME-26OCT10AVLBRE-AVL,,Aston Villa,Brentford,2026-10-10T17:00:00Z,home,0.35,0.37,0.36,0.02,187.41,123.8,1161.74,232.24,1096.74,active,kalshi,2026-09-30T02:36:59.800875+00:00
soccer,EPL,KXEPLGAME-26OCT10CFCBOU,KXEPLGAME-26OCT10CFCBOU-BOU,,Chelsea,Bournemouth,2026-10-10T17:00:00Z,away,0.2,0.21,0.20500000000000002,0.01,172.12,953.73,403.49,35.07,403.49,active,kalshi,2026-09-30T02:36:59.800875+00:00
soccer,EPL,KXEPLGAME-26OCT10CFCBOU,KXEPLGAME-26OCT10CFCBOU-TIE,,Chelsea,Bournemouth,2026-10-10T17:00:00Z,draw,0.22,0.23,0.225,0.01,872.59,2154.75,615.38,50.12,613.38,active,kalshi,2026-09-30T02:36:59.800875+00:00
soccer,EPL,KXEPLGAME-26OCT10CFCBOU,KXEPLGAME-26OCT10CFCBOU-CFC,,Chelsea,Bournemouth,2026-10-10T17:00:00Z,home,0.56,0.57,0.565,0.01,55.29,171.61,15552.76,380.68,14409.81,active,kalshi,2026-09-30T02:36:59.800875+00:00
soccer,EPL,KXEPLGAME-26OCT10IPSFUL,KXEPLGAME-26OCT10IPSFUL-FUL,,Ipswich,Fulham,2026-10-10T17:00:00Z,away,0.36,0.39,0.375,0.03,258.25,1511.33,599.2,42.53,476.26,active,kalshi,2026-09-30T02:36:59.800875+00:00
soccer,EPL,KXEPLGAME-26OCT10IPSFUL,KXEPLGAME-26OCT10IPSFUL-TIE,,Ipswich,Fulham,2026-10-10T17:00:00Z,draw,0.26,0.28,0.27,0.02,414.53,5525.53,107.06,0.0,107.06,active,kalshi,2026-09-30T02:36:59.800875+00:00
soccer,EPL,KXEPLGAME-26OCT10IPSFUL,KXEPLGAME-26OCT10IPSFUL-IPS,,Ipswich,Fulham,2026-10-10T17:00:00Z,home,0.34,0.36,0.35,0.02,251.58,371.4,239.03,25.0,239.03,active,kalshi,2026-09-30T02:36:59.800875+00:00
soccer,EPL,KXEPLGAME-26OCT10MUNTOT,KXEPLGAME-26OCT10MUNTOT-TOT,,Man United,Tottenham,2026-10-10T19:30:00Z,away,0.19,0.22,0.20500000000000002,0.03,251.86,1984.16,2782.5,481.39,2430.97,active,kalshi,2026-09-30T02:36:59.800875+00:00
soccer,EPL,KXEPLGAME-26OCT10MUNTOT,KXEPLGAME-26OCT10MUNTOT-TIE,,Man United,Tottenham,2026-10-10T19:30:00Z,draw,0.21,0.22,0.215,0.01,735.5,390.14,623.51,194.86,623.51,active,kalshi,2026-09-30T02:36:59.800875+00:00
soccer,EPL,KXEPLGAME-26OCT10MUNTOT,KXEPLGAME-26OCT10MUNTOT-MUN,,Man United,Tottenham,2026-10-10T19:30:00Z,home,0.56,0.57,0.565,0.01,47.0,50.09,7875.0,521.27,7158.74,active,kalshi,2026-09-30T02:36:59.800875+00:00
soccer,EPL,KXEPLGAME-26OCT10SUNBRI,KXEPLGAME-26OCT10SUNBRI-BRI,,Sunderland,Brighton,2026-10-10T17:00:00Z,away,0.4,0.41,0.405,0.01,52.46,116.0,6047.37,148.71,4669.51,active,kalshi,2026-09-30T02:36:59.800875+00:00
soccer,EPL,KXEPLGAME-26OCT10SUNBRI,KXEPLGAME-26OCT10SUNBRI-TIE,,Sunderland,Brighton,2026-10-10T17:00:00Z,draw,0.26,0.28,0.27,0.02,263.65,1478.46,905.25,0.0,560.71,active,kalshi,2026-09-30T02:36:59.800875+00:00
soccer,EPL,KXEPLGAME-26OCT10SUNBRI,KXEPLGAME-26OCT10SUNBRI-SUN,,Sunderland,Brighton,2026-10-10T17:00:00Z,home,0.31,0.33,0.32,0.02,123.32,153.43,420.02,56.94,392.02,active,kalshi,2026-09-30T02:36:59.800875+00:00
soccer,EPL,KXEPLGAME-26OCT11CRYNFO,KXEPLGAME-26OCT11CRYNFO-NFO,,Crystal Palace,Nott'm Forest,2026-10-11T16:00:00Z,away,0.33,0.36,0.345,0.03,207.99,281.91,18.85,3.0,18.85,active,kalshi,2026-09-30T02:36:59.800875+00:00
soccer,EPL,KXEPLGAME-26OCT11CRYNFO,KXEPLGAME-26OCT11CRYNFO-TIE,,Crystal Palace,Nott'm Forest,2026-10-11T16:00:00Z,draw,0.28,0.29,0.28500000000000003,0.01,338.01,979.0,6.0,6.0,6.0,active,kalshi,2026-09-30T02:36:59.800875+00:00
soccer,EPL,KXEPLGAME-26OCT11CRYNFO,KXEPLGAME-26OCT11CRYNFO-CRY,,Crystal Palace,Nott'm Forest,2026-10-11T16:00:00Z,home,0.34,0.37,0.355,0.03,207.91,269.36,137.93,64.71,137.93,active,kalshi,2026-09-30T02:36:59.800875+00:00
soccer,EPL,KXEPLGAME-26OCT11HULEVE,KXEPLGAME-26OCT11HULEVE-EVE,,Hull,Everton,2026-10-11T16:00:00Z,away,0.44,0.47,0.45499999999999996,0.03,875.48,128.47,60.46,10.26,56.35,active,kalshi,2026-09-30T02:36:59.800875+00:00
soccer,EPL,KXEPLGAME-26OCT11HULEVE,KXEPLGAME-26OCT11HULEVE-TIE,,Hull,Everton,2026-10-11T16:00:00Z,draw,0.28,0.29,0.28500000000000003,0.01,338.45,1500.72,117.28,32.0,117.28,active,kalshi,2026-09-30T02:36:59.800875+00:00
soccer,EPL,KXEPLGAME-26OCT11HULEVE,KXEPLGAME-26OCT11HULEVE-HUL,,Hull,Everton,2026-10-11T16:00:00Z,home,0.23,0.27,0.25,0.04,887.39,5478.25,232.41,17.0,232.41,active,kalshi,2026-09-30T02:36:59.800875+00:00
soccer,EPL,KXEPLGAME-26OCT11LFCMCI,KXEPLGAME-26OCT11LFCMCI-MCI,,Liverpool,Man City,2026-10-11T18:30:00Z,away,0.38,0.39,0.385,0.01,1188.81,193.53,34641.89,21844.09,32996.67,active,kalshi,2026-09-30T02:36:59.800875+00:00
soccer,EPL,KXEPLGAME-26OCT11LFCMCI,KXEPLGAME-26OCT11LFCMCI-TIE,,Liverpool,Man City,2026-10-11T18:30:00Z,draw,0.25,0.26,0.255,0.01,228.8,5378.2,1139.28,509.7,1128.08,active,kalshi,2026-09-30T02:36:59.800875+00:00
soccer,EPL,KXEPLGAME-26OCT11LFCMCI,KXEPLGAME-26OCT11LFCMCI-LFC,,Liverpool,Man City,2026-10-11T18:30:00Z,home,0.36,0.38,0.37,0.02,244.92,337.64,13591.75,11068.23,12281.32,active,kalshi,2026-09-30T02:36:59.800875+00:00
soccer,EPL,KXEPLGAME-26OCT12COVNEW,KXEPLGAME-26OCT12COVNEW-NEW,,Coventry,Newcastle,2026-10-12T22:00:00Z,away,0.43,0.46,0.445,0.03,250.35,365.95,1362.8,213.3,1362.8,active,kalshi,2026-09-30T02:36:59.800875+00:00
soccer,EPL,KXEPLGAME-26OCT12COVNEW,KXEPLGAME-26OCT12COVNEW-TIE,,Coventry,Newcastle,2026-10-12T22:00:00Z,draw,0.25,0.28,0.265,0.03,257.34,5551.34,37.52,37.52,37.52,active,kalshi,2026-09-30T02:36:59.800875+00:00
soccer,EPL,KXEPLGAME-26OCT12COVNEW,KXEPLGAME-26OCT12COVNEW-COV,,Coventry,Newcastle,2026-10-12T22:00:00Z,home,0.26,0.3,0.28,0.04,982.2,5111.0,0.0,0.0,0.0,active,kalshi,2026-09-30T02:36:59.800875+00:00
soccer,EPL,KXEPLGAME-26OCT10ARSLEE,KXEPLGAME-26OCT10ARSLEE-LEE,,Arsenal,Leeds,2026-10-10T14:30:00Z,away,0.11,0.12,0.11499999999999999,0.01,4486.41,1275.71,6998.58,859.89,5420.43,active,kalshi,2026-09-30T03:02:53.426915+00:00
soccer,EPL,KXEPLGAME-26OCT10ARSLEE,KXEPLGAME-26OCT10ARSLEE-TIE,,Arsenal,Leeds,2026-10-10T14:30:00Z,draw,0.17,0.18,0.175,0.01,657.0,1455.14,528.1,225.78,511.1,active,kalshi,2026-09-30T03:02:53.426915+00:00
soccer,EPL,KXEPLGAME-26OCT10ARSLEE,KXEPLGAME-26OCT10ARSLEE-ARS,,Arsenal,Leeds,2026-10-10T14:30:00Z,home,0.72,0.73,0.725,0.01,130.48,86.74,22110.37,4655.96,18270.4,active,kalshi,2026-09-30T03:02:53.426915+00:00
soccer,EPL,KXEPLGAME-26OCT10AVLBRE,KXEPLGAME-26OCT10AVLBRE-BRE,,Aston Villa,Brentford,2026-10-10T17:00:00Z,away,0.35,0.37,0.36,0.02,203.46,0.25,1392.56,70.18,1272.12,active,kalshi,2026-09-30T03:02:53.426915+00:00
soccer,EPL,KXEPLGAME-26OCT10AVLBRE,KXEPLGAME-26OCT10AVLBRE-TIE,,Aston Villa,Brentford,2026-10-10T17:00:00Z,draw,0.26,0.27,0.265,0.01,280.95,1982.0,855.94,0.0,852.94,active,kalshi,2026-09-30T03:02:53.426915+00:00
soccer,EPL,KXEPLGAME-26OCT10AVLBRE,KXEPLGAME-26OCT10AVLBRE-AVL,,Aston Villa,Brentford,2026-10-10T17:00:00Z,home,0.35,0.37,0.36,0.02,187.41,123.8,1161.74,232.24,1096.74,active,kalshi,2026-09-30T03:02:53.426915+00:00
soccer,EPL,KXEPLGAME-26OCT10CFCBOU,KXEPLGAME-26OCT10CFCBOU-BOU,,Chelsea,Bournemouth,2026-10-10T17:00:00Z,away,0.2,0.21,0.20500000000000002,0.01,172.12,953.73,403.49,35.07,403.49,active,kalshi,2026-09-30T03:02:53.426915+00:00
soccer,EPL,KXEPLGAME-26OCT10CFCBOU,KXEPLGAME-26OCT10CFCBOU-TIE,,Chelsea,Bournemouth,2026-10-10T17:00:00Z,draw,0.22,0.23,0.225,0.01,872.59,2154.75,615.38,50.12,613.38,active,kalshi,2026-09-30T03:02:53.426915+00:00
soccer,EPL,KXEPLGAME-26OCT10CFCBOU,KXEPLGAME-26OCT10CFCBOU-CFC,,Chelsea,Bournemouth,2026-10-10T17:00:00Z,home,0.56,0.57,0.565,0.01,55.29,171.61,15552.76,380.68,14409.81,active,kalshi,2026-09-30T03:02:53.426915+00:00
soccer,EPL,KXEPLGAME-26OCT10IPSFUL,KXEPLGAME-26OCT10IPSFUL-FUL,,Ipswich,Fulham,2026-10-10T17:00:00Z,away,0.36,0.39,0.375,0.03,258.25,1492.83,648.38,42.53,525.44,active,kalshi,2026-09-30T03:02:53.426915+00:00
soccer,EPL,KXEPLGAME-26OCT10IPSFUL,KXEPLGAME-26OCT10IPSFUL-TIE,,Ipswich,Fulham,2026-10-10T17:00:00Z,draw,0.26,0.28,0.27,0.02,414.53,5505.53,107.06,0.0,107.06,active,kalshi,2026-09-30T03:02:53.426915+00:00
soccer,EPL,KXEPLGAME-26OCT10IPSFUL,KXEPLGAME-26OCT10IPSFUL-IPS,,Ipswich,Fulham,2026-10-10T17:00:00Z,home,0.34,0.36,0.35,0.02,215.0,322.4,265.03,25.0,265.03,active,kalshi,2026-09-30T03:02:53.426915+00:00
soccer,EPL,KXEPLGAME-26OCT10MUNTOT,KXEPLGAME-26OCT10MUNTOT-TOT,,Man United,Tottenham,2026-10-10T19:30:00Z,away,0.19,0.22,0.20500000000000002,0.03,251.86,1984.16,2782.5,481.39,2430.97,active,kalshi,2026-09-30T03:02:53.426915+00:00
soccer,EPL,KXEPLGAME-26OCT10MUNTOT,KXEPLGAME-26OCT10MUNTOT-TIE,,Man United,Tottenham,2026-10-10T19:30:00Z,draw,0.21,0.22,0.215,0.01,735.5,370.14,643.51,194.86,643.51,active,kalshi,2026-09-30T03:02:53.426915+00:00
soccer,EPL,KXEPLGAME-26OCT10MUNTOT,KXEPLGAME-26OCT10MUNTOT-MUN,,Man United,Tottenham,2026-10-10T19:30:00Z,home,0.56,0.57,0.565,0.01,47.0,22.09,7875.0,521.27,7158.74,active,kalshi,2026-09-30T03:02:53.426915+00:00
soccer,EPL,KXEPLGAME-26OCT10SUNBRI,KXEPLGAME-26OCT10SUNBRI-BRI,,Sunderland,Brighton,2026-10-10T17:00:00Z,away,0.4,0.41,0.405,0.01,59.52,116.0,6047.37,148.71,4669.51,active,kalshi,2026-09-30T03:02:53.426915+00:00
soccer,EPL,KXEPLGAME-26OCT10SUNBRI,KXEPLGAME-26OCT10SUNBRI-TIE,,Sunderland,Brighton,2026-10-10T17:00:00Z,draw,0.26,0.28,0.27,0.02,263.65,1478.46,905.25,0.0,560.71,active,kalshi,2026-09-30T03:02:53.426915+00:00
soccer,EPL,KXEPLGAME-26OCT10SUNBRI,KXEPLGAME-26OCT10SUNBRI-SUN,,Sunderland,Brighton,2026-10-10T17:00:00Z,home,0.31,0.33,0.32,0.02,123.32,153.43,420.02,56.94,392.02,active,kalshi,2026-09-30T03:02:53.426915+00:00
soccer,EPL,KXEPLGAME-26OCT11CRYNFO,KXEPLGAME-26OCT11CRYNFO-NFO,,Crystal Palace,Nott'm Forest,2026-10-11T16:00:00Z,away,0.33,0.36,0.345,0.03,207.99,281.91,18.85,3.0,18.85,active,kalshi,2026-09-30T03:02:53.426915+00:00
soccer,EPL,KXEPLGAME-26OCT11CRYNFO,KXEPLGAME-26OCT11CRYNFO-TIE,,Crystal Palace,Nott'm Forest,2026-10-11T16:00:00Z,draw,0.28,0.29,0.28500000000000003,0.01,338.01,979.0,6.0,6.0,6.0,active,kalshi,2026-09-30T03:02:53.426915+00:00
soccer,EPL,KXEPLGAME-26OCT11CRYNFO,KXEPLGAME-26OCT11CRYNFO-CRY,,Crystal Palace,Nott'm Forest,2026-10-11T16:00:00Z,home,0.34,0.37,0.355,0.03,207.91,269.36,137.93,64.71,137.93,active,kalshi,2026-09-30T03:02:53.426915+00:00
soccer,EPL,KXEPLGAME-26OCT11HULEVE,KXEPLGAME-26OCT11HULEVE-EVE,,Hull,Everton,2026-10-11T16:00:00Z,away,0.44,0.47,0.45499999999999996,0.03,875.48,128.47,60.46,10.26,56.35,active,kalshi,2026-09-30T03:02:53.426915+00:00
soccer,EPL,KXEPLGAME-26OCT11HULEVE,KXEPLGAME-26OCT11HULEVE-TIE,,Hull,Everton,2026-10-11T16:00:00Z,draw,0.28,0.29,0.28500000000000003,0.01,338.45,1500.72,117.28,32.0,117.28,active,kalshi,2026-09-30T03:02:53.426915+00:00
soccer,EPL,KXEPLGAME-26OCT11HULEVE,KXEPLGAME-26OCT11HULEVE-HUL,,Hull,Everton,2026-10-11T16:00:00Z,home,0.23,0.27,0.25,0.04,887.39,5478.25,232.41,17.0,232.41,active,kalshi,2026-09-30T03:02:53.426915+00:00
soccer,EPL,KXEPLGAME-26OCT11LFCMCI,KXEPLGAME-26OCT11LFCMCI-MCI,,Liverpool,Man City,2026-10-11T18:30:00Z,away,0.38,0.39,0.385,0.01,1191.87,204.7,34643.89,21920.19,32994.67,active,kalshi,2026-09-30T03:02:53.426915+00:00
soccer,EPL,KXEPLGAME-26OCT11LFCMCI,KXEPLGAME-26OCT11LFCMCI-TIE,,Liverpool,Man City,2026-10-11T18:30:00Z,draw,0.25,0.26,0.255,0.01,228.8,5339.2,1139.28,509.7,1128.08,active,kalshi,2026-09-30T03:02:53.426915+00:00
soccer,EPL,KXEPLGAME-26OCT11LFCMCI,KXEPLGAME-26OCT11LFCMCI-LFC,,Liverpool,Man City,2026-10-11T18:30:00Z,home,0.36,0.37,0.365,0.01,240.26,100.0,13616.75,11068.23,12306.32,active,kalshi,2026-09-30T03:02:53.426915+00:00
soccer,EPL,KXEPLGAME-26OCT12COVNEW,KXEPLGAME-26OCT12COVNEW-NEW,,Coventry,Newcastle,2026-10-12T22:00:00Z,away,0.43,0.46,0.445,0.03,250.35,365.95,1362.8,108.57,1362.8,active,kalshi,2026-09-30T03:02:53.426915+00:00
soccer,EPL,KXEPLGAME-26OCT12COVNEW,KXEPLGAME-26OCT12COVNEW-TIE,,Coventry,Newcastle,2026-10-12T22:00:00Z,draw,0.25,0.28,0.265,0.03,257.34,5551.34,37.52,37.52,37.52,active,kalshi,2026-09-30T03:02:53.426915+00:00
soccer,EPL,KXEPLGAME-26OCT12COVNEW,KXEPLGAME-26OCT12COVNEW-COV,,Coventry,Newcastle,2026-10-12T22:00:00Z,home,0.26,0.3,0.28,0.04,982.2,5294.49,0.0,0.0,0.0,active,kalshi,2026-09-30T03:02:53.426915+00:00
soccer,EPL,KXEPLGAME-26OCT10ARSLEE,KXEPLGAME-26OCT10ARSLEE-LEE,,Arsenal,Leeds,2026-10-10T14:30:00Z,away,0.11,0.12,0.11499999999999999,0.01,4413.41,1559.07,7074.22,802.53,5423.07,active,kalshi,2026-09-30T03:38:37.971707+00:00
soccer,EPL,KXEPLGAME-26OCT10ARSLEE,KXEPLGAME-26OCT10ARSLEE-TIE,,Arsenal,Leeds,2026-10-10T14:30:00Z,draw,0.17,0.18,0.175,0.01,657.0,1489.14,548.1,245.78,531.1,active,kalshi,2026-09-30T03:38:37.971707+00:00
soccer,EPL,KXEPLGAME-26OCT10ARSLEE,KXEPLGAME-26OCT10ARSLEE-ARS,,Arsenal,Leeds,2026-10-10T14:30:00Z,home,0.72,0.74,0.73,0.02,62.67,7576.09,22237.31,4771.96,18316.34,active,kalshi,2026-09-30T03:38:37.971707+00:00
soccer,EPL,KXEPLGAME-26OCT10AVLBRE,KXEPLGAME-26OCT10AVLBRE-BRE,,Aston Villa,Brentford,2026-10-10T17:00:00Z,away,0.35,0.37,0.36,0.02,203.46,0.25,1392.56,70.18,1272.12,active,kalshi,2026-09-30T03:38:37.971707+00:00
soccer,EPL,KXEPLGAME-26OCT10AVLBRE,KXEPLGAME-26OCT10AVLBRE-TIE,,Aston Villa,Brentford,2026-10-10T17:00:00Z,draw,0.26,0.27,0.265,0.01,280.95,1982.0,855.94,0.0,852.94,active,kalshi,2026-09-30T03:38:37.971707+00:00
soccer,EPL,KXEPLGAME-26OCT10AVLBRE,KXEPLGAME-26OCT10AVLBRE-AVL,,Aston Villa,Brentford,2026-10-10T17:00:00Z,home,0.35,0.37,0.36,0.02,187.41,237.45,1172.09,242.59,1107.09,active,kalshi,2026-09-30T03:38:37.971707+00:00
soccer,EPL,KXEPLGAME-26OCT10CFCBOU,KXEPLGAME-26OCT10CFCBOU-BOU,,Chelsea,Bournemouth,2026-10-10T17:00:00Z,away,0.2,0.21,0.20500000000000002,0.01,172.12,953.73,403.49,35.07,403.49,active,kalshi,2026-09-30T03:38:37.971707+00:00
soccer,EPL,KXEPLGAME-26OCT10CFCBOU,KXEPLGAME-26OCT10CFCBOU-TIE,,Chelsea,Bournemouth,2026-10-10T17:00:00Z,draw,0.22,0.23,0.225,0.01,872.59,2154.75,615.38,50.12,613.38,active,kalshi,2026-09-30T03:38:37.971707+00:00
soccer,EPL,KXEPLGAME-26OCT10CFCBOU,KXEPLGAME-26OCT10CFCBOU-CFC,,Chelsea,Bournemouth,2026-10-10T17:00:00Z,home,0.56,0.57,0.565,0.01,55.29,171.61,15552.76,352.56,14409.81,active,kalshi,2026-09-30T03:38:37.971707+00:00
soccer,EPL,KXEPLGAME-26OCT10IPSFUL,KXEPLGAME-26OCT10IPSFUL-FUL,,Ipswich,Fulham,2026-10-10T17:00:00Z,away,0.36,0.39,0.375,0.03,258.25,1522.83,648.38,91.71,525.44,active,kalshi,2026-09-30T03:38:37.971707+00:00
soccer,EPL,KXEPLGAME-26OCT10IPSFUL,KXEPLGAME-26OCT10IPSFUL-TIE,,Ipswich,Fulham,2026-10-10T17:00:00Z,draw,0.26,0.28,0.27,0.02,414.53,5505.53,107.06,0.0,107.06,active,kalshi,2026-09-30T03:38:37.971707+00:00
soccer,EPL,KXEPLGAME-26OCT10IPSFUL,KXEPLGAME-26OCT10IPSFUL-IPS,,Ipswich,Fulham,2026-10-10T17:00:00Z,home,0.34,0.36,0.35,0.02,215.0,322.4,265.03,51.0,265.03,active,kalshi,2026-09-30T03:38:37.971707+00:00
soccer,EPL,KXEPLGAME-26OCT10MUNTOT,KXEPLGAME-26OCT10MUNTOT-TOT,,Man United,Tottenham,2026-10-10T19:30:00Z,away,0.21,0.22,0.215,0.01,28.0,2034.0,2825.93,524.82,2474.4,active,kalshi,2026-09-30T03:38:37.971707+00:00
soccer,EPL,KXEPLGAME-26OCT10MUNTOT,KXEPLGAME-26OCT10MUNTOT-TIE,,Man United,Tottenham,2026-10-10T19:30:00Z,draw,0.21,0.22,0.215,0.01,729.5,370.14,643.51,214.86,643.51,active,kalshi,2026-09-30T03:38:37.971707+00:00
soccer,EPL,KXEPLGAME-26OCT10MUNTOT,KXEPLGAME-26OCT10MUNTOT-MUN,,Man United,Tottenham,2026-10-10T19:30:00Z,home,0.56,0.57,0.565,0.01,22.45,290.73,7942.0,588.27,7091.74,active,kalshi,2026-09-30T03:38:37.971707+00:00
soccer,EPL,KXEPLGAME-26OCT10SUNBRI,KXEPLGAME-26OCT10SUNBRI-BRI,,Sunderland,Brighton,2026-10-10T17:00:00Z,away,0.4,0.41,0.405,0.01,59.52,125.0,6070.37,171.71,4692.51,active,kalshi,2026-09-30T03:38:37.971707+00:00
soccer,EPL,KXEPLGAME-26OCT10SUNBRI,KXEPLGAME-26OCT10SUNBRI-TIE,,Sunderland,Brighton,2026-10-10T17:00:00Z,draw,0.26,0.28,0.27,0.02,263.65,1478.46,905.25,0.0,560.71,active,kalshi,2026-09-30T03:38:37.971707+00:00
soccer,EPL,KXEPLGAME-26OCT10SUNBRI,KXEPLGAME-26OCT10SUNBRI-SUN,,Sunderland,Brighton,2026-10-10T17:00:00Z,home,0.31,0.33,0.32,0.02,123.32,153.43,420.02,56.94,392.02,active,kalshi,2026-09-30T03:38:37.971707+00:00
soccer,EPL,KXEPLGAME-26OCT11CRYNFO,KXEPLGAME-26OCT11CRYNFO-NFO,,Crystal Palace,Nott'm Forest,2026-10-11T16:00:00Z,away,0.33,0.36,0.345,0.03,207.99,281.91,18.85,3.0,18.85,active,kalshi,2026-09-30T03:38:37.971707+00:00
soccer,EPL,KXEPLGAME-26OCT11CRYNFO,KXEPLGAME-26OCT11CRYNFO-TIE,,Crystal Palace,Nott'm Forest,2026-10-11T16:00:00Z,draw,0.28,0.29,0.28500000000000003,0.01,338.01,979.0,6.0,6.0,6.0,active,kalshi,2026-09-30T03:38:37.971707+00:00
soccer,EPL,KXEPLGAME-26OCT11CRYNFO,KXEPLGAME-26OCT11CRYNFO-CRY,,Crystal Palace,Nott'm Forest,2026-10-11T16:00:00Z,home,0.34,0.37,0.355,0.03,207.91,268.96,137.93,64.71,137.93,active,kalshi,2026-09-30T03:38:37.971707+00:00
soccer,EPL,KXEPLGAME-26OCT11HULEVE,KXEPLGAME-26OCT11HULEVE-EVE,,Hull,Everton,2026-10-11T16:00:00Z,away,0.44,0.47,0.45499999999999996,0.03,875.48,128.43,60.46,10.26,56.35,active,kalshi,2026-09-30T03:38:37.971707+00:00
soccer,EPL,KXEPLGAME-26OCT11HULEVE,KXEPLGAME-26OCT11HULEVE-TIE,,Hull,Everton,2026-10-11T16:00:00Z,draw,0.28,0.29,0.28500000000000003,0.01,338.45,1518.72,117.28,32.0,117.28,active,kalshi,2026-09-30T03:38:37.971707+00:00
soccer,EPL,KXEPLGAME-26OCT11HULEVE,KXEPLGAME-26OCT11HULEVE-HUL,,Hull,Everton,2026-10-11T16:00:00Z,home,0.23,0.27,0.25,0.04,887.39,5478.25,232.41,17.0,232.41,active,kalshi,2026-09-30T03:38:37.971707+00:00
soccer,EPL,KXEPLGAME-26OCT11LFCMCI,KXEPLGAME-26OCT11LFCMCI-MCI,,Liverpool,Man City,2026-10-11T18:30:00Z,away,0.38,0.39,0.385,0.01,1295.25,72.15,34688.79,21843.04,33039.57,active,kalshi,2026-09-30T03:38:37.971707+00:00
soccer,EPL,KXEPLGAME-26OCT11LFCMCI,KXEPLGAME-26OCT11LFCMCI-TIE,,Liverpool,Man City,2026-10-11T18:30:00Z,draw,0.25,0.26,0.255,0.01,228.8,5366.2,1139.28,509.7,1128.08,active,kalshi,2026-09-30T03:38:37.971707+00:00
soccer,EPL,KXEPLGAME-26OCT11LFCMCI,KXEPLGAME-26OCT11LFCMCI-LFC,,Liverpool,Man City,2026-10-11T18:30:00Z,home,0.36,0.37,0.365,0.01,83.04,174.0,13668.77,11120.25,12358.34,active,kalshi,2026-09-30T03:38:37.971707+00:00
soccer,EPL,KXEPLGAME-26OCT12COVNEW,KXEPLGAME-26OCT12COVNEW-NEW,,Coventry,Newcastle,2026-10-12T22:00:00Z,away,0.43,0.46,0.445,0.03,250.35,365.95,1362.8,60.4,1362.8,active,kalshi,2026-09-30T03:38:37.971707+00:00
soccer,EPL,KXEPLGAME-26OCT12COVNEW,KXEPLGAME-26OCT12COVNEW-TIE,,Coventry,Newcastle,2026-10-12T22:00:00Z,draw,0.25,0.28,0.265,0.03,257.34,5551.34,37.52,37.52,37.52,active,kalshi,2026-09-30T03:38:37.971707+00:00
soccer,EPL,KXEPLGAME-26OCT12COVNEW,KXEPLGAME-26OCT12COVNEW-COV,,Coventry,Newcastle,2026-10-12T22:00:00Z,home,0.26,0.3,0.28,0.04,982.2,5111.0,0.0,0.0,0.0,active,kalshi,2026-09-30T03:38:37.971707+00:00
soccer,EPL,KXEPLGAME-26OCT10ARSLEE,KXEPLGAME-26OCT10ARSLEE-LEE,,Arsenal,Leeds,2026-10-10T14:30:00Z,away,0.11,0.12,0.11499999999999999,0.01,4413.41,1527.77,7074.22,721.53,5423.07,active,kalshi,2026-09-30T04:03:01.616666+00:00
soccer,EPL,KXEPLGAME-26OCT10ARSLEE,KXEPLGAME-26OCT10ARSLEE-TIE,,Arsenal,Leeds,2026-10-10T14:30:00Z,draw,0.17,0.18,0.175,0.01,657.0,1489.14,548.1,245.78,531.1,active,kalshi,2026-09-30T04:03:01.616666+00:00
soccer,EPL,KXEPLGAME-26OCT10ARSLEE,KXEPLGAME-26OCT10ARSLEE-ARS,,Arsenal,Leeds,2026-10-10T14:30:00Z,home,0.72,0.74,0.73,0.02,65.1,7778.84,22237.31,4418.6,18316.34,active,kalshi,2026-09-30T04:03:01.616666+00:00
soccer,EPL,KXEPLGAME-26OCT10AVLBRE,KXEPLGAME-26OCT10AVLBRE-BRE,,Aston Villa,Brentford,2026-10-10T17:00:00Z,away,0.35,0.37,0.36,0.02,203.46,0.25,1392.56,70.18,1272.12,active,kalshi,2026-09-30T04:03:01.616666+00:00
soccer,EPL,KXEPLGAME-26OCT10AVLBRE,KXEPLGAME-26OCT10AVLBRE-TIE,,Aston Villa,Brentford,2026-10-10T17:00:00Z,draw,0.26,0.27,0.265,0.01,280.95,1982.0,855.94,0.0,852.94,active,kalshi,2026-09-30T04:03:01.616666+00:00
soccer,EPL,KXEPLGAME-26OCT10AVLBRE,KXEPLGAME-26OCT10AVLBRE-AVL,,Aston Villa,Brentford,2026-10-10T17:00:00Z,home,0.35,0.37,0.36,0.02,187.79,226.57,1197.97,268.47,1132.97,active,kalshi,2026-09-30T04:03:01.616666+00:00
soccer,EPL,KXEPLGAME-26OCT10CFCBOU,KXEPLGAME-26OCT10CFCBOU-BOU,,Chelsea,Bournemouth,2026-10-10T17:00:00Z,away,0.2,0.21,0.20500000000000002,0.01,172.12,953.73,403.49,27.07,403.49,active,kalshi,2026-09-30T04:03:01.616666+00:00
soccer,EPL,KXEPLGAME-26OCT10CFCBOU,KXEPLGAME-26OCT10CFCBOU-TIE,,Chelsea,Bournemouth,2026-10-10T17:00:00Z,draw,0.22,0.23,0.225,0.01,872.59,2154.75,615.38,50.12,613.38,active,kalshi,2026-09-30T04:03:01.616666+00:00
soccer,EPL,KXEPLGAME-26OCT10CFCBOU,KXEPLGAME-26OCT10CFCBOU-CFC,,Chelsea,Bournemouth,2026-10-10T17:00:00Z,home,0.56,0.57,0.565,0.01,55.29,171.61,15552.76,327.56,14409.81,active,kalshi,2026-09-30T04:03:01.616666+00:00
soccer,EPL,KXEPLGAME-26OCT10IPSFUL,KXEPLGAME-26OCT10IPSFUL-FUL,,Ipswich,Fulham,2026-10-10T17:00:00Z,away,0.36,0.39,0.375,0.03,258.25,1522.83,648.38,91.71,525.44,active,kalshi,2026-09-30T04:03:01.616666+00:00
soccer,EPL,KXEPLGAME-26OCT10IPSFUL,KXEPLGAME-26OCT10IPSFUL-TIE,,Ipswich,Fulham,2026-10-10T17:00:00Z,draw,0.26,0.28,0.27,0.02,414.53,5505.53,107.06,0.0,107.06,active,kalshi,2026-09-30T04:03:01.616666+00:00
soccer,EPL,KXEPLGAME-26OCT10IPSFUL,KXEPLGAME-26OCT10IPSFUL-IPS,,Ipswich,Fulham,2026-10-10T17:00:00Z,home,0.34,0.36,0.35,0.02,215.0,322.4,265.03,51.0,265.03,active,kalshi,2026-09-30T04:03:01.616666+00:00
soccer,EPL,KXEPLGAME-26OCT10MUNTOT,KXEPLGAME-26OCT10MUNTOT-TOT,,Man United,Tottenham,2026-10-10T19:30:00Z,away,0.21,0.22,0.215,0.01,28.0,2034.0,2825.93,524.82,2474.4,active,kalshi,2026-09-30T04:03:01.616666+00:00
soccer,EPL,KXEPLGAME-26OCT10MUNTOT,KXEPLGAME-26OCT10MUNTOT-TIE,,Man United,Tottenham,2026-10-10T19:30:00Z,draw,0.21,0.22,0.215,0.01,729.5,370.14,643.51,214.86,643.51,active,kalshi,2026-09-30T04:03:01.616666+00:00
soccer,EPL,KXEPLGAME-26OCT10MUNTOT,KXEPLGAME-26OCT10MUNTOT-MUN,,Man United,Tottenham,2026-10-10T19:30:00Z,home,0.56,0.57,0.565,0.01,49.2,272.26,7942.0,586.57,7091.74,active,kalshi,2026-09-30T04:03:01.616666+00:00
soccer,EPL,KXEPLGAME-26OCT10SUNBRI,KXEPLGAME-26OCT10SUNBRI-BRI,,Sunderland,Brighton,2026-10-10T17:00:00Z,away,0.4,0.41,0.405,0.01,59.52,116.0,6093.79,144.45,4715.93,active,kalshi,2026-09-30T04:03:01.616666+00:00
soccer,EPL,KXEPLGAME-26OCT10SUNBRI,KXEPLGAME-26OCT10SUNBRI-TIE,,Sunderland,Brighton,2026-10-10T17:00:00Z,draw,0.26,0.28,0.27,0.02,263.65,1478.46,905.25,0.0,560.71,active,kalshi,2026-09-30T04:03:01.616666+00:00
soccer,EPL,KXEPLGAME-26OCT10SUNBRI,KXEPLGAME-26OCT10SUNBRI-SUN,,Sunderland,Brighton,2026-10-10T17:00:00Z,home,0.31,0.33,0.32,0.02,123.32,153.43,420.02,56.94,392.02,active,kalshi,2026-09-30T04:03:01.616666+00:00
soccer,EPL,KXEPLGAME-26OCT11CRYNFO,KXEPLGAME-26OCT11CRYNFO-NFO,,Crystal Palace,Nott'm Forest,2026-10-11T16:00:00Z,away,0.33,0.36,0.345,0.03,207.99,281.91,18.85,3.0,18.85,active,kalshi,2026-09-30T04:03:01.616666+00:00
soccer,EPL,KXEPLGAME-26OCT11CRYNFO,KXEPLGAME-26OCT11CRYNFO-TIE,,Crystal Palace,Nott'm Forest,2026-10-11T16:00:00Z,draw,0.28,0.29,0.28500000000000003,0.01,338.01,979.0,6.0,6.0,6.0,active,kalshi,2026-09-30T04:03:01.616666+00:00
soccer,EPL,KXEPLGAME-26OCT11CRYNFO,KXEPLGAME-26OCT11CRYNFO-CRY,,Crystal Palace,Nott'm Forest,2026-10-11T16:00:00Z,home,0.34,0.37,0.355,0.03,207.91,268.96,137.93,64.71,137.93,active,kalshi,2026-09-30T04:03:01.616666+00:00
soccer,EPL,KXEPLGAME-26OCT11HULEVE,KXEPLGAME-26OCT11HULEVE-EVE,,Hull,Everton,2026-10-11T16:00:00Z,away,0.44,0.47,0.45499999999999996,0.03,875.48,128.43,60.46,10.26,56.35,active,kalshi,2026-09-30T04:03:01.616666+00:00
soccer,EPL,KXEPLGAME-26OCT11HULEVE,KXEPLGAME-26OCT11HULEVE-TIE,,Hull,Everton,2026-10-11T16:00:00Z,draw,0.28,0.29,0.28500000000000003,0.01,338.45,1518.72,117.28,32.0,117.28,active,kalshi,2026-09-30T04:03:01.616666+00:00
soccer,EPL,KXEPLGAME-26OCT11HULEVE,KXEPLGAME-26OCT11HULEVE-HUL,,Hull,Everton,2026-10-11T16:00:00Z,home,0.23,0.27,0.25,0.04,887.39,5443.02,267.64,52.23,267.64,active,kalshi,2026-09-30T04:03:01.616666+00:00
soccer,EPL,KXEPLGAME-26OCT11LFCMCI,KXEPLGAME-26OCT11LFCMCI-MCI,,Liverpool,Man City,2026-10-11T18:30:00Z,away,0.38,0.39,0.385,0.01,1259.57,72.15,34688.79,21827.33,33039.57,active,kalshi,2026-09-30T04:03:01.616666+00:00
soccer,EPL,KXEPLGAME-26OCT11LFCMCI,KXEPLGAME-26OCT11LFCMCI-TIE,,Liverpool,Man City,2026-10-11T18:30:00Z,draw,0.25,0.26,0.255,0.01,228.8,5351.2,1139.28,509.7,1128.08,active,kalshi,2026-09-30T04:03:01.616666+00:00
soccer,EPL,KXEPLGAME-26OCT11LFCMCI,KXEPLGAME-26OCT11LFCMCI-LFC,,Liverpool,Man City,2026-10-11T18:30:00Z,home,0.36,0.37,0.365,0.01,94.98,110.0,13668.77,11145.25,12358.34,active,kalshi,2026-09-30T04:03:01.616666+00:00
soccer,EPL,KXEPLGAME-26OCT12COVNEW,KXEPLGAME-26OCT12COVNEW-NEW,,Coventry,Newcastle,2026-10-12T22:00:00Z,away,0.43,0.46,0.445,0.03,250.35,365.95,1362.8,60.4,1362.8,active,kalshi,2026-09-30T04:03:01.616666+00:00
soccer,EPL,KXEPLGAME-26OCT12COVNEW,KXEPLGAME-26OCT12COVNEW-TIE,,Coventry,Newcastle,2026-10-12T22:00:00Z,draw,0.25,0.28,0.265,0.03,257.34,5551.34,37.52,37.52,37.52,active,kalshi,2026-09-30T04:03:01.616666+00:00
soccer,EPL,KXEPLGAME-26OCT12COVNEW,KXEPLGAME-26OCT12COVNEW-COV,,Coventry,Newcastle,2026-10-12T22:00:00Z,home,0.26,0.3,0.28,0.04,982.2,5111.0,0.0,0.0,0.0,active,kalshi,2026-09-30T04:03:01.616666+00:00
soccer,EPL,KXEPLGAME-26OCT10ARSLEE,KXEPLGAME-26OCT10ARSLEE-LEE,,Arsenal,Leeds,2026-10-10T14:30:00Z,away,0.11,0.12,0.11499999999999999,0.01,4395.82,1493.47,7074.22,721.53,5423.07,active,kalshi,2026-09-30T04:38:22.555881+00:00
soccer,EPL,KXEPLGAME-26OCT10ARSLEE,KXEPLGAME-26OCT10ARSLEE-TIE,,Arsenal,Leeds,2026-10-10T14:30:00Z,draw,0.17,0.18,0.175,0.01,657.0,1473.98,548.1,245.78,531.1,active,kalshi,2026-09-30T04:38:22.555881+00:00
soccer,EPL,KXEPLGAME-26OCT10ARSLEE,KXEPLGAME-26OCT10ARSLEE-ARS,,Arsenal,Leeds,2026-10-10T14:30:00Z,home,0.72,0.73,0.725,0.01,451.85,4556.0,22303.31,4412.6,18382.34,active,kalshi,2026-09-30T04:38:22.555881+00:00
soccer,EPL,KXEPLGAME-26OCT10AVLBRE,KXEPLGAME-26OCT10AVLBRE-BRE,,Aston Villa,Brentford,2026-10-10T17:00:00Z,away,0.35,0.37,0.36,0.02,203.46,0.25,1392.56,70.18,1272.12,active,kalshi,2026-09-30T04:38:22.555881+00:00
soccer,EPL,KXEPLGAME-26OCT10AVLBRE,KXEPLGAME-26OCT10AVLBRE-TIE,,Aston Villa,Brentford,2026-10-10T17:00:00Z,draw,0.26,0.27,0.265,0.01,280.95,1982.0,855.94,0.0,852.94,active,kalshi,2026-09-30T04:38:22.555881+00:00
soccer,EPL,KXEPLGAME-26OCT10AVLBRE,KXEPLGAME-26OCT10AVLBRE-AVL,,Aston Villa,Brentford,2026-10-10T17:00:00Z,home,0.35,0.37,0.36,0.02,187.79,211.57,1197.97,268.47,1132.97,active,kalshi,2026-09-30T04:38:22.555881+00:00
soccer,EPL,KXEPLGAME-26OCT10CFCBOU,KXEPLGAME-26OCT10CFCBOU-BOU,,Chelsea,Bournemouth,2026-10-10T17:00:00Z,away,0.2,0.21,0.20500000000000002,0.01,191.12,937.73,403.49,27.07,403.49,active,kalshi,2026-09-30T04:38:22.555881+00:00
soccer,EPL,KXEPLGAME-26OCT10CFCBOU,KXEPLGAME-26OCT10CFCBOU-TIE,,Chelsea,Bournemouth,2026-10-10T17:00:00Z,draw,0.22,0.23,0.225,0.01,872.59,2154.75,615.38,50.12,613.38,active,kalshi,2026-09-30T04:38:22.555881+00:00
soccer,EPL,KXEPLGAME-26OCT10CFCBOU,KXEPLGAME-26OCT10CFCBOU-CFC,,Chelsea,Bournemouth,2026-10-10T17:00:00Z,home,0.56,0.57,0.565,0.01,25.04,171.58,15722.24,492.02,14422.52,active,kalshi,2026-09-30T04:38:22.555881+00:00
soccer,EPL,KXEPLGAME-26OCT10IPSFUL,KXEPLGAME-26OCT10IPSFUL-FUL,,Ipswich,Fulham,2026-10-10T17:00:00Z,away,0.36,0.39,0.375,0.03,258.25,3662.01,648.38,91.71,525.44,active,kalshi,2026-09-30T04:38:22.555881+00:00
soccer,EPL,KXEPLGAME-26OCT10IPSFUL,KXEPLGAME-26OCT10IPSFUL-TIE,,Ipswich,Fulham,2026-10-10T17:00:00Z,draw,0.26,0.28,0.27,0.02,414.53,5505.53,107.06,0.0,107.06,active,kalshi,2026-09-30T04:38:22.555881+00:00
soccer,EPL,KXEPLGAME-26OCT10IPSFUL,KXEPLGAME-26OCT10IPSFUL-IPS,,Ipswich,Fulham,2026-10-10T17:00:00Z,home,0.34,0.36,0.35,0.02,215.0,317.09,270.34,56.31,270.34,active,kalshi,2026-09-30T04:38:22.555881+00:00
soccer,EPL,KXEPLGAME-26OCT10MUNTOT,KXEPLGAME-26OCT10MUNTOT-TOT,,Man United,Tottenham,2026-10-10T19:30:00Z,away,0.21,0.22,0.215,0.01,28.0,2034.0,2825.93,524.82,2474.4,active,kalshi,2026-09-30T04:38:22.555881+00:00
soccer,EPL,KXEPLGAME-26OCT10MUNTOT,KXEPLGAME-26OCT10MUNTOT-TIE,,Man United,Tottenham,2026-10-10T19:30:00Z,draw,0.21,0.22,0.215,0.01,729.5,370.14,643.51,214.86,643.51,active,kalshi,2026-09-30T04:38:22.555881+00:00
soccer,EPL,KXEPLGAME-26OCT10MUNTOT,KXEPLGAME-26OCT10MUNTOT-MUN,,Man United,Tottenham,2026-10-10T19:30:00Z,home,0.56,0.57,0.565,0.01,54.45,219.31,7942.0,586.57,7091.74,active,kalshi,2026-09-30T04:38:22.555881+00:00
soccer,EPL,KXEPLGAME-26OCT10SUNBRI,KXEPLGAME-26OCT10SUNBRI-BRI,,Sunderland,Brighton,2026-10-10T17:00:00Z,away,0.4,0.41,0.405,0.01,60.13,116.0,6093.79,139.77,4715.93,active,kalshi,2026-09-30T04:38:22.555881+00:00
soccer,EPL,KXEPLGAME-26OCT10SUNBRI,KXEPLGAME-26OCT10SUNBRI-TIE,,Sunderland,Brighton,2026-10-10T17:00:00Z,draw,0.26,0.28,0.27,0.02,294.04,1478.46,905.25,0.0,560.71,active,kalshi,2026-09-30T04:38:22.555881+00:00
soccer,EPL,KXEPLGAME-26OCT10SUNBRI,KXEPLGAME-26OCT10SUNBRI-SUN,,Sunderland,Brighton,2026-10-10T17:00:00Z,home,0.31,0.33,0.32,0.02,123.72,219.94,425.8,62.72,397.8,active,kalshi,2026-09-30T04:38:22.555881+00:00
soccer,EPL,KXEPLGAME-26OCT11CRYNFO,KXEPLGAME-26OCT11CRYNFO-NFO,,Crystal Palace,Nott'm Forest,2026-10-11T16:00:00Z,away,0.33,0.36,0.345,0.03,207.99,276.6,24.16,8.31,24.16,active,kalshi,2026-09-30T04:38:22.555881+00:00
soccer,EPL,KXEPLGAME-26OCT11CRYNFO,KXEPLGAME-26OCT11CRYNFO-TIE,,Crystal Palace,Nott'm Forest,2026-10-11T16:00:00Z,draw,0.28,0.29,0.28500000000000003,0.01,338.01,979.0,6.0,6.0,6.0,active,kalshi,2026-09-30T04:38:22.555881+00:00
soccer,EPL,KXEPLGAME-26OCT11CRYNFO,KXEPLGAME-26OCT11CRYNFO-CRY,,Crystal Palace,Nott'm Forest,2026-10-11T16:00:00Z,home,0.34,0.37,0.355,0.03,207.91,268.96,137.93,64.71,137.93,active,kalshi,2026-09-30T04:38:22.555881+00:00
soccer,EPL,KXEPLGAME-26OCT11HULEVE,KXEPLGAME-26OCT11HULEVE-EVE,,Hull,Everton,2026-10-11T16:00:00Z,away,0.44,0.47,0.45499999999999996,0.03,875.48,128.43,60.46,6.15,56.35,active,kalshi,2026-09-30T04:38:22.555881+00:00
soccer,EPL,KXEPLGAME-26OCT11HULEVE,KXEPLGAME-26OCT11HULEVE-TIE,,Hull,Everton,2026-10-11T16:00:00Z,draw,0.28,0.29,0.28500000000000003,0.01,338.45,1518.72,117.28,32.0,117.28,active,kalshi,2026-09-30T04:38:22.555881+00:00
soccer,EPL,KXEPLGAME-26OCT11HULEVE,KXEPLGAME-26OCT11HULEVE-HUL,,Hull,Everton,2026-10-11T16:00:00Z,home,0.23,0.27,0.25,0.04,887.39,5443.02,267.64,51.23,267.64,active,kalshi,2026-09-30T04:38:22.555881+00:00
soccer,EPL,KXEPLGAME-26OCT11LFCMCI,KXEPLGAME-26OCT11LFCMCI-MCI,,Liverpool,Man City,2026-10-11T18:30:00Z,away,0.38,0.39,0.385,0.01,1245.96,68.6,34737.97,21804.33,33088.75,active,kalshi,2026-09-30T04:38:22.555881+00:00
soccer,EPL,KXEPLGAME-26OCT11LFCMCI,KXEPLGAME-26OCT11LFCMCI-TIE,,Liverpool,Man City,2026-10-11T18:30:00Z,draw,0.25,0.26,0.255,0.01,228.8,5351.2,1139.28,509.7,1128.08,active,kalshi,2026-09-30T04:38:22.555881+00:00
soccer,EPL,KXEPLGAME-26OCT11LFCMCI,KXEPLGAME-26OCT11LFCMCI-LFC,,Liverpool,Man City,2026-10-11T18:30:00Z,home,0.36,0.37,0.365,0.01,94.69,100.0,13668.77,11145.25,12358.34,active,kalshi,2026-09-30T04:38:22.555881+00:00
soccer,EPL,KXEPLGAME-26OCT12COVNEW,KXEPLGAME-26OCT12COVNEW-NEW,,Coventry,Newcastle,2026-10-12T22:00:00Z,away,0.43,0.46,0.445,0.03,250.35,365.95,1362.8,40.4,1362.8,active,kalshi,2026-09-30T04:38:22.555881+00:00
soccer,EPL,KXEPLGAME-26OCT12COVNEW,KXEPLGAME-26OCT12COVNEW-TIE,,Coventry,Newcastle,2026-10-12T22:00:00Z,draw,0.25,0.28,0.265,0.03,257.34,5551.34,37.52,3.52,37.52,active,kalshi,2026-09-30T04:38:22.555881+00:00
soccer,EPL,KXEPLGAME-26OCT12COVNEW,KXEPLGAME-26OCT12COVNEW-COV,,Coventry,Newcastle,2026-10-12T22:00:00Z,home,0.26,0.3,0.28,0.04,982.2,5086.65,6.35,6.35,6.35,active,kalshi,2026-09-30T04:38:22.555881+00:00
soccer,EPL,KXEPLGAME-26OCT10ARSLEE,KXEPLGAME-26OCT10ARSLEE-LEE,,Arsenal,Leeds,2026-10-10T14:30:00Z,away,0.11,0.12,0.11499999999999999,0.01,4397.39,1388.93,7090.62,662.58,5439.47,active,kalshi,2026-09-30T10:04:13.363648+00:00
soccer,EPL,KXEPLGAME-26OCT10ARSLEE,KXEPLGAME-26OCT10ARSLEE-TIE,,Arsenal,Leeds,2026-10-10T14:30:00Z,draw,0.17,0.18,0.175,0.01,650.0,1574.47,578.3,271.0,561.3,active,kalshi,2026-09-30T10:04:13.363648+00:00
soccer,EPL,KXEPLGAME-26OCT10ARSLEE,KXEPLGAME-26OCT10ARSLEE-ARS,,Arsenal,Leeds,2026-10-10T14:30:00Z,home,0.72,0.73,0.725,0.01,434.51,63.98,22600.0,4599.93,18679.03,active,kalshi,2026-09-30T10:04:13.363648+00:00
soccer,EPL,KXEPLGAME-26OCT10AVLBRE,KXEPLGAME-26OCT10AVLBRE-BRE,,Aston Villa,Brentford,2026-10-10T17:00:00Z,away,0.35,0.38,0.365,0.03,203.46,1688.35,1392.84,70.46,1272.4,active,kalshi,2026-09-30T10:04:13.363648+00:00
soccer,EPL,KXEPLGAME-26OCT10AVLBRE,KXEPLGAME-26OCT10AVLBRE-TIE,,Aston Villa,Brentford,2026-10-10T17:00:00Z,draw,0.26,0.27,0.265,0.01,280.95,1982.0,855.94,0.0,852.94,active,kalshi,2026-09-30T10:04:13.363648+00:00
soccer,EPL,KXEPLGAME-26OCT10AVLBRE,KXEPLGAME-26OCT10AVLBRE-AVL,,Aston Villa,Brentford,2026-10-10T17:00:00Z,home,0.35,0.37,0.36,0.02,187.35,73.2,1299.21,240.29,1234.21,active,kalshi,2026-09-30T10:04:13.363648+00:00
soccer,EPL,KXEPLGAME-26OCT10CFCBOU,KXEPLGAME-26OCT10CFCBOU-BOU,,Chelsea,Bournemouth,2026-10-10T17:00:00Z,away,0.2,0.21,0.20500000000000002,0.01,191.22,2270.73,403.49,22.56,403.49,active,kalshi,2026-09-30T10:04:13.363648+00:00
soccer,EPL,KXEPLGAME-26OCT10CFCBOU,KXEPLGAME-26OCT10CFCBOU-TIE,,Chelsea,Bournemouth,2026-10-10T17:00:00Z,draw,0.22,0.23,0.225,0.01,872.61,821.75,615.38,46.0,613.38,active,kalshi,2026-09-30T10:04:13.363648+00:00
soccer,EPL,KXEPLGAME-26OCT10CFCBOU,KXEPLGAME-26OCT10CFCBOU-CFC,,Chelsea,Bournemouth,2026-10-10T17:00:00Z,home,0.56,0.57,0.565,0.01,17.82,171.65,15823.92,593.7,14524.2,active,kalshi,2026-09-30T10:04:13.363648+00:00
soccer,EPL,KXEPLGAME-26OCT10IPSFUL,KXEPLGAME-26OCT10IPSFUL-FUL,,Ipswich,Fulham,2026-10-10T17:00:00Z,away,0.36,0.39,0.375,0.03,258.25,1576.01,648.38,91.71,525.44,active,kalshi,2026-09-30T10:04:13.363648+00:00
soccer,EPL,KXEPLGAME-26OCT10IPSFUL,KXEPLGAME-26OCT10IPSFUL-TIE,,Ipswich,Fulham,2026-10-10T17:00:00Z,draw,0.26,0.28,0.27,0.02,414.53,5505.53,107.06,0.0,107.06,active,kalshi,2026-09-30T10:04:13.363648+00:00
soccer,EPL,KXEPLGAME-26OCT10IPSFUL,KXEPLGAME-26OCT10IPSFUL-IPS,,Ipswich,Fulham,2026-10-10T17:00:00Z,home,0.33,0.36,0.345,0.03,256.46,328.5,270.34,56.31,270.34,active,kalshi,2026-09-30T10:04:13.363648+00:00
soccer,EPL,KXEPLGAME-26OCT10MUNTOT,KXEPLGAME-26OCT10MUNTOT-TOT,,Man United,Tottenham,2026-10-10T19:30:00Z,away,0.2,0.22,0.21000000000000002,0.02,251.85,1571.01,2912.13,555.33,2541.6,active,kalshi,2026-09-30T10:04:13.363648+00:00
soccer,EPL,KXEPLGAME-26OCT10MUNTOT,KXEPLGAME-26OCT10MUNTOT-TIE,,Man United,Tottenham,2026-10-10T19:30:00Z,draw,0.21,0.22,0.215,0.01,729.5,332.9,680.75,247.79,680.75,active,kalshi,2026-09-30T10:04:13.363648+00:00
soccer,EPL,KXEPLGAME-26OCT10MUNTOT,KXEPLGAME-26OCT10MUNTOT-MUN,,Man United,Tottenham,2026-10-10T19:30:00Z,home,0.56,0.57,0.565,0.01,50.43,24.08,7978.12,538.69,7127.86,active,kalshi,2026-09-30T10:04:13.363648+00:00
soccer,EPL,KXEPLGAME-26OCT10SUNBRI,KXEPLGAME-26OCT10SUNBRI-BRI,,Sunderland,Brighton,2026-10-10T17:00:00Z,away,0.4,0.41,0.405,0.01,118.44,238.38,6209.79,255.77,4831.93,active,kalshi,2026-09-30T10:04:13.363648+00:00
soccer,EPL,KXEPLGAME-26OCT10SUNBRI,KXEPLGAME-26OCT10SUNBRI-TIE,,Sunderland,Brighton,2026-10-10T17:00:00Z,draw,0.26,0.27,0.265,0.01,263.52,612.0,905.25,0.0,560.71,active,kalshi,2026-09-30T10:04:13.363648+00:00
soccer,EPL,KXEPLGAME-26OCT10SUNBRI,KXEPLGAME-26OCT10SUNBRI-SUN,,Sunderland,Brighton,2026-10-10T17:00:00Z,home,0.31,0.33,0.32,0.02,196.36,268.36,425.8,34.72,397.8,active,kalshi,2026-09-30T10:04:13.363648+00:00
soccer,EPL,KXEPLGAME-26OCT11CRYNFO,KXEPLGAME-26OCT11CRYNFO-NFO,,Crystal Palace,Nott'm Forest,2026-10-11T16:00:00Z,away,0.33,0.36,0.345,0.03,207.99,274.6,24.16,8.31,24.16,active,kalshi,2026-09-30T10:04:13.363648+00:00
soccer,EPL,KXEPLGAME-26OCT11CRYNFO,KXEPLGAME-26OCT11CRYNFO-TIE,,Crystal Palace,Nott'm Forest,2026-10-11T16:00:00Z,draw,0.28,0.29,0.28500000000000003,0.01,366.01,979.0,6.0,6.0,6.0,active,kalshi,2026-09-30T10:04:13.363648+00:00
soccer,EPL,KXEPLGAME-26OCT11CRYNFO,KXEPLGAME-26OCT11CRYNFO-CRY,,Crystal Palace,Nott'm Forest,2026-10-11T16:00:00Z,home,0.34,0.37,0.355,0.03,207.91,1487.06,137.93,64.71,137.93,active,kalshi,2026-09-30T10:04:13.363648+00:00
soccer,EPL,KXEPLGAME-26OCT11HULEVE,KXEPLGAME-26OCT11HULEVE-EVE,,Hull,Everton,2026-10-11T16:00:00Z,away,0.44,0.48,0.45999999999999996,0.04,875.48,3645.36,60.46,6.15,56.35,active,kalshi,2026-09-30T10:04:13.363648+00:00
soccer,EPL,KXEPLGAME-26OCT11HULEVE,KXEPLGAME-26OCT11HULEVE-TIE,,Hull,Everton,2026-10-11T16:00:00Z,draw,0.28,0.29,0.28500000000000003,0.01,338.36,1518.72,117.28,32.0,117.28,active,kalshi,2026-09-30T10:04:13.363648+00:00
soccer,EPL,KXEPLGAME-26OCT11HULEVE,KXEPLGAME-26OCT11HULEVE-HUL,,Hull,Everton,2026-10-11T16:00:00Z,home,0.23,0.27,0.25,0.04,887.39,5443.02,267.64,51.23,267.64,active,kalshi,2026-09-30T10:04:13.363648+00:00
soccer,EPL,KXEPLGAME-26OCT11LFCMCI,KXEPLGAME-26OCT11LFCMCI-MCI,,Liverpool,Man City,2026-10-11T18:30:00Z,away,0.38,0.39,0.385,0.01,59.04,415.99,34926.57,21496.34,33277.35,active,kalshi,2026-09-30T10:04:13.363648+00:00
soccer,EPL,KXEPLGAME-26OCT11LFCMCI,KXEPLGAME-26OCT11LFCMCI-TIE,,Liverpool,Man City,2026-10-11T18:30:00Z,draw,0.25,0.26,0.255,0.01,228.8,5330.67,1180.81,547.58,1169.61,active,kalshi,2026-09-30T10:04:13.363648+00:00
soccer,EPL,KXEPLGAME-26OCT11LFCMCI,KXEPLGAME-26OCT11LFCMCI-LFC,,Liverpool,Man City,2026-10-11T18:30:00Z,home,0.37,0.38,0.375,0.01,61.79,141.32,13678.34,2879.6,12367.91,active,kalshi,2026-09-30T10:04:13.363648+00:00
soccer,EPL,KXEPLGAME-26OCT12COVNEW,KXEPLGAME-26OCT12COVNEW-NEW,,Coventry,Newcastle,2026-10-12T22:00:00Z,away,0.43,0.46,0.445,0.03,250.35,570.4,1394.21,71.81,1394.21,active,kalshi,2026-09-30T10:04:13.363648+00:00
soccer,EPL,KXEPLGAME-26OCT12COVNEW,KXEPLGAME-26OCT12COVNEW-TIE,,Coventry,Newcastle,2026-10-12T22:00:00Z,draw,0.25,0.28,0.265,0.03,257.34,5551.34,37.52,0.0,37.52,active,kalshi,2026-09-30T10:04:13.363648+00:00
soccer,EPL,KXEPLGAME-26OCT12COVNEW,KXEPLGAME-26OCT12COVNEW-COV,,Coventry,Newcastle,2026-10-12T22:00:00Z,home,0.26,0.3,0.28,0.04,982.2,5288.02,6.35,6.35,6.35,active,kalshi,2026-09-30T10:04:13.363648+00:00
soccer,EPL,KXEPLGAME-26OCT10ARSLEE,KXEPLGAME-26OCT10ARSLEE-LEE,,Arsenal,Leeds,2026-10-10T14:30:00Z,away,0.11,0.12,0.11499999999999999,0.01,4397.39,1388.93,7090.62,662.58,5439.47,active,kalshi,2026-09-30T10:38:33.306918+00:00
soccer,EPL,KXEPLGAME-26OCT10ARSLEE,KXEPLGAME-26OCT10ARSLEE-TIE,,Arsenal,Leeds,2026-10-10T14:30:00Z,draw,0.17,0.18,0.175,0.01,650.0,1576.93,578.3,271.0,561.3,active,kalshi,2026-09-30T10:38:33.306918+00:00
soccer,EPL,KXEPLGAME-26OCT10ARSLEE,KXEPLGAME-26OCT10ARSLEE-ARS,,Arsenal,Leeds,2026-10-10T14:30:00Z,home,0.72,0.73,0.725,0.01,434.51,63.98,22600.0,4599.93,18679.03,active,kalshi,2026-09-30T10:38:33.306918+00:00
soccer,EPL,KXEPLGAME-26OCT10AVLBRE,KXEPLGAME-26OCT10AVLBRE-BRE,,Aston Villa,Brentford,2026-10-10T17:00:00Z,away,0.35,0.38,0.365,0.03,203.46,1688.35,1392.84,70.46,1272.4,active,kalshi,2026-09-30T10:38:33.306918+00:00
soccer,EPL,KXEPLGAME-26OCT10AVLBRE,KXEPLGAME-26OCT10AVLBRE-TIE,,Aston Villa,Brentford,2026-10-10T17:00:00Z,draw,0.26,0.27,0.265,0.01,280.95,1982.0,855.94,0.0,852.94,active,kalshi,2026-09-30T10:38:33.306918+00:00
soccer,EPL,KXEPLGAME-26OCT10AVLBRE,KXEPLGAME-26OCT10AVLBRE-AVL,,Aston Villa,Brentford,2026-10-10T17:00:00Z,home,0.35,0.37,0.36,0.02,210.13,73.23,1299.21,240.29,1234.21,active,kalshi,2026-09-30T10:38:33.306918+00:00
soccer,EPL,KXEPLGAME-26OCT10CFCBOU,KXEPLGAME-26OCT10CFCBOU-BOU,,Chelsea,Bournemouth,2026-10-10T17:00:00Z,away,0.2,0.21,0.20500000000000002,0.01,191.22,937.73,403.49,22.56,403.49,active,kalshi,2026-09-30T10:38:33.306918+00:00
soccer,EPL,KXEPLGAME-26OCT10CFCBOU,KXEPLGAME-26OCT10CFCBOU-TIE,,Chelsea,Bournemouth,2026-10-10T17:00:00Z,draw,0.22,0.23,0.225,0.01,872.61,2154.75,615.38,46.0,613.38,active,kalshi,2026-09-30T10:38:33.306918+00:00
soccer,EPL,KXEPLGAME-26OCT10CFCBOU,KXEPLGAME-26OCT10CFCBOU-CFC,,Chelsea,Bournemouth,2026-10-10T17:00:00Z,home,0.55,0.57,0.56,0.02,294.09,171.65,15823.92,593.7,14524.2,active,kalshi,2026-09-30T10:38:33.306918+00:00
soccer,EPL,KXEPLGAME-26OCT10IPSFUL,KXEPLGAME-26OCT10IPSFUL-FUL,,Ipswich,Fulham,2026-10-10T17:00:00Z,away,0.36,0.39,0.375,0.03,258.25,1571.01,648.38,91.71,525.44,active,kalshi,2026-09-30T10:38:33.306918+00:00
soccer,EPL,KXEPLGAME-26OCT10IPSFUL,KXEPLGAME-26OCT10IPSFUL-TIE,,Ipswich,Fulham,2026-10-10T17:00:00Z,draw,0.26,0.28,0.27,0.02,414.53,5505.53,107.06,0.0,107.06,active,kalshi,2026-09-30T10:38:33.306918+00:00
soccer,EPL,KXEPLGAME-26OCT10IPSFUL,KXEPLGAME-26OCT10IPSFUL-IPS,,Ipswich,Fulham,2026-10-10T17:00:00Z,home,0.33,0.36,0.345,0.03,184.42,1517.5,270.34,56.31,270.34,active,kalshi,2026-09-30T10:38:33.306918+00:00
soccer,EPL,KXEPLGAME-26OCT10MUNTOT,KXEPLGAME-26OCT10MUNTOT-TOT,,Man United,Tottenham,2026-10-10T19:30:00Z,away,0.2,0.22,0.21000000000000002,0.02,251.85,2000.0,2962.13,605.33,2591.6,active,kalshi,2026-09-30T10:38:33.306918+00:00
soccer,EPL,KXEPLGAME-26OCT10MUNTOT,KXEPLGAME-26OCT10MUNTOT-TIE,,Man United,Tottenham,2026-10-10T19:30:00Z,draw,0.21,0.22,0.215,0.01,729.5,332.9,680.75,247.79,680.75,active,kalshi,2026-09-30T10:38:33.306918+00:00
soccer,EPL,KXEPLGAME-26OCT10MUNTOT,KXEPLGAME-26OCT10MUNTOT-MUN,,Man United,Tottenham,2026-10-10T19:30:00Z,home,0.56,0.58,0.5700000000000001,0.02,41.14,1579.55,7978.12,538.69,7127.86,active,kalshi,2026-09-30T10:38:33.306918+00:00
soccer,EPL,KXEPLGAME-26OCT10SUNBRI,KXEPLGAME-26OCT10SUNBRI-BRI,,Sunderland,Brighton,2026-10-10T17:00:00Z,away,0.4,0.41,0.405,0.01,118.44,115.0,6209.79,255.77,4831.93,active,kalshi,2026-09-30T10:38:33.306918+00:00
soccer,EPL,KXEPLGAME-26OCT10SUNBRI,KXEPLGAME-26OCT10SUNBRI-TIE,,Sunderland,Brighton,2026-10-10T17:00:00Z,draw,0.26,0.27,0.265,0.01,263.52,612.0,905.25,0.0,560.71,active,kalshi,2026-09-30T10:38:33.306918+00:00
soccer,EPL,KXEPLGAME-26OCT10SUNBRI,KXEPLGAME-26OCT10SUNBRI-SUN,,Sunderland,Brighton,2026-10-10T17:00:00Z,home,0.31,0.33,0.32,0.02,196.36,268.36,425.8,34.72,397.8,active,kalshi,2026-09-30T10:38:33.306918+00:00
soccer,EPL,KXEPLGAME-26OCT11CRYNFO,KXEPLGAME-26OCT11CRYNFO-NFO,,Crystal Palace,Nott'm Forest,2026-10-11T16:00:00Z,away,0.32,0.36,0.33999999999999997,0.04,252.95,1452.6,24.16,8.31,24.16,active,kalshi,2026-09-30T10:38:33.306918+00:00
soccer,EPL,KXEPLGAME-26OCT11CRYNFO,KXEPLGAME-26OCT11CRYNFO-TIE,,Crystal Palace,Nott'm Forest,2026-10-11T16:00:00Z,draw,0.28,0.29,0.28500000000000003,0.01,338.01,979.0,6.0,6.0,6.0,active,kalshi,2026-09-30T10:38:33.306918+00:00
soccer,EPL,KXEPLGAME-26OCT11CRYNFO,KXEPLGAME-26OCT11CRYNFO-CRY,,Crystal Palace,Nott'm Forest,2026-10-11T16:00:00Z,home,0.34,0.37,0.355,0.03,207.91,1487.06,137.93,64.71,137.93,active,kalshi,2026-09-30T10:38:33.306918+00:00
soccer,EPL,KXEPLGAME-26OCT11HULEVE,KXEPLGAME-26OCT11HULEVE-EVE,,Hull,Everton,2026-10-11T16:00:00Z,away,0.44,0.48,0.45999999999999996,0.04,875.48,3645.36,60.46,6.15,56.35,active,kalshi,2026-09-30T10:38:33.306918+00:00
soccer,EPL,KXEPLGAME-26OCT11HULEVE,KXEPLGAME-26OCT11HULEVE-TIE,,Hull,Everton,2026-10-11T16:00:00Z,draw,0.28,0.29,0.28500000000000003,0.01,338.48,1518.72,117.28,32.0,117.28,active,kalshi,2026-09-30T10:38:33.306918+00:00
soccer,EPL,KXEPLGAME-26OCT11HULEVE,KXEPLGAME-26OCT11HULEVE-HUL,,Hull,Everton,2026-10-11T16:00:00Z,home,0.23,0.27,0.25,0.04,887.39,5443.02,267.64,51.23,267.64,active,kalshi,2026-09-30T10:38:33.306918+00:00
soccer,EPL,KXEPLGAME-26OCT11LFCMCI,KXEPLGAME-26OCT11LFCMCI-MCI,,Liverpool,Man City,2026-10-11T18:30:00Z,away,0.37,0.39,0.38,0.02,279.64,368.26,34951.01,21518.78,33301.79,active,kalshi,2026-09-30T10:38:33.306918+00:00
soccer,EPL,KXEPLGAME-26OCT11LFCMCI,KXEPLGAME-26OCT11LFCMCI-TIE,,Liverpool,Man City,2026-10-11T18:30:00Z,draw,0.25,0.26,0.255,0.01,228.8,5321.67,1180.81,547.58,1169.61,active,kalshi,2026-09-30T10:38:33.306918+00:00
soccer,EPL,KXEPLGAME-26OCT11LFCMCI,KXEPLGAME-26OCT11LFCMCI-LFC,,Liverpool,Man City,2026-10-11T18:30:00Z,home,0.37,0.38,0.375,0.01,49.18,109.74,13678.34,2879.6,12367.91,active,kalshi,2026-09-30T10:38:33.306918+00:00
soccer,EPL,KXEPLGAME-26OCT12COVNEW,KXEPLGAME-26OCT12COVNEW-NEW,,Coventry,Newcastle,2026-10-12T22:00:00Z,away,0.43,0.45,0.44,0.02,250.35,183.39,1394.21,71.81,1394.21,active,kalshi,2026-09-30T10:38:33.306918+00:00
soccer,EPL,KXEPLGAME-26OCT12COVNEW,KXEPLGAME-26OCT12COVNEW-TIE,,Coventry,Newcastle,2026-10-12T22:00:00Z,draw,0.25,0.28,0.265,0.03,257.34,5551.34,37.52,0.0,37.52,active,kalshi,2026-09-30T10:38:33.306918+00:00
soccer,EPL,KXEPLGAME-26OCT12COVNEW,KXEPLGAME-26OCT12COVNEW-COV,,Coventry,Newcastle,2026-10-12T22:00:00Z,home,0.26,0.3,0.28,0.04,982.2,5104.65,6.35,6.35,6.35,active,kalshi,2026-09-30T10:38:33.306918+00:00
soccer,EPL,KXEPLGAME-26OCT10ARSLEE,KXEPLGAME-26OCT10ARSLEE-LEE,,Arsenal,Leeds,2026-10-10T14:30:00Z,away,0.11,0.12,0.11499999999999999,0.01,4397.39,1388.93,7090.62,660.58,5439.47,active,kalshi,2026-09-30T11:03:24.515610+00:00
soccer,EPL,KXEPLGAME-26OCT10ARSLEE,KXEPLGAME-26OCT10ARSLEE-TIE,,Arsenal,Leeds,2026-10-10T14:30:00Z,draw,0.17,0.18,0.175,0.01,650.0,1576.93,578.3,271.0,561.3,active,kalshi,2026-09-30T11:03:24.515610+00:00
soccer,EPL,KXEPLGAME-26OCT10ARSLEE,KXEPLGAME-26OCT10ARSLEE-ARS,,Arsenal,Leeds,2026-10-10T14:30:00Z,home,0.72,0.73,0.725,0.01,434.51,63.98,22600.0,4599.93,18679.03,active,kalshi,2026-09-30T11:03:24.515610+00:00
soccer,EPL,KXEPLGAME-26OCT10AVLBRE,KXEPLGAME-26OCT10AVLBRE-BRE,,Aston Villa,Brentford,2026-10-10T17:00:00Z,away,0.35,0.38,0.365,0.03,203.46,1688.35,1392.84,70.46,1272.4,active,kalshi,2026-09-30T11:03:24.515610+00:00
soccer,EPL,KXEPLGAME-26OCT10AVLBRE,KXEPLGAME-26OCT10AVLBRE-TIE,,Aston Villa,Brentford,2026-10-10T17:00:00Z,draw,0.26,0.27,0.265,0.01,280.95,1982.0,855.94,0.0,852.94,active,kalshi,2026-09-30T11:03:24.515610+00:00
soccer,EPL,KXEPLGAME-26OCT10AVLBRE,KXEPLGAME-26OCT10AVLBRE-AVL,,Aston Villa,Brentford,2026-10-10T17:00:00Z,home,0.35,0.37,0.36,0.02,187.35,73.23,1299.21,240.29,1234.21,active,kalshi,2026-09-30T11:03:24.515610+00:00
soccer,EPL,KXEPLGAME-26OCT10CFCBOU,KXEPLGAME-26OCT10CFCBOU-BOU,,Chelsea,Bournemouth,2026-10-10T17:00:00Z,away,0.2,0.21,0.20500000000000002,0.01,191.22,937.73,403.49,22.56,403.49,active,kalshi,2026-09-30T11:03:24.515610+00:00
soccer,EPL,KXEPLGAME-26OCT10CFCBOU,KXEPLGAME-26OCT10CFCBOU-TIE,,Chelsea,Bournemouth,2026-10-10T17:00:00Z,draw,0.22,0.23,0.225,0.01,872.61,2154.75,615.38,46.0,613.38,active,kalshi,2026-09-30T11:03:24.515610+00:00
soccer,EPL,KXEPLGAME-26OCT10CFCBOU,KXEPLGAME-26OCT10CFCBOU-CFC,,Chelsea,Bournemouth,2026-10-10T17:00:00Z,home,0.55,0.57,0.56,0.02,294.07,171.65,15823.92,593.7,14524.2,active,kalshi,2026-09-30T11:03:24.515610+00:00
soccer,EPL,KXEPLGAME-26OCT10IPSFUL,KXEPLGAME-26OCT10IPSFUL-FUL,,Ipswich,Fulham,2026-10-10T17:00:00Z,away,0.36,0.39,0.375,0.03,258.25,1571.01,648.38,91.71,525.44,active,kalshi,2026-09-30T11:03:24.515610+00:00
soccer,EPL,KXEPLGAME-26OCT10IPSFUL,KXEPLGAME-26OCT10IPSFUL-TIE,,Ipswich,Fulham,2026-10-10T17:00:00Z,draw,0.26,0.28,0.27,0.02,414.53,5505.53,107.06,0.0,107.06,active,kalshi,2026-09-30T11:03:24.515610+00:00
soccer,EPL,KXEPLGAME-26OCT10IPSFUL,KXEPLGAME-26OCT10IPSFUL-IPS,,Ipswich,Fulham,2026-10-10T17:00:00Z,home,0.33,0.36,0.345,0.03,214.42,1517.5,270.34,56.31,270.34,active,kalshi,2026-09-30T11:03:24.515610+00:00
soccer,EPL,KXEPLGAME-26OCT10MUNTOT,KXEPLGAME-26OCT10MUNTOT-TOT,,Man United,Tottenham,2026-10-10T19:30:00Z,away,0.2,0.22,0.21000000000000002,0.02,251.85,1505.0,2962.13,605.33,2591.6,active,kalshi,2026-09-30T11:03:24.515610+00:00
soccer,EPL,KXEPLGAME-26OCT10MUNTOT,KXEPLGAME-26OCT10MUNTOT-TIE,,Man United,Tottenham,2026-10-10T19:30:00Z,draw,0.21,0.22,0.215,0.01,729.5,332.9,680.75,247.79,680.75,active,kalshi,2026-09-30T11:03:24.515610+00:00
soccer,EPL,KXEPLGAME-26OCT10MUNTOT,KXEPLGAME-26OCT10MUNTOT-MUN,,Man United,Tottenham,2026-10-10T19:30:00Z,home,0.56,0.58,0.5700000000000001,0.02,30.35,1579.55,7978.12,538.69,7127.86,active,kalshi,2026-09-30T11:03:24.515610+00:00
soccer,EPL,KXEPLGAME-26OCT10SUNBRI,KXEPLGAME-26OCT10SUNBRI-BRI,,Sunderland,Brighton,2026-10-10T17:00:00Z,away,0.4,0.41,0.405,0.01,118.44,115.0,6209.79,255.77,4831.93,active,kalshi,2026-09-30T11:03:24.515610+00:00
soccer,EPL,KXEPLGAME-26OCT10SUNBRI,KXEPLGAME-26OCT10SUNBRI-TIE,,Sunderland,Brighton,2026-10-10T17:00:00Z,draw,0.26,0.27,0.265,0.01,263.52,612.0,905.25,0.0,560.71,active,kalshi,2026-09-30T11:03:24.515610+00:00
soccer,EPL,KXEPLGAME-26OCT10SUNBRI,KXEPLGAME-26OCT10SUNBRI-SUN,,Sunderland,Brighton,2026-10-10T17:00:00Z,home,0.31,0.33,0.32,0.02,196.36,268.36,425.8,34.72,397.8,active,kalshi,2026-09-30T11:03:24.515610+00:00
soccer,EPL,KXEPLGAME-26OCT11CRYNFO,KXEPLGAME-26OCT11CRYNFO-NFO,,Crystal Palace,Nott'm Forest,2026-10-11T16:00:00Z,away,0.32,0.36,0.33999999999999997,0.04,252.95,1460.95,24.16,8.31,24.16,active,kalshi,2026-09-30T11:03:24.515610+00:00
soccer,EPL,KXEPLGAME-26OCT11CRYNFO,KXEPLGAME-26OCT11CRYNFO-TIE,,Crystal Palace,Nott'm Forest,2026-10-11T16:00:00Z,draw,0.28,0.29,0.28500000000000003,0.01,338.01,979.0,6.0,6.0,6.0,active,kalshi,2026-09-30T11:03:24.515610+00:00
soccer,EPL,KXEPLGAME-26OCT11CRYNFO,KXEPLGAME-26OCT11CRYNFO-CRY,,Crystal Palace,Nott'm Forest,2026-10-11T16:00:00Z,home,0.34,0.37,0.355,0.03,207.91,1487.06,137.93,64.71,137.93,active,kalshi,2026-09-30T11:03:24.515610+00:00
soccer,EPL,KXEPLGAME-26OCT11HULEVE,KXEPLGAME-26OCT11HULEVE-EVE,,Hull,Everton,2026-10-11T16:00:00Z,away,0.44,0.48,0.45999999999999996,0.04,875.48,3645.36,60.46,6.15,56.35,active,kalshi,2026-09-30T11:03:24.515610+00:00
soccer,EPL,KXEPLGAME-26OCT11HULEVE,KXEPLGAME-26OCT11HULEVE-TIE,,Hull,Everton,2026-10-11T16:00:00Z,draw,0.28,0.29,0.28500000000000003,0.01,338.43,1518.72,117.28,32.0,117.28,active,kalshi,2026-09-30T11:03:24.515610+00:00
soccer,EPL,KXEPLGAME-26OCT11HULEVE,KXEPLGAME-26OCT11HULEVE-HUL,,Hull,Everton,2026-10-11T16:00:00Z,home,0.23,0.27,0.25,0.04,887.39,5443.02,267.64,51.23,267.64,active,kalshi,2026-09-30T11:03:24.515610+00:00
soccer,EPL,KXEPLGAME-26OCT11LFCMCI,KXEPLGAME-26OCT11LFCMCI-MCI,,Liverpool,Man City,2026-10-11T18:30:00Z,away,0.37,0.39,0.38,0.02,241.09,1411.26,34951.01,21497.46,33301.79,active,kalshi,2026-09-30T11:03:24.515610+00:00
soccer,EPL,KXEPLGAME-26OCT11LFCMCI,KXEPLGAME-26OCT11LFCMCI-TIE,,Liverpool,Man City,2026-10-11T18:30:00Z,draw,0.25,0.26,0.255,0.01,228.8,5308.83,1180.81,547.58,1169.61,active,kalshi,2026-09-30T11:03:24.515610+00:00
soccer,EPL,KXEPLGAME-26OCT11LFCMCI,KXEPLGAME-26OCT11LFCMCI-LFC,,Liverpool,Man City,2026-10-11T18:30:00Z,home,0.37,0.38,0.375,0.01,49.18,109.74,13678.34,2879.6,12367.91,active,kalshi,2026-09-30T11:03:24.515610+00:00
soccer,EPL,KXEPLGAME-26OCT12COVNEW,KXEPLGAME-26OCT12COVNEW-NEW,,Coventry,Newcastle,2026-10-12T22:00:00Z,away,0.43,0.45,0.44,0.02,250.35,183.39,1394.21,71.81,1394.21,active,kalshi,2026-09-30T11:03:24.515610+00:00
soccer,EPL,KXEPLGAME-26OCT12COVNEW,KXEPLGAME-26OCT12COVNEW-TIE,,Coventry,Newcastle,2026-10-12T22:00:00Z,draw,0.25,0.28,0.265,0.03,257.34,5551.34,37.52,0.0,37.52,active,kalshi,2026-09-30T11:03:24.515610+00:00
soccer,EPL,KXEPLGAME-26OCT12COVNEW,KXEPLGAME-26OCT12COVNEW-COV,,Coventry,Newcastle,2026-10-12T22:00:00Z,home,0.26,0.3,0.28,0.04,982.2,5287.96,6.35,6.35,6.35,active,kalshi,2026-09-30T11:03:24.515610+00:00
soccer,EPL,KXEPLGAME-26OCT10ARSLEE,KXEPLGAME-26OCT10ARSLEE-LEE,,Arsenal,Leeds,2026-10-10T14:30:00Z,away,0.11,0.12,0.11499999999999999,0.01,4398.71,1388.93,7090.62,660.58,5439.47,active,kalshi,2026-09-30T11:36:29.444148+00:00
soccer,EPL,KXEPLGAME-26OCT10ARSLEE,KXEPLGAME-26OCT10ARSLEE-TIE,,Arsenal,Leeds,2026-10-10T14:30:00Z,draw,0.17,0.18,0.175,0.01,650.0,1576.97,578.3,271.0,561.3,active,kalshi,2026-09-30T11:36:29.444148+00:00
soccer,EPL,KXEPLGAME-26OCT10ARSLEE,KXEPLGAME-26OCT10ARSLEE-ARS,,Arsenal,Leeds,2026-10-10T14:30:00Z,home,0.72,0.73,0.725,0.01,434.51,63.98,22600.0,4599.93,18679.03,active,kalshi,2026-09-30T11:36:29.444148+00:00
soccer,EPL,KXEPLGAME-26OCT10AVLBRE,KXEPLGAME-26OCT10AVLBRE-BRE,,Aston Villa,Brentford,2026-10-10T17:00:00Z,away,0.35,0.38,0.365,0.03,203.46,1688.35,1392.84,70.46,1272.4,active,kalshi,2026-09-30T11:36:29.444148+00:00
soccer,EPL,KXEPLGAME-26OCT10AVLBRE,KXEPLGAME-26OCT10AVLBRE-TIE,,Aston Villa,Brentford,2026-10-10T17:00:00Z,draw,0.26,0.27,0.265,0.01,280.95,1982.0,855.94,0.0,852.94,active,kalshi,2026-09-30T11:36:29.444148+00:00
soccer,EPL,KXEPLGAME-26OCT10AVLBRE,KXEPLGAME-26OCT10AVLBRE-AVL,,Aston Villa,Brentford,2026-10-10T17:00:00Z,home,0.35,0.37,0.36,0.02,187.35,73.23,1299.21,240.29,1234.21,active,kalshi,2026-09-30T11:36:29.444148+00:00
soccer,EPL,KXEPLGAME-26OCT10CFCBOU,KXEPLGAME-26OCT10CFCBOU-BOU,,Chelsea,Bournemouth,2026-10-10T17:00:00Z,away,0.2,0.21,0.20500000000000002,0.01,191.22,937.73,403.49,22.56,403.49,active,kalshi,2026-09-30T11:36:29.444148+00:00
soccer,EPL,KXEPLGAME-26OCT10CFCBOU,KXEPLGAME-26OCT10CFCBOU-TIE,,Chelsea,Bournemouth,2026-10-10T17:00:00Z,draw,0.22,0.23,0.225,0.01,872.61,2154.75,615.38,46.0,613.38,active,kalshi,2026-09-30T11:36:29.444148+00:00
soccer,EPL,KXEPLGAME-26OCT10CFCBOU,KXEPLGAME-26OCT10CFCBOU-CFC,,Chelsea,Bournemouth,2026-10-10T17:00:00Z,home,0.56,0.57,0.565,0.01,3.25,138.65,15856.92,626.7,14557.2,active,kalshi,2026-09-30T11:36:29.444148+00:00
soccer,EPL,KXEPLGAME-26OCT10IPSFUL,KXEPLGAME-26OCT10IPSFUL-FUL,,Ipswich,Fulham,2026-10-10T17:00:00Z,away,0.36,0.39,0.375,0.03,258.25,1571.01,648.38,91.71,525.44,active,kalshi,2026-09-30T11:36:29.444148+00:00
soccer,EPL,KXEPLGAME-26OCT10IPSFUL,KXEPLGAME-26OCT10IPSFUL-TIE,,Ipswich,Fulham,2026-10-10T17:00:00Z,draw,0.26,0.28,0.27,0.02,414.53,5505.53,107.06,0.0,107.06,active,kalshi,2026-09-30T11:36:29.444148+00:00
soccer,EPL,KXEPLGAME-26OCT10IPSFUL,KXEPLGAME-26OCT10IPSFUL-IPS,,Ipswich,Fulham,2026-10-10T17:00:00Z,home,0.33,0.36,0.345,0.03,214.42,1517.42,270.34,56.31,270.34,active,kalshi,2026-09-30T11:36:29.444148+00:00
soccer,EPL,KXEPLGAME-26OCT10MUNTOT,KXEPLGAME-26OCT10MUNTOT-TOT,,Man United,Tottenham,2026-10-10T19:30:00Z,away,0.21,0.22,0.215,0.01,15.0,2000.0,2962.13,605.33,2591.6,active,kalshi,2026-09-30T11:36:29.444148+00:00
soccer,EPL,KXEPLGAME-26OCT10MUNTOT,KXEPLGAME-26OCT10MUNTOT-TIE,,Man United,Tottenham,2026-10-10T19:30:00Z,draw,0.21,0.22,0.215,0.01,729.5,332.9,680.75,247.79,680.75,active,kalshi,2026-09-30T11:36:29.444148+00:00
soccer,EPL,KXEPLGAME-26OCT10MUNTOT,KXEPLGAME-26OCT10MUNTOT-MUN,,Man United,Tottenham,2026-10-10T19:30:00Z,home,0.56,0.57,0.565,0.01,42.16,1.13,7978.12,538.69,7127.86,active,kalshi,2026-09-30T11:36:29.444148+00:00
soccer,EPL,KXEPLGAME-26OCT10SUNBRI,KXEPLGAME-26OCT10SUNBRI-BRI,,Sunderland,Brighton,2026-10-10T17:00:00Z,away,0.4,0.41,0.405,0.01,118.44,115.0,6209.79,255.77,4831.93,active,kalshi,2026-09-30T11:36:29.444148+00:00
soccer,EPL,KXEPLGAME-26OCT10SUNBRI,KXEPLGAME-26OCT10SUNBRI-TIE,,Sunderland,Brighton,2026-10-10T17:00:00Z,draw,0.26,0.27,0.265,0.01,263.52,612.0,905.25,0.0,560.71,active,kalshi,2026-09-30T11:36:29.444148+00:00
soccer,EPL,KXEPLGAME-26OCT10SUNBRI,KXEPLGAME-26OCT10SUNBRI-SUN,,Sunderland,Brighton,2026-10-10T17:00:00Z,home,0.31,0.33,0.32,0.02,196.36,268.36,425.8,34.72,397.8,active,kalshi,2026-09-30T11:36:29.444148+00:00
soccer,EPL,KXEPLGAME-26OCT11CRYNFO,KXEPLGAME-26OCT11CRYNFO-NFO,,Crystal Palace,Nott'm Forest,2026-10-11T16:00:00Z,away,0.32,0.36,0.33999999999999997,0.04,252.95,1460.95,24.16,8.31,24.16,active,kalshi,2026-09-30T11:36:29.444148+00:00
soccer,EPL,KXEPLGAME-26OCT11CRYNFO,KXEPLGAME-26OCT11CRYNFO-TIE,,Crystal Palace,Nott'm Forest,2026-10-11T16:00:00Z,draw,0.28,0.29,0.28500000000000003,0.01,338.01,979.0,6.0,6.0,6.0,active,kalshi,2026-09-30T11:36:29.444148+00:00
soccer,EPL,KXEPLGAME-26OCT11CRYNFO,KXEPLGAME-26OCT11CRYNFO-CRY,,Crystal Palace,Nott'm Forest,2026-10-11T16:00:00Z,home,0.34,0.37,0.355,0.03,207.91,1487.06,137.93,64.71,137.93,active,kalshi,2026-09-30T11:36:29.444148+00:00
soccer,EPL,KXEPLGAME-26OCT11HULEVE,KXEPLGAME-26OCT11HULEVE-EVE,,Hull,Everton,2026-10-11T16:00:00Z,away,0.44,0.48,0.45999999999999996,0.04,875.48,3645.36,60.46,6.15,56.35,active,kalshi,2026-09-30T11:36:29.444148+00:00
soccer,EPL,KXEPLGAME-26OCT11HULEVE,KXEPLGAME-26OCT11HULEVE-TIE,,Hull,Everton,2026-10-11T16:00:00Z,draw,0.28,0.29,0.28500000000000003,0.01,338.43,2208.72,117.28,32.0,117.28,active,kalshi,2026-09-30T11:36:29.444148+00:00
soccer,EPL,KXEPLGAME-26OCT11HULEVE,KXEPLGAME-26OCT11HULEVE-HUL,,Hull,Everton,2026-10-11T16:00:00Z,home,0.23,0.27,0.25,0.04,887.39,5443.02,267.64,51.23,267.64,active,kalshi,2026-09-30T11:36:29.444148+00:00
soccer,EPL,KXEPLGAME-26OCT11LFCMCI,KXEPLGAME-26OCT11LFCMCI-MCI,,Liverpool,Man City,2026-10-11T18:30:00Z,away,0.37,0.39,0.38,0.02,976.32,1384.26,34999.01,21545.46,33349.79,active,kalshi,2026-09-30T11:36:29.444148+00:00
soccer,EPL,KXEPLGAME-26OCT11LFCMCI,KXEPLGAME-26OCT11LFCMCI-TIE,,Liverpool,Man City,2026-10-11T18:30:00Z,draw,0.25,0.26,0.255,0.01,228.8,5346.67,1180.81,547.58,1169.61,active,kalshi,2026-09-30T11:36:29.444148+00:00
soccer,EPL,KXEPLGAME-26OCT11LFCMCI,KXEPLGAME-26OCT11LFCMCI-LFC,,Liverpool,Man City,2026-10-11T18:30:00Z,home,0.37,0.38,0.375,0.01,62.28,101.59,13715.34,2624.37,12404.91,active,kalshi,2026-09-30T11:36:29.444148+00:00
soccer,EPL,KXEPLGAME-26OCT12COVNEW,KXEPLGAME-26OCT12COVNEW-NEW,,Coventry,Newcastle,2026-10-12T22:00:00Z,away,0.43,0.45,0.44,0.02,250.35,183.37,1394.21,71.81,1394.21,active,kalshi,2026-09-30T11:36:29.444148+00:00
soccer,EPL,KXEPLGAME-26OCT12COVNEW,KXEPLGAME-26OCT12COVNEW-TIE,,Coventry,Newcastle,2026-10-12T22:00:00Z,draw,0.25,0.28,0.265,0.03,257.34,5551.34,37.52,0.0,37.52,active,kalshi,2026-09-30T11:36:29.444148+00:00
soccer,EPL,KXEPLGAME-26OCT12COVNEW,KXEPLGAME-26OCT12COVNEW-COV,,Coventry,Newcastle,2026-10-12T22:00:00Z,home,0.26,0.3,0.28,0.04,982.2,5288.05,6.35,6.35,6.35,active,kalshi,2026-09-30T11:36:29.444148+00:00
soccer,EPL,KXEPLGAME-26OCT10ARSLEE,KXEPLGAME-26OCT10ARSLEE-LEE,,Arsenal,Leeds,2026-10-10T14:30:00Z,away,0.11,0.12,0.11499999999999999,0.01,4397.61,1388.93,7091.72,661.68,5440.57,active,kalshi,2026-09-30T12:04:00.235555+00:00
soccer,EPL,KXEPLGAME-26OCT10ARSLEE,KXEPLGAME-26OCT10ARSLEE-TIE,,Arsenal,Leeds,2026-10-10T14:30:00Z,draw,0.17,0.18,0.175,0.01,650.0,1576.97,578.3,271.0,561.3,active,kalshi,2026-09-30T12:04:00.235555+00:00
soccer,EPL,KXEPLGAME-26OCT10ARSLEE,KXEPLGAME-26OCT10ARSLEE-ARS,,Arsenal,Leeds,2026-10-10T14:30:00Z,home,0.72,0.73,0.725,0.01,434.51,63.16,22600.82,4600.75,18679.85,active,kalshi,2026-09-30T12:04:00.235555+00:00
soccer,EPL,KXEPLGAME-26OCT10AVLBRE,KXEPLGAME-26OCT10AVLBRE-BRE,,Aston Villa,Brentford,2026-10-10T17:00:00Z,away,0.35,0.38,0.365,0.03,203.46,1688.35,1392.84,70.46,1272.4,active,kalshi,2026-09-30T12:04:00.235555+00:00
soccer,EPL,KXEPLGAME-26OCT10AVLBRE,KXEPLGAME-26OCT10AVLBRE-TIE,,Aston Villa,Brentford,2026-10-10T17:00:00Z,draw,0.26,0.27,0.265,0.01,280.95,1982.0,855.94,0.0,852.94,active,kalshi,2026-09-30T12:04:00.235555+00:00
soccer,EPL,KXEPLGAME-26OCT10AVLBRE,KXEPLGAME-26OCT10AVLBRE-AVL,,Aston Villa,Brentford,2026-10-10T17:00:00Z,home,0.35,0.37,0.36,0.02,187.35,73.23,1299.21,240.29,1234.21,active,kalshi,2026-09-30T12:04:00.235555+00:00
soccer,EPL,KXEPLGAME-26OCT10CFCBOU,KXEPLGAME-26OCT10CFCBOU-BOU,,Chelsea,Bournemouth,2026-10-10T17:00:00Z,away,0.2,0.21,0.20500000000000002,0.01,191.15,937.73,403.49,22.56,403.49,active,kalshi,2026-09-30T12:04:00.235555+00:00
soccer,EPL,KXEPLGAME-26OCT10CFCBOU,KXEPLGAME-26OCT10CFCBOU-TIE,,Chelsea,Bournemouth,2026-10-10T17:00:00Z,draw,0.22,0.23,0.225,0.01,872.61,2154.75,615.38,46.0,613.38,active,kalshi,2026-09-30T12:04:00.235555+00:00
soccer,EPL,KXEPLGAME-26OCT10CFCBOU,KXEPLGAME-26OCT10CFCBOU-CFC,,Chelsea,Bournemouth,2026-10-10T17:00:00Z,home,0.56,0.57,0.565,0.01,10.18,171.53,15856.92,626.7,14557.2,active,kalshi,2026-09-30T12:04:00.235555+00:00
soccer,EPL,KXEPLGAME-26OCT10IPSFUL,KXEPLGAME-26OCT10IPSFUL-FUL,,Ipswich,Fulham,2026-10-10T17:00:00Z,away,0.36,0.39,0.375,0.03,258.25,1541.01,648.38,91.71,525.44,active,kalshi,2026-09-30T12:04:00.235555+00:00
soccer,EPL,KXEPLGAME-26OCT10IPSFUL,KXEPLGAME-26OCT10IPSFUL-TIE,,Ipswich,Fulham,2026-10-10T17:00:00Z,draw,0.26,0.28,0.27,0.02,414.53,5505.53,107.06,0.0,107.06,active,kalshi,2026-09-30T12:04:00.235555+00:00
soccer,EPL,KXEPLGAME-26OCT10IPSFUL,KXEPLGAME-26OCT10IPSFUL-IPS,,Ipswich,Fulham,2026-10-10T17:00:00Z,home,0.33,0.36,0.345,0.03,214.42,1517.42,270.34,56.31,270.34,active,kalshi,2026-09-30T12:04:00.235555+00:00
soccer,EPL,KXEPLGAME-26OCT10MUNTOT,KXEPLGAME-26OCT10MUNTOT-TOT,,Man United,Tottenham,2026-10-10T19:30:00Z,away,0.2,0.22,0.21000000000000002,0.02,252.02,1504.96,2962.13,605.33,2591.6,active,kalshi,2026-09-30T12:04:00.235555+00:00
soccer,EPL,KXEPLGAME-26OCT10MUNTOT,KXEPLGAME-26OCT10MUNTOT-TIE,,Man United,Tottenham,2026-10-10T19:30:00Z,draw,0.21,0.22,0.215,0.01,729.5,332.9,680.75,247.79,680.75,active,kalshi,2026-09-30T12:04:00.235555+00:00
soccer,EPL,KXEPLGAME-26OCT10MUNTOT,KXEPLGAME-26OCT10MUNTOT-MUN,,Man United,Tottenham,2026-10-10T19:30:00Z,home,0.56,0.57,0.565,0.01,42.16,1.13,7978.12,538.69,7127.86,active,kalshi,2026-09-30T12:04:00.235555+00:00
soccer,EPL,KXEPLGAME-26OCT10SUNBRI,KXEPLGAME-26OCT10SUNBRI-BRI,,Sunderland,Brighton,2026-10-10T17:00:00Z,away,0.4,0.41,0.405,0.01,118.44,115.0,6209.79,255.77,4831.93,active,kalshi,2026-09-30T12:04:00.235555+00:00
soccer,EPL,KXEPLGAME-26OCT10SUNBRI,KXEPLGAME-26OCT10SUNBRI-TIE,,Sunderland,Brighton,2026-10-10T17:00:00Z,draw,0.26,0.27,0.265,0.01,263.52,612.0,905.25,0.0,560.71,active,kalshi,2026-09-30T12:04:00.235555+00:00
soccer,EPL,KXEPLGAME-26OCT10SUNBRI,KXEPLGAME-26OCT10SUNBRI-SUN,,Sunderland,Brighton,2026-10-10T17:00:00Z,home,0.31,0.33,0.32,0.02,196.33,268.36,425.8,34.72,397.8,active,kalshi,2026-09-30T12:04:00.235555+00:00
soccer,EPL,KXEPLGAME-26OCT11CRYNFO,KXEPLGAME-26OCT11CRYNFO-NFO,,Crystal Palace,Nott'm Forest,2026-10-11T16:00:00Z,away,0.32,0.36,0.33999999999999997,0.04,252.95,1460.95,24.16,8.31,24.16,active,kalshi,2026-09-30T12:04:00.235555+00:00
soccer,EPL,KXEPLGAME-26OCT11CRYNFO,KXEPLGAME-26OCT11CRYNFO-TIE,,Crystal Palace,Nott'm Forest,2026-10-11T16:00:00Z,draw,0.28,0.29,0.28500000000000003,0.01,338.01,979.0,6.0,6.0,6.0,active,kalshi,2026-09-30T12:04:00.235555+00:00
soccer,EPL,KXEPLGAME-26OCT11CRYNFO,KXEPLGAME-26OCT11CRYNFO-CRY,,Crystal Palace,Nott'm Forest,2026-10-11T16:00:00Z,home,0.34,0.37,0.355,0.03,207.91,1486.94,137.93,64.71,137.93,active,kalshi,2026-09-30T12:04:00.235555+00:00
soccer,EPL,KXEPLGAME-26OCT11HULEVE,KXEPLGAME-26OCT11HULEVE-EVE,,Hull,Everton,2026-10-11T16:00:00Z,away,0.44,0.48,0.45999999999999996,0.04,875.48,3645.36,60.46,6.15,56.35,active,kalshi,2026-09-30T12:04:00.235555+00:00
soccer,EPL,KXEPLGAME-26OCT11HULEVE,KXEPLGAME-26OCT11HULEVE-TIE,,Hull,Everton,2026-10-11T16:00:00Z,draw,0.28,0.29,0.28500000000000003,0.01,338.4,2208.72,117.28,32.0,117.28,active,kalshi,2026-09-30T12:04:00.235555+00:00
soccer,EPL,KXEPLGAME-26OCT11HULEVE,KXEPLGAME-26OCT11HULEVE-HUL,,Hull,Everton,2026-10-11T16:00:00Z,home,0.23,0.27,0.25,0.04,887.39,5443.02,267.64,51.23,267.64,active,kalshi,2026-09-30T12:04:00.235555+00:00
soccer,EPL,KXEPLGAME-26OCT11LFCMCI,KXEPLGAME-26OCT11LFCMCI-MCI,,Liverpool,Man City,2026-10-11T18:30:00Z,away,0.37,0.38,0.375,0.01,1331.4,6.66,34999.01,21462.48,33349.79,active,kalshi,2026-09-30T12:04:00.235555+00:00
soccer,EPL,KXEPLGAME-26OCT11LFCMCI,KXEPLGAME-26OCT11LFCMCI-TIE,,Liverpool,Man City,2026-10-11T18:30:00Z,draw,0.25,0.26,0.255,0.01,228.8,5322.62,1180.81,547.58,1169.61,active,kalshi,2026-09-30T12:04:00.235555+00:00
soccer,EPL,KXEPLGAME-26OCT11LFCMCI,KXEPLGAME-26OCT11LFCMCI-LFC,,Liverpool,Man City,2026-10-11T18:30:00Z,home,0.36,0.38,0.37,0.02,628.42,136.32,13841.44,2724.47,12531.01,active,kalshi,2026-09-30T12:04:00.235555+00:00
soccer,EPL,KXEPLGAME-26OCT12COVNEW,KXEPLGAME-26OCT12COVNEW-NEW,,Coventry,Newcastle,2026-10-12T22:00:00Z,away,0.43,0.45,0.44,0.02,250.35,183.28,1394.21,71.81,1394.21,active,kalshi,2026-09-30T12:04:00.235555+00:00
soccer,EPL,KXEPLGAME-26OCT12COVNEW,KXEPLGAME-26OCT12COVNEW-TIE,,Coventry,Newcastle,2026-10-12T22:00:00Z,draw,0.25,0.28,0.265,0.03,257.34,5551.34,37.52,0.0,37.52,active,kalshi,2026-09-30T12:04:00.235555+00:00
soccer,EPL,KXEPLGAME-26OCT12COVNEW,KXEPLGAME-26OCT12COVNEW-COV,,Coventry,Newcastle,2026-10-12T22:00:00Z,home,0.26,0.3,0.28,0.04,982.2,5288.05,6.35,6.35,6.35,active,kalshi,2026-09-30T12:04:00.235555+00:00
soccer,EPL,KXEPLGAME-26OCT10ARSLEE,KXEPLGAME-26OCT10ARSLEE-LEE,,Arsenal,Leeds,2026-10-10T14:30:00Z,away,0.11,0.12,0.11499999999999999,0.01,4397.61,1380.43,7100.22,670.18,5447.97,active,kalshi,2026-09-30T12:46:50.163490+00:00
soccer,EPL,KXEPLGAME-26OCT10ARSLEE,KXEPLGAME-26OCT10ARSLEE-TIE,,Arsenal,Leeds,2026-10-10T14:30:00Z,draw,0.17,0.18,0.175,0.01,650.0,1479.08,578.3,221.2,561.3,active,kalshi,2026-09-30T12:46:50.163490+00:00
soccer,EPL,KXEPLGAME-26OCT10ARSLEE,KXEPLGAME-26OCT10ARSLEE-ARS,,Arsenal,Leeds,2026-10-10T14:30:00Z,home,0.72,0.73,0.725,0.01,434.51,86.16,22620.82,4620.75,18699.85,active,kalshi,2026-09-30T12:46:50.163490+00:00
soccer,EPL,KXEPLGAME-26OCT10AVLBRE,KXEPLGAME-26OCT10AVLBRE-BRE,,Aston Villa,Brentford,2026-10-10T17:00:00Z,away,0.35,0.38,0.365,0.03,203.46,1575.45,1392.84,70.46,1272.4,active,kalshi,2026-09-30T12:46:50.163490+00:00
soccer,EPL,KXEPLGAME-26OCT10AVLBRE,KXEPLGAME-26OCT10AVLBRE-TIE,,Aston Villa,Brentford,2026-10-10T17:00:00Z,draw,0.26,0.27,0.265,0.01,280.95,1982.0,855.94,0.0,852.94,active,kalshi,2026-09-30T12:46:50.163490+00:00
soccer,EPL,KXEPLGAME-26OCT10AVLBRE,KXEPLGAME-26OCT10AVLBRE-AVL,,Aston Villa,Brentford,2026-10-10T17:00:00Z,home,0.35,0.37,0.36,0.02,225.38,79.96,1299.21,227.35,1234.21,active,kalshi,2026-09-30T12:46:50.163490+00:00
soccer,EPL,KXEPLGAME-26OCT10CFCBOU,KXEPLGAME-26OCT10CFCBOU-BOU,,Chelsea,Bournemouth,2026-10-10T17:00:00Z,away,0.2,0.21,0.20500000000000002,0.01,191.05,2270.73,403.49,22.56,403.49,active,kalshi,2026-09-30T12:46:50.163490+00:00
soccer,EPL,KXEPLGAME-26OCT10CFCBOU,KXEPLGAME-26OCT10CFCBOU-TIE,,Chelsea,Bournemouth,2026-10-10T17:00:00Z,draw,0.22,0.23,0.225,0.01,872.61,821.75,615.38,46.0,613.38,active,kalshi,2026-09-30T12:46:50.163490+00:00
soccer,EPL,KXEPLGAME-26OCT10CFCBOU,KXEPLGAME-26OCT10CFCBOU-CFC,,Chelsea,Bournemouth,2026-10-10T17:00:00Z,home,0.56,0.57,0.565,0.01,17.82,171.5,15856.92,626.7,14557.2,active,kalshi,2026-09-30T12:46:50.163490+00:00
soccer,EPL,KXEPLGAME-26OCT10IPSFUL,KXEPLGAME-26OCT10IPSFUL-FUL,,Ipswich,Fulham,2026-10-10T17:00:00Z,away,0.36,0.39,0.375,0.03,196.78,1563.01,709.85,140.89,495.97,active,kalshi,2026-09-30T12:46:50.163490+00:00
soccer,EPL,KXEPLGAME-26OCT10IPSFUL,KXEPLGAME-26OCT10IPSFUL-TIE,,Ipswich,Fulham,2026-10-10T17:00:00Z,draw,0.26,0.28,0.27,0.02,414.53,5505.53,107.06,0.0,107.06,active,kalshi,2026-09-30T12:46:50.163490+00:00
soccer,EPL,KXEPLGAME-26OCT10IPSFUL,KXEPLGAME-26OCT10IPSFUL-IPS,,Ipswich,Fulham,2026-10-10T17:00:00Z,home,0.33,0.36,0.345,0.03,214.42,1517.42,270.34,56.31,270.34,active,kalshi,2026-09-30T12:46:50.163490+00:00
soccer,EPL,KXEPLGAME-26OCT10MUNTOT,KXEPLGAME-26OCT10MUNTOT-TOT,,Man United,Tottenham,2026-10-10T19:30:00Z,away,0.2,0.22,0.21000000000000002,0.02,252.02,1504.87,2962.13,605.33,2591.6,active,kalshi,2026-09-30T12:46:50.163490+00:00
soccer,EPL,KXEPLGAME-26OCT10MUNTOT,KXEPLGAME-26OCT10MUNTOT-TIE,,Man United,Tottenham,2026-10-10T19:30:00Z,draw,0.21,0.22,0.215,0.01,729.5,332.9,680.75,226.24,680.75,active,kalshi,2026-09-30T12:46:50.163490+00:00
soccer,EPL,KXEPLGAME-26OCT10MUNTOT,KXEPLGAME-26OCT10MUNTOT-MUN,,Man United,Tottenham,2026-10-10T19:30:00Z,home,0.56,0.57,0.565,0.01,42.02,14.75,7978.12,538.69,7127.86,active,kalshi,2026-09-30T12:46:50.163490+00:00
soccer,EPL,KXEPLGAME-26OCT10SUNBRI,KXEPLGAME-26OCT10SUNBRI-BRI,,Sunderland,Brighton,2026-10-10T17:00:00Z,away,0.4,0.41,0.405,0.01,118.44,115.0,6209.79,255.77,4831.93,active,kalshi,2026-09-30T12:46:50.163490+00:00
soccer,EPL,KXEPLGAME-26OCT10SUNBRI,KXEPLGAME-26OCT10SUNBRI-TIE,,Sunderland,Brighton,2026-10-10T17:00:00Z,draw,0.26,0.27,0.265,0.01,263.52,612.0,905.25,0.0,560.71,active,kalshi,2026-09-30T12:46:50.163490+00:00
soccer,EPL,KXEPLGAME-26OCT10SUNBRI,KXEPLGAME-26OCT10SUNBRI-SUN,,Sunderland,Brighton,2026-10-10T17:00:00Z,home,0.29,0.33,0.31,0.04,292.53,268.36,425.8,34.72,397.8,active,kalshi,2026-09-30T12:46:50.163490+00:00
soccer,EPL,KXEPLGAME-26OCT11CRYNFO,KXEPLGAME-26OCT11CRYNFO-NFO,,Crystal Palace,Nott'm Forest,2026-10-11T16:00:00Z,away,0.32,0.36,0.33999999999999997,0.04,252.95,1460.95,24.16,8.31,24.16,active,kalshi,2026-09-30T12:46:50.163490+00:00
soccer,EPL,KXEPLGAME-26OCT11CRYNFO,KXEPLGAME-26OCT11CRYNFO-TIE,,Crystal Palace,Nott'm Forest,2026-10-11T16:00:00Z,draw,0.28,0.29,0.28500000000000003,0.01,338.01,979.0,6.0,6.0,6.0,active,kalshi,2026-09-30T12:46:50.163490+00:00
soccer,EPL,KXEPLGAME-26OCT11CRYNFO,KXEPLGAME-26OCT11CRYNFO-CRY,,Crystal Palace,Nott'm Forest,2026-10-11T16:00:00Z,home,0.34,0.37,0.355,0.03,207.91,1482.94,149.93,12.0,149.93,active,kalshi,2026-09-30T12:46:50.163490+00:00
soccer,EPL,KXEPLGAME-26OCT11HULEVE,KXEPLGAME-26OCT11HULEVE-EVE,,Hull,Everton,2026-10-11T16:00:00Z,away,0.44,0.48,0.45999999999999996,0.04,875.48,3645.36,60.46,6.15,56.35,active,kalshi,2026-09-30T12:46:50.163490+00:00
soccer,EPL,KXEPLGAME-26OCT11HULEVE,KXEPLGAME-26OCT11HULEVE-TIE,,Hull,Everton,2026-10-11T16:00:00Z,draw,0.28,0.29,0.28500000000000003,0.01,338.37,2190.72,117.28,32.0,117.28,active,kalshi,2026-09-30T12:46:50.163490+00:00
soccer,EPL,KXEPLGAME-26OCT11HULEVE,KXEPLGAME-26OCT11HULEVE-HUL,,Hull,Everton,2026-10-11T16:00:00Z,home,0.23,0.27,0.25,0.04,887.39,5443.02,267.64,51.23,267.64,active,kalshi,2026-09-30T12:46:50.163490+00:00
soccer,EPL,KXEPLGAME-26OCT11LFCMCI,KXEPLGAME-26OCT11LFCMCI-MCI,,Liverpool,Man City,2026-10-11T18:30:00Z,away,0.37,0.38,0.375,0.01,2425.74,6.66,34999.01,21213.4,33349.79,active,kalshi,2026-09-30T12:46:50.163490+00:00
soccer,EPL,KXEPLGAME-26OCT11LFCMCI,KXEPLGAME-26OCT11LFCMCI-TIE,,Liverpool,Man City,2026-10-11T18:30:00Z,draw,0.25,0.26,0.255,0.01,228.8,5332.62,1180.81,547.58,1169.61,active,kalshi,2026-09-30T12:46:50.163490+00:00
soccer,EPL,KXEPLGAME-26OCT11LFCMCI,KXEPLGAME-26OCT11LFCMCI-LFC,,Liverpool,Man City,2026-10-11T18:30:00Z,home,0.36,0.38,0.37,0.02,650.07,214.44,13841.44,2724.47,12531.01,active,kalshi,2026-09-30T12:46:50.163490+00:00
soccer,EPL,KXEPLGAME-26OCT12COVNEW,KXEPLGAME-26OCT12COVNEW-NEW,,Coventry,Newcastle,2026-10-12T22:00:00Z,away,0.43,0.45,0.44,0.02,250.35,289.25,1404.21,81.81,1404.21,active,kalshi,2026-09-30T12:46:50.163490+00:00
soccer,EPL,KXEPLGAME-26OCT12COVNEW,KXEPLGAME-26OCT12COVNEW-TIE,,Coventry,Newcastle,2026-10-12T22:00:00Z,draw,0.25,0.28,0.265,0.03,257.34,5551.34,37.52,0.0,37.52,active,kalshi,2026-09-30T12:46:50.163490+00:00
soccer,EPL,KXEPLGAME-26OCT12COVNEW,KXEPLGAME-26OCT12COVNEW-COV,,Coventry,Newcastle,2026-10-12T22:00:00Z,home,0.26,0.3,0.28,0.04,982.2,5288.05,6.35,6.35,6.35,active,kalshi,2026-09-30T12:46:50.163490+00:00
soccer,EPL,KXEPLGAME-26OCT10ARSLEE,KXEPLGAME-26OCT10ARSLEE-LEE,,Arsenal,Leeds,2026-10-10T14:30:00Z,away,0.11,0.12,0.11499999999999999,0.01,4397.61,1380.43,7100.22,633.93,5447.97,active,kalshi,2026-09-30T13:07:13.639669+00:00
soccer,EPL,KXEPLGAME-26OCT10ARSLEE,KXEPLGAME-26OCT10ARSLEE-TIE,,Arsenal,Leeds,2026-10-10T14:30:00Z,draw,0.17,0.18,0.175,0.01,650.0,1479.08,578.3,221.2,561.3,active,kalshi,2026-09-30T13:07:13.639669+00:00
soccer,EPL,KXEPLGAME-26OCT10ARSLEE,KXEPLGAME-26OCT10ARSLEE-ARS,,Arsenal,Leeds,2026-10-10T14:30:00Z,home,0.72,0.73,0.725,0.01,434.51,42.18,22620.82,4593.75,18699.85,active,kalshi,2026-09-30T13:07:13.639669+00:00
soccer,EPL,KXEPLGAME-26OCT10AVLBRE,KXEPLGAME-26OCT10AVLBRE-BRE,,Aston Villa,Brentford,2026-10-10T17:00:00Z,away,0.35,0.38,0.365,0.03,203.46,1575.45,1392.84,70.46,1272.4,active,kalshi,2026-09-30T13:07:13.639669+00:00
soccer,EPL,KXEPLGAME-26OCT10AVLBRE,KXEPLGAME-26OCT10AVLBRE-TIE,,Aston Villa,Brentford,2026-10-10T17:00:00Z,draw,0.26,0.27,0.265,0.01,280.95,1982.0,855.94,0.0,852.94,active,kalshi,2026-09-30T13:07:13.639669+00:00
soccer,EPL,KXEPLGAME-26OCT10AVLBRE,KXEPLGAME-26OCT10AVLBRE-AVL,,Aston Villa,Brentford,2026-10-10T17:00:00Z,home,0.35,0.37,0.36,0.02,202.44,79.96,1299.21,227.35,1234.21,active,kalshi,2026-09-30T13:07:13.639669+00:00
soccer,EPL,KXEPLGAME-26OCT10CFCBOU,KXEPLGAME-26OCT10CFCBOU-BOU,,Chelsea,Bournemouth,2026-10-10T17:00:00Z,away,0.2,0.21,0.20500000000000002,0.01,191.05,2270.73,403.49,22.56,403.49,active,kalshi,2026-09-30T13:07:13.639669+00:00
soccer,EPL,KXEPLGAME-26OCT10CFCBOU,KXEPLGAME-26OCT10CFCBOU-TIE,,Chelsea,Bournemouth,2026-10-10T17:00:00Z,draw,0.22,0.23,0.225,0.01,872.61,821.75,615.38,46.0,613.38,active,kalshi,2026-09-30T13:07:13.639669+00:00
soccer,EPL,KXEPLGAME-26OCT10CFCBOU,KXEPLGAME-26OCT10CFCBOU-CFC,,Chelsea,Bournemouth,2026-10-10T17:00:00Z,home,0.56,0.57,0.565,0.01,17.82,171.5,15856.92,626.7,14557.2,active,kalshi,2026-09-30T13:07:13.639669+00:00
soccer,EPL,KXEPLGAME-26OCT10IPSFUL,KXEPLGAME-26OCT10IPSFUL-FUL,,Ipswich,Fulham,2026-10-10T17:00:00Z,away,0.36,0.39,0.375,0.03,196.78,1563.01,709.85,140.89,495.97,active,kalshi,2026-09-30T13:07:13.639669+00:00
soccer,EPL,KXEPLGAME-26OCT10IPSFUL,KXEPLGAME-26OCT10IPSFUL-TIE,,Ipswich,Fulham,2026-10-10T17:00:00Z,draw,0.26,0.28,0.27,0.02,414.53,5505.53,107.06,0.0,107.06,active,kalshi,2026-09-30T13:07:13.639669+00:00
soccer,EPL,KXEPLGAME-26OCT10IPSFUL,KXEPLGAME-26OCT10IPSFUL-IPS,,Ipswich,Fulham,2026-10-10T17:00:00Z,home,0.33,0.36,0.345,0.03,214.42,1517.42,270.34,56.31,270.34,active,kalshi,2026-09-30T13:07:13.639669+00:00
soccer,EPL,KXEPLGAME-26OCT10MUNTOT,KXEPLGAME-26OCT10MUNTOT-TOT,,Man United,Tottenham,2026-10-10T19:30:00Z,away,0.2,0.22,0.21000000000000002,0.02,252.02,1504.87,2962.13,605.33,2591.6,active,kalshi,2026-09-30T13:07:13.639669+00:00
soccer,EPL,KXEPLGAME-26OCT10MUNTOT,KXEPLGAME-26OCT10MUNTOT-TIE,,Man United,Tottenham,2026-10-10T19:30:00Z,draw,0.21,0.22,0.215,0.01,729.5,332.9,680.75,226.24,680.75,active,kalshi,2026-09-30T13:07:13.639669+00:00
soccer,EPL,KXEPLGAME-26OCT10MUNTOT,KXEPLGAME-26OCT10MUNTOT-MUN,,Man United,Tottenham,2026-10-10T19:30:00Z,home,0.56,0.57,0.565,0.01,31.23,19.87,7978.12,538.69,7127.86,active,kalshi,2026-09-30T13:07:13.639669+00:00
soccer,EPL,KXEPLGAME-26OCT10SUNBRI,KXEPLGAME-26OCT10SUNBRI-BRI,,Sunderland,Brighton,2026-10-10T17:00:00Z,away,0.4,0.41,0.405,0.01,118.44,114.29,6279.5,267.48,4901.64,active,kalshi,2026-09-30T13:07:13.639669+00:00
soccer,EPL,KXEPLGAME-26OCT10SUNBRI,KXEPLGAME-26OCT10SUNBRI-TIE,,Sunderland,Brighton,2026-10-10T17:00:00Z,draw,0.26,0.27,0.265,0.01,263.52,612.0,905.25,0.0,560.71,active,kalshi,2026-09-30T13:07:13.639669+00:00
soccer,EPL,KXEPLGAME-26OCT10SUNBRI,KXEPLGAME-26OCT10SUNBRI-SUN,,Sunderland,Brighton,2026-10-10T17:00:00Z,home,0.29,0.33,0.31,0.04,292.53,268.36,425.8,34.72,397.8,active,kalshi,2026-09-30T13:07:13.639669+00:00
soccer,EPL,KXEPLGAME-26OCT11CRYNFO,KXEPLGAME-26OCT11CRYNFO-NFO,,Crystal Palace,Nott'm Forest,2026-10-11T16:00:00Z,away,0.32,0.36,0.33999999999999997,0.04,800.95,1460.95,24.16,8.31,24.16,active,kalshi,2026-09-30T13:07:13.639669+00:00
soccer,EPL,KXEPLGAME-26OCT11CRYNFO,KXEPLGAME-26OCT11CRYNFO-TIE,,Crystal Palace,Nott'm Forest,2026-10-11T16:00:00Z,draw,0.28,0.29,0.28500000000000003,0.01,338.01,979.0,6.0,6.0,6.0,active,kalshi,2026-09-30T13:07:13.639669+00:00
soccer,EPL,KXEPLGAME-26OCT11CRYNFO,KXEPLGAME-26OCT11CRYNFO-CRY,,Crystal Palace,Nott'm Forest,2026-10-11T16:00:00Z,home,0.34,0.37,0.355,0.03,207.91,1482.94,149.93,12.0,149.93,active,kalshi,2026-09-30T13:07:13.639669+00:00
soccer,EPL,KXEPLGAME-26OCT11HULEVE,KXEPLGAME-26OCT11HULEVE-EVE,,Hull,Everton,2026-10-11T16:00:00Z,away,0.44,0.48,0.45999999999999996,0.04,875.48,3645.36,60.46,6.15,56.35,active,kalshi,2026-09-30T13:07:13.639669+00:00
soccer,EPL,KXEPLGAME-26OCT11HULEVE,KXEPLGAME-26OCT11HULEVE-TIE,,Hull,Everton,2026-10-11T16:00:00Z,draw,0.28,0.29,0.28500000000000003,0.01,338.37,2190.72,117.28,32.0,117.28,active,kalshi,2026-09-30T13:07:13.639669+00:00
soccer,EPL,KXEPLGAME-26OCT11HULEVE,KXEPLGAME-26OCT11HULEVE-HUL,,Hull,Everton,2026-10-11T16:00:00Z,home,0.23,0.27,0.25,0.04,887.39,5443.02,267.64,51.23,267.64,active,kalshi,2026-09-30T13:07:13.639669+00:00
soccer,EPL,KXEPLGAME-26OCT11LFCMCI,KXEPLGAME-26OCT11LFCMCI-MCI,,Liverpool,Man City,2026-10-11T18:30:00Z,away,0.38,0.39,0.385,0.01,156.94,1340.93,34999.01,21213.4,33349.79,active,kalshi,2026-09-30T13:07:13.639669+00:00
soccer,EPL,KXEPLGAME-26OCT11LFCMCI,KXEPLGAME-26OCT11LFCMCI-TIE,,Liverpool,Man City,2026-10-11T18:30:00Z,draw,0.25,0.26,0.255,0.01,228.8,5388.48,1180.81,527.18,1169.61,active,kalshi,2026-09-30T13:07:13.639669+00:00
soccer,EPL,KXEPLGAME-26OCT11LFCMCI,KXEPLGAME-26OCT11LFCMCI-LFC,,Liverpool,Man City,2026-10-11T18:30:00Z,home,0.36,0.38,0.37,0.02,727.82,281.64,13854.05,2737.08,12543.62,active,kalshi,2026-09-30T13:07:13.639669+00:00
soccer,EPL,KXEPLGAME-26OCT12COVNEW,KXEPLGAME-26OCT12COVNEW-NEW,,Coventry,Newcastle,2026-10-12T22:00:00Z,away,0.43,0.45,0.44,0.02,250.35,289.25,1404.21,81.81,1404.21,active,kalshi,2026-09-30T13:07:13.639669+00:00
soccer,EPL,KXEPLGAME-26OCT12COVNEW,KXEPLGAME-26OCT12COVNEW-TIE,,Coventry,Newcastle,2026-10-12T22:00:00Z,draw,0.25,0.28,0.265,0.03,257.34,5551.34,37.52,0.0,37.52,active,kalshi,2026-09-30T13:07:13.639669+00:00
soccer,EPL,KXEPLGAME-26OCT12COVNEW,KXEPLGAME-26OCT12COVNEW-COV,,Coventry,Newcastle,2026-10-12T22:00:00Z,home,0.26,0.3,0.28,0.04,982.2,5287.84,6.35,6.35,6.35,active,kalshi,2026-09-30T13:07:13.639669+00:00
soccer,EPL,KXEPLGAME-26OCT10ARSLEE,KXEPLGAME-26OCT10ARSLEE-LEE,,Arsenal,Leeds,2026-10-10T14:30:00Z,away,0.11,0.12,0.11499999999999999,0.01,4396.76,1379.17,7100.22,633.93,5447.97,active,kalshi,2026-09-30T13:38:10.499794+00:00
soccer,EPL,KXEPLGAME-26OCT10ARSLEE,KXEPLGAME-26OCT10ARSLEE-TIE,,Arsenal,Leeds,2026-10-10T14:30:00Z,draw,0.17,0.18,0.175,0.01,650.0,1479.08,578.3,221.2,561.3,active,kalshi,2026-09-30T13:38:10.499794+00:00
soccer,EPL,KXEPLGAME-26OCT10ARSLEE,KXEPLGAME-26OCT10ARSLEE-ARS,,Arsenal,Leeds,2026-10-10T14:30:00Z,home,0.72,0.73,0.725,0.01,434.51,40.48,22622.52,4595.45,18701.55,active,kalshi,2026-09-30T13:38:10.499794+00:00
soccer,EPL,KXEPLGAME-26OCT10AVLBRE,KXEPLGAME-26OCT10AVLBRE-BRE,,Aston Villa,Brentford,2026-10-10T17:00:00Z,away,0.35,0.38,0.365,0.03,203.46,1575.45,1392.84,70.28,1272.4,active,kalshi,2026-09-30T13:38:10.499794+00:00
soccer,EPL,KXEPLGAME-26OCT10AVLBRE,KXEPLGAME-26OCT10AVLBRE-TIE,,Aston Villa,Brentford,2026-10-10T17:00:00Z,draw,0.26,0.27,0.265,0.01,280.95,1982.0,855.94,0.0,852.94,active,kalshi,2026-09-30T13:38:10.499794+00:00
soccer,EPL,KXEPLGAME-26OCT10AVLBRE,KXEPLGAME-26OCT10AVLBRE-AVL,,Aston Villa,Brentford,2026-10-10T17:00:00Z,home,0.35,0.37,0.36,0.02,202.44,79.96,1299.21,227.35,1234.21,active,kalshi,2026-09-30T13:38:10.499794+00:00
soccer,EPL,KXEPLGAME-26OCT10CFCBOU,KXEPLGAME-26OCT10CFCBOU-BOU,,Chelsea,Bournemouth,2026-10-10T17:00:00Z,away,0.2,0.21,0.20500000000000002,0.01,191.05,2270.73,403.49,0.0,403.49,active,kalshi,2026-09-30T13:38:10.499794+00:00
soccer,EPL,KXEPLGAME-26OCT10CFCBOU,KXEPLGAME-26OCT10CFCBOU-TIE,,Chelsea,Bournemouth,2026-10-10T17:00:00Z,draw,0.22,0.23,0.225,0.01,872.61,821.75,615.38,46.0,613.38,active,kalshi,2026-09-30T13:38:10.499794+00:00
soccer,EPL,KXEPLGAME-26OCT10CFCBOU,KXEPLGAME-26OCT10CFCBOU-CFC,,Chelsea,Bournemouth,2026-10-10T17:00:00Z,home,0.56,0.57,0.565,0.01,17.82,171.5,15856.92,626.7,14557.2,active,kalshi,2026-09-30T13:38:10.499794+00:00
soccer,EPL,KXEPLGAME-26OCT10IPSFUL,KXEPLGAME-26OCT10IPSFUL-FUL,,Ipswich,Fulham,2026-10-10T17:00:00Z,away,0.36,0.39,0.375,0.03,196.78,1563.01,709.85,140.89,495.97,active,kalshi,2026-09-30T13:38:10.499794+00:00
soccer,EPL,KXEPLGAME-26OCT10IPSFUL,KXEPLGAME-26OCT10IPSFUL-TIE,,Ipswich,Fulham,2026-10-10T17:00:00Z,draw,0.26,0.28,0.27,0.02,438.53,5505.53,107.06,0.0,107.06,active,kalshi,2026-09-30T13:38:10.499794+00:00
soccer,EPL,KXEPLGAME-26OCT10IPSFUL,KXEPLGAME-26OCT10IPSFUL-IPS,,Ipswich,Fulham,2026-10-10T17:00:00Z,home,0.33,0.36,0.345,0.03,214.42,1517.42,270.34,56.31,270.34,active,kalshi,2026-09-30T13:38:10.499794+00:00
soccer,EPL,KXEPLGAME-26OCT10MUNTOT,KXEPLGAME-26OCT10MUNTOT-TOT,,Man United,Tottenham,2026-10-10T19:30:00Z,away,0.2,0.22,0.21000000000000002,0.02,252.02,1504.95,2962.13,583.78,2591.6,active,kalshi,2026-09-30T13:38:10.499794+00:00
soccer,EPL,KXEPLGAME-26OCT10MUNTOT,KXEPLGAME-26OCT10MUNTOT-TIE,,Man United,Tottenham,2026-10-10T19:30:00Z,draw,0.21,0.22,0.215,0.01,729.5,332.9,680.75,226.24,680.75,active,kalshi,2026-09-30T13:38:10.499794+00:00
soccer,EPL,KXEPLGAME-26OCT10MUNTOT,KXEPLGAME-26OCT10MUNTOT-MUN,,Man United,Tottenham,2026-10-10T19:30:00Z,home,0.56,0.58,0.5700000000000001,0.02,41.6,1484.29,7978.12,538.69,7127.86,active,kalshi,2026-09-30T13:38:10.499794+00:00
soccer,EPL,KXEPLGAME-26OCT10SUNBRI,KXEPLGAME-26OCT10SUNBRI-BRI,,Sunderland,Brighton,2026-10-10T17:00:00Z,away,0.4,0.41,0.405,0.01,118.44,105.0,6312.5,348.48,4934.64,active,kalshi,2026-09-30T13:38:10.499794+00:00
soccer,EPL,KXEPLGAME-26OCT10SUNBRI,KXEPLGAME-26OCT10SUNBRI-TIE,,Sunderland,Brighton,2026-10-10T17:00:00Z,draw,0.26,0.27,0.265,0.01,263.52,612.0,905.25,0.0,560.71,active,kalshi,2026-09-30T13:38:10.499794+00:00
soccer,EPL,KXEPLGAME-26OCT10SUNBRI,KXEPLGAME-26OCT10SUNBRI-SUN,,Sunderland,Brighton,2026-10-10T17:00:00Z,home,0.29,0.33,0.31,0.04,292.53,268.36,425.8,34.72,397.8,active,kalshi,2026-09-30T13:38:10.499794+00:00
soccer,EPL,KXEPLGAME-26OCT11CRYNFO,KXEPLGAME-26OCT11CRYNFO-NFO,,Crystal Palace,Nott'm Forest,2026-10-11T16:00:00Z,away,0.32,0.36,0.33999999999999997,0.04,800.95,1460.95,24.16,8.31,24.16,active,kalshi,2026-09-30T13:38:10.499794+00:00
soccer,EPL,KXEPLGAME-26OCT11CRYNFO,KXEPLGAME-26OCT11CRYNFO-TIE,,Crystal Palace,Nott'm Forest,2026-10-11T16:00:00Z,draw,0.28,0.29,0.28500000000000003,0.01,338.01,979.0,6.0,0.0,6.0,active,kalshi,2026-09-30T13:38:10.499794+00:00
soccer,EPL,KXEPLGAME-26OCT11CRYNFO,KXEPLGAME-26OCT11CRYNFO-CRY,,Crystal Palace,Nott'm Forest,2026-10-11T16:00:00Z,home,0.34,0.37,0.355,0.03,207.91,1482.94,149.93,12.0,149.93,active,kalshi,2026-09-30T13:38:10.499794+00:00
soccer,EPL,KXEPLGAME-26OCT11HULEVE,KXEPLGAME-26OCT11HULEVE-EVE,,Hull,Everton,2026-10-11T16:00:00Z,away,0.44,0.48,0.45999999999999996,0.04,875.48,3645.36,60.46,6.15,56.35,active,kalshi,2026-09-30T13:38:10.499794+00:00
soccer,EPL,KXEPLGAME-26OCT11HULEVE,KXEPLGAME-26OCT11HULEVE-TIE,,Hull,Everton,2026-10-11T16:00:00Z,draw,0.28,0.29,0.28500000000000003,0.01,338.37,2190.72,117.28,32.0,117.28,active,kalshi,2026-09-30T13:38:10.499794+00:00
soccer,EPL,KXEPLGAME-26OCT11HULEVE,KXEPLGAME-26OCT11HULEVE-HUL,,Hull,Everton,2026-10-11T16:00:00Z,home,0.23,0.27,0.25,0.04,887.39,5443.02,267.64,51.23,267.64,active,kalshi,2026-09-30T13:38:10.499794+00:00
soccer,EPL,KXEPLGAME-26OCT11LFCMCI,KXEPLGAME-26OCT11LFCMCI-MCI,,Liverpool,Man City,2026-10-11T18:30:00Z,away,0.38,0.39,0.385,0.01,86.31,1348.06,35008.37,21193.76,33340.43,active,kalshi,2026-09-30T13:38:10.499794+00:00
soccer,EPL,KXEPLGAME-26OCT11LFCMCI,KXEPLGAME-26OCT11LFCMCI-TIE,,Liverpool,Man City,2026-10-11T18:30:00Z,draw,0.25,0.26,0.255,0.01,228.8,5383.78,1184.46,530.83,1173.26,active,kalshi,2026-09-30T13:38:10.499794+00:00
soccer,EPL,KXEPLGAME-26OCT11LFCMCI,KXEPLGAME-26OCT11LFCMCI-LFC,,Liverpool,Man City,2026-10-11T18:30:00Z,home,0.36,0.38,0.37,0.02,727.82,209.84,13856.57,2725.94,12546.14,active,kalshi,2026-09-30T13:38:10.499794+00:00
soccer,EPL,KXEPLGAME-26OCT12COVNEW,KXEPLGAME-26OCT12COVNEW-NEW,,Coventry,Newcastle,2026-10-12T22:00:00Z,away,0.43,0.45,0.44,0.02,250.3,260.0,1415.21,92.81,1415.21,active,kalshi,2026-09-30T13:38:10.499794+00:00
soccer,EPL,KXEPLGAME-26OCT12COVNEW,KXEPLGAME-26OCT12COVNEW-TIE,,Coventry,Newcastle,2026-10-12T22:00:00Z,draw,0.25,0.28,0.265,0.03,257.34,5545.34,37.52,0.0,37.52,active,kalshi,2026-09-30T13:38:10.499794+00:00
soccer,EPL,KXEPLGAME-26OCT12COVNEW,KXEPLGAME-26OCT12COVNEW-COV,,Coventry,Newcastle,2026-10-12T22:00:00Z,home,0.28,0.3,0.29000000000000004,0.02,251.26,270.18,6.35,6.35,6.35,active,kalshi,2026-09-30T13:38:10.499794+00:00
soccer,EPL,KXEPLGAME-26OCT10ARSLEE,KXEPLGAME-26OCT10ARSLEE-LEE,,Arsenal,Leeds,2026-10-10T14:30:00Z,away,0.11,0.12,0.11499999999999999,0.01,4396.76,1379.17,7100.22,633.93,5447.97,active,kalshi,2026-09-30T14:06:18.311827+00:00
soccer,EPL,KXEPLGAME-26OCT10ARSLEE,KXEPLGAME-26OCT10ARSLEE-TIE,,Arsenal,Leeds,2026-10-10T14:30:00Z,draw,0.17,0.18,0.175,0.01,650.0,1479.08,578.3,221.2,561.3,active,kalshi,2026-09-30T14:06:18.311827+00:00
soccer,EPL,KXEPLGAME-26OCT10ARSLEE,KXEPLGAME-26OCT10ARSLEE-ARS,,Arsenal,Leeds,2026-10-10T14:30:00Z,home,0.72,0.73,0.725,0.01,434.51,26.14,22636.86,4596.79,18715.89,active,kalshi,2026-09-30T14:06:18.311827+00:00
soccer,EPL,KXEPLGAME-26OCT10AVLBRE,KXEPLGAME-26OCT10AVLBRE-BRE,,Aston Villa,Brentford,2026-10-10T17:00:00Z,away,0.35,0.38,0.365,0.03,203.46,1575.45,1392.84,70.28,1272.4,active,kalshi,2026-09-30T14:06:18.311827+00:00
soccer,EPL,KXEPLGAME-26OCT10AVLBRE,KXEPLGAME-26OCT10AVLBRE-TIE,,Aston Villa,Brentford,2026-10-10T17:00:00Z,draw,0.26,0.27,0.265,0.01,280.95,1982.0,855.94,0.0,852.94,active,kalshi,2026-09-30T14:06:18.311827+00:00
soccer,EPL,KXEPLGAME-26OCT10AVLBRE,KXEPLGAME-26OCT10AVLBRE-AVL,,Aston Villa,Brentford,2026-10-10T17:00:00Z,home,0.35,0.37,0.36,0.02,202.44,79.96,1299.21,227.35,1234.21,active,kalshi,2026-09-30T14:06:18.311827+00:00
soccer,EPL,KXEPLGAME-26OCT10CFCBOU,KXEPLGAME-26OCT10CFCBOU-BOU,,Chelsea,Bournemouth,2026-10-10T17:00:00Z,away,0.2,0.21,0.20500000000000002,0.01,191.05,2270.73,403.49,0.0,403.49,active,kalshi,2026-09-30T14:06:18.311827+00:00
soccer,EPL,KXEPLGAME-26OCT10CFCBOU,KXEPLGAME-26OCT10CFCBOU-TIE,,Chelsea,Bournemouth,2026-10-10T17:00:00Z,draw,0.22,0.23,0.225,0.01,872.61,821.75,615.38,46.0,613.38,active,kalshi,2026-09-30T14:06:18.311827+00:00
soccer,EPL,KXEPLGAME-26OCT10CFCBOU,KXEPLGAME-26OCT10CFCBOU-CFC,,Chelsea,Bournemouth,2026-10-10T17:00:00Z,home,0.56,0.57,0.565,0.01,17.82,171.5,15856.92,626.7,14557.2,active,kalshi,2026-09-30T14:06:18.311827+00:00
soccer,EPL,KXEPLGAME-26OCT10IPSFUL,KXEPLGAME-26OCT10IPSFUL-FUL,,Ipswich,Fulham,2026-10-10T17:00:00Z,away,0.36,0.39,0.375,0.03,196.78,1563.01,709.85,122.89,495.97,active,kalshi,2026-09-30T14:06:18.311827+00:00
soccer,EPL,KXEPLGAME-26OCT10IPSFUL,KXEPLGAME-26OCT10IPSFUL-TIE,,Ipswich,Fulham,2026-10-10T17:00:00Z,draw,0.26,0.28,0.27,0.02,438.53,5505.53,107.06,0.0,107.06,active,kalshi,2026-09-30T14:06:18.311827+00:00
soccer,EPL,KXEPLGAME-26OCT10IPSFUL,KXEPLGAME-26OCT10IPSFUL-IPS,,Ipswich,Fulham,2026-10-10T17:00:00Z,home,0.33,0.36,0.345,0.03,214.42,1517.42,270.34,56.31,270.34,active,kalshi,2026-09-30T14:06:18.311827+00:00
soccer,EPL,KXEPLGAME-26OCT10MUNTOT,KXEPLGAME-26OCT10MUNTOT-TOT,,Man United,Tottenham,2026-10-10T19:30:00Z,away,0.2,0.22,0.21000000000000002,0.02,252.02,2000.0,2962.13,583.78,2591.6,active,kalshi,2026-09-30T14:06:18.311827+00:00
soccer,EPL,KXEPLGAME-26OCT10MUNTOT,KXEPLGAME-26OCT10MUNTOT-TIE,,Man United,Tottenham,2026-10-10T19:30:00Z,draw,0.21,0.22,0.215,0.01,729.5,332.9,680.75,226.24,680.75,active,kalshi,2026-09-30T14:06:18.311827+00:00
soccer,EPL,KXEPLGAME-26OCT10MUNTOT,KXEPLGAME-26OCT10MUNTOT-MUN,,Man United,Tottenham,2026-10-10T19:30:00Z,home,0.56,0.58,0.5700000000000001,0.02,41.6,1484.46,7978.12,538.69,7127.86,active,kalshi,2026-09-30T14:06:18.311827+00:00
soccer,EPL,KXEPLGAME-26OCT10SUNBRI,KXEPLGAME-26OCT10SUNBRI-BRI,,Sunderland,Brighton,2026-10-10T17:00:00Z,away,0.4,0.41,0.405,0.01,118.44,105.0,6312.5,358.48,4934.64,active,kalshi,2026-09-30T14:06:18.311827+00:00
soccer,EPL,KXEPLGAME-26OCT10SUNBRI,KXEPLGAME-26OCT10SUNBRI-TIE,,Sunderland,Brighton,2026-10-10T17:00:00Z,draw,0.26,0.27,0.265,0.01,263.52,612.0,905.25,0.0,560.71,active,kalshi,2026-09-30T14:06:18.311827+00:00
soccer,EPL,KXEPLGAME-26OCT10SUNBRI,KXEPLGAME-26OCT10SUNBRI-SUN,,Sunderland,Brighton,2026-10-10T17:00:00Z,home,0.29,0.33,0.31,0.04,293.96,268.36,425.8,34.72,397.8,active,kalshi,2026-09-30T14:06:18.311827+00:00
soccer,EPL,KXEPLGAME-26OCT11CRYNFO,KXEPLGAME-26OCT11CRYNFO-NFO,,Crystal Palace,Nott'm Forest,2026-10-11T16:00:00Z,away,0.32,0.36,0.33999999999999997,0.04,800.95,1460.95,24.16,8.31,24.16,active,kalshi,2026-09-30T14:06:18.311827+00:00
soccer,EPL,KXEPLGAME-26OCT11CRYNFO,KXEPLGAME-26OCT11CRYNFO-TIE,,Crystal Palace,Nott'm Forest,2026-10-11T16:00:00Z,draw,0.28,0.29,0.28500000000000003,0.01,338.01,979.0,6.0,0.0,6.0,active,kalshi,2026-09-30T14:06:18.311827+00:00
soccer,EPL,KXEPLGAME-26OCT11CRYNFO,KXEPLGAME-26OCT11CRYNFO-CRY,,Crystal Palace,Nott'm Forest,2026-10-11T16:00:00Z,home,0.34,0.37,0.355,0.03,207.91,1482.94,149.93,12.0,149.93,active,kalshi,2026-09-30T14:06:18.311827+00:00
soccer,EPL,KXEPLGAME-26OCT11HULEVE,KXEPLGAME-26OCT11HULEVE-EVE,,Hull,Everton,2026-10-11T16:00:00Z,away,0.44,0.48,0.45999999999999996,0.04,875.48,3645.36,60.46,6.15,56.35,active,kalshi,2026-09-30T14:06:18.311827+00:00
soccer,EPL,KXEPLGAME-26OCT11HULEVE,KXEPLGAME-26OCT11HULEVE-TIE,,Hull,Everton,2026-10-11T16:00:00Z,draw,0.28,0.29,0.28500000000000003,0.01,338.37,2190.72,117.28,32.0,117.28,active,kalshi,2026-09-30T14:06:18.311827+00:00
soccer,EPL,KXEPLGAME-26OCT11HULEVE,KXEPLGAME-26OCT11HULEVE-HUL,,Hull,Everton,2026-10-11T16:00:00Z,home,0.23,0.27,0.25,0.04,887.39,5443.02,267.64,51.23,267.64,active,kalshi,2026-09-30T14:06:18.311827+00:00
soccer,EPL,KXEPLGAME-26OCT11LFCMCI,KXEPLGAME-26OCT11LFCMCI-MCI,,Liverpool,Man City,2026-10-11T18:30:00Z,away,0.38,0.39,0.385,0.01,136.43,1389.33,35045.96,20512.84,33356.02,active,kalshi,2026-09-30T14:06:18.311827+00:00
soccer,EPL,KXEPLGAME-26OCT11LFCMCI,KXEPLGAME-26OCT11LFCMCI-TIE,,Liverpool,Man City,2026-10-11T18:30:00Z,draw,0.25,0.26,0.255,0.01,228.8,5383.56,1184.46,530.83,1173.26,active,kalshi,2026-09-30T14:06:18.311827+00:00
soccer,EPL,KXEPLGAME-26OCT11LFCMCI,KXEPLGAME-26OCT11LFCMCI-LFC,,Liverpool,Man City,2026-10-11T18:30:00Z,home,0.36,0.38,0.37,0.02,728.22,207.84,13858.57,2727.94,12548.14,active,kalshi,2026-09-30T14:06:18.311827+00:00
soccer,EPL,KXEPLGAME-26OCT12COVNEW,KXEPLGAME-26OCT12COVNEW-NEW,,Coventry,Newcastle,2026-10-12T22:00:00Z,away,0.43,0.45,0.44,0.02,250.3,318.92,1415.21,92.81,1415.21,active,kalshi,2026-09-30T14:06:18.311827+00:00
soccer,EPL,KXEPLGAME-26OCT12COVNEW,KXEPLGAME-26OCT12COVNEW-TIE,,Coventry,Newcastle,2026-10-12T22:00:00Z,draw,0.25,0.28,0.265,0.03,257.34,5545.34,37.52,0.0,37.52,active,kalshi,2026-09-30T14:06:18.311827+00:00
soccer,EPL,KXEPLGAME-26OCT12COVNEW,KXEPLGAME-26OCT12COVNEW-COV,,Coventry,Newcastle,2026-10-12T22:00:00Z,home,0.28,0.3,0.29000000000000004,0.02,251.26,270.18,6.35,6.35,6.35,active,kalshi,2026-09-30T14:06:18.311827+00:00
soccer,EPL,KXEPLGAME-26OCT10ARSLEE,KXEPLGAME-26OCT10ARSLEE-LEE,,Arsenal,Leeds,2026-10-10T14:30:00Z,away,0.11,0.12,0.11499999999999999,0.01,4396.76,1379.17,7100.22,627.93,5447.97,active,kalshi,2026-09-30T14:41:06.421637+00:00
soccer,EPL,KXEPLGAME-26OCT10ARSLEE,KXEPLGAME-26OCT10ARSLEE-TIE,,Arsenal,Leeds,2026-10-10T14:30:00Z,draw,0.17,0.18,0.175,0.01,650.0,1471.65,578.3,221.2,561.3,active,kalshi,2026-09-30T14:41:06.421637+00:00
soccer,EPL,KXEPLGAME-26OCT10ARSLEE,KXEPLGAME-26OCT10ARSLEE-ARS,,Arsenal,Leeds,2026-10-10T14:30:00Z,home,0.73,0.74,0.735,0.01,49.6,5401.29,22715.19,4636.12,18794.22,active,kalshi,2026-09-30T14:41:06.421637+00:00
soccer,EPL,KXEPLGAME-26OCT10AVLBRE,KXEPLGAME-26OCT10AVLBRE-BRE,,Aston Villa,Brentford,2026-10-10T17:00:00Z,away,0.35,0.38,0.365,0.03,203.46,1638.01,1443.28,120.72,1322.84,active,kalshi,2026-09-30T14:41:06.421637+00:00
soccer,EPL,KXEPLGAME-26OCT10AVLBRE,KXEPLGAME-26OCT10AVLBRE-TIE,,Aston Villa,Brentford,2026-10-10T17:00:00Z,draw,0.26,0.27,0.265,0.01,280.95,1982.0,855.94,0.0,852.94,active,kalshi,2026-09-30T14:41:06.421637+00:00
soccer,EPL,KXEPLGAME-26OCT10AVLBRE,KXEPLGAME-26OCT10AVLBRE-AVL,,Aston Villa,Brentford,2026-10-10T17:00:00Z,home,0.35,0.37,0.36,0.02,202.44,127.96,1299.21,227.35,1234.21,active,kalshi,2026-09-30T14:41:06.421637+00:00
soccer,EPL,KXEPLGAME-26OCT10CFCBOU,KXEPLGAME-26OCT10CFCBOU-BOU,,Chelsea,Bournemouth,2026-10-10T17:00:00Z,away,0.2,0.21,0.20500000000000002,0.01,191.05,2270.73,403.49,0.0,403.49,active,kalshi,2026-09-30T14:41:06.421637+00:00
soccer,EPL,KXEPLGAME-26OCT10CFCBOU,KXEPLGAME-26OCT10CFCBOU-TIE,,Chelsea,Bournemouth,2026-10-10T17:00:00Z,draw,0.22,0.23,0.225,0.01,872.61,821.75,615.38,46.0,613.38,active,kalshi,2026-09-30T14:41:06.421637+00:00
soccer,EPL,KXEPLGAME-26OCT10CFCBOU,KXEPLGAME-26OCT10CFCBOU-CFC,,Chelsea,Bournemouth,2026-10-10T17:00:00Z,home,0.56,0.57,0.565,0.01,17.82,171.5,15856.92,626.7,14557.2,active,kalshi,2026-09-30T14:41:06.421637+00:00
soccer,EPL,KXEPLGAME-26OCT10IPSFUL,KXEPLGAME-26OCT10IPSFUL-FUL,,Ipswich,Fulham,2026-10-10T17:00:00Z,away,0.36,0.39,0.375,0.03,196.78,1550.72,722.14,135.18,508.26,active,kalshi,2026-09-30T14:41:06.421637+00:00
soccer,EPL,KXEPLGAME-26OCT10IPSFUL,KXEPLGAME-26OCT10IPSFUL-TIE,,Ipswich,Fulham,2026-10-10T17:00:00Z,draw,0.26,0.28,0.27,0.02,438.53,5505.53,107.06,0.0,107.06,active,kalshi,2026-09-30T14:41:06.421637+00:00
soccer,EPL,KXEPLGAME-26OCT10IPSFUL,KXEPLGAME-26OCT10IPSFUL-IPS,,Ipswich,Fulham,2026-10-10T17:00:00Z,home,0.33,0.36,0.345,0.03,214.42,1517.42,270.34,56.31,270.34,active,kalshi,2026-09-30T14:41:06.421637+00:00
soccer,EPL,KXEPLGAME-26OCT10MUNTOT,KXEPLGAME-26OCT10MUNTOT-TOT,,Man United,Tottenham,2026-10-10T19:30:00Z,away,0.21,0.22,0.215,0.01,28.0,2030.0,2966.44,584.09,2595.91,active,kalshi,2026-09-30T14:41:06.421637+00:00
soccer,EPL,KXEPLGAME-26OCT10MUNTOT,KXEPLGAME-26OCT10MUNTOT-TIE,,Man United,Tottenham,2026-10-10T19:30:00Z,draw,0.21,0.22,0.215,0.01,729.5,332.9,680.75,226.24,680.75,active,kalshi,2026-09-30T14:41:06.421637+00:00
soccer,EPL,KXEPLGAME-26OCT10MUNTOT,KXEPLGAME-26OCT10MUNTOT-MUN,,Man United,Tottenham,2026-10-10T19:30:00Z,home,0.56,0.57,0.565,0.01,49.17,25.08,8019.99,492.66,7169.73,active,kalshi,2026-09-30T14:41:06.421637+00:00
soccer,EPL,KXEPLGAME-26OCT10SUNBRI,KXEPLGAME-26OCT10SUNBRI-BRI,,Sunderland,Brighton,2026-10-10T17:00:00Z,away,0.4,0.41,0.405,0.01,118.44,115.0,6337.21,359.19,4959.35,active,kalshi,2026-09-30T14:41:06.421637+00:00
soccer,EPL,KXEPLGAME-26OCT10SUNBRI,KXEPLGAME-26OCT10SUNBRI-TIE,,Sunderland,Brighton,2026-10-10T17:00:00Z,draw,0.26,0.27,0.265,0.01,263.52,612.0,905.25,0.0,560.71,active,kalshi,2026-09-30T14:41:06.421637+00:00
soccer,EPL,KXEPLGAME-26OCT10SUNBRI,KXEPLGAME-26OCT10SUNBRI-SUN,,Sunderland,Brighton,2026-10-10T17:00:00Z,home,0.29,0.33,0.31,0.04,293.96,268.36,425.8,34.72,397.8,active,kalshi,2026-09-30T14:41:06.421637+00:00
soccer,EPL,KXEPLGAME-26OCT11CRYNFO,KXEPLGAME-26OCT11CRYNFO-NFO,,Crystal Palace,Nott'm Forest,2026-10-11T16:00:00Z,away,0.32,0.36,0.33999999999999997,0.04,252.91,1460.92,24.16,8.31,24.16,active,kalshi,2026-09-30T14:41:06.421637+00:00
soccer,EPL,KXEPLGAME-26OCT11CRYNFO,KXEPLGAME-26OCT11CRYNFO-TIE,,Crystal Palace,Nott'm Forest,2026-10-11T16:00:00Z,draw,0.28,0.29,0.28500000000000003,0.01,338.01,979.0,6.0,0.0,6.0,active,kalshi,2026-09-30T14:41:06.421637+00:00
soccer,EPL,KXEPLGAME-26OCT11CRYNFO,KXEPLGAME-26OCT11CRYNFO-CRY,,Crystal Palace,Nott'm Forest,2026-10-11T16:00:00Z,home,0.34,0.36,0.35,0.02,207.91,118.06,149.93,12.0,149.93,active,kalshi,2026-09-30T14:41:06.421637+00:00
soccer,EPL,KXEPLGAME-26OCT11HULEVE,KXEPLGAME-26OCT11HULEVE-EVE,,Hull,Everton,2026-10-11T16:00:00Z,away,0.44,0.48,0.45999999999999996,0.04,875.48,3645.36,60.46,6.15,56.35,active,kalshi,2026-09-30T14:41:06.421637+00:00
soccer,EPL,KXEPLGAME-26OCT11HULEVE,KXEPLGAME-26OCT11HULEVE-TIE,,Hull,Everton,2026-10-11T16:00:00Z,draw,0.28,0.29,0.28500000000000003,0.01,338.37,2190.72,117.28,32.0,117.28,active,kalshi,2026-09-30T14:41:06.421637+00:00
soccer,EPL,KXEPLGAME-26OCT11HULEVE,KXEPLGAME-26OCT11HULEVE-HUL,,Hull,Everton,2026-10-11T16:00:00Z,home,0.23,0.27,0.25,0.04,887.39,5443.02,267.64,51.23,267.64,active,kalshi,2026-09-30T14:41:06.421637+00:00
soccer,EPL,KXEPLGAME-26OCT11LFCMCI,KXEPLGAME-26OCT11LFCMCI-MCI,,Liverpool,Man City,2026-10-11T18:30:00Z,away,0.38,0.39,0.385,0.01,90.01,1275.23,35100.06,20446.02,33410.12,active,kalshi,2026-09-30T14:41:06.421637+00:00
soccer,EPL,KXEPLGAME-26OCT11LFCMCI,KXEPLGAME-26OCT11LFCMCI-TIE,,Liverpool,Man City,2026-10-11T18:30:00Z,draw,0.25,0.26,0.255,0.01,228.8,5383.31,1187.46,533.83,1176.26,active,kalshi,2026-09-30T14:41:06.421637+00:00
soccer,EPL,KXEPLGAME-26OCT11LFCMCI,KXEPLGAME-26OCT11LFCMCI-LFC,,Liverpool,Man City,2026-10-11T18:30:00Z,home,0.36,0.38,0.37,0.02,651.82,223.41,13858.57,2727.94,12548.14,active,kalshi,2026-09-30T14:41:06.421637+00:00
soccer,EPL,KXEPLGAME-26OCT12COVNEW,KXEPLGAME-26OCT12COVNEW-NEW,,Coventry,Newcastle,2026-10-12T22:00:00Z,away,0.43,0.45,0.44,0.02,250.3,318.92,1415.21,92.81,1415.21,active,kalshi,2026-09-30T14:41:06.421637+00:00
soccer,EPL,KXEPLGAME-26OCT12COVNEW,KXEPLGAME-26OCT12COVNEW-TIE,,Coventry,Newcastle,2026-10-12T22:00:00Z,draw,0.25,0.28,0.265,0.03,257.34,5545.34,37.52,0.0,37.52,active,kalshi,2026-09-30T14:41:06.421637+00:00
soccer,EPL,KXEPLGAME-26OCT12COVNEW,KXEPLGAME-26OCT12COVNEW-COV,,Coventry,Newcastle,2026-10-12T22:00:00Z,home,0.28,0.3,0.29000000000000004,0.02,251.26,182.76,6.35,6.35,6.35,active,kalshi,2026-09-30T14:41:06.421637+00:00
soccer,EPL,KXEPLGAME-26OCT10ARSLEE,KXEPLGAME-26OCT10ARSLEE-LEE,,Arsenal,Leeds,2026-10-10T14:30:00Z,away,0.11,0.12,0.11499999999999999,0.01,4396.76,1379.17,7100.22,627.93,5447.97,active,kalshi,2026-09-30T15:07:20.311861+00:00
soccer,EPL,KXEPLGAME-26OCT10ARSLEE,KXEPLGAME-26OCT10ARSLEE-TIE,,Arsenal,Leeds,2026-10-10T14:30:00Z,draw,0.17,0.18,0.175,0.01,650.0,1471.65,578.3,221.2,561.3,active,kalshi,2026-09-30T15:07:20.311861+00:00
soccer,EPL,KXEPLGAME-26OCT10ARSLEE,KXEPLGAME-26OCT10ARSLEE-ARS,,Arsenal,Leeds,2026-10-10T14:30:00Z,home,0.73,0.74,0.735,0.01,49.6,5373.32,22748.36,4691.29,18827.39,active,kalshi,2026-09-30T15:07:20.311861+00:00
soccer,EPL,KXEPLGAME-26OCT10AVLBRE,KXEPLGAME-26OCT10AVLBRE-BRE,,Aston Villa,Brentford,2026-10-10T17:00:00Z,away,0.35,0.38,0.365,0.03,203.46,1638.01,1443.28,120.72,1322.84,active,kalshi,2026-09-30T15:07:20.311861+00:00
soccer,EPL,KXEPLGAME-26OCT10AVLBRE,KXEPLGAME-26OCT10AVLBRE-TIE,,Aston Villa,Brentford,2026-10-10T17:00:00Z,draw,0.26,0.27,0.265,0.01,280.95,1982.0,855.94,0.0,852.94,active,kalshi,2026-09-30T15:07:20.311861+00:00
soccer,EPL,KXEPLGAME-26OCT10AVLBRE,KXEPLGAME-26OCT10AVLBRE-AVL,,Aston Villa,Brentford,2026-10-10T17:00:00Z,home,0.35,0.37,0.36,0.02,202.44,127.96,1299.21,227.35,1234.21,active,kalshi,2026-09-30T15:07:20.311861+00:00
soccer,EPL,KXEPLGAME-26OCT10CFCBOU,KXEPLGAME-26OCT10CFCBOU-BOU,,Chelsea,Bournemouth,2026-10-10T17:00:00Z,away,0.2,0.21,0.20500000000000002,0.01,191.05,2270.73,403.49,0.0,403.49,active,kalshi,2026-09-30T15:07:20.311861+00:00
soccer,EPL,KXEPLGAME-26OCT10CFCBOU,KXEPLGAME-26OCT10CFCBOU-TIE,,Chelsea,Bournemouth,2026-10-10T17:00:00Z,draw,0.22,0.23,0.225,0.01,872.61,821.75,615.38,46.0,613.38,active,kalshi,2026-09-30T15:07:20.311861+00:00
soccer,EPL,KXEPLGAME-26OCT10CFCBOU,KXEPLGAME-26OCT10CFCBOU-CFC,,Chelsea,Bournemouth,2026-10-10T17:00:00Z,home,0.55,0.57,0.56,0.02,946.15,193.5,15941.66,710.44,14507.01,active,kalshi,2026-09-30T15:07:20.311861+00:00
soccer,EPL,KXEPLGAME-26OCT10IPSFUL,KXEPLGAME-26OCT10IPSFUL-FUL,,Ipswich,Fulham,2026-10-10T17:00:00Z,away,0.36,0.39,0.375,0.03,196.78,1550.72,722.14,132.77,508.26,active,kalshi,2026-09-30T15:07:20.311861+00:00
soccer,EPL,KXEPLGAME-26OCT10IPSFUL,KXEPLGAME-26OCT10IPSFUL-TIE,,Ipswich,Fulham,2026-10-10T17:00:00Z,draw,0.26,0.28,0.27,0.02,438.53,5505.53,107.06,0.0,107.06,active,kalshi,2026-09-30T15:07:20.311861+00:00
soccer,EPL,KXEPLGAME-26OCT10IPSFUL,KXEPLGAME-26OCT10IPSFUL-IPS,,Ipswich,Fulham,2026-10-10T17:00:00Z,home,0.33,0.36,0.345,0.03,214.42,1517.42,270.34,31.31,270.34,active,kalshi,2026-09-30T15:07:20.311861+00:00
soccer,EPL,KXEPLGAME-26OCT10MUNTOT,KXEPLGAME-26OCT10MUNTOT-TOT,,Man United,Tottenham,2026-10-10T19:30:00Z,away,0.21,0.22,0.215,0.01,28.0,1900.7,3095.74,650.84,2716.14,active,kalshi,2026-09-30T15:07:20.311861+00:00
soccer,EPL,KXEPLGAME-26OCT10MUNTOT,KXEPLGAME-26OCT10MUNTOT-TIE,,Man United,Tottenham,2026-10-10T19:30:00Z,draw,0.21,0.22,0.215,0.01,729.5,332.9,680.75,122.24,680.75,active,kalshi,2026-09-30T15:07:20.311861+00:00
soccer,EPL,KXEPLGAME-26OCT10MUNTOT,KXEPLGAME-26OCT10MUNTOT-MUN,,Man United,Tottenham,2026-10-10T19:30:00Z,home,0.56,0.58,0.5700000000000001,0.02,64.08,1563.66,8036.73,509.4,7186.47,active,kalshi,2026-09-30T15:07:20.311861+00:00
soccer,EPL,KXEPLGAME-26OCT10SUNBRI,KXEPLGAME-26OCT10SUNBRI-BRI,,Sunderland,Brighton,2026-10-10T17:00:00Z,away,0.4,0.41,0.405,0.01,118.44,115.0,6425.21,444.94,5047.35,active,kalshi,2026-09-30T15:07:20.311861+00:00
soccer,EPL,KXEPLGAME-26OCT10SUNBRI,KXEPLGAME-26OCT10SUNBRI-TIE,,Sunderland,Brighton,2026-10-10T17:00:00Z,draw,0.26,0.27,0.265,0.01,263.52,612.0,905.25,0.0,560.71,active,kalshi,2026-09-30T15:07:20.311861+00:00
soccer,EPL,KXEPLGAME-26OCT10SUNBRI,KXEPLGAME-26OCT10SUNBRI-SUN,,Sunderland,Brighton,2026-10-10T17:00:00Z,home,0.29,0.33,0.31,0.04,293.96,268.36,425.8,34.72,397.8,active,kalshi,2026-09-30T15:07:20.311861+00:00
soccer,EPL,KXEPLGAME-26OCT11CRYNFO,KXEPLGAME-26OCT11CRYNFO-NFO,,Crystal Palace,Nott'm Forest,2026-10-11T16:00:00Z,away,0.32,0.36,0.33999999999999997,0.04,252.91,1460.92,24.16,8.31,24.16,active,kalshi,2026-09-30T15:07:20.311861+00:00
soccer,EPL,KXEPLGAME-26OCT11CRYNFO,KXEPLGAME-26OCT11CRYNFO-TIE,,Crystal Palace,Nott'm Forest,2026-10-11T16:00:00Z,draw,0.28,0.29,0.28500000000000003,0.01,338.01,979.0,6.0,0.0,6.0,active,kalshi,2026-09-30T15:07:20.311861+00:00
soccer,EPL,KXEPLGAME-26OCT11CRYNFO,KXEPLGAME-26OCT11CRYNFO-CRY,,Crystal Palace,Nott'm Forest,2026-10-11T16:00:00Z,home,0.34,0.36,0.35,0.02,207.91,118.06,149.93,12.0,149.93,active,kalshi,2026-09-30T15:07:20.311861+00:00
soccer,EPL,KXEPLGAME-26OCT11HULEVE,KXEPLGAME-26OCT11HULEVE-EVE,,Hull,Everton,2026-10-11T16:00:00Z,away,0.44,0.48,0.45999999999999996,0.04,875.48,3645.36,60.46,6.15,56.35,active,kalshi,2026-09-30T15:07:20.311861+00:00
soccer,EPL,KXEPLGAME-26OCT11HULEVE,KXEPLGAME-26OCT11HULEVE-TIE,,Hull,Everton,2026-10-11T16:00:00Z,draw,0.28,0.29,0.28500000000000003,0.01,338.37,2190.72,117.28,0.0,117.28,active,kalshi,2026-09-30T15:07:20.311861+00:00
soccer,EPL,KXEPLGAME-26OCT11HULEVE,KXEPLGAME-26OCT11HULEVE-HUL,,Hull,Everton,2026-10-11T16:00:00Z,home,0.23,0.27,0.25,0.04,887.39,5443.02,267.64,51.23,267.64,active,kalshi,2026-09-30T15:07:20.311861+00:00
soccer,EPL,KXEPLGAME-26OCT11LFCMCI,KXEPLGAME-26OCT11LFCMCI-MCI,,Liverpool,Man City,2026-10-11T18:30:00Z,away,0.38,0.39,0.385,0.01,145.04,1276.93,35100.06,20415.68,33410.12,active,kalshi,2026-09-30T15:07:20.311861+00:00
soccer,EPL,KXEPLGAME-26OCT11LFCMCI,KXEPLGAME-26OCT11LFCMCI-TIE,,Liverpool,Man City,2026-10-11T18:30:00Z,draw,0.25,0.26,0.255,0.01,228.8,5383.64,1187.46,533.83,1176.26,active,kalshi,2026-09-30T15:07:20.311861+00:00
soccer,EPL,KXEPLGAME-26OCT11LFCMCI,KXEPLGAME-26OCT11LFCMCI-LFC,,Liverpool,Man City,2026-10-11T18:30:00Z,home,0.36,0.38,0.37,0.02,651.82,223.41,13858.57,2701.94,12548.14,active,kalshi,2026-09-30T15:07:20.311861+00:00
soccer,EPL,KXEPLGAME-26OCT12COVNEW,KXEPLGAME-26OCT12COVNEW-NEW,,Coventry,Newcastle,2026-10-12T22:00:00Z,away,0.43,0.45,0.44,0.02,250.3,318.92,1415.21,90.75,1415.21,active,kalshi,2026-09-30T15:07:20.311861+00:00
soccer,EPL,KXEPLGAME-26OCT12COVNEW,KXEPLGAME-26OCT12COVNEW-TIE,,Coventry,Newcastle,2026-10-12T22:00:00Z,draw,0.25,0.28,0.265,0.03,257.34,5545.34,37.52,0.0,37.52,active,kalshi,2026-09-30T15:07:20.311861+00:00
soccer,EPL,KXEPLGAME-26OCT12COVNEW,KXEPLGAME-26OCT12COVNEW-COV,,Coventry,Newcastle,2026-10-12T22:00:00Z,home,0.28,0.3,0.29000000000000004,0.02,251.26,182.76,6.35,6.35,6.35,active,kalshi,2026-09-30T15:07:20.311861+00:00
soccer,EPL,KXEPLGAME-26OCT10ARSLEE,KXEPLGAME-26OCT10ARSLEE-LEE,,Arsenal,Leeds,2026-10-10T14:30:00Z,away,0.11,0.12,0.11499999999999999,0.01,4396.76,1379.17,7100.22,625.93,5447.97,active,kalshi,2026-09-30T15:40:35.404651+00:00
soccer,EPL,KXEPLGAME-26OCT10ARSLEE,KXEPLGAME-26OCT10ARSLEE-TIE,,Arsenal,Leeds,2026-10-10T14:30:00Z,draw,0.17,0.18,0.175,0.01,650.0,1465.57,578.3,221.2,561.3,active,kalshi,2026-09-30T15:40:35.404651+00:00
soccer,EPL,KXEPLGAME-26OCT10ARSLEE,KXEPLGAME-26OCT10ARSLEE-ARS,,Arsenal,Leeds,2026-10-10T14:30:00Z,home,0.73,0.74,0.735,0.01,49.6,5373.32,22748.36,4691.29,18827.39,active,kalshi,2026-09-30T15:40:35.404651+00:00
soccer,EPL,KXEPLGAME-26OCT10AVLBRE,KXEPLGAME-26OCT10AVLBRE-BRE,,Aston Villa,Brentford,2026-10-10T17:00:00Z,away,0.35,0.38,0.365,0.03,203.46,1638.01,1443.28,120.72,1322.84,active,kalshi,2026-09-30T15:40:35.404651+00:00
soccer,EPL,KXEPLGAME-26OCT10AVLBRE,KXEPLGAME-26OCT10AVLBRE-TIE,,Aston Villa,Brentford,2026-10-10T17:00:00Z,draw,0.26,0.27,0.265,0.01,280.95,1982.0,855.94,0.0,852.94,active,kalshi,2026-09-30T15:40:35.404651+00:00
soccer,EPL,KXEPLGAME-26OCT10AVLBRE,KXEPLGAME-26OCT10AVLBRE-AVL,,Aston Villa,Brentford,2026-10-10T17:00:00Z,home,0.35,0.37,0.36,0.02,202.44,127.96,1299.21,227.35,1234.21,active,kalshi,2026-09-30T15:40:35.404651+00:00
soccer,EPL,KXEPLGAME-26OCT10CFCBOU,KXEPLGAME-26OCT10CFCBOU-BOU,,Chelsea,Bournemouth,2026-10-10T17:00:00Z,away,0.2,0.21,0.20500000000000002,0.01,19.6,2270.73,403.49,0.0,403.49,active,kalshi,2026-09-30T15:40:35.404651+00:00
soccer,EPL,KXEPLGAME-26OCT10CFCBOU,KXEPLGAME-26OCT10CFCBOU-TIE,,Chelsea,Bournemouth,2026-10-10T17:00:00Z,draw,0.22,0.23,0.225,0.01,913.75,821.75,615.38,46.0,613.38,active,kalshi,2026-09-30T15:40:35.404651+00:00
soccer,EPL,KXEPLGAME-26OCT10CFCBOU,KXEPLGAME-26OCT10CFCBOU-CFC,,Chelsea,Bournemouth,2026-10-10T17:00:00Z,home,0.55,0.58,0.565,0.03,995.27,234.71,15941.66,710.44,14507.01,active,kalshi,2026-09-30T15:40:35.404651+00:00
soccer,EPL,KXEPLGAME-26OCT10IPSFUL,KXEPLGAME-26OCT10IPSFUL-FUL,,Ipswich,Fulham,2026-10-10T17:00:00Z,away,0.36,0.39,0.375,0.03,196.78,1550.72,722.14,132.77,508.26,active,kalshi,2026-09-30T15:40:35.404651+00:00
soccer,EPL,KXEPLGAME-26OCT10IPSFUL,KXEPLGAME-26OCT10IPSFUL-TIE,,Ipswich,Fulham,2026-10-10T17:00:00Z,draw,0.26,0.28,0.27,0.02,438.53,5539.53,107.06,0.0,107.06,active,kalshi,2026-09-30T15:40:35.404651+00:00
soccer,EPL,KXEPLGAME-26OCT10IPSFUL,KXEPLGAME-26OCT10IPSFUL-IPS,,Ipswich,Fulham,2026-10-10T17:00:00Z,home,0.33,0.36,0.345,0.03,214.42,1517.36,270.34,31.31,270.34,active,kalshi,2026-09-30T15:40:35.404651+00:00
soccer,EPL,KXEPLGAME-26OCT10MUNTOT,KXEPLGAME-26OCT10MUNTOT-TOT,,Man United,Tottenham,2026-10-10T19:30:00Z,away,0.21,0.22,0.215,0.01,28.0,1474.84,3095.74,672.39,2716.14,active,kalshi,2026-09-30T15:40:35.404651+00:00
soccer,EPL,KXEPLGAME-26OCT10MUNTOT,KXEPLGAME-26OCT10MUNTOT-TIE,,Man United,Tottenham,2026-10-10T19:30:00Z,draw,0.21,0.22,0.215,0.01,729.5,332.9,680.75,122.24,680.75,active,kalshi,2026-09-30T15:40:35.404651+00:00
soccer,EPL,KXEPLGAME-26OCT10MUNTOT,KXEPLGAME-26OCT10MUNTOT-MUN,,Man United,Tottenham,2026-10-10T19:30:00Z,home,0.56,0.57,0.565,0.01,65.86,25.45,8036.73,345.4,7186.47,active,kalshi,2026-09-30T15:40:35.404651+00:00
soccer,EPL,KXEPLGAME-26OCT10SUNBRI,KXEPLGAME-26OCT10SUNBRI-BRI,,Sunderland,Brighton,2026-10-10T17:00:00Z,away,0.4,0.41,0.405,0.01,118.44,115.0,6425.21,444.94,5047.35,active,kalshi,2026-09-30T15:40:35.404651+00:00
soccer,EPL,KXEPLGAME-26OCT10SUNBRI,KXEPLGAME-26OCT10SUNBRI-TIE,,Sunderland,Brighton,2026-10-10T17:00:00Z,draw,0.26,0.27,0.265,0.01,263.52,612.0,905.25,0.0,560.71,active,kalshi,2026-09-30T15:40:35.404651+00:00
soccer,EPL,KXEPLGAME-26OCT10SUNBRI,KXEPLGAME-26OCT10SUNBRI-SUN,,Sunderland,Brighton,2026-10-10T17:00:00Z,home,0.29,0.33,0.31,0.04,294.05,268.36,425.8,34.72,397.8,active,kalshi,2026-09-30T15:40:35.404651+00:00
soccer,EPL,KXEPLGAME-26OCT11CRYNFO,KXEPLGAME-26OCT11CRYNFO-NFO,,Crystal Palace,Nott'm Forest,2026-10-11T16:00:00Z,away,0.32,0.36,0.33999999999999997,0.04,252.91,1460.92,24.16,8.31,24.16,active,kalshi,2026-09-30T15:40:35.404651+00:00
soccer,EPL,KXEPLGAME-26OCT11CRYNFO,KXEPLGAME-26OCT11CRYNFO-TIE,,Crystal Palace,Nott'm Forest,2026-10-11T16:00:00Z,draw,0.28,0.29,0.28500000000000003,0.01,338.01,979.0,6.0,0.0,6.0,active,kalshi,2026-09-30T15:40:35.404651+00:00
soccer,EPL,KXEPLGAME-26OCT11CRYNFO,KXEPLGAME-26OCT11CRYNFO-CRY,,Crystal Palace,Nott'm Forest,2026-10-11T16:00:00Z,home,0.34,0.36,0.35,0.02,207.91,118.06,149.93,12.0,149.93,active,kalshi,2026-09-30T15:40:35.404651+00:00
soccer,EPL,KXEPLGAME-26OCT11HULEVE,KXEPLGAME-26OCT11HULEVE-EVE,,Hull,Everton,2026-10-11T16:00:00Z,away,0.44,0.48,0.45999999999999996,0.04,875.48,3645.36,60.46,6.15,56.35,active,kalshi,2026-09-30T15:40:35.404651+00:00
soccer,EPL,KXEPLGAME-26OCT11HULEVE,KXEPLGAME-26OCT11HULEVE-TIE,,Hull,Everton,2026-10-11T16:00:00Z,draw,0.28,0.29,0.28500000000000003,0.01,338.35,2208.72,117.28,0.0,117.28,active,kalshi,2026-09-30T15:40:35.404651+00:00
soccer,EPL,KXEPLGAME-26OCT11HULEVE,KXEPLGAME-26OCT11HULEVE-HUL,,Hull,Everton,2026-10-11T16:00:00Z,home,0.23,0.27,0.25,0.04,887.39,5443.02,267.64,51.23,267.64,active,kalshi,2026-09-30T15:40:35.404651+00:00
soccer,EPL,KXEPLGAME-26OCT11LFCMCI,KXEPLGAME-26OCT11LFCMCI-MCI,,Liverpool,Man City,2026-10-11T18:30:00Z,away,0.37,0.38,0.375,0.01,945.56,81.95,35217.24,19901.09,33292.94,active,kalshi,2026-09-30T15:40:35.404651+00:00
soccer,EPL,KXEPLGAME-26OCT11LFCMCI,KXEPLGAME-26OCT11LFCMCI-TIE,,Liverpool,Man City,2026-10-11T18:30:00Z,draw,0.25,0.26,0.255,0.01,228.8,5364.5,1187.46,531.83,1176.26,active,kalshi,2026-09-30T15:40:35.404651+00:00
soccer,EPL,KXEPLGAME-26OCT11LFCMCI,KXEPLGAME-26OCT11LFCMCI-LFC,,Liverpool,Man City,2026-10-11T18:30:00Z,home,0.37,0.38,0.375,0.01,115.61,131.47,13883.79,2720.16,12573.36,active,kalshi,2026-09-30T15:40:35.404651+00:00
soccer,EPL,KXEPLGAME-26OCT12COVNEW,KXEPLGAME-26OCT12COVNEW-NEW,,Coventry,Newcastle,2026-10-12T22:00:00Z,away,0.43,0.45,0.44,0.02,250.3,136.0,1415.21,90.75,1415.21,active,kalshi,2026-09-30T15:40:35.404651+00:00
soccer,EPL,KXEPLGAME-26OCT12COVNEW,KXEPLGAME-26OCT12COVNEW-TIE,,Coventry,Newcastle,2026-10-12T22:00:00Z,draw,0.25,0.28,0.265,0.03,257.34,5545.34,37.52,0.0,37.52,active,kalshi,2026-09-30T15:40:35.404651+00:00
soccer,EPL,KXEPLGAME-26OCT12COVNEW,KXEPLGAME-26OCT12COVNEW-COV,,Coventry,Newcastle,2026-10-12T22:00:00Z,home,0.28,0.3,0.29000000000000004,0.02,251.26,182.65,6.35,6.35,6.35,active,kalshi,2026-09-30T15:40:35.404651+00:00
soccer,EPL,KXEPLGAME-26OCT10ARSLEE,KXEPLGAME-26OCT10ARSLEE-LEE,,Arsenal,Leeds,2026-10-10T14:30:00Z,away,0.11,0.12,0.11499999999999999,0.01,4398.08,3707.08,7100.22,625.93,5447.97,active,kalshi,2026-09-30T16:05:32.030307+00:00
soccer,EPL,KXEPLGAME-26OCT10ARSLEE,KXEPLGAME-26OCT10ARSLEE-TIE,,Arsenal,Leeds,2026-10-10T14:30:00Z,draw,0.17,0.18,0.175,0.01,650.0,1465.57,578.3,221.2,561.3,active,kalshi,2026-09-30T16:05:32.030307+00:00
soccer,EPL,KXEPLGAME-26OCT10ARSLEE,KXEPLGAME-26OCT10ARSLEE-ARS,,Arsenal,Leeds,2026-10-10T14:30:00Z,home,0.73,0.74,0.735,0.01,49.6,5368.12,22748.36,4639.21,18827.39,active,kalshi,2026-09-30T16:05:32.030307+00:00
soccer,EPL,KXEPLGAME-26OCT10AVLBRE,KXEPLGAME-26OCT10AVLBRE-BRE,,Aston Villa,Brentford,2026-10-10T17:00:00Z,away,0.35,0.38,0.365,0.03,203.46,1638.01,1443.28,120.72,1322.84,active,kalshi,2026-09-30T16:05:32.030307+00:00
soccer,EPL,KXEPLGAME-26OCT10AVLBRE,KXEPLGAME-26OCT10AVLBRE-TIE,,Aston Villa,Brentford,2026-10-10T17:00:00Z,draw,0.26,0.27,0.265,0.01,280.95,1982.0,855.94,0.0,852.94,active,kalshi,2026-09-30T16:05:32.030307+00:00
soccer,EPL,KXEPLGAME-26OCT10AVLBRE,KXEPLGAME-26OCT10AVLBRE-AVL,,Aston Villa,Brentford,2026-10-10T17:00:00Z,home,0.35,0.37,0.36,0.02,202.44,127.96,1299.21,227.35,1234.21,active,kalshi,2026-09-30T16:05:32.030307+00:00
soccer,EPL,KXEPLGAME-26OCT10CFCBOU,KXEPLGAME-26OCT10CFCBOU-BOU,,Chelsea,Bournemouth,2026-10-10T17:00:00Z,away,0.2,0.21,0.20500000000000002,0.01,191.03,2270.73,403.49,0.0,403.49,active,kalshi,2026-09-30T16:05:32.030307+00:00
soccer,EPL,KXEPLGAME-26OCT10CFCBOU,KXEPLGAME-26OCT10CFCBOU-TIE,,Chelsea,Bournemouth,2026-10-10T17:00:00Z,draw,0.22,0.23,0.225,0.01,872.61,821.75,615.38,46.0,613.38,active,kalshi,2026-09-30T16:05:32.030307+00:00
soccer,EPL,KXEPLGAME-26OCT10CFCBOU,KXEPLGAME-26OCT10CFCBOU-CFC,,Chelsea,Bournemouth,2026-10-10T17:00:00Z,home,0.55,0.57,0.56,0.02,996.1,193.44,15941.66,710.44,14507.01,active,kalshi,2026-09-30T16:05:32.030307+00:00
soccer,EPL,KXEPLGAME-26OCT10IPSFUL,KXEPLGAME-26OCT10IPSFUL-FUL,,Ipswich,Fulham,2026-10-10T17:00:00Z,away,0.36,0.39,0.375,0.03,196.78,1550.72,722.14,132.77,508.26,active,kalshi,2026-09-30T16:05:32.030307+00:00
soccer,EPL,KXEPLGAME-26OCT10IPSFUL,KXEPLGAME-26OCT10IPSFUL-TIE,,Ipswich,Fulham,2026-10-10T17:00:00Z,draw,0.26,0.28,0.27,0.02,438.53,5539.53,107.06,0.0,107.06,active,kalshi,2026-09-30T16:05:32.030307+00:00
soccer,EPL,KXEPLGAME-26OCT10IPSFUL,KXEPLGAME-26OCT10IPSFUL-IPS,,Ipswich,Fulham,2026-10-10T17:00:00Z,home,0.33,0.36,0.345,0.03,214.42,1517.36,270.34,31.31,270.34,active,kalshi,2026-09-30T16:05:32.030307+00:00
soccer,EPL,KXEPLGAME-26OCT10MUNTOT,KXEPLGAME-26OCT10MUNTOT-TOT,,Man United,Tottenham,2026-10-10T19:30:00Z,away,0.21,0.22,0.215,0.01,28.0,1956.0,3095.74,670.39,2716.14,active,kalshi,2026-09-30T16:05:32.030307+00:00
soccer,EPL,KXEPLGAME-26OCT10MUNTOT,KXEPLGAME-26OCT10MUNTOT-TIE,,Man United,Tottenham,2026-10-10T19:30:00Z,draw,0.21,0.22,0.215,0.01,729.5,332.9,680.75,122.24,680.75,active,kalshi,2026-09-30T16:05:32.030307+00:00
soccer,EPL,KXEPLGAME-26OCT10MUNTOT,KXEPLGAME-26OCT10MUNTOT-MUN,,Man United,Tottenham,2026-10-10T19:30:00Z,home,0.56,0.57,0.565,0.01,63.39,23.08,8158.67,464.34,7308.41,active,kalshi,2026-09-30T16:05:32.030307+00:00
soccer,EPL,KXEPLGAME-26OCT10SUNBRI,KXEPLGAME-26OCT10SUNBRI-BRI,,Sunderland,Brighton,2026-10-10T17:00:00Z,away,0.4,0.41,0.405,0.01,118.44,115.0,6425.21,444.94,5047.35,active,kalshi,2026-09-30T16:05:32.030307+00:00
soccer,EPL,KXEPLGAME-26OCT10SUNBRI,KXEPLGAME-26OCT10SUNBRI-TIE,,Sunderland,Brighton,2026-10-10T17:00:00Z,draw,0.26,0.27,0.265,0.01,263.52,612.0,905.25,0.0,560.71,active,kalshi,2026-09-30T16:05:32.030307+00:00
soccer,EPL,KXEPLGAME-26OCT10SUNBRI,KXEPLGAME-26OCT10SUNBRI-SUN,,Sunderland,Brighton,2026-10-10T17:00:00Z,home,0.29,0.33,0.31,0.04,294.05,268.36,425.8,34.72,397.8,active,kalshi,2026-09-30T16:05:32.030307+00:00
soccer,EPL,KXEPLGAME-26OCT11CRYNFO,KXEPLGAME-26OCT11CRYNFO-NFO,,Crystal Palace,Nott'm Forest,2026-10-11T16:00:00Z,away,0.32,0.36,0.33999999999999997,0.04,252.91,1460.92,24.16,8.31,24.16,active,kalshi,2026-09-30T16:05:32.030307+00:00
soccer,EPL,KXEPLGAME-26OCT11CRYNFO,KXEPLGAME-26OCT11CRYNFO-TIE,,Crystal Palace,Nott'm Forest,2026-10-11T16:00:00Z,draw,0.28,0.29,0.28500000000000003,0.01,338.01,979.0,6.0,0.0,6.0,active,kalshi,2026-09-30T16:05:32.030307+00:00
soccer,EPL,KXEPLGAME-26OCT11CRYNFO,KXEPLGAME-26OCT11CRYNFO-CRY,,Crystal Palace,Nott'm Forest,2026-10-11T16:00:00Z,home,0.34,0.36,0.35,0.02,207.91,118.06,149.93,12.0,149.93,active,kalshi,2026-09-30T16:05:32.030307+00:00
soccer,EPL,KXEPLGAME-26OCT11HULEVE,KXEPLGAME-26OCT11HULEVE-EVE,,Hull,Everton,2026-10-11T16:00:00Z,away,0.44,0.48,0.45999999999999996,0.04,875.48,3645.36,60.46,6.15,56.35,active,kalshi,2026-09-30T16:05:32.030307+00:00
soccer,EPL,KXEPLGAME-26OCT11HULEVE,KXEPLGAME-26OCT11HULEVE-TIE,,Hull,Everton,2026-10-11T16:00:00Z,draw,0.28,0.29,0.28500000000000003,0.01,338.35,2208.72,117.28,0.0,117.28,active,kalshi,2026-09-30T16:05:32.030307+00:00
soccer,EPL,KXEPLGAME-26OCT11HULEVE,KXEPLGAME-26OCT11HULEVE-HUL,,Hull,Everton,2026-10-11T16:00:00Z,home,0.23,0.27,0.25,0.04,887.39,5443.02,267.64,51.23,267.64,active,kalshi,2026-09-30T16:05:32.030307+00:00
soccer,EPL,KXEPLGAME-26OCT11LFCMCI,KXEPLGAME-26OCT11LFCMCI-MCI,,Liverpool,Man City,2026-10-11T18:30:00Z,away,0.37,0.38,0.375,0.01,987.24,106.09,35217.24,19906.27,33292.94,active,kalshi,2026-09-30T16:05:32.030307+00:00
soccer,EPL,KXEPLGAME-26OCT11LFCMCI,KXEPLGAME-26OCT11LFCMCI-TIE,,Liverpool,Man City,2026-10-11T18:30:00Z,draw,0.25,0.26,0.255,0.01,228.8,5352.96,1187.46,531.83,1176.26,active,kalshi,2026-09-30T16:05:32.030307+00:00
soccer,EPL,KXEPLGAME-26OCT11LFCMCI,KXEPLGAME-26OCT11LFCMCI-LFC,,Liverpool,Man City,2026-10-11T18:30:00Z,home,0.37,0.38,0.375,0.01,65.63,131.47,13883.79,2694.16,12573.36,active,kalshi,2026-09-30T16:05:32.030307+00:00
soccer,EPL,KXEPLGAME-26OCT12COVNEW,KXEPLGAME-26OCT12COVNEW-NEW,,Coventry,Newcastle,2026-10-12T22:00:00Z,away,0.43,0.45,0.44,0.02,250.3,318.67,1415.21,70.75,1415.21,active,kalshi,2026-09-30T16:05:32.030307+00:00
soccer,EPL,KXEPLGAME-26OCT12COVNEW,KXEPLGAME-26OCT12COVNEW-TIE,,Coventry,Newcastle,2026-10-12T22:00:00Z,draw,0.25,0.28,0.265,0.03,257.34,5545.34,37.52,0.0,37.52,active,kalshi,2026-09-30T16:05:32.030307+00:00
soccer,EPL,KXEPLGAME-26OCT12COVNEW,KXEPLGAME-26OCT12COVNEW-COV,,Coventry,Newcastle,2026-10-12T22:00:00Z,home,0.28,0.3,0.29000000000000004,0.02,251.26,182.65,6.35,6.35,6.35,active,kalshi,2026-09-30T16:05:32.030307+00:00
soccer,EPL,KXEPLGAME-26OCT10ARSLEE,KXEPLGAME-26OCT10ARSLEE-LEE,,Arsenal,Leeds,2026-10-10T14:30:00Z,away,0.11,0.12,0.11499999999999999,0.01,4398.08,3705.82,7100.22,625.93,5447.97,active,kalshi,2026-09-30T16:39:13.549504+00:00
soccer,EPL,KXEPLGAME-26OCT10ARSLEE,KXEPLGAME-26OCT10ARSLEE-TIE,,Arsenal,Leeds,2026-10-10T14:30:00Z,draw,0.17,0.18,0.175,0.01,650.0,1477.37,578.3,221.2,561.3,active,kalshi,2026-09-30T16:39:13.549504+00:00
soccer,EPL,KXEPLGAME-26OCT10ARSLEE,KXEPLGAME-26OCT10ARSLEE-ARS,,Arsenal,Leeds,2026-10-10T14:30:00Z,home,0.73,0.74,0.735,0.01,49.6,5615.98,22761.36,4588.21,18840.39,active,kalshi,2026-09-30T16:39:13.549504+00:00
soccer,EPL,KXEPLGAME-26OCT10AVLBRE,KXEPLGAME-26OCT10AVLBRE-BRE,,Aston Villa,Brentford,2026-10-10T17:00:00Z,away,0.35,0.38,0.365,0.03,203.46,1625.4,1455.89,121.33,1335.45,active,kalshi,2026-09-30T16:39:13.549504+00:00
soccer,EPL,KXEPLGAME-26OCT10AVLBRE,KXEPLGAME-26OCT10AVLBRE-TIE,,Aston Villa,Brentford,2026-10-10T17:00:00Z,draw,0.26,0.27,0.265,0.01,280.95,1982.0,855.94,0.0,852.94,active,kalshi,2026-09-30T16:39:13.549504+00:00
soccer,EPL,KXEPLGAME-26OCT10AVLBRE,KXEPLGAME-26OCT10AVLBRE-AVL,,Aston Villa,Brentford,2026-10-10T17:00:00Z,home,0.35,0.37,0.36,0.02,202.44,127.96,1299.21,227.35,1234.21,active,kalshi,2026-09-30T16:39:13.549504+00:00
soccer,EPL,KXEPLGAME-26OCT10CFCBOU,KXEPLGAME-26OCT10CFCBOU-BOU,,Chelsea,Bournemouth,2026-10-10T17:00:00Z,away,0.2,0.21,0.20500000000000002,0.01,191.03,2270.73,403.49,0.0,403.49,active,kalshi,2026-09-30T16:39:13.549504+00:00
soccer,EPL,KXEPLGAME-26OCT10CFCBOU,KXEPLGAME-26OCT10CFCBOU-TIE,,Chelsea,Bournemouth,2026-10-10T17:00:00Z,draw,0.22,0.23,0.225,0.01,872.61,821.75,615.38,46.0,613.38,active,kalshi,2026-09-30T16:39:13.549504+00:00
soccer,EPL,KXEPLGAME-26OCT10CFCBOU,KXEPLGAME-26OCT10CFCBOU-CFC,,Chelsea,Bournemouth,2026-10-10T17:00:00Z,home,0.55,0.57,0.56,0.02,975.09,193.44,15941.66,710.44,14507.01,active,kalshi,2026-09-30T16:39:13.549504+00:00
soccer,EPL,KXEPLGAME-26OCT10IPSFUL,KXEPLGAME-26OCT10IPSFUL-FUL,,Ipswich,Fulham,2026-10-10T17:00:00Z,away,0.36,0.39,0.375,0.03,196.78,1538.43,734.43,145.06,520.55,active,kalshi,2026-09-30T16:39:13.549504+00:00
soccer,EPL,KXEPLGAME-26OCT10IPSFUL,KXEPLGAME-26OCT10IPSFUL-TIE,,Ipswich,Fulham,2026-10-10T17:00:00Z,draw,0.26,0.28,0.27,0.02,438.53,5539.53,107.06,0.0,107.06,active,kalshi,2026-09-30T16:39:13.549504+00:00
soccer,EPL,KXEPLGAME-26OCT10IPSFUL,KXEPLGAME-26OCT10IPSFUL-IPS,,Ipswich,Fulham,2026-10-10T17:00:00Z,home,0.33,0.36,0.345,0.03,214.42,1517.31,270.34,31.31,270.34,active,kalshi,2026-09-30T16:39:13.549504+00:00
soccer,EPL,KXEPLGAME-26OCT10MUNTOT,KXEPLGAME-26OCT10MUNTOT-TOT,,Man United,Tottenham,2026-10-10T19:30:00Z,away,0.21,0.22,0.215,0.01,28.0,1956.0,3095.74,670.39,2716.14,active,kalshi,2026-09-30T16:39:13.549504+00:00
soccer,EPL,KXEPLGAME-26OCT10MUNTOT,KXEPLGAME-26OCT10MUNTOT-TIE,,Man United,Tottenham,2026-10-10T19:30:00Z,draw,0.21,0.22,0.215,0.01,729.5,311.35,702.3,143.79,702.3,active,kalshi,2026-09-30T16:39:13.549504+00:00
soccer,EPL,KXEPLGAME-26OCT10MUNTOT,KXEPLGAME-26OCT10MUNTOT-MUN,,Man United,Tottenham,2026-10-10T19:30:00Z,home,0.56,0.57,0.565,0.01,40.32,72.0,8158.67,464.34,7308.41,active,kalshi,2026-09-30T16:39:13.549504+00:00
soccer,EPL,KXEPLGAME-26OCT10SUNBRI,KXEPLGAME-26OCT10SUNBRI-BRI,,Sunderland,Brighton,2026-10-10T17:00:00Z,away,0.4,0.41,0.405,0.01,118.44,115.0,6425.21,444.94,5047.35,active,kalshi,2026-09-30T16:39:13.549504+00:00
soccer,EPL,KXEPLGAME-26OCT10SUNBRI,KXEPLGAME-26OCT10SUNBRI-TIE,,Sunderland,Brighton,2026-10-10T17:00:00Z,draw,0.26,0.27,0.265,0.01,263.52,612.0,905.25,0.0,560.71,active,kalshi,2026-09-30T16:39:13.549504+00:00
soccer,EPL,KXEPLGAME-26OCT10SUNBRI,KXEPLGAME-26OCT10SUNBRI-SUN,,Sunderland,Brighton,2026-10-10T17:00:00Z,home,0.29,0.33,0.31,0.04,818.58,392.89,440.27,49.19,412.27,active,kalshi,2026-09-30T16:39:13.549504+00:00
soccer,EPL,KXEPLGAME-26OCT11CRYNFO,KXEPLGAME-26OCT11CRYNFO-NFO,,Crystal Palace,Nott'm Forest,2026-10-11T16:00:00Z,away,0.32,0.36,0.33999999999999997,0.04,252.91,1447.63,37.45,21.6,37.45,active,kalshi,2026-09-30T16:39:13.549504+00:00
soccer,EPL,KXEPLGAME-26OCT11CRYNFO,KXEPLGAME-26OCT11CRYNFO-TIE,,Crystal Palace,Nott'm Forest,2026-10-11T16:00:00Z,draw,0.28,0.29,0.28500000000000003,0.01,338.01,979.0,6.0,0.0,6.0,active,kalshi,2026-09-30T16:39:13.549504+00:00
soccer,EPL,KXEPLGAME-26OCT11CRYNFO,KXEPLGAME-26OCT11CRYNFO-CRY,,Crystal Palace,Nott'm Forest,2026-10-11T16:00:00Z,home,0.34,0.36,0.35,0.02,207.91,0.06,149.93,12.0,149.93,active,kalshi,2026-09-30T16:39:13.549504+00:00
soccer,EPL,KXEPLGAME-26OCT11HULEVE,KXEPLGAME-26OCT11HULEVE-EVE,,Hull,Everton,2026-10-11T16:00:00Z,away,0.44,0.48,0.45999999999999996,0.04,875.48,3645.36,60.46,6.15,56.35,active,kalshi,2026-09-30T16:39:13.549504+00:00
soccer,EPL,KXEPLGAME-26OCT11HULEVE,KXEPLGAME-26OCT11HULEVE-TIE,,Hull,Everton,2026-10-11T16:00:00Z,draw,0.28,0.29,0.28500000000000003,0.01,338.35,1531.72,117.28,0.0,117.28,active,kalshi,2026-09-30T16:39:13.549504+00:00
soccer,EPL,KXEPLGAME-26OCT11HULEVE,KXEPLGAME-26OCT11HULEVE-HUL,,Hull,Everton,2026-10-11T16:00:00Z,home,0.23,0.27,0.25,0.04,887.39,5443.02,267.64,51.23,267.64,active,kalshi,2026-09-30T16:39:13.549504+00:00
soccer,EPL,KXEPLGAME-26OCT11LFCMCI,KXEPLGAME-26OCT11LFCMCI-MCI,,Liverpool,Man City,2026-10-11T18:30:00Z,away,0.37,0.38,0.375,0.01,1146.02,106.09,35217.24,19906.27,33292.94,active,kalshi,2026-09-30T16:39:13.549504+00:00
soccer,EPL,KXEPLGAME-26OCT11LFCMCI,KXEPLGAME-26OCT11LFCMCI-TIE,,Liverpool,Man City,2026-10-11T18:30:00Z,draw,0.25,0.26,0.255,0.01,228.8,5252.19,1187.46,531.83,1176.26,active,kalshi,2026-09-30T16:39:13.549504+00:00
soccer,EPL,KXEPLGAME-26OCT11LFCMCI,KXEPLGAME-26OCT11LFCMCI-LFC,,Liverpool,Man City,2026-10-11T18:30:00Z,home,0.37,0.38,0.375,0.01,113.48,310.56,13896.4,2706.77,12585.97,active,kalshi,2026-09-30T16:39:13.549504+00:00
soccer,EPL,KXEPLGAME-26OCT12COVNEW,KXEPLGAME-26OCT12COVNEW-NEW,,Coventry,Newcastle,2026-10-12T22:00:00Z,away,0.43,0.45,0.44,0.02,250.3,307.98,1425.9,81.44,1425.9,active,kalshi,2026-09-30T16:39:13.549504+00:00
soccer,EPL,KXEPLGAME-26OCT12COVNEW,KXEPLGAME-26OCT12COVNEW-TIE,,Coventry,Newcastle,2026-10-12T22:00:00Z,draw,0.25,0.28,0.265,0.03,257.34,5545.34,37.52,0.0,37.52,active,kalshi,2026-09-30T16:39:13.549504+00:00
soccer,EPL,KXEPLGAME-26OCT12COVNEW,KXEPLGAME-26OCT12COVNEW-COV,,Coventry,Newcastle,2026-10-12T22:00:00Z,home,0.28,0.3,0.29000000000000004,0.02,251.26,182.65,6.35,6.35,6.35,active,kalshi,2026-09-30T16:39:13.549504+00:00
soccer,EPL,KXEPLGAME-26OCT10ARSLEE,KXEPLGAME-26OCT10ARSLEE-LEE,,Arsenal,Leeds,2026-10-10T14:30:00Z,away,0.11,0.12,0.11499999999999999,0.01,4398.08,3705.82,7100.22,525.93,5447.97,active,kalshi,2026-09-30T17:03:50.568164+00:00
soccer,EPL,KXEPLGAME-26OCT10ARSLEE,KXEPLGAME-26OCT10ARSLEE-TIE,,Arsenal,Leeds,2026-10-10T14:30:00Z,draw,0.17,0.18,0.175,0.01,650.0,1477.37,578.3,221.2,561.3,active,kalshi,2026-09-30T17:03:50.568164+00:00
soccer,EPL,KXEPLGAME-26OCT10ARSLEE,KXEPLGAME-26OCT10ARSLEE-ARS,,Arsenal,Leeds,2026-10-10T14:30:00Z,home,0.73,0.74,0.735,0.01,49.6,5615.98,22761.36,4588.21,18840.39,active,kalshi,2026-09-30T17:03:50.568164+00:00
soccer,EPL,KXEPLGAME-26OCT10AVLBRE,KXEPLGAME-26OCT10AVLBRE-BRE,,Aston Villa,Brentford,2026-10-10T17:00:00Z,away,0.35,0.38,0.365,0.03,203.46,1625.4,1455.89,121.33,1335.45,active,kalshi,2026-09-30T17:03:50.568164+00:00
soccer,EPL,KXEPLGAME-26OCT10AVLBRE,KXEPLGAME-26OCT10AVLBRE-TIE,,Aston Villa,Brentford,2026-10-10T17:00:00Z,draw,0.26,0.27,0.265,0.01,280.95,1982.0,855.94,0.0,852.94,active,kalshi,2026-09-30T17:03:50.568164+00:00
soccer,EPL,KXEPLGAME-26OCT10AVLBRE,KXEPLGAME-26OCT10AVLBRE-AVL,,Aston Villa,Brentford,2026-10-10T17:00:00Z,home,0.35,0.37,0.36,0.02,202.44,127.96,1299.21,227.35,1234.21,active,kalshi,2026-09-30T17:03:50.568164+00:00
soccer,EPL,KXEPLGAME-26OCT10CFCBOU,KXEPLGAME-26OCT10CFCBOU-BOU,,Chelsea,Bournemouth,2026-10-10T17:00:00Z,away,0.2,0.21,0.20500000000000002,0.01,191.03,937.73,403.49,0.0,403.49,active,kalshi,2026-09-30T17:03:50.568164+00:00
soccer,EPL,KXEPLGAME-26OCT10CFCBOU,KXEPLGAME-26OCT10CFCBOU-TIE,,Chelsea,Bournemouth,2026-10-10T17:00:00Z,draw,0.22,0.23,0.225,0.01,872.61,2154.75,615.38,46.0,613.38,active,kalshi,2026-09-30T17:03:50.568164+00:00
soccer,EPL,KXEPLGAME-26OCT10CFCBOU,KXEPLGAME-26OCT10CFCBOU-CFC,,Chelsea,Bournemouth,2026-10-10T17:00:00Z,home,0.55,0.57,0.56,0.02,246.23,193.44,15941.66,710.44,14507.01,active,kalshi,2026-09-30T17:03:50.568164+00:00
soccer,EPL,KXEPLGAME-26OCT10IPSFUL,KXEPLGAME-26OCT10IPSFUL-FUL,,Ipswich,Fulham,2026-10-10T17:00:00Z,away,0.36,0.39,0.375,0.03,196.78,1538.43,734.43,145.06,520.55,active,kalshi,2026-09-30T17:03:50.568164+00:00
soccer,EPL,KXEPLGAME-26OCT10IPSFUL,KXEPLGAME-26OCT10IPSFUL-TIE,,Ipswich,Fulham,2026-10-10T17:00:00Z,draw,0.26,0.28,0.27,0.02,438.53,5539.53,107.06,0.0,107.06,active,kalshi,2026-09-30T17:03:50.568164+00:00
soccer,EPL,KXEPLGAME-26OCT10IPSFUL,KXEPLGAME-26OCT10IPSFUL-IPS,,Ipswich,Fulham,2026-10-10T17:00:00Z,home,0.33,0.36,0.345,0.03,214.42,1517.31,270.34,31.31,270.34,active,kalshi,2026-09-30T17:03:50.568164+00:00
soccer,EPL,KXEPLGAME-26OCT10MUNTOT,KXEPLGAME-26OCT10MUNTOT-TOT,,Man United,Tottenham,2026-10-10T19:30:00Z,away,0.21,0.22,0.215,0.01,27.7,1951.69,3100.05,674.7,2720.45,active,kalshi,2026-09-30T17:03:50.568164+00:00
soccer,EPL,KXEPLGAME-26OCT10MUNTOT,KXEPLGAME-26OCT10MUNTOT-TIE,,Man United,Tottenham,2026-10-10T19:30:00Z,draw,0.21,0.22,0.215,0.01,729.5,311.35,702.3,143.79,702.3,active,kalshi,2026-09-30T17:03:50.568164+00:00
soccer,EPL,KXEPLGAME-26OCT10MUNTOT,KXEPLGAME-26OCT10MUNTOT-MUN,,Man United,Tottenham,2026-10-10T19:30:00Z,home,0.56,0.57,0.565,0.01,40.32,72.0,8158.67,464.34,7308.41,active,kalshi,2026-09-30T17:03:50.568164+00:00
soccer,EPL,KXEPLGAME-26OCT10SUNBRI,KXEPLGAME-26OCT10SUNBRI-BRI,,Sunderland,Brighton,2026-10-10T17:00:00Z,away,0.4,0.41,0.405,0.01,118.44,115.0,6425.21,444.94,5047.35,active,kalshi,2026-09-30T17:03:50.568164+00:00
soccer,EPL,KXEPLGAME-26OCT10SUNBRI,KXEPLGAME-26OCT10SUNBRI-TIE,,Sunderland,Brighton,2026-10-10T17:00:00Z,draw,0.26,0.27,0.265,0.01,263.52,612.0,905.25,0.0,560.71,active,kalshi,2026-09-30T17:03:50.568164+00:00
soccer,EPL,KXEPLGAME-26OCT10SUNBRI,KXEPLGAME-26OCT10SUNBRI-SUN,,Sunderland,Brighton,2026-10-10T17:00:00Z,home,0.29,0.33,0.31,0.04,818.58,392.89,440.27,49.19,412.27,active,kalshi,2026-09-30T17:03:50.568164+00:00
soccer,EPL,KXEPLGAME-26OCT11CRYNFO,KXEPLGAME-26OCT11CRYNFO-NFO,,Crystal Palace,Nott'm Forest,2026-10-11T16:00:00Z,away,0.32,0.36,0.33999999999999997,0.04,252.91,1447.63,37.45,21.6,37.45,active,kalshi,2026-09-30T17:03:50.568164+00:00
soccer,EPL,KXEPLGAME-26OCT11CRYNFO,KXEPLGAME-26OCT11CRYNFO-TIE,,Crystal Palace,Nott'm Forest,2026-10-11T16:00:00Z,draw,0.28,0.29,0.28500000000000003,0.01,338.01,979.0,6.0,0.0,6.0,active,kalshi,2026-09-30T17:03:50.568164+00:00
soccer,EPL,KXEPLGAME-26OCT11CRYNFO,KXEPLGAME-26OCT11CRYNFO-CRY,,Crystal Palace,Nott'm Forest,2026-10-11T16:00:00Z,home,0.34,0.36,0.35,0.02,207.91,0.06,149.93,12.0,149.93,active,kalshi,2026-09-30T17:03:50.568164+00:00
soccer,EPL,KXEPLGAME-26OCT11HULEVE,KXEPLGAME-26OCT11HULEVE-EVE,,Hull,Everton,2026-10-11T16:00:00Z,away,0.44,0.48,0.45999999999999996,0.04,875.48,3645.36,60.46,6.15,56.35,active,kalshi,2026-09-30T17:03:50.568164+00:00
soccer,EPL,KXEPLGAME-26OCT11HULEVE,KXEPLGAME-26OCT11HULEVE-TIE,,Hull,Everton,2026-10-11T16:00:00Z,draw,0.28,0.29,0.28500000000000003,0.01,338.35,1531.72,117.28,0.0,117.28,active,kalshi,2026-09-30T17:03:50.568164+00:00
soccer,EPL,KXEPLGAME-26OCT11HULEVE,KXEPLGAME-26OCT11HULEVE-HUL,,Hull,Everton,2026-10-11T16:00:00Z,home,0.23,0.27,0.25,0.04,887.39,5443.02,267.64,51.23,267.64,active,kalshi,2026-09-30T17:03:50.568164+00:00
soccer,EPL,KXEPLGAME-26OCT11LFCMCI,KXEPLGAME-26OCT11LFCMCI-MCI,,Liverpool,Man City,2026-10-11T18:30:00Z,away,0.37,0.38,0.375,0.01,891.02,106.09,35217.24,19486.01,33292.94,active,kalshi,2026-09-30T17:03:50.568164+00:00
soccer,EPL,KXEPLGAME-26OCT11LFCMCI,KXEPLGAME-26OCT11LFCMCI-TIE,,Liverpool,Man City,2026-10-11T18:30:00Z,draw,0.25,0.26,0.255,0.01,228.8,5339.74,1187.46,531.83,1176.26,active,kalshi,2026-09-30T17:03:50.568164+00:00
soccer,EPL,KXEPLGAME-26OCT11LFCMCI,KXEPLGAME-26OCT11LFCMCI-LFC,,Liverpool,Man City,2026-10-11T18:30:00Z,home,0.37,0.38,0.375,0.01,79.22,114.93,13896.4,2701.22,12585.97,active,kalshi,2026-09-30T17:03:50.568164+00:00
soccer,EPL,KXEPLGAME-26OCT12COVNEW,KXEPLGAME-26OCT12COVNEW-NEW,,Coventry,Newcastle,2026-10-12T22:00:00Z,away,0.43,0.45,0.44,0.02,250.3,307.98,1425.9,81.44,1425.9,active,kalshi,2026-09-30T17:03:50.568164+00:00
soccer,EPL,KXEPLGAME-26OCT12COVNEW,KXEPLGAME-26OCT12COVNEW-TIE,,Coventry,Newcastle,2026-10-12T22:00:00Z,draw,0.25,0.28,0.265,0.03,257.34,5545.34,37.52,0.0,37.52,active,kalshi,2026-09-30T17:03:50.568164+00:00
soccer,EPL,KXEPLGAME-26OCT12COVNEW,KXEPLGAME-26OCT12COVNEW-COV,,Coventry,Newcastle,2026-10-12T22:00:00Z,home,0.28,0.3,0.29000000000000004,0.02,251.26,182.65,6.35,6.35,6.35,active,kalshi,2026-09-30T17:03:50.568164+00:00
soccer,EPL,KXEPLGAME-26OCT10ARSLEE,KXEPLGAME-26OCT10ARSLEE-LEE,,Arsenal,Leeds,2026-10-10T14:30:00Z,away,0.11,0.12,0.11499999999999999,0.01,4397.4,3705.82,7100.22,525.93,5447.97,active,kalshi,2026-09-30T17:37:15.275490+00:00
soccer,EPL,KXEPLGAME-26OCT10ARSLEE,KXEPLGAME-26OCT10ARSLEE-TIE,,Arsenal,Leeds,2026-10-10T14:30:00Z,draw,0.17,0.18,0.175,0.01,650.0,1477.37,578.3,221.2,561.3,active,kalshi,2026-09-30T17:37:15.275490+00:00
soccer,EPL,KXEPLGAME-26OCT10ARSLEE,KXEPLGAME-26OCT10ARSLEE-ARS,,Arsenal,Leeds,2026-10-10T14:30:00Z,home,0.73,0.74,0.735,0.01,49.6,5630.8,22773.36,4600.21,18852.39,active,kalshi,2026-09-30T17:37:15.275490+00:00
soccer,EPL,KXEPLGAME-26OCT10AVLBRE,KXEPLGAME-26OCT10AVLBRE-BRE,,Aston Villa,Brentford,2026-10-10T17:00:00Z,away,0.35,0.38,0.365,0.03,203.46,1625.4,1455.89,121.33,1335.45,active,kalshi,2026-09-30T17:37:15.275490+00:00
soccer,EPL,KXEPLGAME-26OCT10AVLBRE,KXEPLGAME-26OCT10AVLBRE-TIE,,Aston Villa,Brentford,2026-10-10T17:00:00Z,draw,0.26,0.27,0.265,0.01,280.95,1982.0,855.94,0.0,852.94,active,kalshi,2026-09-30T17:37:15.275490+00:00
soccer,EPL,KXEPLGAME-26OCT10AVLBRE,KXEPLGAME-26OCT10AVLBRE-AVL,,Aston Villa,Brentford,2026-10-10T17:00:00Z,home,0.35,0.37,0.36,0.02,202.44,127.77,1299.21,227.35,1234.21,active,kalshi,2026-09-30T17:37:15.275490+00:00
soccer,EPL,KXEPLGAME-26OCT10CFCBOU,KXEPLGAME-26OCT10CFCBOU-BOU,,Chelsea,Bournemouth,2026-10-10T17:00:00Z,away,0.2,0.21,0.20500000000000002,0.01,191.03,937.73,403.49,0.0,403.49,active,kalshi,2026-09-30T17:37:15.275490+00:00
soccer,EPL,KXEPLGAME-26OCT10CFCBOU,KXEPLGAME-26OCT10CFCBOU-TIE,,Chelsea,Bournemouth,2026-10-10T17:00:00Z,draw,0.22,0.23,0.225,0.01,872.61,821.75,615.38,46.0,613.38,active,kalshi,2026-09-30T17:37:15.275490+00:00
soccer,EPL,KXEPLGAME-26OCT10CFCBOU,KXEPLGAME-26OCT10CFCBOU-CFC,,Chelsea,Bournemouth,2026-10-10T17:00:00Z,home,0.55,0.57,0.56,0.02,217.51,171.47,16381.33,1150.11,14697.38,active,kalshi,2026-09-30T17:37:15.275490+00:00
soccer,EPL,KXEPLGAME-26OCT10IPSFUL,KXEPLGAME-26OCT10IPSFUL-FUL,,Ipswich,Fulham,2026-10-10T17:00:00Z,away,0.36,0.39,0.375,0.03,196.78,1538.43,734.43,145.06,520.55,active,kalshi,2026-09-30T17:37:15.275490+00:00
soccer,EPL,KXEPLGAME-26OCT10IPSFUL,KXEPLGAME-26OCT10IPSFUL-TIE,,Ipswich,Fulham,2026-10-10T17:00:00Z,draw,0.26,0.28,0.27,0.02,438.53,5539.53,107.06,0.0,107.06,active,kalshi,2026-09-30T17:37:15.275490+00:00
soccer,EPL,KXEPLGAME-26OCT10IPSFUL,KXEPLGAME-26OCT10IPSFUL-IPS,,Ipswich,Fulham,2026-10-10T17:00:00Z,home,0.33,0.36,0.345,0.03,214.42,1517.31,270.34,31.31,270.34,active,kalshi,2026-09-30T17:37:15.275490+00:00
soccer,EPL,KXEPLGAME-26OCT10MUNTOT,KXEPLGAME-26OCT10MUNTOT-TOT,,Man United,Tottenham,2026-10-10T19:30:00Z,away,0.21,0.22,0.215,0.01,27.7,1955.0,3100.05,674.7,2720.45,active,kalshi,2026-09-30T17:37:15.275490+00:00
soccer,EPL,KXEPLGAME-26OCT10MUNTOT,KXEPLGAME-26OCT10MUNTOT-TIE,,Man United,Tottenham,2026-10-10T19:30:00Z,draw,0.21,0.22,0.215,0.01,1729.5,311.35,702.3,143.79,702.3,active,kalshi,2026-09-30T17:37:15.275490+00:00
soccer,EPL,KXEPLGAME-26OCT10MUNTOT,KXEPLGAME-26OCT10MUNTOT-MUN,,Man United,Tottenham,2026-10-10T19:30:00Z,home,0.56,0.57,0.565,0.01,51.17,72.0,8158.67,464.34,7308.41,active,kalshi,2026-09-30T17:37:15.275490+00:00
soccer,EPL,KXEPLGAME-26OCT10SUNBRI,KXEPLGAME-26OCT10SUNBRI-BRI,,Sunderland,Brighton,2026-10-10T17:00:00Z,away,0.4,0.41,0.405,0.01,118.44,115.0,6425.21,444.94,5047.35,active,kalshi,2026-09-30T17:37:15.275490+00:00
soccer,EPL,KXEPLGAME-26OCT10SUNBRI,KXEPLGAME-26OCT10SUNBRI-TIE,,Sunderland,Brighton,2026-10-10T17:00:00Z,draw,0.26,0.27,0.265,0.01,263.52,612.0,905.25,0.0,560.71,active,kalshi,2026-09-30T17:37:15.275490+00:00
soccer,EPL,KXEPLGAME-26OCT10SUNBRI,KXEPLGAME-26OCT10SUNBRI-SUN,,Sunderland,Brighton,2026-10-10T17:00:00Z,home,0.29,0.33,0.31,0.04,846.97,392.89,440.27,49.19,412.27,active,kalshi,2026-09-30T17:37:15.275490+00:00
soccer,EPL,KXEPLGAME-26OCT11CRYNFO,KXEPLGAME-26OCT11CRYNFO-NFO,,Crystal Palace,Nott'm Forest,2026-10-11T16:00:00Z,away,0.32,0.36,0.33999999999999997,0.04,252.91,1447.63,37.45,21.6,37.45,active,kalshi,2026-09-30T17:37:15.275490+00:00
soccer,EPL,KXEPLGAME-26OCT11CRYNFO,KXEPLGAME-26OCT11CRYNFO-TIE,,Crystal Palace,Nott'm Forest,2026-10-11T16:00:00Z,draw,0.28,0.29,0.28500000000000003,0.01,338.01,979.0,6.0,0.0,6.0,active,kalshi,2026-09-30T17:37:15.275490+00:00
soccer,EPL,KXEPLGAME-26OCT11CRYNFO,KXEPLGAME-26OCT11CRYNFO-CRY,,Crystal Palace,Nott'm Forest,2026-10-11T16:00:00Z,home,0.34,0.36,0.35,0.02,207.91,0.06,149.93,12.0,149.93,active,kalshi,2026-09-30T17:37:15.275490+00:00
soccer,EPL,KXEPLGAME-26OCT11HULEVE,KXEPLGAME-26OCT11HULEVE-EVE,,Hull,Everton,2026-10-11T16:00:00Z,away,0.44,0.48,0.45999999999999996,0.04,875.48,3645.36,60.46,6.15,56.35,active,kalshi,2026-09-30T17:37:15.275490+00:00
soccer,EPL,KXEPLGAME-26OCT11HULEVE,KXEPLGAME-26OCT11HULEVE-TIE,,Hull,Everton,2026-10-11T16:00:00Z,draw,0.28,0.29,0.28500000000000003,0.01,338.28,1531.72,117.28,0.0,117.28,active,kalshi,2026-09-30T17:37:15.275490+00:00
soccer,EPL,KXEPLGAME-26OCT11HULEVE,KXEPLGAME-26OCT11HULEVE-HUL,,Hull,Everton,2026-10-11T16:00:00Z,home,0.23,0.27,0.25,0.04,887.39,5443.02,267.64,51.23,267.64,active,kalshi,2026-09-30T17:37:15.275490+00:00
soccer,EPL,KXEPLGAME-26OCT11LFCMCI,KXEPLGAME-26OCT11LFCMCI-MCI,,Liverpool,Man City,2026-10-11T18:30:00Z,away,0.37,0.38,0.375,0.01,489.69,129.84,35275.24,19544.01,33234.94,active,kalshi,2026-09-30T17:37:15.275490+00:00
soccer,EPL,KXEPLGAME-26OCT11LFCMCI,KXEPLGAME-26OCT11LFCMCI-TIE,,Liverpool,Man City,2026-10-11T18:30:00Z,draw,0.25,0.26,0.255,0.01,228.8,5190.14,1333.72,678.09,1322.52,active,kalshi,2026-09-30T17:37:15.275490+00:00
soccer,EPL,KXEPLGAME-26OCT11LFCMCI,KXEPLGAME-26OCT11LFCMCI-LFC,,Liverpool,Man City,2026-10-11T18:30:00Z,home,0.37,0.38,0.375,0.01,89.74,74.98,13946.84,2591.66,12636.41,active,kalshi,2026-09-30T17:37:15.275490+00:00
soccer,EPL,KXEPLGAME-26OCT12COVNEW,KXEPLGAME-26OCT12COVNEW-NEW,,Coventry,Newcastle,2026-10-12T22:00:00Z,away,0.43,0.45,0.44,0.02,250.3,307.98,1425.9,81.44,1425.9,active,kalshi,2026-09-30T17:37:15.275490+00:00
soccer,EPL,KXEPLGAME-26OCT12COVNEW,KXEPLGAME-26OCT12COVNEW-TIE,,Coventry,Newcastle,2026-10-12T22:00:00Z,draw,0.25,0.28,0.265,0.03,257.34,5545.34,37.52,0.0,37.52,active,kalshi,2026-09-30T17:37:15.275490+00:00
soccer,EPL,KXEPLGAME-26OCT12COVNEW,KXEPLGAME-26OCT12COVNEW-COV,,Coventry,Newcastle,2026-10-12T22:00:00Z,home,0.28,0.31,0.29500000000000004,0.03,251.26,5551.43,6.35,6.35,6.35,active,kalshi,2026-09-30T17:37:15.275490+00:00
soccer,EPL,KXEPLGAME-26OCT10ARSLEE,KXEPLGAME-26OCT10ARSLEE-LEE,,Arsenal,Leeds,2026-10-10T14:30:00Z,away,0.11,0.12,0.11499999999999999,0.01,4412.95,71.5,7100.22,525.93,5447.97,active,kalshi,2026-09-30T18:03:35.614330+00:00
soccer,EPL,KXEPLGAME-26OCT10ARSLEE,KXEPLGAME-26OCT10ARSLEE-TIE,,Arsenal,Leeds,2026-10-10T14:30:00Z,draw,0.17,0.18,0.175,0.01,650.0,87.17,578.3,171.2,561.3,active,kalshi,2026-09-30T18:03:35.614330+00:00
soccer,EPL,KXEPLGAME-26OCT10ARSLEE,KXEPLGAME-26OCT10ARSLEE-ARS,,Arsenal,Leeds,2026-10-10T14:30:00Z,home,0.73,0.74,0.735,0.01,49.6,1400.83,22781.42,4608.27,18844.33,active,kalshi,2026-09-30T18:03:35.614330+00:00
soccer,EPL,KXEPLGAME-26OCT10AVLBRE,KXEPLGAME-26OCT10AVLBRE-BRE,,Aston Villa,Brentford,2026-10-10T17:00:00Z,away,0.35,0.38,0.365,0.03,203.46,304.4,1455.89,121.33,1335.45,active,kalshi,2026-09-30T18:03:35.614330+00:00
soccer,EPL,KXEPLGAME-26OCT10AVLBRE,KXEPLGAME-26OCT10AVLBRE-TIE,,Aston Villa,Brentford,2026-10-10T17:00:00Z,draw,0.26,0.28,0.27,0.02,303.95,1047.19,855.94,0.0,852.94,active,kalshi,2026-09-30T18:03:35.614330+00:00
soccer,EPL,KXEPLGAME-26OCT10AVLBRE,KXEPLGAME-26OCT10AVLBRE-AVL,,Aston Villa,Brentford,2026-10-10T17:00:00Z,home,0.35,0.37,0.36,0.02,192.09,128.52,1309.56,237.7,1223.86,active,kalshi,2026-09-30T18:03:35.614330+00:00
soccer,EPL,KXEPLGAME-26OCT10CFCBOU,KXEPLGAME-26OCT10CFCBOU-BOU,,Chelsea,Bournemouth,2026-10-10T17:00:00Z,away,0.2,0.21,0.20500000000000002,0.01,191.03,937.73,403.49,0.0,403.49,active,kalshi,2026-09-30T18:03:35.614330+00:00
soccer,EPL,KXEPLGAME-26OCT10CFCBOU,KXEPLGAME-26OCT10CFCBOU-TIE,,Chelsea,Bournemouth,2026-10-10T17:00:00Z,draw,0.22,0.23,0.225,0.01,872.61,821.75,615.38,46.0,613.38,active,kalshi,2026-09-30T18:03:35.614330+00:00
soccer,EPL,KXEPLGAME-26OCT10CFCBOU,KXEPLGAME-26OCT10CFCBOU-CFC,,Chelsea,Bournemouth,2026-10-10T17:00:00Z,home,0.55,0.57,0.56,0.02,201.47,171.47,16381.33,1150.11,14697.38,active,kalshi,2026-09-30T18:03:35.614330+00:00
soccer,EPL,KXEPLGAME-26OCT10IPSFUL,KXEPLGAME-26OCT10IPSFUL-FUL,,Ipswich,Fulham,2026-10-10T17:00:00Z,away,0.36,0.39,0.375,0.03,196.78,333.43,734.43,145.06,520.55,active,kalshi,2026-09-30T18:03:35.614330+00:00
soccer,EPL,KXEPLGAME-26OCT10IPSFUL,KXEPLGAME-26OCT10IPSFUL-TIE,,Ipswich,Fulham,2026-10-10T17:00:00Z,draw,0.26,0.28,0.27,0.02,438.53,1539.53,107.06,0.0,107.06,active,kalshi,2026-09-30T18:03:35.614330+00:00
soccer,EPL,KXEPLGAME-26OCT10IPSFUL,KXEPLGAME-26OCT10IPSFUL-IPS,,Ipswich,Fulham,2026-10-10T17:00:00Z,home,0.33,0.37,0.35,0.04,214.42,214.15,270.34,31.31,270.34,active,kalshi,2026-09-30T18:03:35.614330+00:00
soccer,EPL,KXEPLGAME-26OCT10MUNTOT,KXEPLGAME-26OCT10MUNTOT-TOT,,Man United,Tottenham,2026-10-10T19:30:00Z,away,0.21,0.23,0.22,0.02,25.6,1192.55,3100.05,674.7,2720.45,active,kalshi,2026-09-30T18:03:35.614330+00:00
soccer,EPL,KXEPLGAME-26OCT10MUNTOT,KXEPLGAME-26OCT10MUNTOT-TIE,,Man United,Tottenham,2026-10-10T19:30:00Z,draw,0.21,0.22,0.215,0.01,1729.5,311.35,702.3,143.79,702.3,active,kalshi,2026-09-30T18:03:35.614330+00:00
soccer,EPL,KXEPLGAME-26OCT10MUNTOT,KXEPLGAME-26OCT10MUNTOT-MUN,,Man United,Tottenham,2026-10-10T19:30:00Z,home,0.56,0.57,0.565,0.01,40.42,72.0,8158.67,464.34,7308.41,active,kalshi,2026-09-30T18:03:35.614330+00:00
soccer,EPL,KXEPLGAME-26OCT10SUNBRI,KXEPLGAME-26OCT10SUNBRI-BRI,,Sunderland,Brighton,2026-10-10T17:00:00Z,away,0.4,0.42,0.41000000000000003,0.02,118.44,161.26,6425.21,444.94,5047.35,active,kalshi,2026-09-30T18:03:35.614330+00:00
soccer,EPL,KXEPLGAME-26OCT10SUNBRI,KXEPLGAME-26OCT10SUNBRI-TIE,,Sunderland,Brighton,2026-10-10T17:00:00Z,draw,0.26,0.27,0.265,0.01,263.52,612.0,905.25,0.0,560.71,active,kalshi,2026-09-30T18:03:35.614330+00:00
soccer,EPL,KXEPLGAME-26OCT10SUNBRI,KXEPLGAME-26OCT10SUNBRI-SUN,,Sunderland,Brighton,2026-10-10T17:00:00Z,home,0.29,0.33,0.31,0.04,173.11,225.36,440.27,49.19,412.27,active,kalshi,2026-09-30T18:03:35.614330+00:00
soccer,EPL,KXEPLGAME-26OCT11CRYNFO,KXEPLGAME-26OCT11CRYNFO-NFO,,Crystal Palace,Nott'm Forest,2026-10-11T16:00:00Z,away,0.32,0.36,0.33999999999999997,0.04,157.91,127.92,37.45,21.6,37.45,active,kalshi,2026-09-30T18:03:35.614330+00:00
soccer,EPL,KXEPLGAME-26OCT11CRYNFO,KXEPLGAME-26OCT11CRYNFO-TIE,,Crystal Palace,Nott'm Forest,2026-10-11T16:00:00Z,draw,0.28,0.29,0.28500000000000003,0.01,338.01,979.0,6.0,0.0,6.0,active,kalshi,2026-09-30T18:03:35.614330+00:00
soccer,EPL,KXEPLGAME-26OCT11CRYNFO,KXEPLGAME-26OCT11CRYNFO-CRY,,Crystal Palace,Nott'm Forest,2026-10-11T16:00:00Z,home,0.34,0.36,0.35,0.02,207.91,0.06,149.93,12.0,149.93,active,kalshi,2026-09-30T18:03:35.614330+00:00
soccer,EPL,KXEPLGAME-26OCT11HULEVE,KXEPLGAME-26OCT11HULEVE-EVE,,Hull,Everton,2026-10-11T16:00:00Z,away,0.44,0.48,0.45999999999999996,0.04,201.48,312.36,60.46,6.15,56.35,active,kalshi,2026-09-30T18:03:35.614330+00:00
soccer,EPL,KXEPLGAME-26OCT11HULEVE,KXEPLGAME-26OCT11HULEVE-TIE,,Hull,Everton,2026-10-11T16:00:00Z,draw,0.28,0.29,0.28500000000000003,0.01,338.28,875.72,117.28,0.0,117.28,active,kalshi,2026-09-30T18:03:35.614330+00:00
soccer,EPL,KXEPLGAME-26OCT11HULEVE,KXEPLGAME-26OCT11HULEVE-HUL,,Hull,Everton,2026-10-11T16:00:00Z,home,0.23,0.27,0.25,0.04,207.39,1451.02,267.64,51.23,267.64,active,kalshi,2026-09-30T18:03:35.614330+00:00
soccer,EPL,KXEPLGAME-26OCT11LFCMCI,KXEPLGAME-26OCT11LFCMCI-MCI,,Liverpool,Man City,2026-10-11T18:30:00Z,away,0.38,0.39,0.385,0.01,108.03,155.51,35402.98,19636.62,33362.68,active,kalshi,2026-09-30T18:03:35.614330+00:00
soccer,EPL,KXEPLGAME-26OCT11LFCMCI,KXEPLGAME-26OCT11LFCMCI-TIE,,Liverpool,Man City,2026-10-11T18:30:00Z,draw,0.25,0.26,0.255,0.01,228.8,2856.76,1333.72,612.27,1322.52,active,kalshi,2026-09-30T18:03:35.614330+00:00
soccer,EPL,KXEPLGAME-26OCT11LFCMCI,KXEPLGAME-26OCT11LFCMCI-LFC,,Liverpool,Man City,2026-10-11T18:30:00Z,home,0.37,0.38,0.375,0.01,101.1,175.47,13946.84,2528.26,12636.41,active,kalshi,2026-09-30T18:03:35.614330+00:00
soccer,EPL,KXEPLGAME-26OCT12COVNEW,KXEPLGAME-26OCT12COVNEW-NEW,,Coventry,Newcastle,2026-10-12T22:00:00Z,away,0.43,0.45,0.44,0.02,838.3,182.67,1425.9,81.44,1425.9,active,kalshi,2026-09-30T18:03:35.614330+00:00
soccer,EPL,KXEPLGAME-26OCT12COVNEW,KXEPLGAME-26OCT12COVNEW-TIE,,Coventry,Newcastle,2026-10-12T22:00:00Z,draw,0.25,0.28,0.265,0.03,257.34,1545.34,37.52,0.0,37.52,active,kalshi,2026-09-30T18:03:35.614330+00:00
soccer,EPL,KXEPLGAME-26OCT12COVNEW,KXEPLGAME-26OCT12COVNEW-COV,,Coventry,Newcastle,2026-10-12T22:00:00Z,home,0.28,0.31,0.29500000000000004,0.03,251.26,1551.43,6.35,6.35,6.35,active,kalshi,2026-09-30T18:03:35.614330+00:00
soccer,EPL,KXEPLGAME-26OCT10ARSLEE,KXEPLGAME-26OCT10ARSLEE-LEE,,Arsenal,Leeds,2026-10-10T14:30:00Z,away,0.11,0.12,0.11499999999999999,0.01,4396.76,1525.0,7100.22,274.43,5447.97,active,kalshi,2026-09-30T18:41:27.284648+00:00
soccer,EPL,KXEPLGAME-26OCT10ARSLEE,KXEPLGAME-26OCT10ARSLEE-TIE,,Arsenal,Leeds,2026-10-10T14:30:00Z,draw,0.17,0.18,0.175,0.01,650.0,1510.72,578.3,171.2,561.3,active,kalshi,2026-09-30T18:41:27.284648+00:00
soccer,EPL,KXEPLGAME-26OCT10ARSLEE,KXEPLGAME-26OCT10ARSLEE-ARS,,Arsenal,Leeds,2026-10-10T14:30:00Z,home,0.73,0.74,0.735,0.01,49.6,5231.28,22781.42,3281.44,18844.33,active,kalshi,2026-09-30T18:41:27.284648+00:00
soccer,EPL,KXEPLGAME-26OCT10AVLBRE,KXEPLGAME-26OCT10AVLBRE-BRE,,Aston Villa,Brentford,2026-10-10T17:00:00Z,away,0.35,0.38,0.365,0.03,203.46,1625.37,1455.89,121.33,1335.45,active,kalshi,2026-09-30T18:41:27.284648+00:00
soccer,EPL,KXEPLGAME-26OCT10AVLBRE,KXEPLGAME-26OCT10AVLBRE-TIE,,Aston Villa,Brentford,2026-10-10T17:00:00Z,draw,0.26,0.27,0.265,0.01,280.95,1982.0,855.94,0.0,852.94,active,kalshi,2026-09-30T18:41:27.284648+00:00
soccer,EPL,KXEPLGAME-26OCT10AVLBRE,KXEPLGAME-26OCT10AVLBRE-AVL,,Aston Villa,Brentford,2026-10-10T17:00:00Z,home,0.35,0.37,0.36,0.02,219.23,252.52,1309.56,237.7,1223.86,active,kalshi,2026-09-30T18:41:27.284648+00:00
soccer,EPL,KXEPLGAME-26OCT10CFCBOU,KXEPLGAME-26OCT10CFCBOU-BOU,,Chelsea,Bournemouth,2026-10-10T17:00:00Z,away,0.2,0.21,0.20500000000000002,0.01,191.03,937.73,403.49,0.0,403.49,active,kalshi,2026-09-30T18:41:27.284648+00:00
soccer,EPL,KXEPLGAME-26OCT10CFCBOU,KXEPLGAME-26OCT10CFCBOU-TIE,,Chelsea,Bournemouth,2026-10-10T17:00:00Z,draw,0.22,0.23,0.225,0.01,872.61,821.75,615.38,46.0,613.38,active,kalshi,2026-09-30T18:41:27.284648+00:00
soccer,EPL,KXEPLGAME-26OCT10CFCBOU,KXEPLGAME-26OCT10CFCBOU-CFC,,Chelsea,Bournemouth,2026-10-10T17:00:00Z,home,0.55,0.57,0.56,0.02,217.75,171.47,16381.33,1095.02,14697.38,active,kalshi,2026-09-30T18:41:27.284648+00:00
soccer,EPL,KXEPLGAME-26OCT10IPSFUL,KXEPLGAME-26OCT10IPSFUL-FUL,,Ipswich,Fulham,2026-10-10T17:00:00Z,away,0.36,0.39,0.375,0.03,196.78,3659.43,734.43,145.06,520.55,active,kalshi,2026-09-30T18:41:27.284648+00:00
soccer,EPL,KXEPLGAME-26OCT10IPSFUL,KXEPLGAME-26OCT10IPSFUL-TIE,,Ipswich,Fulham,2026-10-10T17:00:00Z,draw,0.26,0.28,0.27,0.02,438.53,5539.53,107.06,0.0,107.06,active,kalshi,2026-09-30T18:41:27.284648+00:00
soccer,EPL,KXEPLGAME-26OCT10IPSFUL,KXEPLGAME-26OCT10IPSFUL-IPS,,Ipswich,Fulham,2026-10-10T17:00:00Z,home,0.33,0.36,0.345,0.03,214.42,1517.04,270.34,31.31,270.34,active,kalshi,2026-09-30T18:41:27.284648+00:00
soccer,EPL,KXEPLGAME-26OCT10MUNTOT,KXEPLGAME-26OCT10MUNTOT-TOT,,Man United,Tottenham,2026-10-10T19:30:00Z,away,0.21,0.23,0.22,0.02,54.6,1171.95,3120.65,690.99,2741.05,active,kalshi,2026-09-30T18:41:27.284648+00:00
soccer,EPL,KXEPLGAME-26OCT10MUNTOT,KXEPLGAME-26OCT10MUNTOT-TIE,,Man United,Tottenham,2026-10-10T19:30:00Z,draw,0.21,0.22,0.215,0.01,1729.5,289.81,723.84,124.33,723.84,active,kalshi,2026-09-30T18:41:27.284648+00:00
soccer,EPL,KXEPLGAME-26OCT10MUNTOT,KXEPLGAME-26OCT10MUNTOT-MUN,,Man United,Tottenham,2026-10-10T19:30:00Z,home,0.56,0.57,0.565,0.01,20.99,115.35,8280.61,586.28,7214.47,active,kalshi,2026-09-30T18:41:27.284648+00:00
soccer,EPL,KXEPLGAME-26OCT10SUNBRI,KXEPLGAME-26OCT10SUNBRI-BRI,,Sunderland,Brighton,2026-10-10T17:00:00Z,away,0.4,0.42,0.41000000000000003,0.02,118.44,161.26,6425.21,398.1,5047.35,active,kalshi,2026-09-30T18:41:27.284648+00:00
soccer,EPL,KXEPLGAME-26OCT10SUNBRI,KXEPLGAME-26OCT10SUNBRI-TIE,,Sunderland,Brighton,2026-10-10T17:00:00Z,draw,0.26,0.27,0.265,0.01,263.52,612.0,905.25,0.0,560.71,active,kalshi,2026-09-30T18:41:27.284648+00:00
soccer,EPL,KXEPLGAME-26OCT10SUNBRI,KXEPLGAME-26OCT10SUNBRI-SUN,,Sunderland,Brighton,2026-10-10T17:00:00Z,home,0.29,0.33,0.31,0.04,153.32,225.36,440.27,20.25,412.27,active,kalshi,2026-09-30T18:41:27.284648+00:00
soccer,EPL,KXEPLGAME-26OCT11CRYNFO,KXEPLGAME-26OCT11CRYNFO-NFO,,Crystal Palace,Nott'm Forest,2026-10-11T16:00:00Z,away,0.32,0.36,0.33999999999999997,0.04,157.91,127.92,37.45,21.6,37.45,active,kalshi,2026-09-30T18:41:27.284648+00:00
soccer,EPL,KXEPLGAME-26OCT11CRYNFO,KXEPLGAME-26OCT11CRYNFO-TIE,,Crystal Palace,Nott'm Forest,2026-10-11T16:00:00Z,draw,0.28,0.29,0.28500000000000003,0.01,338.01,979.0,6.0,0.0,6.0,active,kalshi,2026-09-30T18:41:27.284648+00:00
soccer,EPL,KXEPLGAME-26OCT11CRYNFO,KXEPLGAME-26OCT11CRYNFO-CRY,,Crystal Palace,Nott'm Forest,2026-10-11T16:00:00Z,home,0.34,0.36,0.35,0.02,207.91,0.06,149.93,12.0,149.93,active,kalshi,2026-09-30T18:41:27.284648+00:00
soccer,EPL,KXEPLGAME-26OCT11HULEVE,KXEPLGAME-26OCT11HULEVE-EVE,,Hull,Everton,2026-10-11T16:00:00Z,away,0.44,0.48,0.45999999999999996,0.04,201.48,312.36,60.46,6.15,56.35,active,kalshi,2026-09-30T18:41:27.284648+00:00
soccer,EPL,KXEPLGAME-26OCT11HULEVE,KXEPLGAME-26OCT11HULEVE-TIE,,Hull,Everton,2026-10-11T16:00:00Z,draw,0.28,0.29,0.28500000000000003,0.01,210.0,875.72,117.28,0.0,117.28,active,kalshi,2026-09-30T18:41:27.284648+00:00
soccer,EPL,KXEPLGAME-26OCT11HULEVE,KXEPLGAME-26OCT11HULEVE-HUL,,Hull,Everton,2026-10-11T16:00:00Z,home,0.23,0.27,0.25,0.04,207.39,1451.02,267.64,51.23,267.64,active,kalshi,2026-09-30T18:41:27.284648+00:00
soccer,EPL,KXEPLGAME-26OCT11LFCMCI,KXEPLGAME-26OCT11LFCMCI-MCI,,Liverpool,Man City,2026-10-11T18:30:00Z,away,0.38,0.39,0.385,0.01,23.18,1356.26,35402.98,19589.78,33362.68,active,kalshi,2026-09-30T18:41:27.284648+00:00
soccer,EPL,KXEPLGAME-26OCT11LFCMCI,KXEPLGAME-26OCT11LFCMCI-TIE,,Liverpool,Man City,2026-10-11T18:30:00Z,draw,0.25,0.26,0.255,0.01,228.8,4987.18,1333.72,577.27,1322.52,active,kalshi,2026-09-30T18:41:27.284648+00:00
soccer,EPL,KXEPLGAME-26OCT11LFCMCI,KXEPLGAME-26OCT11LFCMCI-LFC,,Liverpool,Man City,2026-10-11T18:30:00Z,home,0.37,0.38,0.375,0.01,65.27,1555.86,13946.84,2426.05,12636.41,active,kalshi,2026-09-30T18:41:27.284648+00:00
soccer,EPL,KXEPLGAME-26OCT12COVNEW,KXEPLGAME-26OCT12COVNEW-NEW,,Coventry,Newcastle,2026-10-12T22:00:00Z,away,0.43,0.45,0.44,0.02,838.3,318.67,1425.9,81.44,1425.9,active,kalshi,2026-09-30T18:41:27.284648+00:00
soccer,EPL,KXEPLGAME-26OCT12COVNEW,KXEPLGAME-26OCT12COVNEW-TIE,,Coventry,Newcastle,2026-10-12T22:00:00Z,draw,0.25,0.28,0.265,0.03,213.34,5501.34,37.52,0.0,37.52,active,kalshi,2026-09-30T18:41:27.284648+00:00
soccer,EPL,KXEPLGAME-26OCT12COVNEW,KXEPLGAME-26OCT12COVNEW-COV,,Coventry,Newcastle,2026-10-12T22:00:00Z,home,0.28,0.31,0.29500000000000004,0.03,251.26,5551.43,6.35,6.35,6.35,active,kalshi,2026-09-30T18:41:27.284648+00:00
soccer,EPL,KXEPLGAME-26OCT10ARSLEE,KXEPLGAME-26OCT10ARSLEE-LEE,,Arsenal,Leeds,2026-10-10T14:30:00Z,away,0.11,0.12,0.11499999999999999,0.01,4396.76,1525.0,7100.22,274.43,5447.97,active,kalshi,2026-09-30T19:05:26.675007+00:00
soccer,EPL,KXEPLGAME-26OCT10ARSLEE,KXEPLGAME-26OCT10ARSLEE-TIE,,Arsenal,Leeds,2026-10-10T14:30:00Z,draw,0.17,0.18,0.175,0.01,650.0,1510.72,578.3,171.2,561.3,active,kalshi,2026-09-30T19:05:26.675007+00:00
soccer,EPL,KXEPLGAME-26OCT10ARSLEE,KXEPLGAME-26OCT10ARSLEE-ARS,,Arsenal,Leeds,2026-10-10T14:30:00Z,home,0.73,0.74,0.735,0.01,49.6,5231.28,22781.42,3281.44,18844.33,active,kalshi,2026-09-30T19:05:26.675007+00:00
soccer,EPL,KXEPLGAME-26OCT10AVLBRE,KXEPLGAME-26OCT10AVLBRE-BRE,,Aston Villa,Brentford,2026-10-10T17:00:00Z,away,0.35,0.38,0.365,0.03,203.46,1625.37,1455.89,70.89,1335.45,active,kalshi,2026-09-30T19:05:26.675007+00:00
soccer,EPL,KXEPLGAME-26OCT10AVLBRE,KXEPLGAME-26OCT10AVLBRE-TIE,,Aston Villa,Brentford,2026-10-10T17:00:00Z,draw,0.26,0.27,0.265,0.01,280.95,1982.0,855.94,0.0,852.94,active,kalshi,2026-09-30T19:05:26.675007+00:00
soccer,EPL,KXEPLGAME-26OCT10AVLBRE,KXEPLGAME-26OCT10AVLBRE-AVL,,Aston Villa,Brentford,2026-10-10T17:00:00Z,home,0.35,0.37,0.36,0.02,219.23,252.52,1309.56,237.7,1223.86,active,kalshi,2026-09-30T19:05:26.675007+00:00
soccer,EPL,KXEPLGAME-26OCT10CFCBOU,KXEPLGAME-26OCT10CFCBOU-BOU,,Chelsea,Bournemouth,2026-10-10T17:00:00Z,away,0.2,0.21,0.20500000000000002,0.01,191.03,2270.73,403.49,0.0,403.49,active,kalshi,2026-09-30T19:05:26.675007+00:00
soccer,EPL,KXEPLGAME-26OCT10CFCBOU,KXEPLGAME-26OCT10CFCBOU-TIE,,Chelsea,Bournemouth,2026-10-10T17:00:00Z,draw,0.22,0.23,0.225,0.01,872.61,2154.75,615.38,46.0,613.38,active,kalshi,2026-09-30T19:05:26.675007+00:00
soccer,EPL,KXEPLGAME-26OCT10CFCBOU,KXEPLGAME-26OCT10CFCBOU-CFC,,Chelsea,Bournemouth,2026-10-10T17:00:00Z,home,0.56,0.57,0.565,0.01,28.0,171.47,16381.33,1095.02,14697.38,active,kalshi,2026-09-30T19:05:26.675007+00:00
soccer,EPL,KXEPLGAME-26OCT10IPSFUL,KXEPLGAME-26OCT10IPSFUL-FUL,,Ipswich,Fulham,2026-10-10T17:00:00Z,away,0.36,0.39,0.375,0.03,196.78,582.43,734.43,145.06,520.55,active,kalshi,2026-09-30T19:05:26.675007+00:00
soccer,EPL,KXEPLGAME-26OCT10IPSFUL,KXEPLGAME-26OCT10IPSFUL-TIE,,Ipswich,Fulham,2026-10-10T17:00:00Z,draw,0.26,0.28,0.27,0.02,438.53,5539.53,107.06,0.0,107.06,active,kalshi,2026-09-30T19:05:26.675007+00:00
soccer,EPL,KXEPLGAME-26OCT10IPSFUL,KXEPLGAME-26OCT10IPSFUL-IPS,,Ipswich,Fulham,2026-10-10T17:00:00Z,home,0.33,0.36,0.345,0.03,214.42,345.04,270.34,31.31,270.34,active,kalshi,2026-09-30T19:05:26.675007+00:00
soccer,EPL,KXEPLGAME-26OCT10MUNTOT,KXEPLGAME-26OCT10MUNTOT-TOT,,Man United,Tottenham,2026-10-10T19:30:00Z,away,0.21,0.22,0.215,0.01,29.01,1955.0,3120.65,690.99,2741.05,active,kalshi,2026-09-30T19:05:26.675007+00:00
soccer,EPL,KXEPLGAME-26OCT10MUNTOT,KXEPLGAME-26OCT10MUNTOT-TIE,,Man United,Tottenham,2026-10-10T19:30:00Z,draw,0.21,0.22,0.215,0.01,1729.5,289.81,723.84,124.33,723.84,active,kalshi,2026-09-30T19:05:26.675007+00:00
soccer,EPL,KXEPLGAME-26OCT10MUNTOT,KXEPLGAME-26OCT10MUNTOT-MUN,,Man United,Tottenham,2026-10-10T19:30:00Z,home,0.55,0.56,0.555,0.01,943.43,23.43,8290.61,596.28,7204.47,active,kalshi,2026-09-30T19:05:26.675007+00:00
soccer,EPL,KXEPLGAME-26OCT10SUNBRI,KXEPLGAME-26OCT10SUNBRI-BRI,,Sunderland,Brighton,2026-10-10T17:00:00Z,away,0.4,0.41,0.405,0.01,118.44,106.16,6483.05,455.94,5105.19,active,kalshi,2026-09-30T19:05:26.675007+00:00
soccer,EPL,KXEPLGAME-26OCT10SUNBRI,KXEPLGAME-26OCT10SUNBRI-TIE,,Sunderland,Brighton,2026-10-10T17:00:00Z,draw,0.26,0.27,0.265,0.01,263.52,612.0,905.25,0.0,560.71,active,kalshi,2026-09-30T19:05:26.675007+00:00
soccer,EPL,KXEPLGAME-26OCT10SUNBRI,KXEPLGAME-26OCT10SUNBRI-SUN,,Sunderland,Brighton,2026-10-10T17:00:00Z,home,0.29,0.33,0.31,0.04,290.33,394.36,440.27,20.25,412.27,active,kalshi,2026-09-30T19:05:26.675007+00:00
soccer,EPL,KXEPLGAME-26OCT11CRYNFO,KXEPLGAME-26OCT11CRYNFO-NFO,,Crystal Palace,Nott'm Forest,2026-10-11T16:00:00Z,away,0.32,0.36,0.33999999999999997,0.04,279.91,222.92,37.45,21.6,37.45,active,kalshi,2026-09-30T19:05:26.675007+00:00
soccer,EPL,KXEPLGAME-26OCT11CRYNFO,KXEPLGAME-26OCT11CRYNFO-TIE,,Crystal Palace,Nott'm Forest,2026-10-11T16:00:00Z,draw,0.28,0.29,0.28500000000000003,0.01,338.01,979.0,6.0,0.0,6.0,active,kalshi,2026-09-30T19:05:26.675007+00:00
soccer,EPL,KXEPLGAME-26OCT11CRYNFO,KXEPLGAME-26OCT11CRYNFO-CRY,,Crystal Palace,Nott'm Forest,2026-10-11T16:00:00Z,home,0.34,0.36,0.35,0.02,207.91,0.06,149.93,12.0,149.93,active,kalshi,2026-09-30T19:05:26.675007+00:00
soccer,EPL,KXEPLGAME-26OCT11HULEVE,KXEPLGAME-26OCT11HULEVE-EVE,,Hull,Everton,2026-10-11T16:00:00Z,away,0.44,0.48,0.45999999999999996,0.04,875.48,3645.36,60.46,6.15,56.35,active,kalshi,2026-09-30T19:05:26.675007+00:00
soccer,EPL,KXEPLGAME-26OCT11HULEVE,KXEPLGAME-26OCT11HULEVE-TIE,,Hull,Everton,2026-10-11T16:00:00Z,draw,0.28,0.29,0.28500000000000003,0.01,338.22,1531.72,117.28,0.0,117.28,active,kalshi,2026-09-30T19:05:26.675007+00:00
soccer,EPL,KXEPLGAME-26OCT11HULEVE,KXEPLGAME-26OCT11HULEVE-HUL,,Hull,Everton,2026-10-11T16:00:00Z,home,0.23,0.27,0.25,0.04,887.39,5443.02,267.64,51.23,267.64,active,kalshi,2026-09-30T19:05:26.675007+00:00
soccer,EPL,KXEPLGAME-26OCT11LFCMCI,KXEPLGAME-26OCT11LFCMCI-MCI,,Liverpool,Man City,2026-10-11T18:30:00Z,away,0.38,0.39,0.385,0.01,23.18,269.29,35402.98,19542.94,33362.68,active,kalshi,2026-09-30T19:05:26.675007+00:00
soccer,EPL,KXEPLGAME-26OCT11LFCMCI,KXEPLGAME-26OCT11LFCMCI-TIE,,Liverpool,Man City,2026-10-11T18:30:00Z,draw,0.25,0.26,0.255,0.01,228.8,4987.18,1333.72,377.27,1322.52,active,kalshi,2026-09-30T19:05:26.675007+00:00
soccer,EPL,KXEPLGAME-26OCT11LFCMCI,KXEPLGAME-26OCT11LFCMCI-LFC,,Liverpool,Man City,2026-10-11T18:30:00Z,home,0.37,0.38,0.375,0.01,78.75,1442.65,14199.05,2475.28,12888.62,active,kalshi,2026-09-30T19:05:26.675007+00:00
soccer,EPL,KXEPLGAME-26OCT12COVNEW,KXEPLGAME-26OCT12COVNEW-NEW,,Coventry,Newcastle,2026-10-12T22:00:00Z,away,0.43,0.44,0.435,0.01,838.3,136.0,1425.9,81.44,1425.9,active,kalshi,2026-09-30T19:05:26.675007+00:00
soccer,EPL,KXEPLGAME-26OCT12COVNEW,KXEPLGAME-26OCT12COVNEW-TIE,,Coventry,Newcastle,2026-10-12T22:00:00Z,draw,0.25,0.28,0.265,0.03,213.34,5501.34,37.52,0.0,37.52,active,kalshi,2026-09-30T19:05:26.675007+00:00
soccer,EPL,KXEPLGAME-26OCT12COVNEW,KXEPLGAME-26OCT12COVNEW-COV,,Coventry,Newcastle,2026-10-12T22:00:00Z,home,0.28,0.31,0.29500000000000004,0.03,251.26,5551.43,6.35,6.35,6.35,active,kalshi,2026-09-30T19:05:26.675007+00:00
soccer,EPL,KXEPLGAME-26OCT10ARSLEE,KXEPLGAME-26OCT10ARSLEE-LEE,,Arsenal,Leeds,2026-10-10T14:30:00Z,away,0.11,0.12,0.11499999999999999,0.01,4398.12,1497.0,7100.22,274.43,5447.97,active,kalshi,2026-09-30T19:36:28.744821+00:00
soccer,EPL,KXEPLGAME-26OCT10ARSLEE,KXEPLGAME-26OCT10ARSLEE-TIE,,Arsenal,Leeds,2026-10-10T14:30:00Z,draw,0.17,0.18,0.175,0.01,650.0,1490.94,578.3,171.2,561.3,active,kalshi,2026-09-30T19:36:28.744821+00:00
soccer,EPL,KXEPLGAME-26OCT10ARSLEE,KXEPLGAME-26OCT10ARSLEE-ARS,,Arsenal,Leeds,2026-10-10T14:30:00Z,home,0.72,0.74,0.73,0.02,396.57,5248.52,22847.42,3336.44,18778.33,active,kalshi,2026-09-30T19:36:28.744821+00:00
soccer,EPL,KXEPLGAME-26OCT10AVLBRE,KXEPLGAME-26OCT10AVLBRE-BRE,,Aston Villa,Brentford,2026-10-10T17:00:00Z,away,0.35,0.38,0.365,0.03,203.46,1625.37,1455.89,70.89,1335.45,active,kalshi,2026-09-30T19:36:28.744821+00:00
soccer,EPL,KXEPLGAME-26OCT10AVLBRE,KXEPLGAME-26OCT10AVLBRE-TIE,,Aston Villa,Brentford,2026-10-10T17:00:00Z,draw,0.26,0.27,0.265,0.01,280.95,1982.0,855.94,0.0,852.94,active,kalshi,2026-09-30T19:36:28.744821+00:00
soccer,EPL,KXEPLGAME-26OCT10AVLBRE,KXEPLGAME-26OCT10AVLBRE-AVL,,Aston Villa,Brentford,2026-10-10T17:00:00Z,home,0.35,0.37,0.36,0.02,219.23,252.52,1309.56,237.7,1223.86,active,kalshi,2026-09-30T19:36:28.744821+00:00
soccer,EPL,KXEPLGAME-26OCT10CFCBOU,KXEPLGAME-26OCT10CFCBOU-BOU,,Chelsea,Bournemouth,2026-10-10T17:00:00Z,away,0.2,0.21,0.20500000000000002,0.01,191.03,2270.73,403.49,0.0,403.49,active,kalshi,2026-09-30T19:36:28.744821+00:00
soccer,EPL,KXEPLGAME-26OCT10CFCBOU,KXEPLGAME-26OCT10CFCBOU-TIE,,Chelsea,Bournemouth,2026-10-10T17:00:00Z,draw,0.22,0.23,0.225,0.01,872.61,2154.75,615.38,46.0,613.38,active,kalshi,2026-09-30T19:36:28.744821+00:00
soccer,EPL,KXEPLGAME-26OCT10CFCBOU,KXEPLGAME-26OCT10CFCBOU-CFC,,Chelsea,Bournemouth,2026-10-10T17:00:00Z,home,0.56,0.57,0.565,0.01,28.0,171.47,16381.33,1095.02,14697.38,active,kalshi,2026-09-30T19:36:28.744821+00:00
soccer,EPL,KXEPLGAME-26OCT10IPSFUL,KXEPLGAME-26OCT10IPSFUL-FUL,,Ipswich,Fulham,2026-10-10T17:00:00Z,away,0.36,0.39,0.375,0.03,196.78,3659.43,734.43,145.06,520.55,active,kalshi,2026-09-30T19:36:28.744821+00:00
soccer,EPL,KXEPLGAME-26OCT10IPSFUL,KXEPLGAME-26OCT10IPSFUL-TIE,,Ipswich,Fulham,2026-10-10T17:00:00Z,draw,0.26,0.28,0.27,0.02,438.53,5539.53,107.06,0.0,107.06,active,kalshi,2026-09-30T19:36:28.744821+00:00
soccer,EPL,KXEPLGAME-26OCT10IPSFUL,KXEPLGAME-26OCT10IPSFUL-IPS,,Ipswich,Fulham,2026-10-10T17:00:00Z,home,0.33,0.36,0.345,0.03,214.42,1517.04,270.34,31.31,270.34,active,kalshi,2026-09-30T19:36:28.744821+00:00
soccer,EPL,KXEPLGAME-26OCT10MUNTOT,KXEPLGAME-26OCT10MUNTOT-TOT,,Man United,Tottenham,2026-10-10T19:30:00Z,away,0.21,0.22,0.215,0.01,29.01,1955.0,3120.65,690.99,2741.05,active,kalshi,2026-09-30T19:36:28.744821+00:00
soccer,EPL,KXEPLGAME-26OCT10MUNTOT,KXEPLGAME-26OCT10MUNTOT-TIE,,Man United,Tottenham,2026-10-10T19:30:00Z,draw,0.21,0.22,0.215,0.01,1729.5,302.81,723.84,124.33,723.84,active,kalshi,2026-09-30T19:36:28.744821+00:00
soccer,EPL,KXEPLGAME-26OCT10MUNTOT,KXEPLGAME-26OCT10MUNTOT-MUN,,Man United,Tottenham,2026-10-10T19:30:00Z,home,0.56,0.57,0.565,0.01,45.08,105.78,8323.61,629.28,7237.47,active,kalshi,2026-09-30T19:36:28.744821+00:00
soccer,EPL,KXEPLGAME-26OCT10SUNBRI,KXEPLGAME-26OCT10SUNBRI-BRI,,Sunderland,Brighton,2026-10-10T17:00:00Z,away,0.4,0.41,0.405,0.01,118.44,106.16,6483.05,455.94,5105.19,active,kalshi,2026-09-30T19:36:28.744821+00:00
soccer,EPL,KXEPLGAME-26OCT10SUNBRI,KXEPLGAME-26OCT10SUNBRI-TIE,,Sunderland,Brighton,2026-10-10T17:00:00Z,draw,0.26,0.27,0.265,0.01,263.52,612.0,905.25,0.0,560.71,active,kalshi,2026-09-30T19:36:28.744821+00:00
soccer,EPL,KXEPLGAME-26OCT10SUNBRI,KXEPLGAME-26OCT10SUNBRI-SUN,,Sunderland,Brighton,2026-10-10T17:00:00Z,home,0.29,0.33,0.31,0.04,290.33,374.36,460.27,40.25,432.27,active,kalshi,2026-09-30T19:36:28.744821+00:00
soccer,EPL,KXEPLGAME-26OCT11CRYNFO,KXEPLGAME-26OCT11CRYNFO-NFO,,Crystal Palace,Nott'm Forest,2026-10-11T16:00:00Z,away,0.32,0.36,0.33999999999999997,0.04,279.91,222.92,37.45,21.6,37.45,active,kalshi,2026-09-30T19:36:28.744821+00:00
soccer,EPL,KXEPLGAME-26OCT11CRYNFO,KXEPLGAME-26OCT11CRYNFO-TIE,,Crystal Palace,Nott'm Forest,2026-10-11T16:00:00Z,draw,0.28,0.29,0.28500000000000003,0.01,338.01,979.0,6.0,0.0,6.0,active,kalshi,2026-09-30T19:36:28.744821+00:00
soccer,EPL,KXEPLGAME-26OCT11CRYNFO,KXEPLGAME-26OCT11CRYNFO-CRY,,Crystal Palace,Nott'm Forest,2026-10-11T16:00:00Z,home,0.34,0.36,0.35,0.02,207.91,0.06,149.93,12.0,149.93,active,kalshi,2026-09-30T19:36:28.744821+00:00
soccer,EPL,KXEPLGAME-26OCT11HULEVE,KXEPLGAME-26OCT11HULEVE-EVE,,Hull,Everton,2026-10-11T16:00:00Z,away,0.44,0.48,0.45999999999999996,0.04,875.48,3645.36,60.46,6.15,56.35,active,kalshi,2026-09-30T19:36:28.744821+00:00
soccer,EPL,KXEPLGAME-26OCT11HULEVE,KXEPLGAME-26OCT11HULEVE-TIE,,Hull,Everton,2026-10-11T16:00:00Z,draw,0.28,0.29,0.28500000000000003,0.01,338.18,1531.72,117.28,0.0,117.28,active,kalshi,2026-09-30T19:36:28.744821+00:00
soccer,EPL,KXEPLGAME-26OCT11HULEVE,KXEPLGAME-26OCT11HULEVE-HUL,,Hull,Everton,2026-10-11T16:00:00Z,home,0.23,0.27,0.25,0.04,887.39,5443.02,267.64,51.23,267.64,active,kalshi,2026-09-30T19:36:28.744821+00:00
soccer,EPL,KXEPLGAME-26OCT11LFCMCI,KXEPLGAME-26OCT11LFCMCI-MCI,,Liverpool,Man City,2026-10-11T18:30:00Z,away,0.38,0.39,0.385,0.01,23.18,311.26,35402.98,19542.94,33362.68,active,kalshi,2026-09-30T19:36:28.744821+00:00
soccer,EPL,KXEPLGAME-26OCT11LFCMCI,KXEPLGAME-26OCT11LFCMCI-TIE,,Liverpool,Man City,2026-10-11T18:30:00Z,draw,0.25,0.26,0.255,0.01,228.8,4987.18,1333.72,377.27,1322.52,active,kalshi,2026-09-30T19:36:28.744821+00:00
soccer,EPL,KXEPLGAME-26OCT11LFCMCI,KXEPLGAME-26OCT11LFCMCI-LFC,,Liverpool,Man City,2026-10-11T18:30:00Z,home,0.37,0.38,0.375,0.01,50.36,1442.65,14199.05,2475.28,12888.62,active,kalshi,2026-09-30T19:36:28.744821+00:00
soccer,EPL,KXEPLGAME-26OCT12COVNEW,KXEPLGAME-26OCT12COVNEW-NEW,,Coventry,Newcastle,2026-10-12T22:00:00Z,away,0.43,0.44,0.435,0.01,838.3,136.0,1425.9,81.44,1425.9,active,kalshi,2026-09-30T19:36:28.744821+00:00
soccer,EPL,KXEPLGAME-26OCT12COVNEW,KXEPLGAME-26OCT12COVNEW-TIE,,Coventry,Newcastle,2026-10-12T22:00:00Z,draw,0.25,0.28,0.265,0.03,213.34,5501.34,37.52,0.0,37.52,active,kalshi,2026-09-30T19:36:28.744821+00:00
soccer,EPL,KXEPLGAME-26OCT12COVNEW,KXEPLGAME-26OCT12COVNEW-COV,,Coventry,Newcastle,2026-10-12T22:00:00Z,home,0.28,0.31,0.29500000000000004,0.03,251.26,5551.43,6.35,6.35,6.35,active,kalshi,2026-09-30T19:36:28.744821+00:00
soccer,EPL,KXEPLGAME-26OCT10ARSLEE,KXEPLGAME-26OCT10ARSLEE-LEE,,Arsenal,Leeds,2026-10-10T14:30:00Z,away,0.11,0.12,0.11499999999999999,0.01,4398.12,3337.0,7102.22,276.43,5449.97,active,kalshi,2026-09-30T20:03:01.507888+00:00
soccer,EPL,KXEPLGAME-26OCT10ARSLEE,KXEPLGAME-26OCT10ARSLEE-TIE,,Arsenal,Leeds,2026-10-10T14:30:00Z,draw,0.17,0.18,0.175,0.01,650.0,1490.94,578.3,171.2,561.3,active,kalshi,2026-09-30T20:03:01.507888+00:00
soccer,EPL,KXEPLGAME-26OCT10ARSLEE,KXEPLGAME-26OCT10ARSLEE-ARS,,Arsenal,Leeds,2026-10-10T14:30:00Z,home,0.72,0.73,0.725,0.01,396.57,148.14,22847.42,3336.44,18778.33,active,kalshi,2026-09-30T20:03:01.507888+00:00
soccer,EPL,KXEPLGAME-26OCT10AVLBRE,KXEPLGAME-26OCT10AVLBRE-BRE,,Aston Villa,Brentford,2026-10-10T17:00:00Z,away,0.35,0.38,0.365,0.03,203.46,1625.37,1455.89,70.89,1335.45,active,kalshi,2026-09-30T20:03:01.507888+00:00
soccer,EPL,KXEPLGAME-26OCT10AVLBRE,KXEPLGAME-26OCT10AVLBRE-TIE,,Aston Villa,Brentford,2026-10-10T17:00:00Z,draw,0.26,0.27,0.265,0.01,280.95,1982.0,855.94,0.0,852.94,active,kalshi,2026-09-30T20:03:01.507888+00:00
soccer,EPL,KXEPLGAME-26OCT10AVLBRE,KXEPLGAME-26OCT10AVLBRE-AVL,,Aston Villa,Brentford,2026-10-10T17:00:00Z,home,0.35,0.37,0.36,0.02,220.16,252.52,1309.56,237.7,1223.86,active,kalshi,2026-09-30T20:03:01.507888+00:00
soccer,EPL,KXEPLGAME-26OCT10CFCBOU,KXEPLGAME-26OCT10CFCBOU-BOU,,Chelsea,Bournemouth,2026-10-10T17:00:00Z,away,0.2,0.21,0.20500000000000002,0.01,191.03,937.73,403.49,0.0,403.49,active,kalshi,2026-09-30T20:03:01.507888+00:00
soccer,EPL,KXEPLGAME-26OCT10CFCBOU,KXEPLGAME-26OCT10CFCBOU-TIE,,Chelsea,Bournemouth,2026-10-10T17:00:00Z,draw,0.22,0.23,0.225,0.01,872.61,821.75,615.38,46.0,613.38,active,kalshi,2026-09-30T20:03:01.507888+00:00
soccer,EPL,KXEPLGAME-26OCT10CFCBOU,KXEPLGAME-26OCT10CFCBOU-CFC,,Chelsea,Bournemouth,2026-10-10T17:00:00Z,home,0.56,0.57,0.565,0.01,28.0,171.47,16381.33,1095.02,14697.38,active,kalshi,2026-09-30T20:03:01.507888+00:00
soccer,EPL,KXEPLGAME-26OCT10IPSFUL,KXEPLGAME-26OCT10IPSFUL-FUL,,Ipswich,Fulham,2026-10-10T17:00:00Z,away,0.36,0.39,0.375,0.03,196.78,3659.43,734.43,145.06,520.55,active,kalshi,2026-09-30T20:03:01.507888+00:00
soccer,EPL,KXEPLGAME-26OCT10IPSFUL,KXEPLGAME-26OCT10IPSFUL-TIE,,Ipswich,Fulham,2026-10-10T17:00:00Z,draw,0.26,0.28,0.27,0.02,438.53,5539.53,107.06,0.0,107.06,active,kalshi,2026-09-30T20:03:01.507888+00:00
soccer,EPL,KXEPLGAME-26OCT10IPSFUL,KXEPLGAME-26OCT10IPSFUL-IPS,,Ipswich,Fulham,2026-10-10T17:00:00Z,home,0.33,0.36,0.345,0.03,214.42,1517.04,270.34,31.31,270.34,active,kalshi,2026-09-30T20:03:01.507888+00:00
soccer,EPL,KXEPLGAME-26OCT10MUNTOT,KXEPLGAME-26OCT10MUNTOT-TOT,,Man United,Tottenham,2026-10-10T19:30:00Z,away,0.2,0.22,0.21000000000000002,0.02,251.87,1955.0,3120.65,690.99,2741.05,active,kalshi,2026-09-30T20:03:01.507888+00:00
soccer,EPL,KXEPLGAME-26OCT10MUNTOT,KXEPLGAME-26OCT10MUNTOT-TIE,,Man United,Tottenham,2026-10-10T19:30:00Z,draw,0.21,0.22,0.215,0.01,1729.5,302.81,723.84,124.33,723.84,active,kalshi,2026-09-30T20:03:01.507888+00:00
soccer,EPL,KXEPLGAME-26OCT10MUNTOT,KXEPLGAME-26OCT10MUNTOT-MUN,,Man United,Tottenham,2026-10-10T19:30:00Z,home,0.56,0.57,0.565,0.01,0.02,133.78,8323.61,629.28,7237.47,active,kalshi,2026-09-30T20:03:01.507888+00:00
soccer,EPL,KXEPLGAME-26OCT10SUNBRI,KXEPLGAME-26OCT10SUNBRI-BRI,,Sunderland,Brighton,2026-10-10T17:00:00Z,away,0.4,0.41,0.405,0.01,118.44,106.16,6483.05,455.94,5105.19,active,kalshi,2026-09-30T20:03:01.507888+00:00
soccer,EPL,KXEPLGAME-26OCT10SUNBRI,KXEPLGAME-26OCT10SUNBRI-TIE,,Sunderland,Brighton,2026-10-10T17:00:00Z,draw,0.26,0.27,0.265,0.01,263.52,611.0,906.25,1.0,561.71,active,kalshi,2026-09-30T20:03:01.507888+00:00
soccer,EPL,KXEPLGAME-26OCT10SUNBRI,KXEPLGAME-26OCT10SUNBRI-SUN,,Sunderland,Brighton,2026-10-10T17:00:00Z,home,0.29,0.33,0.31,0.04,298.37,374.36,460.27,40.25,432.27,active,kalshi,2026-09-30T20:03:01.507888+00:00
soccer,EPL,KXEPLGAME-26OCT11CRYNFO,KXEPLGAME-26OCT11CRYNFO-NFO,,Crystal Palace,Nott'm Forest,2026-10-11T16:00:00Z,away,0.32,0.36,0.33999999999999997,0.04,279.91,222.92,37.45,21.6,37.45,active,kalshi,2026-09-30T20:03:01.507888+00:00
soccer,EPL,KXEPLGAME-26OCT11CRYNFO,KXEPLGAME-26OCT11CRYNFO-TIE,,Crystal Palace,Nott'm Forest,2026-10-11T16:00:00Z,draw,0.28,0.29,0.28500000000000003,0.01,338.01,979.0,6.0,0.0,6.0,active,kalshi,2026-09-30T20:03:01.507888+00:00
soccer,EPL,KXEPLGAME-26OCT11CRYNFO,KXEPLGAME-26OCT11CRYNFO-CRY,,Crystal Palace,Nott'm Forest,2026-10-11T16:00:00Z,home,0.34,0.36,0.35,0.02,207.91,0.06,149.93,12.0,149.93,active,kalshi,2026-09-30T20:03:01.507888+00:00
soccer,EPL,KXEPLGAME-26OCT11HULEVE,KXEPLGAME-26OCT11HULEVE-EVE,,Hull,Everton,2026-10-11T16:00:00Z,away,0.44,0.48,0.45999999999999996,0.04,875.48,3645.36,60.46,6.15,56.35,active,kalshi,2026-09-30T20:03:01.507888+00:00
soccer,EPL,KXEPLGAME-26OCT11HULEVE,KXEPLGAME-26OCT11HULEVE-TIE,,Hull,Everton,2026-10-11T16:00:00Z,draw,0.28,0.29,0.28500000000000003,0.01,338.41,1531.72,117.28,0.0,117.28,active,kalshi,2026-09-30T20:03:01.507888+00:00
soccer,EPL,KXEPLGAME-26OCT11HULEVE,KXEPLGAME-26OCT11HULEVE-HUL,,Hull,Everton,2026-10-11T16:00:00Z,home,0.23,0.27,0.25,0.04,887.39,5443.02,267.64,51.23,267.64,active,kalshi,2026-09-30T20:03:01.507888+00:00
soccer,EPL,KXEPLGAME-26OCT11LFCMCI,KXEPLGAME-26OCT11LFCMCI-MCI,,Liverpool,Man City,2026-10-11T18:30:00Z,away,0.38,0.39,0.385,0.01,23.18,1460.33,35402.98,19506.94,33362.68,active,kalshi,2026-09-30T20:03:01.507888+00:00
soccer,EPL,KXEPLGAME-26OCT11LFCMCI,KXEPLGAME-26OCT11LFCMCI-TIE,,Liverpool,Man City,2026-10-11T18:30:00Z,draw,0.25,0.26,0.255,0.01,228.8,5096.76,1333.72,377.27,1322.52,active,kalshi,2026-09-30T20:03:01.507888+00:00
soccer,EPL,KXEPLGAME-26OCT11LFCMCI,KXEPLGAME-26OCT11LFCMCI-LFC,,Liverpool,Man City,2026-10-11T18:30:00Z,home,0.37,0.38,0.375,0.01,62.12,1442.65,14199.05,2462.28,12888.62,active,kalshi,2026-09-30T20:03:01.507888+00:00
soccer,EPL,KXEPLGAME-26OCT12COVNEW,KXEPLGAME-26OCT12COVNEW-NEW,,Coventry,Newcastle,2026-10-12T22:00:00Z,away,0.43,0.45,0.44,0.02,838.3,318.39,1425.9,81.44,1425.9,active,kalshi,2026-09-30T20:03:01.507888+00:00
soccer,EPL,KXEPLGAME-26OCT12COVNEW,KXEPLGAME-26OCT12COVNEW-TIE,,Coventry,Newcastle,2026-10-12T22:00:00Z,draw,0.25,0.28,0.265,0.03,213.34,5501.34,37.52,0.0,37.52,active,kalshi,2026-09-30T20:03:01.507888+00:00
soccer,EPL,KXEPLGAME-26OCT12COVNEW,KXEPLGAME-26OCT12COVNEW-COV,,Coventry,Newcastle,2026-10-12T22:00:00Z,home,0.28,0.31,0.29500000000000004,0.03,251.26,5551.43,6.35,6.35,6.35,active,kalshi,2026-09-30T20:03:01.507888+00:00
soccer,EPL,KXEPLGAME-26OCT10ARSLEE,KXEPLGAME-26OCT10ARSLEE-LEE,,Arsenal,Leeds,2026-10-10T14:30:00Z,away,0.11,0.12,0.11499999999999999,0.01,4396.76,1991.0,7102.22,276.43,5449.97,active,kalshi,2026-09-30T20:37:05.067127+00:00
soccer,EPL,KXEPLGAME-26OCT10ARSLEE,KXEPLGAME-26OCT10ARSLEE-TIE,,Arsenal,Leeds,2026-10-10T14:30:00Z,draw,0.17,0.18,0.175,0.01,650.0,1490.94,578.3,70.2,561.3,active,kalshi,2026-09-30T20:37:05.067127+00:00
soccer,EPL,KXEPLGAME-26OCT10ARSLEE,KXEPLGAME-26OCT10ARSLEE-ARS,,Arsenal,Leeds,2026-10-10T14:30:00Z,home,0.72,0.73,0.725,0.01,433.73,148.14,22847.42,3303.44,18778.33,active,kalshi,2026-09-30T20:37:05.067127+00:00
soccer,EPL,KXEPLGAME-26OCT10AVLBRE,KXEPLGAME-26OCT10AVLBRE-BRE,,Aston Villa,Brentford,2026-10-10T17:00:00Z,away,0.35,0.38,0.365,0.03,203.46,1512.37,1455.89,70.89,1335.45,active,kalshi,2026-09-30T20:37:05.067127+00:00
soccer,EPL,KXEPLGAME-26OCT10AVLBRE,KXEPLGAME-26OCT10AVLBRE-TIE,,Aston Villa,Brentford,2026-10-10T17:00:00Z,draw,0.26,0.27,0.265,0.01,280.95,1982.0,855.94,0.0,852.94,active,kalshi,2026-09-30T20:37:05.067127+00:00
soccer,EPL,KXEPLGAME-26OCT10AVLBRE,KXEPLGAME-26OCT10AVLBRE-AVL,,Aston Villa,Brentford,2026-10-10T17:00:00Z,home,0.35,0.37,0.36,0.02,218.39,172.0,1309.56,237.7,1223.86,active,kalshi,2026-09-30T20:37:05.067127+00:00
soccer,EPL,KXEPLGAME-26OCT10CFCBOU,KXEPLGAME-26OCT10CFCBOU-BOU,,Chelsea,Bournemouth,2026-10-10T17:00:00Z,away,0.2,0.21,0.20500000000000002,0.01,191.03,937.73,403.49,0.0,403.49,active,kalshi,2026-09-30T20:37:05.067127+00:00
soccer,EPL,KXEPLGAME-26OCT10CFCBOU,KXEPLGAME-26OCT10CFCBOU-TIE,,Chelsea,Bournemouth,2026-10-10T17:00:00Z,draw,0.22,0.23,0.225,0.01,872.61,821.75,615.38,46.0,613.38,active,kalshi,2026-09-30T20:37:05.067127+00:00
soccer,EPL,KXEPLGAME-26OCT10CFCBOU,KXEPLGAME-26OCT10CFCBOU-CFC,,Chelsea,Bournemouth,2026-10-10T17:00:00Z,home,0.56,0.57,0.565,0.01,28.0,171.45,16386.33,1100.02,14702.38,active,kalshi,2026-09-30T20:37:05.067127+00:00
soccer,EPL,KXEPLGAME-26OCT10IPSFUL,KXEPLGAME-26OCT10IPSFUL-FUL,,Ipswich,Fulham,2026-10-10T17:00:00Z,away,0.36,0.39,0.375,0.03,196.78,1464.66,808.2,145.06,594.32,active,kalshi,2026-09-30T20:37:05.067127+00:00
soccer,EPL,KXEPLGAME-26OCT10IPSFUL,KXEPLGAME-26OCT10IPSFUL-TIE,,Ipswich,Fulham,2026-10-10T17:00:00Z,draw,0.26,0.28,0.27,0.02,438.53,5539.53,107.06,0.0,107.06,active,kalshi,2026-09-30T20:37:05.067127+00:00
soccer,EPL,KXEPLGAME-26OCT10IPSFUL,KXEPLGAME-26OCT10IPSFUL-IPS,,Ipswich,Fulham,2026-10-10T17:00:00Z,home,0.33,0.36,0.345,0.03,214.42,1517.04,270.34,31.31,270.34,active,kalshi,2026-09-30T20:37:05.067127+00:00
soccer,EPL,KXEPLGAME-26OCT10MUNTOT,KXEPLGAME-26OCT10MUNTOT-TOT,,Man United,Tottenham,2026-10-10T19:30:00Z,away,0.2,0.22,0.21000000000000002,0.02,251.87,1955.0,3120.65,690.99,2741.05,active,kalshi,2026-09-30T20:37:05.067127+00:00
soccer,EPL,KXEPLGAME-26OCT10MUNTOT,KXEPLGAME-26OCT10MUNTOT-TIE,,Man United,Tottenham,2026-10-10T19:30:00Z,draw,0.21,0.22,0.215,0.01,1729.5,302.81,723.84,120.33,723.84,active,kalshi,2026-09-30T20:37:05.067127+00:00
soccer,EPL,KXEPLGAME-26OCT10MUNTOT,KXEPLGAME-26OCT10MUNTOT-MUN,,Man United,Tottenham,2026-10-10T19:30:00Z,home,0.55,0.57,0.56,0.02,262.74,122.92,8323.61,629.23,7237.47,active,kalshi,2026-09-30T20:37:05.067127+00:00
soccer,EPL,KXEPLGAME-26OCT10SUNBRI,KXEPLGAME-26OCT10SUNBRI-BRI,,Sunderland,Brighton,2026-10-10T17:00:00Z,away,0.4,0.41,0.405,0.01,118.44,122.0,6506.05,478.94,5128.19,active,kalshi,2026-09-30T20:37:05.067127+00:00
soccer,EPL,KXEPLGAME-26OCT10SUNBRI,KXEPLGAME-26OCT10SUNBRI-TIE,,Sunderland,Brighton,2026-10-10T17:00:00Z,draw,0.26,0.27,0.265,0.01,263.52,611.0,906.25,1.0,561.71,active,kalshi,2026-09-30T20:37:05.067127+00:00
soccer,EPL,KXEPLGAME-26OCT10SUNBRI,KXEPLGAME-26OCT10SUNBRI-SUN,,Sunderland,Brighton,2026-10-10T17:00:00Z,home,0.29,0.33,0.31,0.04,298.37,359.36,460.27,40.25,432.27,active,kalshi,2026-09-30T20:37:05.067127+00:00
soccer,EPL,KXEPLGAME-26OCT11CRYNFO,KXEPLGAME-26OCT11CRYNFO-NFO,,Crystal Palace,Nott'm Forest,2026-10-11T16:00:00Z,away,0.32,0.36,0.33999999999999997,0.04,252.83,1459.92,37.45,21.6,37.45,active,kalshi,2026-09-30T20:37:05.067127+00:00
soccer,EPL,KXEPLGAME-26OCT11CRYNFO,KXEPLGAME-26OCT11CRYNFO-TIE,,Crystal Palace,Nott'm Forest,2026-10-11T16:00:00Z,draw,0.28,0.29,0.28500000000000003,0.01,338.01,979.0,6.0,0.0,6.0,active,kalshi,2026-09-30T20:37:05.067127+00:00
soccer,EPL,KXEPLGAME-26OCT11CRYNFO,KXEPLGAME-26OCT11CRYNFO-CRY,,Crystal Palace,Nott'm Forest,2026-10-11T16:00:00Z,home,0.34,0.36,0.35,0.02,207.91,0.06,149.93,12.0,149.93,active,kalshi,2026-09-30T20:37:05.067127+00:00
soccer,EPL,KXEPLGAME-26OCT11HULEVE,KXEPLGAME-26OCT11HULEVE-EVE,,Hull,Everton,2026-10-11T16:00:00Z,away,0.44,0.48,0.45999999999999996,0.04,875.48,3645.36,60.46,6.15,56.35,active,kalshi,2026-09-30T20:37:05.067127+00:00
soccer,EPL,KXEPLGAME-26OCT11HULEVE,KXEPLGAME-26OCT11HULEVE-TIE,,Hull,Everton,2026-10-11T16:00:00Z,draw,0.28,0.29,0.28500000000000003,0.01,338.41,1531.72,117.28,0.0,117.28,active,kalshi,2026-09-30T20:37:05.067127+00:00
soccer,EPL,KXEPLGAME-26OCT11HULEVE,KXEPLGAME-26OCT11HULEVE-HUL,,Hull,Everton,2026-10-11T16:00:00Z,home,0.23,0.27,0.25,0.04,887.39,5443.02,267.64,51.23,267.64,active,kalshi,2026-09-30T20:37:05.067127+00:00
soccer,EPL,KXEPLGAME-26OCT11LFCMCI,KXEPLGAME-26OCT11LFCMCI-MCI,,Liverpool,Man City,2026-10-11T18:30:00Z,away,0.38,0.39,0.385,0.01,165.53,1340.15,35402.98,19480.94,33362.68,active,kalshi,2026-09-30T20:37:05.067127+00:00
soccer,EPL,KXEPLGAME-26OCT11LFCMCI,KXEPLGAME-26OCT11LFCMCI-TIE,,Liverpool,Man City,2026-10-11T18:30:00Z,draw,0.25,0.26,0.255,0.01,228.8,5096.76,1333.72,377.27,1322.52,active,kalshi,2026-09-30T20:37:05.067127+00:00
soccer,EPL,KXEPLGAME-26OCT11LFCMCI,KXEPLGAME-26OCT11LFCMCI-LFC,,Liverpool,Man City,2026-10-11T18:30:00Z,home,0.37,0.38,0.375,0.01,62.28,1549.59,14199.05,1705.5,12888.62,active,kalshi,2026-09-30T20:37:05.067127+00:00
soccer,EPL,KXEPLGAME-26OCT12COVNEW,KXEPLGAME-26OCT12COVNEW-NEW,,Coventry,Newcastle,2026-10-12T22:00:00Z,away,0.43,0.45,0.44,0.02,838.3,318.39,1425.9,81.44,1425.9,active,kalshi,2026-09-30T20:37:05.067127+00:00
soccer,EPL,KXEPLGAME-26OCT12COVNEW,KXEPLGAME-26OCT12COVNEW-TIE,,Coventry,Newcastle,2026-10-12T22:00:00Z,draw,0.25,0.28,0.265,0.03,1310.34,5501.34,37.52,0.0,37.52,active,kalshi,2026-09-30T20:37:05.067127+00:00
soccer,EPL,KXEPLGAME-26OCT12COVNEW,KXEPLGAME-26OCT12COVNEW-COV,,Coventry,Newcastle,2026-10-12T22:00:00Z,home,0.28,0.31,0.29500000000000004,0.03,251.26,5551.43,6.35,6.35,6.35,active,kalshi,2026-09-30T20:37:05.067127+00:00
soccer,EPL,KXEPLGAME-26OCT10ARSLEE,KXEPLGAME-26OCT10ARSLEE-LEE,,Arsenal,Leeds,2026-10-10T14:30:00Z,away,0.11,0.12,0.11499999999999999,0.01,4396.76,1992.93,7102.22,276.43,5449.97,active,kalshi,2026-09-30T21:02:39.812375+00:00
soccer,EPL,KXEPLGAME-26OCT10ARSLEE,KXEPLGAME-26OCT10ARSLEE-TIE,,Arsenal,Leeds,2026-10-10T14:30:00Z,draw,0.17,0.18,0.175,0.01,650.0,1494.59,578.3,70.2,561.3,active,kalshi,2026-09-30T21:02:39.812375+00:00
soccer,EPL,KXEPLGAME-26OCT10ARSLEE,KXEPLGAME-26OCT10ARSLEE-ARS,,Arsenal,Leeds,2026-10-10T14:30:00Z,home,0.72,0.73,0.725,0.01,428.31,120.16,22862.08,1968.24,18792.99,active,kalshi,2026-09-30T21:02:39.812375+00:00
soccer,EPL,KXEPLGAME-26OCT10AVLBRE,KXEPLGAME-26OCT10AVLBRE-BRE,,Aston Villa,Brentford,2026-10-10T17:00:00Z,away,0.35,0.38,0.365,0.03,203.46,1482.37,1455.89,70.89,1335.45,active,kalshi,2026-09-30T21:02:39.812375+00:00
soccer,EPL,KXEPLGAME-26OCT10AVLBRE,KXEPLGAME-26OCT10AVLBRE-TIE,,Aston Villa,Brentford,2026-10-10T17:00:00Z,draw,0.26,0.27,0.265,0.01,280.95,1982.0,855.94,0.0,852.94,active,kalshi,2026-09-30T21:02:39.812375+00:00
soccer,EPL,KXEPLGAME-26OCT10AVLBRE,KXEPLGAME-26OCT10AVLBRE-AVL,,Aston Villa,Brentford,2026-10-10T17:00:00Z,home,0.35,0.37,0.36,0.02,218.39,239.73,1309.56,211.82,1223.86,active,kalshi,2026-09-30T21:02:39.812375+00:00
soccer,EPL,KXEPLGAME-26OCT10CFCBOU,KXEPLGAME-26OCT10CFCBOU-BOU,,Chelsea,Bournemouth,2026-10-10T17:00:00Z,away,0.2,0.21,0.20500000000000002,0.01,191.03,937.73,403.49,0.0,403.49,active,kalshi,2026-09-30T21:02:39.812375+00:00
soccer,EPL,KXEPLGAME-26OCT10CFCBOU,KXEPLGAME-26OCT10CFCBOU-TIE,,Chelsea,Bournemouth,2026-10-10T17:00:00Z,draw,0.22,0.23,0.225,0.01,872.44,821.75,615.38,46.0,613.38,active,kalshi,2026-09-30T21:02:39.812375+00:00
soccer,EPL,KXEPLGAME-26OCT10CFCBOU,KXEPLGAME-26OCT10CFCBOU-CFC,,Chelsea,Bournemouth,2026-10-10T17:00:00Z,home,0.55,0.57,0.56,0.02,245.45,171.45,16386.33,1009.22,14702.38,active,kalshi,2026-09-30T21:02:39.812375+00:00
soccer,EPL,KXEPLGAME-26OCT10IPSFUL,KXEPLGAME-26OCT10IPSFUL-FUL,,Ipswich,Fulham,2026-10-10T17:00:00Z,away,0.36,0.39,0.375,0.03,196.78,1464.66,808.2,218.83,594.32,active,kalshi,2026-09-30T21:02:39.812375+00:00
soccer,EPL,KXEPLGAME-26OCT10IPSFUL,KXEPLGAME-26OCT10IPSFUL-TIE,,Ipswich,Fulham,2026-10-10T17:00:00Z,draw,0.26,0.28,0.27,0.02,438.53,5539.53,107.06,0.0,107.06,active,kalshi,2026-09-30T21:02:39.812375+00:00
soccer,EPL,KXEPLGAME-26OCT10IPSFUL,KXEPLGAME-26OCT10IPSFUL-IPS,,Ipswich,Fulham,2026-10-10T17:00:00Z,home,0.33,0.36,0.345,0.03,214.42,1517.04,270.34,31.31,270.34,active,kalshi,2026-09-30T21:02:39.812375+00:00
soccer,EPL,KXEPLGAME-26OCT10MUNTOT,KXEPLGAME-26OCT10MUNTOT-TOT,,Man United,Tottenham,2026-10-10T19:30:00Z,away,0.2,0.22,0.21000000000000002,0.02,251.87,1347.75,3247.52,817.86,2867.92,active,kalshi,2026-09-30T21:02:39.812375+00:00
soccer,EPL,KXEPLGAME-26OCT10MUNTOT,KXEPLGAME-26OCT10MUNTOT-TIE,,Man United,Tottenham,2026-10-10T19:30:00Z,draw,0.21,0.22,0.215,0.01,1729.5,302.81,723.84,120.33,723.84,active,kalshi,2026-09-30T21:02:39.812375+00:00
soccer,EPL,KXEPLGAME-26OCT10MUNTOT,KXEPLGAME-26OCT10MUNTOT-MUN,,Man United,Tottenham,2026-10-10T19:30:00Z,home,0.55,0.57,0.56,0.02,245.85,166.82,8323.61,629.23,7237.47,active,kalshi,2026-09-30T21:02:39.812375+00:00
soccer,EPL,KXEPLGAME-26OCT10SUNBRI,KXEPLGAME-26OCT10SUNBRI-BRI,,Sunderland,Brighton,2026-10-10T17:00:00Z,away,0.4,0.41,0.405,0.01,118.44,122.0,6506.05,478.94,5128.19,active,kalshi,2026-09-30T21:02:39.812375+00:00
soccer,EPL,KXEPLGAME-26OCT10SUNBRI,KXEPLGAME-26OCT10SUNBRI-TIE,,Sunderland,Brighton,2026-10-10T17:00:00Z,draw,0.26,0.27,0.265,0.01,263.52,611.0,906.25,1.0,561.71,active,kalshi,2026-09-30T21:02:39.812375+00:00
soccer,EPL,KXEPLGAME-26OCT10SUNBRI,KXEPLGAME-26OCT10SUNBRI-SUN,,Sunderland,Brighton,2026-10-10T17:00:00Z,home,0.29,0.32,0.305,0.03,298.2,83.09,460.27,40.25,432.27,active,kalshi,2026-09-30T21:02:39.812375+00:00
soccer,EPL,KXEPLGAME-26OCT11CRYNFO,KXEPLGAME-26OCT11CRYNFO-NFO,,Crystal Palace,Nott'm Forest,2026-10-11T16:00:00Z,away,0.32,0.36,0.33999999999999997,0.04,252.83,1459.92,37.45,21.6,37.45,active,kalshi,2026-09-30T21:02:39.812375+00:00
soccer,EPL,KXEPLGAME-26OCT11CRYNFO,KXEPLGAME-26OCT11CRYNFO-TIE,,Crystal Palace,Nott'm Forest,2026-10-11T16:00:00Z,draw,0.28,0.29,0.28500000000000003,0.01,338.01,979.0,6.0,0.0,6.0,active,kalshi,2026-09-30T21:02:39.812375+00:00
soccer,EPL,KXEPLGAME-26OCT11CRYNFO,KXEPLGAME-26OCT11CRYNFO-CRY,,Crystal Palace,Nott'm Forest,2026-10-11T16:00:00Z,home,0.34,0.36,0.35,0.02,207.91,0.06,149.93,12.0,149.93,active,kalshi,2026-09-30T21:02:39.812375+00:00
soccer,EPL,KXEPLGAME-26OCT11HULEVE,KXEPLGAME-26OCT11HULEVE-EVE,,Hull,Everton,2026-10-11T16:00:00Z,away,0.44,0.48,0.45999999999999996,0.04,875.48,3645.36,60.46,6.15,56.35,active,kalshi,2026-09-30T21:02:39.812375+00:00
soccer,EPL,KXEPLGAME-26OCT11HULEVE,KXEPLGAME-26OCT11HULEVE-TIE,,Hull,Everton,2026-10-11T16:00:00Z,draw,0.28,0.29,0.28500000000000003,0.01,338.41,1531.72,117.28,0.0,117.28,active,kalshi,2026-09-30T21:02:39.812375+00:00
soccer,EPL,KXEPLGAME-26OCT11HULEVE,KXEPLGAME-26OCT11HULEVE-HUL,,Hull,Everton,2026-10-11T16:00:00Z,home,0.23,0.27,0.25,0.04,887.39,5443.02,267.64,51.23,267.64,active,kalshi,2026-09-30T21:02:39.812375+00:00
soccer,EPL,KXEPLGAME-26OCT11LFCMCI,KXEPLGAME-26OCT11LFCMCI-MCI,,Liverpool,Man City,2026-10-11T18:30:00Z,away,0.38,0.39,0.385,0.01,133.69,1254.82,35488.31,19447.27,33448.01,active,kalshi,2026-09-30T21:02:39.812375+00:00
soccer,EPL,KXEPLGAME-26OCT11LFCMCI,KXEPLGAME-26OCT11LFCMCI-TIE,,Liverpool,Man City,2026-10-11T18:30:00Z,draw,0.25,0.26,0.255,0.01,228.8,5096.76,1333.72,194.44,1322.52,active,kalshi,2026-09-30T21:02:39.812375+00:00
soccer,EPL,KXEPLGAME-26OCT11LFCMCI,KXEPLGAME-26OCT11LFCMCI-LFC,,Liverpool,Man City,2026-10-11T18:30:00Z,home,0.37,0.38,0.375,0.01,50.52,1549.59,14199.05,1058.37,12888.62,active,kalshi,2026-09-30T21:02:39.812375+00:00
soccer,EPL,KXEPLGAME-26OCT12COVNEW,KXEPLGAME-26OCT12COVNEW-NEW,,Coventry,Newcastle,2026-10-12T22:00:00Z,away,0.43,0.45,0.44,0.02,1303.3,182.79,1428.03,83.57,1428.03,active,kalshi,2026-09-30T21:02:39.812375+00:00
soccer,EPL,KXEPLGAME-26OCT12COVNEW,KXEPLGAME-26OCT12COVNEW-TIE,,Coventry,Newcastle,2026-10-12T22:00:00Z,draw,0.25,0.27,0.26,0.02,1310.34,1515.78,37.52,0.0,37.52,active,kalshi,2026-09-30T21:02:39.812375+00:00
soccer,EPL,KXEPLGAME-26OCT12COVNEW,KXEPLGAME-26OCT12COVNEW-COV,,Coventry,Newcastle,2026-10-12T22:00:00Z,home,0.28,0.3,0.29000000000000004,0.02,251.26,1333.0,6.35,6.35,6.35,active,kalshi,2026-09-30T21:02:39.812375+00:00
soccer,EPL,KXEPLGAME-26OCT10ARSLEE,KXEPLGAME-26OCT10ARSLEE-LEE,,Arsenal,Leeds,2026-10-10T14:30:00Z,away,0.11,0.12,0.11499999999999999,0.01,4413.05,1432.45,7102.22,275.43,5449.97,active,kalshi,2026-09-30T21:38:40.289689+00:00
soccer,EPL,KXEPLGAME-26OCT10ARSLEE,KXEPLGAME-26OCT10ARSLEE-TIE,,Arsenal,Leeds,2026-10-10T14:30:00Z,draw,0.17,0.18,0.175,0.01,650.0,1439.73,578.3,70.2,561.3,active,kalshi,2026-09-30T21:38:40.289689+00:00
soccer,EPL,KXEPLGAME-26OCT10ARSLEE,KXEPLGAME-26OCT10ARSLEE-ARS,,Arsenal,Leeds,2026-10-10T14:30:00Z,home,0.72,0.73,0.725,0.01,357.23,133.48,22928.74,1985.01,18726.33,active,kalshi,2026-09-30T21:38:40.289689+00:00
soccer,EPL,KXEPLGAME-26OCT10AVLBRE,KXEPLGAME-26OCT10AVLBRE-BRE,,Aston Villa,Brentford,2026-10-10T17:00:00Z,away,0.35,0.38,0.365,0.03,203.46,161.37,1455.89,70.89,1335.45,active,kalshi,2026-09-30T21:38:40.289689+00:00
soccer,EPL,KXEPLGAME-26OCT10AVLBRE,KXEPLGAME-26OCT10AVLBRE-TIE,,Aston Villa,Brentford,2026-10-10T17:00:00Z,draw,0.26,0.28,0.27,0.02,303.95,1047.19,855.94,0.0,852.94,active,kalshi,2026-09-30T21:38:40.289689+00:00
soccer,EPL,KXEPLGAME-26OCT10AVLBRE,KXEPLGAME-26OCT10AVLBRE-AVL,,Aston Villa,Brentford,2026-10-10T17:00:00Z,home,0.35,0.37,0.36,0.02,202.48,115.73,1309.56,211.82,1223.86,active,kalshi,2026-09-30T21:38:40.289689+00:00
soccer,EPL,KXEPLGAME-26OCT10CFCBOU,KXEPLGAME-26OCT10CFCBOU-BOU,,Chelsea,Bournemouth,2026-10-10T17:00:00Z,away,0.2,0.21,0.20500000000000002,0.01,191.1,933.73,407.49,4.0,407.49,active,kalshi,2026-09-30T21:38:40.289689+00:00
soccer,EPL,KXEPLGAME-26OCT10CFCBOU,KXEPLGAME-26OCT10CFCBOU-TIE,,Chelsea,Bournemouth,2026-10-10T17:00:00Z,draw,0.22,0.23,0.225,0.01,872.44,821.75,615.38,46.0,613.38,active,kalshi,2026-09-30T21:38:40.289689+00:00
soccer,EPL,KXEPLGAME-26OCT10CFCBOU,KXEPLGAME-26OCT10CFCBOU-CFC,,Chelsea,Bournemouth,2026-10-10T17:00:00Z,home,0.55,0.57,0.56,0.02,245.45,146.55,16411.33,1034.22,14727.38,active,kalshi,2026-09-30T21:38:40.289689+00:00
soccer,EPL,KXEPLGAME-26OCT10IPSFUL,KXEPLGAME-26OCT10IPSFUL-FUL,,Ipswich,Fulham,2026-10-10T17:00:00Z,away,0.36,0.39,0.375,0.03,196.78,357.56,808.2,218.83,594.32,active,kalshi,2026-09-30T21:38:40.289689+00:00
soccer,EPL,KXEPLGAME-26OCT10IPSFUL,KXEPLGAME-26OCT10IPSFUL-TIE,,Ipswich,Fulham,2026-10-10T17:00:00Z,draw,0.26,0.28,0.27,0.02,438.53,1539.53,107.06,0.0,107.06,active,kalshi,2026-09-30T21:38:40.289689+00:00
soccer,EPL,KXEPLGAME-26OCT10IPSFUL,KXEPLGAME-26OCT10IPSFUL-IPS,,Ipswich,Fulham,2026-10-10T17:00:00Z,home,0.31,0.37,0.33999999999999997,0.06,1514.56,214.54,270.34,31.31,270.34,active,kalshi,2026-09-30T21:38:40.289689+00:00
soccer,EPL,KXEPLGAME-26OCT10MUNTOT,KXEPLGAME-26OCT10MUNTOT-TOT,,Man United,Tottenham,2026-10-10T19:30:00Z,away,0.21,0.23,0.22,0.02,57.0,1171.93,3247.52,809.57,2867.92,active,kalshi,2026-09-30T21:38:40.289689+00:00
soccer,EPL,KXEPLGAME-26OCT10MUNTOT,KXEPLGAME-26OCT10MUNTOT-TIE,,Man United,Tottenham,2026-10-10T19:30:00Z,draw,0.21,0.22,0.215,0.01,1729.5,302.81,723.84,120.33,723.84,active,kalshi,2026-09-30T21:38:40.289689+00:00
soccer,EPL,KXEPLGAME-26OCT10MUNTOT,KXEPLGAME-26OCT10MUNTOT-MUN,,Man United,Tottenham,2026-10-10T19:30:00Z,home,0.55,0.57,0.56,0.02,229.84,129.12,8323.61,547.5,7237.47,active,kalshi,2026-09-30T21:38:40.289689+00:00
soccer,EPL,KXEPLGAME-26OCT10SUNBRI,KXEPLGAME-26OCT10SUNBRI-BRI,,Sunderland,Brighton,2026-10-10T17:00:00Z,away,0.4,0.42,0.41000000000000003,0.02,62.18,150.35,6562.31,535.2,5071.93,active,kalshi,2026-09-30T21:38:40.289689+00:00
soccer,EPL,KXEPLGAME-26OCT10SUNBRI,KXEPLGAME-26OCT10SUNBRI-TIE,,Sunderland,Brighton,2026-10-10T17:00:00Z,draw,0.26,0.27,0.265,0.01,263.52,611.0,906.25,1.0,561.71,active,kalshi,2026-09-30T21:38:40.289689+00:00
soccer,EPL,KXEPLGAME-26OCT10SUNBRI,KXEPLGAME-26OCT10SUNBRI-SUN,,Sunderland,Brighton,2026-10-10T17:00:00Z,home,0.27,0.32,0.29500000000000004,0.05,1469.42,0.09,460.27,40.25,432.27,active,kalshi,2026-09-30T21:38:40.289689+00:00
soccer,EPL,KXEPLGAME-26OCT11CRYNFO,KXEPLGAME-26OCT11CRYNFO-NFO,,Crystal Palace,Nott'm Forest,2026-10-11T16:00:00Z,away,0.32,0.36,0.33999999999999997,0.04,157.99,127.92,37.45,21.6,37.45,active,kalshi,2026-09-30T21:38:40.289689+00:00
soccer,EPL,KXEPLGAME-26OCT11CRYNFO,KXEPLGAME-26OCT11CRYNFO-TIE,,Crystal Palace,Nott'm Forest,2026-10-11T16:00:00Z,draw,0.28,0.29,0.28500000000000003,0.01,338.01,979.0,6.0,0.0,6.0,active,kalshi,2026-09-30T21:38:40.289689+00:00
soccer,EPL,KXEPLGAME-26OCT11CRYNFO,KXEPLGAME-26OCT11CRYNFO-CRY,,Crystal Palace,Nott'm Forest,2026-10-11T16:00:00Z,home,0.34,0.36,0.35,0.02,207.91,0.06,149.93,12.0,149.93,active,kalshi,2026-09-30T21:38:40.289689+00:00
soccer,EPL,KXEPLGAME-26OCT11HULEVE,KXEPLGAME-26OCT11HULEVE-EVE,,Hull,Everton,2026-10-11T16:00:00Z,away,0.44,0.48,0.45999999999999996,0.04,201.48,312.36,60.46,6.15,56.35,active,kalshi,2026-09-30T21:38:40.289689+00:00
soccer,EPL,KXEPLGAME-26OCT11HULEVE,KXEPLGAME-26OCT11HULEVE-TIE,,Hull,Everton,2026-10-11T16:00:00Z,draw,0.28,0.29,0.28500000000000003,0.01,338.46,875.72,117.28,0.0,117.28,active,kalshi,2026-09-30T21:38:40.289689+00:00
soccer,EPL,KXEPLGAME-26OCT11HULEVE,KXEPLGAME-26OCT11HULEVE-HUL,,Hull,Everton,2026-10-11T16:00:00Z,home,0.23,0.27,0.25,0.04,207.39,1451.02,267.64,51.23,267.64,active,kalshi,2026-09-30T21:38:40.289689+00:00
soccer,EPL,KXEPLGAME-26OCT11LFCMCI,KXEPLGAME-26OCT11LFCMCI-MCI,,Liverpool,Man City,2026-10-11T18:30:00Z,away,0.38,0.39,0.385,0.01,55.73,309.66,35578.55,19435.83,33367.59,active,kalshi,2026-09-30T21:38:40.289689+00:00
soccer,EPL,KXEPLGAME-26OCT11LFCMCI,KXEPLGAME-26OCT11LFCMCI-TIE,,Liverpool,Man City,2026-10-11T18:30:00Z,draw,0.25,0.26,0.255,0.01,228.8,3089.45,1341.03,201.75,1329.83,active,kalshi,2026-09-30T21:38:40.289689+00:00
soccer,EPL,KXEPLGAME-26OCT11LFCMCI,KXEPLGAME-26OCT11LFCMCI-LFC,,Liverpool,Man City,2026-10-11T18:30:00Z,home,0.37,0.38,0.375,0.01,99.08,211.79,14199.05,1003.87,12888.62,active,kalshi,2026-09-30T21:38:40.289689+00:00
soccer,EPL,KXEPLGAME-26OCT12COVNEW,KXEPLGAME-26OCT12COVNEW-NEW,,Coventry,Newcastle,2026-10-12T22:00:00Z,away,0.43,0.45,0.44,0.02,838.3,182.79,1428.03,81.51,1428.03,active,kalshi,2026-09-30T21:38:40.289689+00:00
soccer,EPL,KXEPLGAME-26OCT12COVNEW,KXEPLGAME-26OCT12COVNEW-TIE,,Coventry,Newcastle,2026-10-12T22:00:00Z,draw,0.25,0.28,0.265,0.03,1310.34,1500.86,37.52,0.0,37.52,active,kalshi,2026-09-30T21:38:40.289689+00:00
soccer,EPL,KXEPLGAME-26OCT12COVNEW,KXEPLGAME-26OCT12COVNEW-COV,,Coventry,Newcastle,2026-10-12T22:00:00Z,home,0.28,0.31,0.29500000000000004,0.03,251.26,1551.78,6.35,6.35,6.35,active,kalshi,2026-09-30T21:38:40.289689+00:00
