sport,league,event_ticker,market_ticker,game_id,home_team,away_team,expiration_time,selection,yes_bid,yes_ask,implied_prob_mid,spread,yes_bid_size,yes_ask_size,volume,volume_24h,open_interest,status,source,fetched_at
soccer,EPL,KXEPLGAME-26OCT10ARSLEE,KXEPLGAME-26OCT10ARSLEE-LEE,,Arsenal,Leeds,2026-10-10T14:30:00Z,away,0.1,0.12,0.11,0.02,1203.17,3826.22,3063.74,1227.23,2773.07,active,kalshi,2026-09-28T00:02:29.975725+00:00
soccer,EPL,KXEPLGAME-26OCT10ARSLEE,KXEPLGAME-26OCT10ARSLEE-TIE,,Arsenal,Leeds,2026-10-10T14:30:00Z,draw,0.17,0.19,0.18,0.02,998.0,4863.38,226.61,134.53,209.61,active,kalshi,2026-09-28T00:02:29.975725+00:00
soccer,EPL,KXEPLGAME-26OCT10ARSLEE,KXEPLGAME-26OCT10ARSLEE-ARS,,Arsenal,Leeds,2026-10-10T14:30:00Z,home,0.71,0.72,0.715,0.01,962.23,811.98,13796.36,5803.48,12516.92,active,kalshi,2026-09-28T00:02:29.975725+00:00
soccer,EPL,KXEPLGAME-26OCT10AVLBRE,KXEPLGAME-26OCT10AVLBRE-BRE,,Aston Villa,Brentford,2026-10-10T17:00:00Z,away,0.35,0.38,0.365,0.03,1166.66,1625.2,1093.86,832.08,983.42,active,kalshi,2026-09-28T00:02:29.975725+00:00
soccer,EPL,KXEPLGAME-26OCT10AVLBRE,KXEPLGAME-26OCT10AVLBRE-TIE,,Aston Villa,Brentford,2026-10-10T17:00:00Z,draw,0.26,0.28,0.27,0.02,392.07,4950.0,778.64,709.64,778.64,active,kalshi,2026-09-28T00:02:29.975725+00:00
soccer,EPL,KXEPLGAME-26OCT10AVLBRE,KXEPLGAME-26OCT10AVLBRE-AVL,,Aston Villa,Brentford,2026-10-10T17:00:00Z,home,0.34,0.37,0.355,0.03,1827.1,1399.96,784.88,784.88,724.88,active,kalshi,2026-09-28T00:02:29.975725+00:00
soccer,EPL,KXEPLGAME-26OCT10CFCBOU,KXEPLGAME-26OCT10CFCBOU-BOU,,Chelsea,Bournemouth,2026-10-10T17:00:00Z,away,0.2,0.21,0.20500000000000002,0.01,171.34,1027.93,272.29,42.77,272.29,active,kalshi,2026-09-28T00:02:29.975725+00:00
soccer,EPL,KXEPLGAME-26OCT10CFCBOU,KXEPLGAME-26OCT10CFCBOU-TIE,,Chelsea,Bournemouth,2026-10-10T17:00:00Z,draw,0.22,0.23,0.225,0.01,472.37,907.0,494.13,287.0,492.13,active,kalshi,2026-09-28T00:02:29.975725+00:00
soccer,EPL,KXEPLGAME-26OCT10CFCBOU,KXEPLGAME-26OCT10CFCBOU-CFC,,Chelsea,Bournemouth,2026-10-10T17:00:00Z,home,0.57,0.58,0.575,0.01,74.8,834.39,14749.3,1925.81,13701.24,active,kalshi,2026-09-28T00:02:29.975725+00:00
soccer,EPL,KXEPLGAME-26OCT10IPSFUL,KXEPLGAME-26OCT10IPSFUL-FUL,,Ipswich,Fulham,2026-10-10T17:00:00Z,away,0.35,0.39,0.37,0.04,1474.0,1580.99,265.2,164.09,142.26,active,kalshi,2026-09-28T00:02:29.975725+00:00
soccer,EPL,KXEPLGAME-26OCT10IPSFUL,KXEPLGAME-26OCT10IPSFUL-TIE,,Ipswich,Fulham,2026-10-10T17:00:00Z,draw,0.26,0.27,0.265,0.01,431.97,1998.0,47.69,3.52,47.69,active,kalshi,2026-09-28T00:02:29.975725+00:00
soccer,EPL,KXEPLGAME-26OCT10IPSFUL,KXEPLGAME-26OCT10IPSFUL-IPS,,Ipswich,Fulham,2026-10-10T17:00:00Z,home,0.33,0.37,0.35,0.04,1473.97,1580.99,178.03,141.03,178.03,active,kalshi,2026-09-28T00:02:29.975725+00:00
soccer,EPL,KXEPLGAME-26OCT10MUNTOT,KXEPLGAME-26OCT10MUNTOT-TOT,,Man United,Tottenham,2026-10-10T19:30:00Z,away,0.2,0.22,0.21000000000000002,0.02,667.76,1978.45,1151.6,199.13,1149.14,active,kalshi,2026-09-28T00:02:29.975725+00:00
soccer,EPL,KXEPLGAME-26OCT10MUNTOT,KXEPLGAME-26OCT10MUNTOT-TIE,,Man United,Tottenham,2026-10-10T19:30:00Z,draw,0.21,0.22,0.215,0.01,1576.84,313.0,360.3,12.31,360.3,active,kalshi,2026-09-28T00:02:29.975725+00:00
soccer,EPL,KXEPLGAME-26OCT10MUNTOT,KXEPLGAME-26OCT10MUNTOT-MUN,,Man United,Tottenham,2026-10-10T19:30:00Z,home,0.56,0.57,0.565,0.01,12.0,133.13,4944.35,3749.64,4468.95,active,kalshi,2026-09-28T00:02:29.975725+00:00
soccer,EPL,KXEPLGAME-26OCT10SUNBRI,KXEPLGAME-26OCT10SUNBRI-BRI,,Sunderland,Brighton,2026-10-10T17:00:00Z,away,0.41,0.42,0.415,0.01,129.13,122.78,5532.33,2720.27,4154.47,active,kalshi,2026-09-28T00:02:29.975725+00:00
soccer,EPL,KXEPLGAME-26OCT10SUNBRI,KXEPLGAME-26OCT10SUNBRI-TIE,,Sunderland,Brighton,2026-10-10T17:00:00Z,draw,0.26,0.27,0.265,0.01,381.66,665.39,715.69,362.15,371.15,active,kalshi,2026-09-28T00:02:29.975725+00:00
soccer,EPL,KXEPLGAME-26OCT10SUNBRI,KXEPLGAME-26OCT10SUNBRI-SUN,,Sunderland,Brighton,2026-10-10T17:00:00Z,home,0.3,0.33,0.315,0.03,1575.78,1705.25,357.02,199.94,357.02,active,kalshi,2026-09-28T00:02:29.975725+00:00
soccer,EPL,KXEPLGAME-26OCT11CRYNFO,KXEPLGAME-26OCT11CRYNFO-NFO,,Crystal Palace,Nott'm Forest,2026-10-11T16:00:00Z,away,0.33,0.37,0.35,0.04,1272.64,1460.65,2.58,2.58,2.58,active,kalshi,2026-09-28T00:02:29.975725+00:00
soccer,EPL,KXEPLGAME-26OCT11CRYNFO,KXEPLGAME-26OCT11CRYNFO-TIE,,Crystal Palace,Nott'm Forest,2026-10-11T16:00:00Z,draw,0.28,0.29,0.28500000000000003,0.01,337.83,4985.0,0.0,0.0,0.0,active,kalshi,2026-09-28T00:02:29.975725+00:00
soccer,EPL,KXEPLGAME-26OCT11CRYNFO,KXEPLGAME-26OCT11CRYNFO-CRY,,Crystal Palace,Nott'm Forest,2026-10-11T16:00:00Z,home,0.34,0.38,0.36,0.04,222.66,4982.41,25.22,25.22,25.22,active,kalshi,2026-09-28T00:02:29.975725+00:00
soccer,EPL,KXEPLGAME-26OCT11HULEVE,KXEPLGAME-26OCT11HULEVE-EVE,,Hull,Everton,2026-10-11T16:00:00Z,away,0.44,0.48,0.45999999999999996,0.04,1272.16,1451.1,10.05,10.05,10.05,active,kalshi,2026-09-28T00:02:29.975725+00:00
soccer,EPL,KXEPLGAME-26OCT11HULEVE,KXEPLGAME-26OCT11HULEVE-TIE,,Hull,Everton,2026-10-11T16:00:00Z,draw,0.28,0.29,0.28500000000000003,0.01,338.3,2292.72,15.28,15.28,15.28,active,kalshi,2026-09-28T00:02:29.975725+00:00
soccer,EPL,KXEPLGAME-26OCT11HULEVE,KXEPLGAME-26OCT11HULEVE-HUL,,Hull,Everton,2026-10-11T16:00:00Z,home,0.23,0.27,0.25,0.04,224.31,5429.3,102.41,102.41,102.41,active,kalshi,2026-09-28T00:02:29.975725+00:00
soccer,EPL,KXEPLGAME-26OCT11LFCMCI,KXEPLGAME-26OCT11LFCMCI-MCI,,Liverpool,Man City,2026-10-11T18:30:00Z,away,0.37,0.4,0.385,0.03,840.05,3727.23,3429.89,3429.89,3235.73,active,kalshi,2026-09-28T00:02:29.975725+00:00
soccer,EPL,KXEPLGAME-26OCT11LFCMCI,KXEPLGAME-26OCT11LFCMCI-TIE,,Liverpool,Man City,2026-10-11T18:30:00Z,draw,0.25,0.26,0.255,0.01,240.0,1881.62,146.38,146.38,146.38,active,kalshi,2026-09-28T00:02:29.975725+00:00
soccer,EPL,KXEPLGAME-26OCT11LFCMCI,KXEPLGAME-26OCT11LFCMCI-LFC,,Liverpool,Man City,2026-10-11T18:30:00Z,home,0.35,0.37,0.36,0.02,181.02,1141.48,247.64,247.64,247.64,active,kalshi,2026-09-28T00:02:29.975725+00:00
soccer,EPL,KXEPLGAME-26OCT10ARSLEE,KXEPLGAME-26OCT10ARSLEE-LEE,,Arsenal,Leeds,2026-10-10T14:30:00Z,away,0.1,0.12,0.11,0.02,966.67,3826.22,3063.74,1122.23,2773.07,active,kalshi,2026-09-28T00:43:42.710438+00:00
soccer,EPL,KXEPLGAME-26OCT10ARSLEE,KXEPLGAME-26OCT10ARSLEE-TIE,,Arsenal,Leeds,2026-10-10T14:30:00Z,draw,0.17,0.19,0.18,0.02,998.0,4863.38,226.61,134.53,209.61,active,kalshi,2026-09-28T00:43:42.710438+00:00
soccer,EPL,KXEPLGAME-26OCT10ARSLEE,KXEPLGAME-26OCT10ARSLEE-ARS,,Arsenal,Leeds,2026-10-10T14:30:00Z,home,0.71,0.72,0.715,0.01,968.76,746.04,13862.3,5809.87,12582.86,active,kalshi,2026-09-28T00:43:42.710438+00:00
soccer,EPL,KXEPLGAME-26OCT10AVLBRE,KXEPLGAME-26OCT10AVLBRE-BRE,,Aston Villa,Brentford,2026-10-10T17:00:00Z,away,0.35,0.38,0.365,0.03,1788.66,1622.68,1096.38,817.38,985.94,active,kalshi,2026-09-28T00:43:42.710438+00:00
soccer,EPL,KXEPLGAME-26OCT10AVLBRE,KXEPLGAME-26OCT10AVLBRE-TIE,,Aston Villa,Brentford,2026-10-10T17:00:00Z,draw,0.26,0.28,0.27,0.02,392.07,4933.0,795.64,726.64,795.64,active,kalshi,2026-09-28T00:43:42.710438+00:00
soccer,EPL,KXEPLGAME-26OCT10AVLBRE,KXEPLGAME-26OCT10AVLBRE-AVL,,Aston Villa,Brentford,2026-10-10T17:00:00Z,home,0.34,0.37,0.355,0.03,1827.1,1399.96,784.88,784.88,724.88,active,kalshi,2026-09-28T00:43:42.710438+00:00
soccer,EPL,KXEPLGAME-26OCT10CFCBOU,KXEPLGAME-26OCT10CFCBOU-BOU,,Chelsea,Bournemouth,2026-10-10T17:00:00Z,away,0.2,0.21,0.20500000000000002,0.01,171.34,1027.93,272.29,42.77,272.29,active,kalshi,2026-09-28T00:43:42.710438+00:00
soccer,EPL,KXEPLGAME-26OCT10CFCBOU,KXEPLGAME-26OCT10CFCBOU-TIE,,Chelsea,Bournemouth,2026-10-10T17:00:00Z,draw,0.22,0.23,0.225,0.01,472.37,907.0,494.13,287.0,492.13,active,kalshi,2026-09-28T00:43:42.710438+00:00
soccer,EPL,KXEPLGAME-26OCT10CFCBOU,KXEPLGAME-26OCT10CFCBOU-CFC,,Chelsea,Bournemouth,2026-10-10T17:00:00Z,home,0.57,0.58,0.575,0.01,74.8,834.39,14749.3,1918.74,13701.24,active,kalshi,2026-09-28T00:43:42.710438+00:00
soccer,EPL,KXEPLGAME-26OCT10IPSFUL,KXEPLGAME-26OCT10IPSFUL-FUL,,Ipswich,Fulham,2026-10-10T17:00:00Z,away,0.35,0.39,0.37,0.04,1474.0,1580.99,265.2,164.09,142.26,active,kalshi,2026-09-28T00:43:42.710438+00:00
soccer,EPL,KXEPLGAME-26OCT10IPSFUL,KXEPLGAME-26OCT10IPSFUL-TIE,,Ipswich,Fulham,2026-10-10T17:00:00Z,draw,0.26,0.27,0.265,0.01,431.97,1998.0,47.69,3.52,47.69,active,kalshi,2026-09-28T00:43:42.710438+00:00
soccer,EPL,KXEPLGAME-26OCT10IPSFUL,KXEPLGAME-26OCT10IPSFUL-IPS,,Ipswich,Fulham,2026-10-10T17:00:00Z,home,0.33,0.37,0.35,0.04,1473.97,1580.99,178.03,129.03,178.03,active,kalshi,2026-09-28T00:43:42.710438+00:00
soccer,EPL,KXEPLGAME-26OCT10MUNTOT,KXEPLGAME-26OCT10MUNTOT-TOT,,Man United,Tottenham,2026-10-10T19:30:00Z,away,0.2,0.22,0.21000000000000002,0.02,667.76,1978.45,1151.6,191.17,1149.14,active,kalshi,2026-09-28T00:43:42.710438+00:00
soccer,EPL,KXEPLGAME-26OCT10MUNTOT,KXEPLGAME-26OCT10MUNTOT-TIE,,Man United,Tottenham,2026-10-10T19:30:00Z,draw,0.21,0.22,0.215,0.01,1576.84,313.0,360.3,12.31,360.3,active,kalshi,2026-09-28T00:43:42.710438+00:00
soccer,EPL,KXEPLGAME-26OCT10MUNTOT,KXEPLGAME-26OCT10MUNTOT-MUN,,Man United,Tottenham,2026-10-10T19:30:00Z,home,0.56,0.57,0.565,0.01,14.0,133.13,4944.35,3746.27,4468.95,active,kalshi,2026-09-28T00:43:42.710438+00:00
soccer,EPL,KXEPLGAME-26OCT10SUNBRI,KXEPLGAME-26OCT10SUNBRI-BRI,,Sunderland,Brighton,2026-10-10T17:00:00Z,away,0.4,0.42,0.41000000000000003,0.02,805.6,226.82,5612.33,2800.27,4234.47,active,kalshi,2026-09-28T00:43:42.710438+00:00
soccer,EPL,KXEPLGAME-26OCT10SUNBRI,KXEPLGAME-26OCT10SUNBRI-TIE,,Sunderland,Brighton,2026-10-10T17:00:00Z,draw,0.26,0.27,0.265,0.01,381.66,665.39,715.69,362.15,371.15,active,kalshi,2026-09-28T00:43:42.710438+00:00
soccer,EPL,KXEPLGAME-26OCT10SUNBRI,KXEPLGAME-26OCT10SUNBRI-SUN,,Sunderland,Brighton,2026-10-10T17:00:00Z,home,0.3,0.33,0.315,0.03,1575.78,1705.25,357.02,185.94,357.02,active,kalshi,2026-09-28T00:43:42.710438+00:00
soccer,EPL,KXEPLGAME-26OCT11CRYNFO,KXEPLGAME-26OCT11CRYNFO-NFO,,Crystal Palace,Nott'm Forest,2026-10-11T16:00:00Z,away,0.33,0.37,0.35,0.04,1272.64,1460.65,2.58,2.58,2.58,active,kalshi,2026-09-28T00:43:42.710438+00:00
soccer,EPL,KXEPLGAME-26OCT11CRYNFO,KXEPLGAME-26OCT11CRYNFO-TIE,,Crystal Palace,Nott'm Forest,2026-10-11T16:00:00Z,draw,0.28,0.29,0.28500000000000003,0.01,337.83,4985.0,0.0,0.0,0.0,active,kalshi,2026-09-28T00:43:42.710438+00:00
soccer,EPL,KXEPLGAME-26OCT11CRYNFO,KXEPLGAME-26OCT11CRYNFO-CRY,,Crystal Palace,Nott'm Forest,2026-10-11T16:00:00Z,home,0.34,0.38,0.36,0.04,222.66,4982.41,25.22,25.22,25.22,active,kalshi,2026-09-28T00:43:42.710438+00:00
soccer,EPL,KXEPLGAME-26OCT11HULEVE,KXEPLGAME-26OCT11HULEVE-EVE,,Hull,Everton,2026-10-11T16:00:00Z,away,0.44,0.48,0.45999999999999996,0.04,1272.16,1451.1,10.05,10.05,10.05,active,kalshi,2026-09-28T00:43:42.710438+00:00
soccer,EPL,KXEPLGAME-26OCT11HULEVE,KXEPLGAME-26OCT11HULEVE-TIE,,Hull,Everton,2026-10-11T16:00:00Z,draw,0.28,0.29,0.28500000000000003,0.01,338.3,2292.72,15.28,15.28,15.28,active,kalshi,2026-09-28T00:43:42.710438+00:00
soccer,EPL,KXEPLGAME-26OCT11HULEVE,KXEPLGAME-26OCT11HULEVE-HUL,,Hull,Everton,2026-10-11T16:00:00Z,home,0.23,0.27,0.25,0.04,224.31,5429.3,102.41,102.41,102.41,active,kalshi,2026-09-28T00:43:42.710438+00:00
soccer,EPL,KXEPLGAME-26OCT11LFCMCI,KXEPLGAME-26OCT11LFCMCI-MCI,,Liverpool,Man City,2026-10-11T18:30:00Z,away,0.37,0.4,0.385,0.03,840.05,3679.44,3477.68,3472.89,3283.52,active,kalshi,2026-09-28T00:43:42.710438+00:00
soccer,EPL,KXEPLGAME-26OCT11LFCMCI,KXEPLGAME-26OCT11LFCMCI-TIE,,Liverpool,Man City,2026-10-11T18:30:00Z,draw,0.25,0.26,0.255,0.01,240.0,1904.62,146.38,146.38,146.38,active,kalshi,2026-09-28T00:43:42.710438+00:00
soccer,EPL,KXEPLGAME-26OCT11LFCMCI,KXEPLGAME-26OCT11LFCMCI-LFC,,Liverpool,Man City,2026-10-11T18:30:00Z,home,0.35,0.37,0.36,0.02,181.02,870.58,247.64,247.64,247.64,active,kalshi,2026-09-28T00:43:42.710438+00:00
soccer,EPL,KXEPLGAME-26OCT12COVNEW,KXEPLGAME-26OCT12COVNEW-NEW,,Coventry,Newcastle,2026-10-12T22:00:00Z,away,0.4,0.75,0.575,0.35,150.0,50.0,0.0,0.0,0.0,active,kalshi,2026-09-28T00:43:42.710438+00:00
soccer,EPL,KXEPLGAME-26OCT12COVNEW,KXEPLGAME-26OCT12COVNEW-TIE,,Coventry,Newcastle,2026-10-12T22:00:00Z,draw,0.03,0.75,0.39,0.72,500.0,50.0,0.0,0.0,0.0,active,kalshi,2026-09-28T00:43:42.710438+00:00
soccer,EPL,KXEPLGAME-26OCT12COVNEW,KXEPLGAME-26OCT12COVNEW-COV,,Coventry,Newcastle,2026-10-12T22:00:00Z,home,0.03,0.75,0.39,0.72,500.0,50.0,0.0,0.0,0.0,active,kalshi,2026-09-28T00:43:42.710438+00:00
soccer,EPL,KXEPLGAME-26OCT10ARSLEE,KXEPLGAME-26OCT10ARSLEE-LEE,,Arsenal,Leeds,2026-10-10T14:30:00Z,away,0.1,0.12,0.11,0.02,966.67,3826.22,3063.74,1115.23,2773.07,active,kalshi,2026-09-28T01:03:22.431274+00:00
soccer,EPL,KXEPLGAME-26OCT10ARSLEE,KXEPLGAME-26OCT10ARSLEE-TIE,,Arsenal,Leeds,2026-10-10T14:30:00Z,draw,0.17,0.19,0.18,0.02,998.0,4863.38,226.61,130.53,209.61,active,kalshi,2026-09-28T01:03:22.431274+00:00
soccer,EPL,KXEPLGAME-26OCT10ARSLEE,KXEPLGAME-26OCT10ARSLEE-ARS,,Arsenal,Leeds,2026-10-10T14:30:00Z,home,0.71,0.72,0.715,0.01,968.76,746.04,13862.3,5769.01,12582.86,active,kalshi,2026-09-28T01:03:22.431274+00:00
soccer,EPL,KXEPLGAME-26OCT10AVLBRE,KXEPLGAME-26OCT10AVLBRE-BRE,,Aston Villa,Brentford,2026-10-10T17:00:00Z,away,0.35,0.38,0.365,0.03,1788.66,1509.68,1096.38,764.94,985.94,active,kalshi,2026-09-28T01:03:22.431274+00:00
soccer,EPL,KXEPLGAME-26OCT10AVLBRE,KXEPLGAME-26OCT10AVLBRE-TIE,,Aston Villa,Brentford,2026-10-10T17:00:00Z,draw,0.26,0.28,0.27,0.02,392.07,4933.0,795.64,726.64,795.64,active,kalshi,2026-09-28T01:03:22.431274+00:00
soccer,EPL,KXEPLGAME-26OCT10AVLBRE,KXEPLGAME-26OCT10AVLBRE-AVL,,Aston Villa,Brentford,2026-10-10T17:00:00Z,home,0.34,0.37,0.355,0.03,1827.1,1399.96,784.88,784.88,724.88,active,kalshi,2026-09-28T01:03:22.431274+00:00
soccer,EPL,KXEPLGAME-26OCT10CFCBOU,KXEPLGAME-26OCT10CFCBOU-BOU,,Chelsea,Bournemouth,2026-10-10T17:00:00Z,away,0.2,0.21,0.20500000000000002,0.01,171.34,1027.93,272.29,34.52,272.29,active,kalshi,2026-09-28T01:03:22.431274+00:00
soccer,EPL,KXEPLGAME-26OCT10CFCBOU,KXEPLGAME-26OCT10CFCBOU-TIE,,Chelsea,Bournemouth,2026-10-10T17:00:00Z,draw,0.22,0.23,0.225,0.01,472.37,907.0,494.13,287.0,492.13,active,kalshi,2026-09-28T01:03:22.431274+00:00
soccer,EPL,KXEPLGAME-26OCT10CFCBOU,KXEPLGAME-26OCT10CFCBOU-CFC,,Chelsea,Bournemouth,2026-10-10T17:00:00Z,home,0.57,0.58,0.575,0.01,74.8,834.39,14749.3,1891.7,13701.24,active,kalshi,2026-09-28T01:03:22.431274+00:00
soccer,EPL,KXEPLGAME-26OCT10IPSFUL,KXEPLGAME-26OCT10IPSFUL-FUL,,Ipswich,Fulham,2026-10-10T17:00:00Z,away,0.35,0.39,0.37,0.04,1474.0,1581.32,265.2,164.09,142.26,active,kalshi,2026-09-28T01:03:22.431274+00:00
soccer,EPL,KXEPLGAME-26OCT10IPSFUL,KXEPLGAME-26OCT10IPSFUL-TIE,,Ipswich,Fulham,2026-10-10T17:00:00Z,draw,0.26,0.27,0.265,0.01,431.97,1998.0,47.69,3.52,47.69,active,kalshi,2026-09-28T01:03:22.431274+00:00
soccer,EPL,KXEPLGAME-26OCT10IPSFUL,KXEPLGAME-26OCT10IPSFUL-IPS,,Ipswich,Fulham,2026-10-10T17:00:00Z,home,0.33,0.37,0.35,0.04,1473.97,1580.99,178.03,127.03,178.03,active,kalshi,2026-09-28T01:03:22.431274+00:00
soccer,EPL,KXEPLGAME-26OCT10MUNTOT,KXEPLGAME-26OCT10MUNTOT-TOT,,Man United,Tottenham,2026-10-10T19:30:00Z,away,0.2,0.22,0.21000000000000002,0.02,496.0,1978.45,1151.6,191.17,1149.14,active,kalshi,2026-09-28T01:03:22.431274+00:00
soccer,EPL,KXEPLGAME-26OCT10MUNTOT,KXEPLGAME-26OCT10MUNTOT-TIE,,Man United,Tottenham,2026-10-10T19:30:00Z,draw,0.21,0.22,0.215,0.01,1576.84,313.0,360.3,12.31,360.3,active,kalshi,2026-09-28T01:03:22.431274+00:00
soccer,EPL,KXEPLGAME-26OCT10MUNTOT,KXEPLGAME-26OCT10MUNTOT-MUN,,Man United,Tottenham,2026-10-10T19:30:00Z,home,0.56,0.57,0.565,0.01,40.0,52.13,4944.35,3746.27,4468.95,active,kalshi,2026-09-28T01:03:22.431274+00:00
soccer,EPL,KXEPLGAME-26OCT10SUNBRI,KXEPLGAME-26OCT10SUNBRI-BRI,,Sunderland,Brighton,2026-10-10T17:00:00Z,away,0.4,0.42,0.41000000000000003,0.02,805.6,169.81,5676.39,2817.33,4298.53,active,kalshi,2026-09-28T01:03:22.431274+00:00
soccer,EPL,KXEPLGAME-26OCT10SUNBRI,KXEPLGAME-26OCT10SUNBRI-TIE,,Sunderland,Brighton,2026-10-10T17:00:00Z,draw,0.26,0.27,0.265,0.01,381.66,665.39,715.69,362.15,371.15,active,kalshi,2026-09-28T01:03:22.431274+00:00
soccer,EPL,KXEPLGAME-26OCT10SUNBRI,KXEPLGAME-26OCT10SUNBRI-SUN,,Sunderland,Brighton,2026-10-10T17:00:00Z,home,0.3,0.33,0.315,0.03,1575.78,1705.25,357.02,185.94,357.02,active,kalshi,2026-09-28T01:03:22.431274+00:00
soccer,EPL,KXEPLGAME-26OCT11CRYNFO,KXEPLGAME-26OCT11CRYNFO-NFO,,Crystal Palace,Nott'm Forest,2026-10-11T16:00:00Z,away,0.33,0.37,0.35,0.04,1272.64,1460.65,2.58,2.58,2.58,active,kalshi,2026-09-28T01:03:22.431274+00:00
soccer,EPL,KXEPLGAME-26OCT11CRYNFO,KXEPLGAME-26OCT11CRYNFO-TIE,,Crystal Palace,Nott'm Forest,2026-10-11T16:00:00Z,draw,0.28,0.29,0.28500000000000003,0.01,337.83,4985.0,0.0,0.0,0.0,active,kalshi,2026-09-28T01:03:22.431274+00:00
soccer,EPL,KXEPLGAME-26OCT11CRYNFO,KXEPLGAME-26OCT11CRYNFO-CRY,,Crystal Palace,Nott'm Forest,2026-10-11T16:00:00Z,home,0.34,0.38,0.36,0.04,222.66,4982.41,25.22,25.22,25.22,active,kalshi,2026-09-28T01:03:22.431274+00:00
soccer,EPL,KXEPLGAME-26OCT11HULEVE,KXEPLGAME-26OCT11HULEVE-EVE,,Hull,Everton,2026-10-11T16:00:00Z,away,0.44,0.48,0.45999999999999996,0.04,1272.16,1451.1,10.05,10.05,10.05,active,kalshi,2026-09-28T01:03:22.431274+00:00
soccer,EPL,KXEPLGAME-26OCT11HULEVE,KXEPLGAME-26OCT11HULEVE-TIE,,Hull,Everton,2026-10-11T16:00:00Z,draw,0.28,0.29,0.28500000000000003,0.01,338.3,2292.72,15.28,15.28,15.28,active,kalshi,2026-09-28T01:03:22.431274+00:00
soccer,EPL,KXEPLGAME-26OCT11HULEVE,KXEPLGAME-26OCT11HULEVE-HUL,,Hull,Everton,2026-10-11T16:00:00Z,home,0.23,0.27,0.25,0.04,224.31,5395.3,136.41,136.41,136.41,active,kalshi,2026-09-28T01:03:22.431274+00:00
soccer,EPL,KXEPLGAME-26OCT11LFCMCI,KXEPLGAME-26OCT11LFCMCI-MCI,,Liverpool,Man City,2026-10-11T18:30:00Z,away,0.37,0.4,0.385,0.03,840.05,3679.44,3477.68,3477.68,3283.52,active,kalshi,2026-09-28T01:03:22.431274+00:00
soccer,EPL,KXEPLGAME-26OCT11LFCMCI,KXEPLGAME-26OCT11LFCMCI-TIE,,Liverpool,Man City,2026-10-11T18:30:00Z,draw,0.25,0.26,0.255,0.01,240.0,1904.62,146.38,146.38,146.38,active,kalshi,2026-09-28T01:03:22.431274+00:00
soccer,EPL,KXEPLGAME-26OCT11LFCMCI,KXEPLGAME-26OCT11LFCMCI-LFC,,Liverpool,Man City,2026-10-11T18:30:00Z,home,0.35,0.37,0.36,0.02,181.02,857.64,260.58,260.58,260.58,active,kalshi,2026-09-28T01:03:22.431274+00:00
soccer,EPL,KXEPLGAME-26OCT12COVNEW,KXEPLGAME-26OCT12COVNEW-NEW,,Coventry,Newcastle,2026-10-12T22:00:00Z,away,0.4,0.55,0.47500000000000003,0.15,150.0,4888.0,0.0,0.0,0.0,active,kalshi,2026-09-28T01:03:22.431274+00:00
soccer,EPL,KXEPLGAME-26OCT12COVNEW,KXEPLGAME-26OCT12COVNEW-TIE,,Coventry,Newcastle,2026-10-12T22:00:00Z,draw,0.03,0.36,0.195,0.33,500.0,3437.0,0.0,0.0,0.0,active,kalshi,2026-09-28T01:03:22.431274+00:00
soccer,EPL,KXEPLGAME-26OCT12COVNEW,KXEPLGAME-26OCT12COVNEW-COV,,Coventry,Newcastle,2026-10-12T22:00:00Z,home,0.04,0.38,0.21,0.34,22.0,3548.0,0.0,0.0,0.0,active,kalshi,2026-09-28T01:03:22.431274+00:00
soccer,EPL,KXEPLGAME-26OCT10ARSLEE,KXEPLGAME-26OCT10ARSLEE-LEE,,Arsenal,Leeds,2026-10-10T14:30:00Z,away,0.1,0.11,0.10500000000000001,0.01,966.67,26.0,3063.74,1115.23,2773.07,active,kalshi,2026-09-28T01:36:19.923468+00:00
soccer,EPL,KXEPLGAME-26OCT10ARSLEE,KXEPLGAME-26OCT10ARSLEE-TIE,,Arsenal,Leeds,2026-10-10T14:30:00Z,draw,0.17,0.19,0.18,0.02,998.0,4863.38,226.61,130.53,209.61,active,kalshi,2026-09-28T01:36:19.923468+00:00
soccer,EPL,KXEPLGAME-26OCT10ARSLEE,KXEPLGAME-26OCT10ARSLEE-ARS,,Arsenal,Leeds,2026-10-10T14:30:00Z,home,0.71,0.72,0.715,0.01,968.76,748.68,13862.3,5761.43,12582.86,active,kalshi,2026-09-28T01:36:19.923468+00:00
soccer,EPL,KXEPLGAME-26OCT10AVLBRE,KXEPLGAME-26OCT10AVLBRE-BRE,,Aston Villa,Brentford,2026-10-10T17:00:00Z,away,0.35,0.38,0.365,0.03,1788.66,1509.68,1096.38,764.94,985.94,active,kalshi,2026-09-28T01:36:19.923468+00:00
soccer,EPL,KXEPLGAME-26OCT10AVLBRE,KXEPLGAME-26OCT10AVLBRE-TIE,,Aston Villa,Brentford,2026-10-10T17:00:00Z,draw,0.26,0.28,0.27,0.02,392.07,4933.0,795.64,726.64,795.64,active,kalshi,2026-09-28T01:36:19.923468+00:00
soccer,EPL,KXEPLGAME-26OCT10AVLBRE,KXEPLGAME-26OCT10AVLBRE-AVL,,Aston Villa,Brentford,2026-10-10T17:00:00Z,home,0.34,0.37,0.355,0.03,1827.1,1399.96,784.88,784.88,724.88,active,kalshi,2026-09-28T01:36:19.923468+00:00
soccer,EPL,KXEPLGAME-26OCT10CFCBOU,KXEPLGAME-26OCT10CFCBOU-BOU,,Chelsea,Bournemouth,2026-10-10T17:00:00Z,away,0.2,0.21,0.20500000000000002,0.01,171.34,1027.93,272.29,34.52,272.29,active,kalshi,2026-09-28T01:36:19.923468+00:00
soccer,EPL,KXEPLGAME-26OCT10CFCBOU,KXEPLGAME-26OCT10CFCBOU-TIE,,Chelsea,Bournemouth,2026-10-10T17:00:00Z,draw,0.22,0.23,0.225,0.01,472.37,907.0,494.13,287.0,492.13,active,kalshi,2026-09-28T01:36:19.923468+00:00
soccer,EPL,KXEPLGAME-26OCT10CFCBOU,KXEPLGAME-26OCT10CFCBOU-CFC,,Chelsea,Bournemouth,2026-10-10T17:00:00Z,home,0.57,0.58,0.575,0.01,74.8,834.39,14749.3,1891.7,13701.24,active,kalshi,2026-09-28T01:36:19.923468+00:00
soccer,EPL,KXEPLGAME-26OCT10IPSFUL,KXEPLGAME-26OCT10IPSFUL-FUL,,Ipswich,Fulham,2026-10-10T17:00:00Z,away,0.35,0.39,0.37,0.04,1474.0,1581.32,265.2,164.09,142.26,active,kalshi,2026-09-28T01:36:19.923468+00:00
soccer,EPL,KXEPLGAME-26OCT10IPSFUL,KXEPLGAME-26OCT10IPSFUL-TIE,,Ipswich,Fulham,2026-10-10T17:00:00Z,draw,0.26,0.27,0.265,0.01,431.97,1998.0,47.69,3.52,47.69,active,kalshi,2026-09-28T01:36:19.923468+00:00
soccer,EPL,KXEPLGAME-26OCT10IPSFUL,KXEPLGAME-26OCT10IPSFUL-IPS,,Ipswich,Fulham,2026-10-10T17:00:00Z,home,0.33,0.37,0.35,0.04,1473.97,1580.99,178.03,127.03,178.03,active,kalshi,2026-09-28T01:36:19.923468+00:00
soccer,EPL,KXEPLGAME-26OCT10MUNTOT,KXEPLGAME-26OCT10MUNTOT-TOT,,Man United,Tottenham,2026-10-10T19:30:00Z,away,0.2,0.22,0.21000000000000002,0.02,667.77,1978.45,1151.6,191.17,1149.14,active,kalshi,2026-09-28T01:36:19.923468+00:00
soccer,EPL,KXEPLGAME-26OCT10MUNTOT,KXEPLGAME-26OCT10MUNTOT-TIE,,Man United,Tottenham,2026-10-10T19:30:00Z,draw,0.21,0.22,0.215,0.01,1576.84,313.0,360.3,12.31,360.3,active,kalshi,2026-09-28T01:36:19.923468+00:00
soccer,EPL,KXEPLGAME-26OCT10MUNTOT,KXEPLGAME-26OCT10MUNTOT-MUN,,Man United,Tottenham,2026-10-10T19:30:00Z,home,0.56,0.57,0.565,0.01,42.0,53.13,4944.35,3746.27,4468.95,active,kalshi,2026-09-28T01:36:19.923468+00:00
soccer,EPL,KXEPLGAME-26OCT10SUNBRI,KXEPLGAME-26OCT10SUNBRI-BRI,,Sunderland,Brighton,2026-10-10T17:00:00Z,away,0.41,0.42,0.415,0.01,63.63,122.81,5676.39,2817.33,4298.53,active,kalshi,2026-09-28T01:36:19.923468+00:00
soccer,EPL,KXEPLGAME-26OCT10SUNBRI,KXEPLGAME-26OCT10SUNBRI-TIE,,Sunderland,Brighton,2026-10-10T17:00:00Z,draw,0.26,0.27,0.265,0.01,381.66,665.39,715.69,362.15,371.15,active,kalshi,2026-09-28T01:36:19.923468+00:00
soccer,EPL,KXEPLGAME-26OCT10SUNBRI,KXEPLGAME-26OCT10SUNBRI-SUN,,Sunderland,Brighton,2026-10-10T17:00:00Z,home,0.3,0.33,0.315,0.03,1575.78,1705.25,357.02,185.94,357.02,active,kalshi,2026-09-28T01:36:19.923468+00:00
soccer,EPL,KXEPLGAME-26OCT11CRYNFO,KXEPLGAME-26OCT11CRYNFO-NFO,,Crystal Palace,Nott'm Forest,2026-10-11T16:00:00Z,away,0.33,0.37,0.35,0.04,1272.64,1460.65,2.58,2.58,2.58,active,kalshi,2026-09-28T01:36:19.923468+00:00
soccer,EPL,KXEPLGAME-26OCT11CRYNFO,KXEPLGAME-26OCT11CRYNFO-TIE,,Crystal Palace,Nott'm Forest,2026-10-11T16:00:00Z,draw,0.28,0.29,0.28500000000000003,0.01,337.83,4985.0,0.0,0.0,0.0,active,kalshi,2026-09-28T01:36:19.923468+00:00
soccer,EPL,KXEPLGAME-26OCT11CRYNFO,KXEPLGAME-26OCT11CRYNFO-CRY,,Crystal Palace,Nott'm Forest,2026-10-11T16:00:00Z,home,0.34,0.38,0.36,0.04,222.66,4982.41,25.22,25.22,25.22,active,kalshi,2026-09-28T01:36:19.923468+00:00
soccer,EPL,KXEPLGAME-26OCT11HULEVE,KXEPLGAME-26OCT11HULEVE-EVE,,Hull,Everton,2026-10-11T16:00:00Z,away,0.44,0.48,0.45999999999999996,0.04,1272.16,1451.1,10.05,10.05,10.05,active,kalshi,2026-09-28T01:36:19.923468+00:00
soccer,EPL,KXEPLGAME-26OCT11HULEVE,KXEPLGAME-26OCT11HULEVE-TIE,,Hull,Everton,2026-10-11T16:00:00Z,draw,0.28,0.29,0.28500000000000003,0.01,338.3,2292.72,15.28,15.28,15.28,active,kalshi,2026-09-28T01:36:19.923468+00:00
soccer,EPL,KXEPLGAME-26OCT11HULEVE,KXEPLGAME-26OCT11HULEVE-HUL,,Hull,Everton,2026-10-11T16:00:00Z,home,0.23,0.27,0.25,0.04,224.31,5395.3,136.41,136.41,136.41,active,kalshi,2026-09-28T01:36:19.923468+00:00
soccer,EPL,KXEPLGAME-26OCT11LFCMCI,KXEPLGAME-26OCT11LFCMCI-MCI,,Liverpool,Man City,2026-10-11T18:30:00Z,away,0.37,0.4,0.385,0.03,840.05,1417.46,3739.66,3739.66,3545.5,active,kalshi,2026-09-28T01:36:19.923468+00:00
soccer,EPL,KXEPLGAME-26OCT11LFCMCI,KXEPLGAME-26OCT11LFCMCI-TIE,,Liverpool,Man City,2026-10-11T18:30:00Z,draw,0.25,0.26,0.255,0.01,240.0,2040.62,146.38,146.38,146.38,active,kalshi,2026-09-28T01:36:19.923468+00:00
soccer,EPL,KXEPLGAME-26OCT11LFCMCI,KXEPLGAME-26OCT11LFCMCI-LFC,,Liverpool,Man City,2026-10-11T18:30:00Z,home,0.35,0.37,0.36,0.02,181.02,2151.92,260.58,260.58,260.58,active,kalshi,2026-09-28T01:36:19.923468+00:00
soccer,EPL,KXEPLGAME-26OCT12COVNEW,KXEPLGAME-26OCT12COVNEW-NEW,,Coventry,Newcastle,2026-10-12T22:00:00Z,away,0.41,0.49,0.44999999999999996,0.08,183.15,183.15,0.0,0.0,0.0,active,kalshi,2026-09-28T01:36:19.923468+00:00
soccer,EPL,KXEPLGAME-26OCT12COVNEW,KXEPLGAME-26OCT12COVNEW-TIE,,Coventry,Newcastle,2026-10-12T22:00:00Z,draw,0.22,0.28,0.25,0.06,183.11,1477.13,0.0,0.0,0.0,active,kalshi,2026-09-28T01:36:19.923468+00:00
soccer,EPL,KXEPLGAME-26OCT12COVNEW,KXEPLGAME-26OCT12COVNEW-COV,,Coventry,Newcastle,2026-10-12T22:00:00Z,home,0.24,0.3,0.27,0.06,183.16,1276.12,0.0,0.0,0.0,active,kalshi,2026-09-28T01:36:19.923468+00:00
soccer,EPL,KXEPLGAME-26OCT10ARSLEE,KXEPLGAME-26OCT10ARSLEE-LEE,,Arsenal,Leeds,2026-10-10T14:30:00Z,away,0.1,0.11,0.10500000000000001,0.01,966.67,26.0,3063.74,1065.23,2773.07,active,kalshi,2026-09-28T02:02:17.632547+00:00
soccer,EPL,KXEPLGAME-26OCT10ARSLEE,KXEPLGAME-26OCT10ARSLEE-TIE,,Arsenal,Leeds,2026-10-10T14:30:00Z,draw,0.17,0.19,0.18,0.02,998.0,4863.38,226.61,130.53,209.61,active,kalshi,2026-09-28T02:02:17.632547+00:00
soccer,EPL,KXEPLGAME-26OCT10ARSLEE,KXEPLGAME-26OCT10ARSLEE-ARS,,Arsenal,Leeds,2026-10-10T14:30:00Z,home,0.71,0.72,0.715,0.01,968.76,678.58,13932.4,5622.53,12652.96,active,kalshi,2026-09-28T02:02:17.632547+00:00
soccer,EPL,KXEPLGAME-26OCT10AVLBRE,KXEPLGAME-26OCT10AVLBRE-BRE,,Aston Villa,Brentford,2026-10-10T17:00:00Z,away,0.35,0.38,0.365,0.03,1788.66,1509.68,1096.38,764.94,985.94,active,kalshi,2026-09-28T02:02:17.632547+00:00
soccer,EPL,KXEPLGAME-26OCT10AVLBRE,KXEPLGAME-26OCT10AVLBRE-TIE,,Aston Villa,Brentford,2026-10-10T17:00:00Z,draw,0.26,0.28,0.27,0.02,392.07,4933.0,795.64,726.64,795.64,active,kalshi,2026-09-28T02:02:17.632547+00:00
soccer,EPL,KXEPLGAME-26OCT10AVLBRE,KXEPLGAME-26OCT10AVLBRE-AVL,,Aston Villa,Brentford,2026-10-10T17:00:00Z,home,0.34,0.37,0.355,0.03,1827.1,1399.96,784.88,733.88,724.88,active,kalshi,2026-09-28T02:02:17.632547+00:00
soccer,EPL,KXEPLGAME-26OCT10CFCBOU,KXEPLGAME-26OCT10CFCBOU-BOU,,Chelsea,Bournemouth,2026-10-10T17:00:00Z,away,0.2,0.21,0.20500000000000002,0.01,171.34,1018.91,281.31,43.54,281.31,active,kalshi,2026-09-28T02:02:17.632547+00:00
soccer,EPL,KXEPLGAME-26OCT10CFCBOU,KXEPLGAME-26OCT10CFCBOU-TIE,,Chelsea,Bournemouth,2026-10-10T17:00:00Z,draw,0.22,0.23,0.225,0.01,472.37,917.0,494.13,95.0,492.13,active,kalshi,2026-09-28T02:02:17.632547+00:00
soccer,EPL,KXEPLGAME-26OCT10CFCBOU,KXEPLGAME-26OCT10CFCBOU-CFC,,Chelsea,Bournemouth,2026-10-10T17:00:00Z,home,0.57,0.58,0.575,0.01,74.8,834.39,14749.3,1789.04,13701.24,active,kalshi,2026-09-28T02:02:17.632547+00:00
soccer,EPL,KXEPLGAME-26OCT10IPSFUL,KXEPLGAME-26OCT10IPSFUL-FUL,,Ipswich,Fulham,2026-10-10T17:00:00Z,away,0.35,0.39,0.37,0.04,1474.0,1581.32,265.2,164.09,142.26,active,kalshi,2026-09-28T02:02:17.632547+00:00
soccer,EPL,KXEPLGAME-26OCT10IPSFUL,KXEPLGAME-26OCT10IPSFUL-TIE,,Ipswich,Fulham,2026-10-10T17:00:00Z,draw,0.26,0.27,0.265,0.01,431.97,1998.0,47.69,3.52,47.69,active,kalshi,2026-09-28T02:02:17.632547+00:00
soccer,EPL,KXEPLGAME-26OCT10IPSFUL,KXEPLGAME-26OCT10IPSFUL-IPS,,Ipswich,Fulham,2026-10-10T17:00:00Z,home,0.33,0.37,0.35,0.04,1473.97,1580.99,178.03,127.03,178.03,active,kalshi,2026-09-28T02:02:17.632547+00:00
soccer,EPL,KXEPLGAME-26OCT10MUNTOT,KXEPLGAME-26OCT10MUNTOT-TOT,,Man United,Tottenham,2026-10-10T19:30:00Z,away,0.2,0.22,0.21000000000000002,0.02,667.77,1978.45,1151.6,191.17,1149.14,active,kalshi,2026-09-28T02:02:17.632547+00:00
soccer,EPL,KXEPLGAME-26OCT10MUNTOT,KXEPLGAME-26OCT10MUNTOT-TIE,,Man United,Tottenham,2026-10-10T19:30:00Z,draw,0.21,0.22,0.215,0.01,1576.84,313.0,360.3,12.31,360.3,active,kalshi,2026-09-28T02:02:17.632547+00:00
soccer,EPL,KXEPLGAME-26OCT10MUNTOT,KXEPLGAME-26OCT10MUNTOT-MUN,,Man United,Tottenham,2026-10-10T19:30:00Z,home,0.56,0.57,0.565,0.01,42.0,53.13,4944.35,3746.27,4468.95,active,kalshi,2026-09-28T02:02:17.632547+00:00
soccer,EPL,KXEPLGAME-26OCT10SUNBRI,KXEPLGAME-26OCT10SUNBRI-BRI,,Sunderland,Brighton,2026-10-10T17:00:00Z,away,0.41,0.42,0.415,0.01,63.63,122.81,5676.39,2817.33,4298.53,active,kalshi,2026-09-28T02:02:17.632547+00:00
soccer,EPL,KXEPLGAME-26OCT10SUNBRI,KXEPLGAME-26OCT10SUNBRI-TIE,,Sunderland,Brighton,2026-10-10T17:00:00Z,draw,0.26,0.27,0.265,0.01,381.66,665.39,715.69,362.15,371.15,active,kalshi,2026-09-28T02:02:17.632547+00:00
soccer,EPL,KXEPLGAME-26OCT10SUNBRI,KXEPLGAME-26OCT10SUNBRI-SUN,,Sunderland,Brighton,2026-10-10T17:00:00Z,home,0.3,0.33,0.315,0.03,1575.78,1699.47,362.8,34.72,362.8,active,kalshi,2026-09-28T02:02:17.632547+00:00
soccer,EPL,KXEPLGAME-26OCT11CRYNFO,KXEPLGAME-26OCT11CRYNFO-NFO,,Crystal Palace,Nott'm Forest,2026-10-11T16:00:00Z,away,0.33,0.37,0.35,0.04,1272.64,1460.65,2.58,2.58,2.58,active,kalshi,2026-09-28T02:02:17.632547+00:00
soccer,EPL,KXEPLGAME-26OCT11CRYNFO,KXEPLGAME-26OCT11CRYNFO-TIE,,Crystal Palace,Nott'm Forest,2026-10-11T16:00:00Z,draw,0.28,0.29,0.28500000000000003,0.01,337.83,4985.0,0.0,0.0,0.0,active,kalshi,2026-09-28T02:02:17.632547+00:00
soccer,EPL,KXEPLGAME-26OCT11CRYNFO,KXEPLGAME-26OCT11CRYNFO-CRY,,Crystal Palace,Nott'm Forest,2026-10-11T16:00:00Z,home,0.34,0.38,0.36,0.04,222.66,4982.41,25.22,25.22,25.22,active,kalshi,2026-09-28T02:02:17.632547+00:00
soccer,EPL,KXEPLGAME-26OCT11HULEVE,KXEPLGAME-26OCT11HULEVE-EVE,,Hull,Everton,2026-10-11T16:00:00Z,away,0.44,0.48,0.45999999999999996,0.04,1272.16,1451.1,10.05,10.05,10.05,active,kalshi,2026-09-28T02:02:17.632547+00:00
soccer,EPL,KXEPLGAME-26OCT11HULEVE,KXEPLGAME-26OCT11HULEVE-TIE,,Hull,Everton,2026-10-11T16:00:00Z,draw,0.28,0.29,0.28500000000000003,0.01,210.0,2292.72,15.28,15.28,15.28,active,kalshi,2026-09-28T02:02:17.632547+00:00
soccer,EPL,KXEPLGAME-26OCT11HULEVE,KXEPLGAME-26OCT11HULEVE-HUL,,Hull,Everton,2026-10-11T16:00:00Z,home,0.23,0.27,0.25,0.04,224.31,5395.3,136.41,136.41,136.41,active,kalshi,2026-09-28T02:02:17.632547+00:00
soccer,EPL,KXEPLGAME-26OCT11LFCMCI,KXEPLGAME-26OCT11LFCMCI-MCI,,Liverpool,Man City,2026-10-11T18:30:00Z,away,0.37,0.4,0.385,0.03,840.05,1421.48,3798.66,3764.33,3604.5,active,kalshi,2026-09-28T02:02:17.632547+00:00
soccer,EPL,KXEPLGAME-26OCT11LFCMCI,KXEPLGAME-26OCT11LFCMCI-TIE,,Liverpool,Man City,2026-10-11T18:30:00Z,draw,0.25,0.26,0.255,0.01,240.0,2040.62,146.38,146.38,146.38,active,kalshi,2026-09-28T02:02:17.632547+00:00
soccer,EPL,KXEPLGAME-26OCT11LFCMCI,KXEPLGAME-26OCT11LFCMCI-LFC,,Liverpool,Man City,2026-10-11T18:30:00Z,home,0.35,0.37,0.36,0.02,181.02,1971.47,265.75,265.75,265.75,active,kalshi,2026-09-28T02:02:17.632547+00:00
soccer,EPL,KXEPLGAME-26OCT12COVNEW,KXEPLGAME-26OCT12COVNEW-NEW,,Coventry,Newcastle,2026-10-12T22:00:00Z,away,0.41,0.49,0.44999999999999996,0.08,183.15,183.15,0.0,0.0,0.0,active,kalshi,2026-09-28T02:02:17.632547+00:00
soccer,EPL,KXEPLGAME-26OCT12COVNEW,KXEPLGAME-26OCT12COVNEW-TIE,,Coventry,Newcastle,2026-10-12T22:00:00Z,draw,0.22,0.28,0.25,0.06,183.11,1477.13,0.0,0.0,0.0,active,kalshi,2026-09-28T02:02:17.632547+00:00
soccer,EPL,KXEPLGAME-26OCT12COVNEW,KXEPLGAME-26OCT12COVNEW-COV,,Coventry,Newcastle,2026-10-12T22:00:00Z,home,0.24,0.3,0.27,0.06,183.16,1276.12,0.0,0.0,0.0,active,kalshi,2026-09-28T02:02:17.632547+00:00
soccer,EPL,KXEPLGAME-26OCT10ARSLEE,KXEPLGAME-26OCT10ARSLEE-LEE,,Arsenal,Leeds,2026-10-10T14:30:00Z,away,0.1,0.12,0.11,0.02,966.67,3826.22,3063.74,1001.23,2773.07,active,kalshi,2026-09-28T02:38:12.643867+00:00
soccer,EPL,KXEPLGAME-26OCT10ARSLEE,KXEPLGAME-26OCT10ARSLEE-TIE,,Arsenal,Leeds,2026-10-10T14:30:00Z,draw,0.17,0.19,0.18,0.02,998.0,4863.38,226.61,92.53,209.61,active,kalshi,2026-09-28T02:38:12.643867+00:00
soccer,EPL,KXEPLGAME-26OCT10ARSLEE,KXEPLGAME-26OCT10ARSLEE-ARS,,Arsenal,Leeds,2026-10-10T14:30:00Z,home,0.71,0.72,0.715,0.01,968.76,675.94,13932.4,5419.36,12652.96,active,kalshi,2026-09-28T02:38:12.643867+00:00
soccer,EPL,KXEPLGAME-26OCT10AVLBRE,KXEPLGAME-26OCT10AVLBRE-BRE,,Aston Villa,Brentford,2026-10-10T17:00:00Z,away,0.35,0.38,0.365,0.03,1788.66,1422.68,1183.38,764.94,1072.94,active,kalshi,2026-09-28T02:38:12.643867+00:00
soccer,EPL,KXEPLGAME-26OCT10AVLBRE,KXEPLGAME-26OCT10AVLBRE-TIE,,Aston Villa,Brentford,2026-10-10T17:00:00Z,draw,0.26,0.28,0.27,0.02,392.07,4933.0,795.64,726.64,795.64,active,kalshi,2026-09-28T02:38:12.643867+00:00
soccer,EPL,KXEPLGAME-26OCT10AVLBRE,KXEPLGAME-26OCT10AVLBRE-AVL,,Aston Villa,Brentford,2026-10-10T17:00:00Z,home,0.34,0.37,0.355,0.03,1827.1,2029.66,822.18,771.18,762.18,active,kalshi,2026-09-28T02:38:12.643867+00:00
soccer,EPL,KXEPLGAME-26OCT10CFCBOU,KXEPLGAME-26OCT10CFCBOU-BOU,,Chelsea,Bournemouth,2026-10-10T17:00:00Z,away,0.2,0.21,0.20500000000000002,0.01,171.34,1014.4,285.82,48.05,285.82,active,kalshi,2026-09-28T02:38:12.643867+00:00
soccer,EPL,KXEPLGAME-26OCT10CFCBOU,KXEPLGAME-26OCT10CFCBOU-TIE,,Chelsea,Bournemouth,2026-10-10T17:00:00Z,draw,0.22,0.23,0.225,0.01,441.37,917.0,494.13,95.0,492.13,active,kalshi,2026-09-28T02:38:12.643867+00:00
soccer,EPL,KXEPLGAME-26OCT10CFCBOU,KXEPLGAME-26OCT10CFCBOU-CFC,,Chelsea,Bournemouth,2026-10-10T17:00:00Z,home,0.57,0.58,0.575,0.01,74.8,834.39,14749.3,1506.71,13701.24,active,kalshi,2026-09-28T02:38:12.643867+00:00
soccer,EPL,KXEPLGAME-26OCT10IPSFUL,KXEPLGAME-26OCT10IPSFUL-FUL,,Ipswich,Fulham,2026-10-10T17:00:00Z,away,0.35,0.39,0.37,0.04,1474.0,1581.38,265.2,164.09,142.26,active,kalshi,2026-09-28T02:38:12.643867+00:00
soccer,EPL,KXEPLGAME-26OCT10IPSFUL,KXEPLGAME-26OCT10IPSFUL-TIE,,Ipswich,Fulham,2026-10-10T17:00:00Z,draw,0.26,0.27,0.265,0.01,431.97,1998.0,47.69,3.52,47.69,active,kalshi,2026-09-28T02:38:12.643867+00:00
soccer,EPL,KXEPLGAME-26OCT10IPSFUL,KXEPLGAME-26OCT10IPSFUL-IPS,,Ipswich,Fulham,2026-10-10T17:00:00Z,home,0.33,0.37,0.35,0.04,1473.97,1580.99,178.03,127.03,178.03,active,kalshi,2026-09-28T02:38:12.643867+00:00
soccer,EPL,KXEPLGAME-26OCT10MUNTOT,KXEPLGAME-26OCT10MUNTOT-TOT,,Man United,Tottenham,2026-10-10T19:30:00Z,away,0.2,0.22,0.21000000000000002,0.02,667.77,1937.45,1192.6,232.17,1190.14,active,kalshi,2026-09-28T02:38:12.643867+00:00
soccer,EPL,KXEPLGAME-26OCT10MUNTOT,KXEPLGAME-26OCT10MUNTOT-TIE,,Man United,Tottenham,2026-10-10T19:30:00Z,draw,0.21,0.22,0.215,0.01,1576.84,313.0,360.3,12.31,360.3,active,kalshi,2026-09-28T02:38:12.643867+00:00
soccer,EPL,KXEPLGAME-26OCT10MUNTOT,KXEPLGAME-26OCT10MUNTOT-MUN,,Man United,Tottenham,2026-10-10T19:30:00Z,home,0.56,0.57,0.565,0.01,42.0,85.02,4947.18,3646.27,4471.78,active,kalshi,2026-09-28T02:38:12.643867+00:00
soccer,EPL,KXEPLGAME-26OCT10SUNBRI,KXEPLGAME-26OCT10SUNBRI-BRI,,Sunderland,Brighton,2026-10-10T17:00:00Z,away,0.41,0.42,0.415,0.01,63.63,120.53,5678.67,2795.33,4300.81,active,kalshi,2026-09-28T02:38:12.643867+00:00
soccer,EPL,KXEPLGAME-26OCT10SUNBRI,KXEPLGAME-26OCT10SUNBRI-TIE,,Sunderland,Brighton,2026-10-10T17:00:00Z,draw,0.26,0.27,0.265,0.01,352.66,665.39,715.69,362.15,371.15,active,kalshi,2026-09-28T02:38:12.643867+00:00
soccer,EPL,KXEPLGAME-26OCT10SUNBRI,KXEPLGAME-26OCT10SUNBRI-SUN,,Sunderland,Brighton,2026-10-10T17:00:00Z,home,0.3,0.33,0.315,0.03,1575.78,1699.47,362.8,34.72,362.8,active,kalshi,2026-09-28T02:38:12.643867+00:00
soccer,EPL,KXEPLGAME-26OCT11CRYNFO,KXEPLGAME-26OCT11CRYNFO-NFO,,Crystal Palace,Nott'm Forest,2026-10-11T16:00:00Z,away,0.33,0.37,0.35,0.04,1272.64,1460.65,2.58,2.58,2.58,active,kalshi,2026-09-28T02:38:12.643867+00:00
soccer,EPL,KXEPLGAME-26OCT11CRYNFO,KXEPLGAME-26OCT11CRYNFO-TIE,,Crystal Palace,Nott'm Forest,2026-10-11T16:00:00Z,draw,0.28,0.29,0.28500000000000003,0.01,337.83,4985.0,0.0,0.0,0.0,active,kalshi,2026-09-28T02:38:12.643867+00:00
soccer,EPL,KXEPLGAME-26OCT11CRYNFO,KXEPLGAME-26OCT11CRYNFO-CRY,,Crystal Palace,Nott'm Forest,2026-10-11T16:00:00Z,home,0.34,0.38,0.36,0.04,222.66,4982.41,25.22,25.22,25.22,active,kalshi,2026-09-28T02:38:12.643867+00:00
soccer,EPL,KXEPLGAME-26OCT11HULEVE,KXEPLGAME-26OCT11HULEVE-EVE,,Hull,Everton,2026-10-11T16:00:00Z,away,0.44,0.48,0.45999999999999996,0.04,1272.16,1451.1,10.05,10.05,10.05,active,kalshi,2026-09-28T02:38:12.643867+00:00
soccer,EPL,KXEPLGAME-26OCT11HULEVE,KXEPLGAME-26OCT11HULEVE-TIE,,Hull,Everton,2026-10-11T16:00:00Z,draw,0.28,0.29,0.28500000000000003,0.01,210.0,2292.72,15.28,15.28,15.28,active,kalshi,2026-09-28T02:38:12.643867+00:00
soccer,EPL,KXEPLGAME-26OCT11HULEVE,KXEPLGAME-26OCT11HULEVE-HUL,,Hull,Everton,2026-10-11T16:00:00Z,home,0.23,0.27,0.25,0.04,224.31,5395.3,136.41,136.41,136.41,active,kalshi,2026-09-28T02:38:12.643867+00:00
soccer,EPL,KXEPLGAME-26OCT11LFCMCI,KXEPLGAME-26OCT11LFCMCI-MCI,,Liverpool,Man City,2026-10-11T18:30:00Z,away,0.37,0.4,0.385,0.03,840.05,1347.16,3872.98,3789.35,3678.82,active,kalshi,2026-09-28T02:38:12.643867+00:00
soccer,EPL,KXEPLGAME-26OCT11LFCMCI,KXEPLGAME-26OCT11LFCMCI-TIE,,Liverpool,Man City,2026-10-11T18:30:00Z,draw,0.25,0.26,0.255,0.01,240.0,2040.62,146.38,146.38,146.38,active,kalshi,2026-09-28T02:38:12.643867+00:00
soccer,EPL,KXEPLGAME-26OCT11LFCMCI,KXEPLGAME-26OCT11LFCMCI-LFC,,Liverpool,Man City,2026-10-11T18:30:00Z,home,0.35,0.37,0.36,0.02,181.02,1971.47,265.75,265.75,265.75,active,kalshi,2026-09-28T02:38:12.643867+00:00
soccer,EPL,KXEPLGAME-26OCT12COVNEW,KXEPLGAME-26OCT12COVNEW-NEW,,Coventry,Newcastle,2026-10-12T22:00:00Z,away,0.41,0.49,0.44999999999999996,0.08,183.15,183.15,0.0,0.0,0.0,active,kalshi,2026-09-28T02:38:12.643867+00:00
soccer,EPL,KXEPLGAME-26OCT12COVNEW,KXEPLGAME-26OCT12COVNEW-TIE,,Coventry,Newcastle,2026-10-12T22:00:00Z,draw,0.22,0.28,0.25,0.06,183.11,1477.13,0.0,0.0,0.0,active,kalshi,2026-09-28T02:38:12.643867+00:00
soccer,EPL,KXEPLGAME-26OCT12COVNEW,KXEPLGAME-26OCT12COVNEW-COV,,Coventry,Newcastle,2026-10-12T22:00:00Z,home,0.24,0.3,0.27,0.06,183.16,1276.12,0.0,0.0,0.0,active,kalshi,2026-09-28T02:38:12.643867+00:00
soccer,EPL,KXEPLGAME-26OCT10ARSLEE,KXEPLGAME-26OCT10ARSLEE-LEE,,Arsenal,Leeds,2026-10-10T14:30:00Z,away,0.1,0.12,0.11,0.02,966.67,3826.22,3063.74,1001.23,2773.07,active,kalshi,2026-09-28T03:02:46.901309+00:00
soccer,EPL,KXEPLGAME-26OCT10ARSLEE,KXEPLGAME-26OCT10ARSLEE-TIE,,Arsenal,Leeds,2026-10-10T14:30:00Z,draw,0.17,0.19,0.18,0.02,998.0,4863.38,226.61,75.53,209.61,active,kalshi,2026-09-28T03:02:46.901309+00:00
soccer,EPL,KXEPLGAME-26OCT10ARSLEE,KXEPLGAME-26OCT10ARSLEE-ARS,,Arsenal,Leeds,2026-10-10T14:30:00Z,home,0.71,0.72,0.715,0.01,968.76,659.64,13948.7,5435.66,12669.26,active,kalshi,2026-09-28T03:02:46.901309+00:00
soccer,EPL,KXEPLGAME-26OCT10AVLBRE,KXEPLGAME-26OCT10AVLBRE-BRE,,Aston Villa,Brentford,2026-10-10T17:00:00Z,away,0.35,0.38,0.365,0.03,1788.66,1422.68,1183.38,851.94,1072.94,active,kalshi,2026-09-28T03:02:46.901309+00:00
soccer,EPL,KXEPLGAME-26OCT10AVLBRE,KXEPLGAME-26OCT10AVLBRE-TIE,,Aston Villa,Brentford,2026-10-10T17:00:00Z,draw,0.26,0.28,0.27,0.02,392.07,4933.0,795.64,726.64,795.64,active,kalshi,2026-09-28T03:02:46.901309+00:00
soccer,EPL,KXEPLGAME-26OCT10AVLBRE,KXEPLGAME-26OCT10AVLBRE-AVL,,Aston Villa,Brentford,2026-10-10T17:00:00Z,home,0.34,0.37,0.355,0.03,1827.1,2029.66,822.18,771.18,762.18,active,kalshi,2026-09-28T03:02:46.901309+00:00
soccer,EPL,KXEPLGAME-26OCT10CFCBOU,KXEPLGAME-26OCT10CFCBOU-BOU,,Chelsea,Bournemouth,2026-10-10T17:00:00Z,away,0.2,0.21,0.20500000000000002,0.01,171.34,1014.4,285.82,48.05,285.82,active,kalshi,2026-09-28T03:02:46.901309+00:00
soccer,EPL,KXEPLGAME-26OCT10CFCBOU,KXEPLGAME-26OCT10CFCBOU-TIE,,Chelsea,Bournemouth,2026-10-10T17:00:00Z,draw,0.22,0.23,0.225,0.01,441.37,917.0,494.13,95.0,492.13,active,kalshi,2026-09-28T03:02:46.901309+00:00
soccer,EPL,KXEPLGAME-26OCT10CFCBOU,KXEPLGAME-26OCT10CFCBOU-CFC,,Chelsea,Bournemouth,2026-10-10T17:00:00Z,home,0.57,0.58,0.575,0.01,74.8,834.39,14749.3,1489.71,13701.24,active,kalshi,2026-09-28T03:02:46.901309+00:00
soccer,EPL,KXEPLGAME-26OCT10IPSFUL,KXEPLGAME-26OCT10IPSFUL-FUL,,Ipswich,Fulham,2026-10-10T17:00:00Z,away,0.35,0.39,0.37,0.04,1474.0,1472.38,374.2,273.09,251.26,active,kalshi,2026-09-28T03:02:46.901309+00:00
soccer,EPL,KXEPLGAME-26OCT10IPSFUL,KXEPLGAME-26OCT10IPSFUL-TIE,,Ipswich,Fulham,2026-10-10T17:00:00Z,draw,0.26,0.27,0.265,0.01,431.97,1998.0,47.69,3.52,47.69,active,kalshi,2026-09-28T03:02:46.901309+00:00
soccer,EPL,KXEPLGAME-26OCT10IPSFUL,KXEPLGAME-26OCT10IPSFUL-IPS,,Ipswich,Fulham,2026-10-10T17:00:00Z,home,0.33,0.37,0.35,0.04,1473.97,1580.99,178.03,127.03,178.03,active,kalshi,2026-09-28T03:02:46.901309+00:00
soccer,EPL,KXEPLGAME-26OCT10MUNTOT,KXEPLGAME-26OCT10MUNTOT-TOT,,Man United,Tottenham,2026-10-10T19:30:00Z,away,0.2,0.22,0.21000000000000002,0.02,667.77,1937.45,1192.6,211.55,1190.14,active,kalshi,2026-09-28T03:02:46.901309+00:00
soccer,EPL,KXEPLGAME-26OCT10MUNTOT,KXEPLGAME-26OCT10MUNTOT-TIE,,Man United,Tottenham,2026-10-10T19:30:00Z,draw,0.21,0.22,0.215,0.01,1576.84,313.0,360.3,12.31,360.3,active,kalshi,2026-09-28T03:02:46.901309+00:00
soccer,EPL,KXEPLGAME-26OCT10MUNTOT,KXEPLGAME-26OCT10MUNTOT-MUN,,Man United,Tottenham,2026-10-10T19:30:00Z,home,0.56,0.57,0.565,0.01,40.97,85.02,4947.18,3632.07,4471.78,active,kalshi,2026-09-28T03:02:46.901309+00:00
soccer,EPL,KXEPLGAME-26OCT10SUNBRI,KXEPLGAME-26OCT10SUNBRI-BRI,,Sunderland,Brighton,2026-10-10T17:00:00Z,away,0.41,0.42,0.415,0.01,63.63,120.53,5678.67,2795.33,4300.81,active,kalshi,2026-09-28T03:02:46.901309+00:00
soccer,EPL,KXEPLGAME-26OCT10SUNBRI,KXEPLGAME-26OCT10SUNBRI-TIE,,Sunderland,Brighton,2026-10-10T17:00:00Z,draw,0.26,0.27,0.265,0.01,352.66,665.39,715.69,362.15,371.15,active,kalshi,2026-09-28T03:02:46.901309+00:00
soccer,EPL,KXEPLGAME-26OCT10SUNBRI,KXEPLGAME-26OCT10SUNBRI-SUN,,Sunderland,Brighton,2026-10-10T17:00:00Z,home,0.3,0.33,0.315,0.03,1575.78,1699.47,362.8,34.72,362.8,active,kalshi,2026-09-28T03:02:46.901309+00:00
soccer,EPL,KXEPLGAME-26OCT11CRYNFO,KXEPLGAME-26OCT11CRYNFO-NFO,,Crystal Palace,Nott'm Forest,2026-10-11T16:00:00Z,away,0.33,0.37,0.35,0.04,1272.64,1460.65,2.58,2.58,2.58,active,kalshi,2026-09-28T03:02:46.901309+00:00
soccer,EPL,KXEPLGAME-26OCT11CRYNFO,KXEPLGAME-26OCT11CRYNFO-TIE,,Crystal Palace,Nott'm Forest,2026-10-11T16:00:00Z,draw,0.28,0.29,0.28500000000000003,0.01,337.83,4985.0,0.0,0.0,0.0,active,kalshi,2026-09-28T03:02:46.901309+00:00
soccer,EPL,KXEPLGAME-26OCT11CRYNFO,KXEPLGAME-26OCT11CRYNFO-CRY,,Crystal Palace,Nott'm Forest,2026-10-11T16:00:00Z,home,0.34,0.38,0.36,0.04,222.66,4982.41,25.22,25.22,25.22,active,kalshi,2026-09-28T03:02:46.901309+00:00
soccer,EPL,KXEPLGAME-26OCT11HULEVE,KXEPLGAME-26OCT11HULEVE-EVE,,Hull,Everton,2026-10-11T16:00:00Z,away,0.44,0.48,0.45999999999999996,0.04,1272.16,1451.1,10.05,10.05,10.05,active,kalshi,2026-09-28T03:02:46.901309+00:00
soccer,EPL,KXEPLGAME-26OCT11HULEVE,KXEPLGAME-26OCT11HULEVE-TIE,,Hull,Everton,2026-10-11T16:00:00Z,draw,0.28,0.29,0.28500000000000003,0.01,210.0,2292.72,15.28,15.28,15.28,active,kalshi,2026-09-28T03:02:46.901309+00:00
soccer,EPL,KXEPLGAME-26OCT11HULEVE,KXEPLGAME-26OCT11HULEVE-HUL,,Hull,Everton,2026-10-11T16:00:00Z,home,0.23,0.27,0.25,0.04,224.31,5395.3,136.41,136.41,136.41,active,kalshi,2026-09-28T03:02:46.901309+00:00
soccer,EPL,KXEPLGAME-26OCT11LFCMCI,KXEPLGAME-26OCT11LFCMCI-MCI,,Liverpool,Man City,2026-10-11T18:30:00Z,away,0.37,0.4,0.385,0.03,840.05,1347.16,3872.98,3815.69,3678.82,active,kalshi,2026-09-28T03:02:46.901309+00:00
soccer,EPL,KXEPLGAME-26OCT11LFCMCI,KXEPLGAME-26OCT11LFCMCI-TIE,,Liverpool,Man City,2026-10-11T18:30:00Z,draw,0.25,0.26,0.255,0.01,240.0,2076.62,146.38,146.38,146.38,active,kalshi,2026-09-28T03:02:46.901309+00:00
soccer,EPL,KXEPLGAME-26OCT11LFCMCI,KXEPLGAME-26OCT11LFCMCI-LFC,,Liverpool,Man City,2026-10-11T18:30:00Z,home,0.35,0.37,0.36,0.02,181.02,1907.47,329.75,329.75,329.75,active,kalshi,2026-09-28T03:02:46.901309+00:00
soccer,EPL,KXEPLGAME-26OCT12COVNEW,KXEPLGAME-26OCT12COVNEW-NEW,,Coventry,Newcastle,2026-10-12T22:00:00Z,away,0.43,0.46,0.445,0.03,320.11,183.11,0.0,0.0,0.0,active,kalshi,2026-09-28T03:02:46.901309+00:00
soccer,EPL,KXEPLGAME-26OCT12COVNEW,KXEPLGAME-26OCT12COVNEW-TIE,,Coventry,Newcastle,2026-10-12T22:00:00Z,draw,0.24,0.27,0.255,0.03,183.11,1108.0,0.0,0.0,0.0,active,kalshi,2026-09-28T03:02:46.901309+00:00
soccer,EPL,KXEPLGAME-26OCT12COVNEW,KXEPLGAME-26OCT12COVNEW-COV,,Coventry,Newcastle,2026-10-12T22:00:00Z,home,0.27,0.3,0.28500000000000003,0.03,183.11,2233.12,0.0,0.0,0.0,active,kalshi,2026-09-28T03:02:46.901309+00:00
soccer,EPL,KXEPLGAME-26OCT10ARSLEE,KXEPLGAME-26OCT10ARSLEE-LEE,,Arsenal,Leeds,2026-10-10T14:30:00Z,away,0.1,0.12,0.11,0.02,966.67,3826.22,3063.74,1001.23,2773.07,active,kalshi,2026-09-28T03:38:43.102674+00:00
soccer,EPL,KXEPLGAME-26OCT10ARSLEE,KXEPLGAME-26OCT10ARSLEE-TIE,,Arsenal,Leeds,2026-10-10T14:30:00Z,draw,0.17,0.19,0.18,0.02,998.0,4863.38,226.61,75.53,209.61,active,kalshi,2026-09-28T03:38:43.102674+00:00
soccer,EPL,KXEPLGAME-26OCT10ARSLEE,KXEPLGAME-26OCT10ARSLEE-ARS,,Arsenal,Leeds,2026-10-10T14:30:00Z,home,0.71,0.72,0.715,0.01,974.55,915.8,13982.75,5445.71,12703.31,active,kalshi,2026-09-28T03:38:43.102674+00:00
soccer,EPL,KXEPLGAME-26OCT10AVLBRE,KXEPLGAME-26OCT10AVLBRE-BRE,,Aston Villa,Brentford,2026-10-10T17:00:00Z,away,0.35,0.38,0.365,0.03,1788.66,1410.68,1195.38,863.94,1084.94,active,kalshi,2026-09-28T03:38:43.102674+00:00
soccer,EPL,KXEPLGAME-26OCT10AVLBRE,KXEPLGAME-26OCT10AVLBRE-TIE,,Aston Villa,Brentford,2026-10-10T17:00:00Z,draw,0.26,0.28,0.27,0.02,392.07,4933.0,795.64,726.64,795.64,active,kalshi,2026-09-28T03:38:43.102674+00:00
soccer,EPL,KXEPLGAME-26OCT10AVLBRE,KXEPLGAME-26OCT10AVLBRE-AVL,,Aston Villa,Brentford,2026-10-10T17:00:00Z,home,0.34,0.37,0.355,0.03,1827.1,2029.66,822.18,771.18,762.18,active,kalshi,2026-09-28T03:38:43.102674+00:00
soccer,EPL,KXEPLGAME-26OCT10CFCBOU,KXEPLGAME-26OCT10CFCBOU-BOU,,Chelsea,Bournemouth,2026-10-10T17:00:00Z,away,0.2,0.21,0.20500000000000002,0.01,171.34,1014.4,285.82,48.05,285.82,active,kalshi,2026-09-28T03:38:43.102674+00:00
soccer,EPL,KXEPLGAME-26OCT10CFCBOU,KXEPLGAME-26OCT10CFCBOU-TIE,,Chelsea,Bournemouth,2026-10-10T17:00:00Z,draw,0.22,0.23,0.225,0.01,441.37,917.0,494.13,95.0,492.13,active,kalshi,2026-09-28T03:38:43.102674+00:00
soccer,EPL,KXEPLGAME-26OCT10CFCBOU,KXEPLGAME-26OCT10CFCBOU-CFC,,Chelsea,Bournemouth,2026-10-10T17:00:00Z,home,0.57,0.58,0.575,0.01,74.8,832.72,14750.97,1477.71,13702.91,active,kalshi,2026-09-28T03:38:43.102674+00:00
soccer,EPL,KXEPLGAME-26OCT10IPSFUL,KXEPLGAME-26OCT10IPSFUL-FUL,,Ipswich,Fulham,2026-10-10T17:00:00Z,away,0.35,0.39,0.37,0.04,1474.0,1472.38,374.2,273.09,251.26,active,kalshi,2026-09-28T03:38:43.102674+00:00
soccer,EPL,KXEPLGAME-26OCT10IPSFUL,KXEPLGAME-26OCT10IPSFUL-TIE,,Ipswich,Fulham,2026-10-10T17:00:00Z,draw,0.26,0.27,0.265,0.01,431.97,1998.0,47.69,3.52,47.69,active,kalshi,2026-09-28T03:38:43.102674+00:00
soccer,EPL,KXEPLGAME-26OCT10IPSFUL,KXEPLGAME-26OCT10IPSFUL-IPS,,Ipswich,Fulham,2026-10-10T17:00:00Z,home,0.33,0.37,0.35,0.04,1473.97,1580.99,178.03,101.15,178.03,active,kalshi,2026-09-28T03:38:43.102674+00:00
soccer,EPL,KXEPLGAME-26OCT10MUNTOT,KXEPLGAME-26OCT10MUNTOT-TOT,,Man United,Tottenham,2026-10-10T19:30:00Z,away,0.2,0.22,0.21000000000000002,0.02,667.77,1829.7,1300.35,319.3,1297.89,active,kalshi,2026-09-28T03:38:43.102674+00:00
soccer,EPL,KXEPLGAME-26OCT10MUNTOT,KXEPLGAME-26OCT10MUNTOT-TIE,,Man United,Tottenham,2026-10-10T19:30:00Z,draw,0.21,0.22,0.215,0.01,1576.84,548.0,360.3,12.31,360.3,active,kalshi,2026-09-28T03:38:43.102674+00:00
soccer,EPL,KXEPLGAME-26OCT10MUNTOT,KXEPLGAME-26OCT10MUNTOT-MUN,,Man United,Tottenham,2026-10-10T19:30:00Z,home,0.56,0.57,0.565,0.01,38.97,158.02,4955.18,3640.07,4479.78,active,kalshi,2026-09-28T03:38:43.102674+00:00
soccer,EPL,KXEPLGAME-26OCT10SUNBRI,KXEPLGAME-26OCT10SUNBRI-BRI,,Sunderland,Brighton,2026-10-10T17:00:00Z,away,0.41,0.42,0.415,0.01,63.19,120.53,5678.67,2795.33,4300.81,active,kalshi,2026-09-28T03:38:43.102674+00:00
soccer,EPL,KXEPLGAME-26OCT10SUNBRI,KXEPLGAME-26OCT10SUNBRI-TIE,,Sunderland,Brighton,2026-10-10T17:00:00Z,draw,0.26,0.27,0.265,0.01,352.66,665.39,715.69,362.15,371.15,active,kalshi,2026-09-28T03:38:43.102674+00:00
soccer,EPL,KXEPLGAME-26OCT10SUNBRI,KXEPLGAME-26OCT10SUNBRI-SUN,,Sunderland,Brighton,2026-10-10T17:00:00Z,home,0.3,0.33,0.315,0.03,1575.78,1699.47,362.8,34.72,362.8,active,kalshi,2026-09-28T03:38:43.102674+00:00
soccer,EPL,KXEPLGAME-26OCT11CRYNFO,KXEPLGAME-26OCT11CRYNFO-NFO,,Crystal Palace,Nott'm Forest,2026-10-11T16:00:00Z,away,0.33,0.37,0.35,0.04,1272.64,1460.65,2.58,2.58,2.58,active,kalshi,2026-09-28T03:38:43.102674+00:00
soccer,EPL,KXEPLGAME-26OCT11CRYNFO,KXEPLGAME-26OCT11CRYNFO-TIE,,Crystal Palace,Nott'm Forest,2026-10-11T16:00:00Z,draw,0.28,0.29,0.28500000000000003,0.01,337.83,4985.0,0.0,0.0,0.0,active,kalshi,2026-09-28T03:38:43.102674+00:00
soccer,EPL,KXEPLGAME-26OCT11CRYNFO,KXEPLGAME-26OCT11CRYNFO-CRY,,Crystal Palace,Nott'm Forest,2026-10-11T16:00:00Z,home,0.34,0.38,0.36,0.04,222.66,4982.41,25.22,25.22,25.22,active,kalshi,2026-09-28T03:38:43.102674+00:00
soccer,EPL,KXEPLGAME-26OCT11HULEVE,KXEPLGAME-26OCT11HULEVE-EVE,,Hull,Everton,2026-10-11T16:00:00Z,away,0.44,0.48,0.45999999999999996,0.04,1272.16,1451.1,10.05,10.05,10.05,active,kalshi,2026-09-28T03:38:43.102674+00:00
soccer,EPL,KXEPLGAME-26OCT11HULEVE,KXEPLGAME-26OCT11HULEVE-TIE,,Hull,Everton,2026-10-11T16:00:00Z,draw,0.28,0.29,0.28500000000000003,0.01,210.0,2292.72,15.28,15.28,15.28,active,kalshi,2026-09-28T03:38:43.102674+00:00
soccer,EPL,KXEPLGAME-26OCT11HULEVE,KXEPLGAME-26OCT11HULEVE-HUL,,Hull,Everton,2026-10-11T16:00:00Z,home,0.23,0.27,0.25,0.04,224.31,5395.3,136.41,136.41,136.41,active,kalshi,2026-09-28T03:38:43.102674+00:00
soccer,EPL,KXEPLGAME-26OCT11LFCMCI,KXEPLGAME-26OCT11LFCMCI-MCI,,Liverpool,Man City,2026-10-11T18:30:00Z,away,0.37,0.4,0.385,0.03,840.05,1324.16,3895.98,3715.74,3701.82,active,kalshi,2026-09-28T03:38:43.102674+00:00
soccer,EPL,KXEPLGAME-26OCT11LFCMCI,KXEPLGAME-26OCT11LFCMCI-TIE,,Liverpool,Man City,2026-10-11T18:30:00Z,draw,0.25,0.26,0.255,0.01,240.0,2076.62,146.38,146.38,146.38,active,kalshi,2026-09-28T03:38:43.102674+00:00
soccer,EPL,KXEPLGAME-26OCT11LFCMCI,KXEPLGAME-26OCT11LFCMCI-LFC,,Liverpool,Man City,2026-10-11T18:30:00Z,home,0.35,0.37,0.36,0.02,181.02,1907.47,329.75,329.75,329.75,active,kalshi,2026-09-28T03:38:43.102674+00:00
soccer,EPL,KXEPLGAME-26OCT12COVNEW,KXEPLGAME-26OCT12COVNEW-NEW,,Coventry,Newcastle,2026-10-12T22:00:00Z,away,0.43,0.46,0.445,0.03,1370.11,183.11,0.0,0.0,0.0,active,kalshi,2026-09-28T03:38:43.102674+00:00
soccer,EPL,KXEPLGAME-26OCT12COVNEW,KXEPLGAME-26OCT12COVNEW-TIE,,Coventry,Newcastle,2026-10-12T22:00:00Z,draw,0.24,0.27,0.255,0.03,183.11,2000.0,0.0,0.0,0.0,active,kalshi,2026-09-28T03:38:43.102674+00:00
soccer,EPL,KXEPLGAME-26OCT12COVNEW,KXEPLGAME-26OCT12COVNEW-COV,,Coventry,Newcastle,2026-10-12T22:00:00Z,home,0.27,0.3,0.28500000000000003,0.03,183.11,5276.12,0.0,0.0,0.0,active,kalshi,2026-09-28T03:38:43.102674+00:00
soccer,EPL,KXEPLGAME-26OCT10ARSLEE,KXEPLGAME-26OCT10ARSLEE-LEE,,Arsenal,Leeds,2026-10-10T14:30:00Z,away,0.1,0.12,0.11,0.02,100.0,1784.22,3105.74,1036.23,2815.07,active,kalshi,2026-09-28T04:03:18.992803+00:00
soccer,EPL,KXEPLGAME-26OCT10ARSLEE,KXEPLGAME-26OCT10ARSLEE-TIE,,Arsenal,Leeds,2026-10-10T14:30:00Z,draw,0.17,0.19,0.18,0.02,998.0,4863.38,226.61,75.53,209.61,active,kalshi,2026-09-28T04:03:18.992803+00:00
soccer,EPL,KXEPLGAME-26OCT10ARSLEE,KXEPLGAME-26OCT10ARSLEE-ARS,,Arsenal,Leeds,2026-10-10T14:30:00Z,home,0.71,0.72,0.715,0.01,974.55,905.8,13992.75,5389.71,12713.31,active,kalshi,2026-09-28T04:03:18.992803+00:00
soccer,EPL,KXEPLGAME-26OCT10AVLBRE,KXEPLGAME-26OCT10AVLBRE-BRE,,Aston Villa,Brentford,2026-10-10T17:00:00Z,away,0.35,0.38,0.365,0.03,1667.66,515.07,1207.38,831.94,1096.94,active,kalshi,2026-09-28T04:03:18.992803+00:00
soccer,EPL,KXEPLGAME-26OCT10AVLBRE,KXEPLGAME-26OCT10AVLBRE-TIE,,Aston Villa,Brentford,2026-10-10T17:00:00Z,draw,0.26,0.28,0.27,0.02,392.07,1672.0,795.64,726.64,795.64,active,kalshi,2026-09-28T04:03:18.992803+00:00
soccer,EPL,KXEPLGAME-26OCT10AVLBRE,KXEPLGAME-26OCT10AVLBRE-AVL,,Aston Villa,Brentford,2026-10-10T17:00:00Z,home,0.34,0.37,0.355,0.03,1736.1,2029.66,822.18,745.3,762.18,active,kalshi,2026-09-28T04:03:18.992803+00:00
soccer,EPL,KXEPLGAME-26OCT10CFCBOU,KXEPLGAME-26OCT10CFCBOU-BOU,,Chelsea,Bournemouth,2026-10-10T17:00:00Z,away,0.2,0.21,0.20500000000000002,0.01,171.34,1014.4,285.82,48.05,285.82,active,kalshi,2026-09-28T04:03:18.992803+00:00
soccer,EPL,KXEPLGAME-26OCT10CFCBOU,KXEPLGAME-26OCT10CFCBOU-TIE,,Chelsea,Bournemouth,2026-10-10T17:00:00Z,draw,0.22,0.23,0.225,0.01,441.37,917.0,494.13,95.0,492.13,active,kalshi,2026-09-28T04:03:18.992803+00:00
soccer,EPL,KXEPLGAME-26OCT10CFCBOU,KXEPLGAME-26OCT10CFCBOU-CFC,,Chelsea,Bournemouth,2026-10-10T17:00:00Z,home,0.57,0.58,0.575,0.01,74.8,832.72,14750.97,1445.38,13702.91,active,kalshi,2026-09-28T04:03:18.992803+00:00
soccer,EPL,KXEPLGAME-26OCT10IPSFUL,KXEPLGAME-26OCT10IPSFUL-FUL,,Ipswich,Fulham,2026-10-10T17:00:00Z,away,0.35,0.39,0.37,0.04,462.0,1578.38,374.2,246.68,251.26,active,kalshi,2026-09-28T04:03:18.992803+00:00
soccer,EPL,KXEPLGAME-26OCT10IPSFUL,KXEPLGAME-26OCT10IPSFUL-TIE,,Ipswich,Fulham,2026-10-10T17:00:00Z,draw,0.26,0.27,0.265,0.01,431.97,2000.0,47.69,3.52,47.69,active,kalshi,2026-09-28T04:03:18.992803+00:00
soccer,EPL,KXEPLGAME-26OCT10IPSFUL,KXEPLGAME-26OCT10IPSFUL-IPS,,Ipswich,Fulham,2026-10-10T17:00:00Z,home,0.33,0.37,0.35,0.04,1509.97,1581.99,178.03,101.15,178.03,active,kalshi,2026-09-28T04:03:18.992803+00:00
soccer,EPL,KXEPLGAME-26OCT10MUNTOT,KXEPLGAME-26OCT10MUNTOT-TOT,,Man United,Tottenham,2026-10-10T19:30:00Z,away,0.2,0.22,0.21000000000000002,0.02,390.77,2000.0,1300.35,219.05,1297.89,active,kalshi,2026-09-28T04:03:18.992803+00:00
soccer,EPL,KXEPLGAME-26OCT10MUNTOT,KXEPLGAME-26OCT10MUNTOT-TIE,,Man United,Tottenham,2026-10-10T19:30:00Z,draw,0.21,0.22,0.215,0.01,1550.84,548.0,360.3,12.31,360.3,active,kalshi,2026-09-28T04:03:18.992803+00:00
soccer,EPL,KXEPLGAME-26OCT10MUNTOT,KXEPLGAME-26OCT10MUNTOT-MUN,,Man United,Tottenham,2026-10-10T19:30:00Z,home,0.56,0.57,0.565,0.01,42.0,77.02,4955.18,3631.56,4479.78,active,kalshi,2026-09-28T04:03:18.992803+00:00
soccer,EPL,KXEPLGAME-26OCT10SUNBRI,KXEPLGAME-26OCT10SUNBRI-BRI,,Sunderland,Brighton,2026-10-10T17:00:00Z,away,0.41,0.42,0.415,0.01,31.95,120.53,5678.67,2749.33,4300.81,active,kalshi,2026-09-28T04:03:18.992803+00:00
soccer,EPL,KXEPLGAME-26OCT10SUNBRI,KXEPLGAME-26OCT10SUNBRI-TIE,,Sunderland,Brighton,2026-10-10T17:00:00Z,draw,0.26,0.27,0.265,0.01,352.66,665.39,715.69,362.15,371.15,active,kalshi,2026-09-28T04:03:18.992803+00:00
soccer,EPL,KXEPLGAME-26OCT10SUNBRI,KXEPLGAME-26OCT10SUNBRI-SUN,,Sunderland,Brighton,2026-10-10T17:00:00Z,home,0.3,0.33,0.315,0.03,193.78,1699.47,362.8,34.72,362.8,active,kalshi,2026-09-28T04:03:18.992803+00:00
soccer,EPL,KXEPLGAME-26OCT11CRYNFO,KXEPLGAME-26OCT11CRYNFO-NFO,,Crystal Palace,Nott'm Forest,2026-10-11T16:00:00Z,away,0.33,0.37,0.35,0.04,222.64,222.65,2.58,2.58,2.58,active,kalshi,2026-09-28T04:03:18.992803+00:00
soccer,EPL,KXEPLGAME-26OCT11CRYNFO,KXEPLGAME-26OCT11CRYNFO-TIE,,Crystal Palace,Nott'm Forest,2026-10-11T16:00:00Z,draw,0.28,0.29,0.28500000000000003,0.01,337.83,1724.0,0.0,0.0,0.0,active,kalshi,2026-09-28T04:03:18.992803+00:00
soccer,EPL,KXEPLGAME-26OCT11CRYNFO,KXEPLGAME-26OCT11CRYNFO-CRY,,Crystal Palace,Nott'm Forest,2026-10-11T16:00:00Z,home,0.34,0.38,0.36,0.04,222.66,1719.41,25.22,25.22,25.22,active,kalshi,2026-09-28T04:03:18.992803+00:00
soccer,EPL,KXEPLGAME-26OCT11HULEVE,KXEPLGAME-26OCT11HULEVE-EVE,,Hull,Everton,2026-10-11T16:00:00Z,away,0.44,0.48,0.45999999999999996,0.04,224.16,207.1,10.05,10.05,10.05,active,kalshi,2026-09-28T04:03:18.992803+00:00
soccer,EPL,KXEPLGAME-26OCT11HULEVE,KXEPLGAME-26OCT11HULEVE-TIE,,Hull,Everton,2026-10-11T16:00:00Z,draw,0.28,0.29,0.28500000000000003,0.01,210.0,1678.72,15.28,15.28,15.28,active,kalshi,2026-09-28T04:03:18.992803+00:00
soccer,EPL,KXEPLGAME-26OCT11HULEVE,KXEPLGAME-26OCT11HULEVE-HUL,,Hull,Everton,2026-10-11T16:00:00Z,home,0.23,0.27,0.25,0.04,224.31,5378.3,153.41,136.41,153.41,active,kalshi,2026-09-28T04:03:18.992803+00:00
soccer,EPL,KXEPLGAME-26OCT11LFCMCI,KXEPLGAME-26OCT11LFCMCI-MCI,,Liverpool,Man City,2026-10-11T18:30:00Z,away,0.37,0.4,0.385,0.03,557.05,242.02,3895.98,3715.74,3701.82,active,kalshi,2026-09-28T04:03:18.992803+00:00
soccer,EPL,KXEPLGAME-26OCT11LFCMCI,KXEPLGAME-26OCT11LFCMCI-TIE,,Liverpool,Man City,2026-10-11T18:30:00Z,draw,0.25,0.26,0.255,0.01,240.0,1300.62,146.38,128.1,146.38,active,kalshi,2026-09-28T04:03:18.992803+00:00
soccer,EPL,KXEPLGAME-26OCT11LFCMCI,KXEPLGAME-26OCT11LFCMCI-LFC,,Liverpool,Man City,2026-10-11T18:30:00Z,home,0.35,0.37,0.36,0.02,181.02,1005.47,329.75,329.75,329.75,active,kalshi,2026-09-28T04:03:18.992803+00:00
soccer,EPL,KXEPLGAME-26OCT12COVNEW,KXEPLGAME-26OCT12COVNEW-NEW,,Coventry,Newcastle,2026-10-12T22:00:00Z,away,0.43,0.46,0.445,0.03,320.11,183.11,0.0,0.0,0.0,active,kalshi,2026-09-28T04:03:18.992803+00:00
soccer,EPL,KXEPLGAME-26OCT12COVNEW,KXEPLGAME-26OCT12COVNEW-TIE,,Coventry,Newcastle,2026-10-12T22:00:00Z,draw,0.23,0.27,0.25,0.04,137.0,1333.0,0.0,0.0,0.0,active,kalshi,2026-09-28T04:03:18.992803+00:00
soccer,EPL,KXEPLGAME-26OCT12COVNEW,KXEPLGAME-26OCT12COVNEW-COV,,Coventry,Newcastle,2026-10-12T22:00:00Z,home,0.26,0.3,0.28,0.04,1370.12,5276.12,0.0,0.0,0.0,active,kalshi,2026-09-28T04:03:18.992803+00:00
soccer,EPL,KXEPLGAME-26OCT10ARSLEE,KXEPLGAME-26OCT10ARSLEE-LEE,,Arsenal,Leeds,2026-10-10T14:30:00Z,away,0.1,0.12,0.11,0.02,1236.5,3799.22,3105.74,1043.23,2815.07,active,kalshi,2026-09-28T04:39:11.470977+00:00
soccer,EPL,KXEPLGAME-26OCT10ARSLEE,KXEPLGAME-26OCT10ARSLEE-TIE,,Arsenal,Leeds,2026-10-10T14:30:00Z,draw,0.17,0.19,0.18,0.02,998.0,4788.67,301.32,150.24,284.32,active,kalshi,2026-09-28T04:39:11.470977+00:00
soccer,EPL,KXEPLGAME-26OCT10ARSLEE,KXEPLGAME-26OCT10ARSLEE-ARS,,Arsenal,Leeds,2026-10-10T14:30:00Z,home,0.71,0.72,0.715,0.01,974.55,898.51,14001.83,5354.79,12722.39,active,kalshi,2026-09-28T04:39:11.470977+00:00
soccer,EPL,KXEPLGAME-26OCT10AVLBRE,KXEPLGAME-26OCT10AVLBRE-BRE,,Aston Villa,Brentford,2026-10-10T17:00:00Z,away,0.35,0.38,0.365,0.03,1788.66,1674.07,1207.38,843.94,1096.94,active,kalshi,2026-09-28T04:39:11.470977+00:00
soccer,EPL,KXEPLGAME-26OCT10AVLBRE,KXEPLGAME-26OCT10AVLBRE-TIE,,Aston Villa,Brentford,2026-10-10T17:00:00Z,draw,0.26,0.28,0.27,0.02,392.07,4886.0,846.64,777.64,846.64,active,kalshi,2026-09-28T04:39:11.470977+00:00
soccer,EPL,KXEPLGAME-26OCT10AVLBRE,KXEPLGAME-26OCT10AVLBRE-AVL,,Aston Villa,Brentford,2026-10-10T17:00:00Z,home,0.34,0.37,0.355,0.03,1736.1,1422.66,822.18,745.3,762.18,active,kalshi,2026-09-28T04:39:11.470977+00:00
soccer,EPL,KXEPLGAME-26OCT10CFCBOU,KXEPLGAME-26OCT10CFCBOU-BOU,,Chelsea,Bournemouth,2026-10-10T17:00:00Z,away,0.2,0.21,0.20500000000000002,0.01,171.34,1137.4,285.82,46.78,285.82,active,kalshi,2026-09-28T04:39:11.470977+00:00
soccer,EPL,KXEPLGAME-26OCT10CFCBOU,KXEPLGAME-26OCT10CFCBOU-TIE,,Chelsea,Bournemouth,2026-10-10T17:00:00Z,draw,0.22,0.23,0.225,0.01,472.37,855.12,556.01,156.88,554.01,active,kalshi,2026-09-28T04:39:11.470977+00:00
soccer,EPL,KXEPLGAME-26OCT10CFCBOU,KXEPLGAME-26OCT10CFCBOU-CFC,,Chelsea,Bournemouth,2026-10-10T17:00:00Z,home,0.57,0.58,0.575,0.01,74.8,832.72,14750.97,1272.15,13702.91,active,kalshi,2026-09-28T04:39:11.470977+00:00
soccer,EPL,KXEPLGAME-26OCT10IPSFUL,KXEPLGAME-26OCT10IPSFUL-FUL,,Ipswich,Fulham,2026-10-10T17:00:00Z,away,0.35,0.39,0.37,0.04,1512.0,1578.38,374.2,246.68,251.26,active,kalshi,2026-09-28T04:39:11.470977+00:00
soccer,EPL,KXEPLGAME-26OCT10IPSFUL,KXEPLGAME-26OCT10IPSFUL-TIE,,Ipswich,Fulham,2026-10-10T17:00:00Z,draw,0.26,0.27,0.265,0.01,431.97,1947.15,100.54,56.37,100.54,active,kalshi,2026-09-28T04:39:11.470977+00:00
soccer,EPL,KXEPLGAME-26OCT10IPSFUL,KXEPLGAME-26OCT10IPSFUL-IPS,,Ipswich,Fulham,2026-10-10T17:00:00Z,home,0.33,0.37,0.35,0.04,1509.97,1569.99,190.03,113.15,190.03,active,kalshi,2026-09-28T04:39:11.470977+00:00
soccer,EPL,KXEPLGAME-26OCT10MUNTOT,KXEPLGAME-26OCT10MUNTOT-TOT,,Man United,Tottenham,2026-10-10T19:30:00Z,away,0.2,0.22,0.21000000000000002,0.02,690.77,1969.83,1330.52,240.6,1328.06,active,kalshi,2026-09-28T04:39:11.470977+00:00
soccer,EPL,KXEPLGAME-26OCT10MUNTOT,KXEPLGAME-26OCT10MUNTOT-TIE,,Man United,Tottenham,2026-10-10T19:30:00Z,draw,0.21,0.22,0.215,0.01,1529.84,548.0,360.3,12.31,360.3,active,kalshi,2026-09-28T04:39:11.470977+00:00
soccer,EPL,KXEPLGAME-26OCT10MUNTOT,KXEPLGAME-26OCT10MUNTOT-MUN,,Man United,Tottenham,2026-10-10T19:30:00Z,home,0.56,0.57,0.565,0.01,40.0,135.54,5204.29,3717.71,4728.89,active,kalshi,2026-09-28T04:39:11.470977+00:00
soccer,EPL,KXEPLGAME-26OCT10SUNBRI,KXEPLGAME-26OCT10SUNBRI-BRI,,Sunderland,Brighton,2026-10-10T17:00:00Z,away,0.4,0.42,0.41000000000000003,0.02,412.4,226.78,5689.67,2760.33,4311.81,active,kalshi,2026-09-28T04:39:11.470977+00:00
soccer,EPL,KXEPLGAME-26OCT10SUNBRI,KXEPLGAME-26OCT10SUNBRI-TIE,,Sunderland,Brighton,2026-10-10T17:00:00Z,draw,0.26,0.27,0.265,0.01,381.66,612.54,768.54,415.0,424.0,active,kalshi,2026-09-28T04:39:11.470977+00:00
soccer,EPL,KXEPLGAME-26OCT10SUNBRI,KXEPLGAME-26OCT10SUNBRI-SUN,,Sunderland,Brighton,2026-10-10T17:00:00Z,home,0.3,0.33,0.315,0.03,1554.75,1720.47,362.8,34.72,362.8,active,kalshi,2026-09-28T04:39:11.470977+00:00
soccer,EPL,KXEPLGAME-26OCT11CRYNFO,KXEPLGAME-26OCT11CRYNFO-NFO,,Crystal Palace,Nott'm Forest,2026-10-11T16:00:00Z,away,0.33,0.37,0.35,0.04,222.64,1460.65,2.58,2.58,2.58,active,kalshi,2026-09-28T04:39:11.470977+00:00
soccer,EPL,KXEPLGAME-26OCT11CRYNFO,KXEPLGAME-26OCT11CRYNFO-TIE,,Crystal Palace,Nott'm Forest,2026-10-11T16:00:00Z,draw,0.28,0.29,0.28500000000000003,0.01,337.83,4985.0,0.0,0.0,0.0,active,kalshi,2026-09-28T04:39:11.470977+00:00
soccer,EPL,KXEPLGAME-26OCT11CRYNFO,KXEPLGAME-26OCT11CRYNFO-CRY,,Crystal Palace,Nott'm Forest,2026-10-11T16:00:00Z,home,0.34,0.38,0.36,0.04,222.66,4982.41,25.22,25.22,25.22,active,kalshi,2026-09-28T04:39:11.470977+00:00
soccer,EPL,KXEPLGAME-26OCT11HULEVE,KXEPLGAME-26OCT11HULEVE-EVE,,Hull,Everton,2026-10-11T16:00:00Z,away,0.44,0.48,0.45999999999999996,0.04,224.16,1451.1,10.05,10.05,10.05,active,kalshi,2026-09-28T04:39:11.470977+00:00
soccer,EPL,KXEPLGAME-26OCT11HULEVE,KXEPLGAME-26OCT11HULEVE-TIE,,Hull,Everton,2026-10-11T16:00:00Z,draw,0.28,0.29,0.28500000000000003,0.01,210.0,2292.72,15.28,15.28,15.28,active,kalshi,2026-09-28T04:39:11.470977+00:00
soccer,EPL,KXEPLGAME-26OCT11HULEVE,KXEPLGAME-26OCT11HULEVE-HUL,,Hull,Everton,2026-10-11T16:00:00Z,home,0.23,0.27,0.25,0.04,224.31,5378.3,153.41,153.41,153.41,active,kalshi,2026-09-28T04:39:11.470977+00:00
soccer,EPL,KXEPLGAME-26OCT11LFCMCI,KXEPLGAME-26OCT11LFCMCI-MCI,,Liverpool,Man City,2026-10-11T18:30:00Z,away,0.37,0.4,0.385,0.03,525.05,3601.03,3907.97,3727.73,3713.81,active,kalshi,2026-09-28T04:39:11.470977+00:00
soccer,EPL,KXEPLGAME-26OCT11LFCMCI,KXEPLGAME-26OCT11LFCMCI-TIE,,Liverpool,Man City,2026-10-11T18:30:00Z,draw,0.25,0.26,0.255,0.01,240.0,2212.62,146.38,91.54,146.38,active,kalshi,2026-09-28T04:39:11.470977+00:00
soccer,EPL,KXEPLGAME-26OCT11LFCMCI,KXEPLGAME-26OCT11LFCMCI-LFC,,Liverpool,Man City,2026-10-11T18:30:00Z,home,0.35,0.37,0.36,0.02,181.02,854.7,592.69,592.69,592.69,active,kalshi,2026-09-28T04:39:11.470977+00:00
soccer,EPL,KXEPLGAME-26OCT12COVNEW,KXEPLGAME-26OCT12COVNEW-NEW,,Coventry,Newcastle,2026-10-12T22:00:00Z,away,0.43,0.46,0.445,0.03,1370.11,135.11,48.0,48.0,48.0,active,kalshi,2026-09-28T04:39:11.470977+00:00
soccer,EPL,KXEPLGAME-26OCT12COVNEW,KXEPLGAME-26OCT12COVNEW-TIE,,Coventry,Newcastle,2026-10-12T22:00:00Z,draw,0.24,0.27,0.255,0.03,183.11,2000.0,0.0,0.0,0.0,active,kalshi,2026-09-28T04:39:11.470977+00:00
soccer,EPL,KXEPLGAME-26OCT12COVNEW,KXEPLGAME-26OCT12COVNEW-COV,,Coventry,Newcastle,2026-10-12T22:00:00Z,home,0.26,0.3,0.28,0.04,1370.12,5276.12,0.0,0.0,0.0,active,kalshi,2026-09-28T04:39:11.470977+00:00
soccer,EPL,KXEPLGAME-26OCT10ARSLEE,KXEPLGAME-26OCT10ARSLEE-LEE,,Arsenal,Leeds,2026-10-10T14:30:00Z,away,0.09,0.11,0.1,0.02,142.51,190.99,3722.85,1655.38,2671.18,active,kalshi,2026-09-28T10:03:53.136837+00:00
soccer,EPL,KXEPLGAME-26OCT10ARSLEE,KXEPLGAME-26OCT10ARSLEE-TIE,,Arsenal,Leeds,2026-10-10T14:30:00Z,draw,0.17,0.19,0.18,0.02,998.0,4787.67,302.32,132.24,285.32,active,kalshi,2026-09-28T10:03:53.136837+00:00
soccer,EPL,KXEPLGAME-26OCT10ARSLEE,KXEPLGAME-26OCT10ARSLEE-ARS,,Arsenal,Leeds,2026-10-10T14:30:00Z,home,0.72,0.73,0.725,0.01,71.67,1986.0,15393.05,6447.26,14111.61,active,kalshi,2026-09-28T10:03:53.136837+00:00
soccer,EPL,KXEPLGAME-26OCT10AVLBRE,KXEPLGAME-26OCT10AVLBRE-BRE,,Aston Villa,Brentford,2026-10-10T17:00:00Z,away,0.35,0.38,0.365,0.03,177.66,1692.42,1317.38,938.84,1206.94,active,kalshi,2026-09-28T10:03:53.136837+00:00
soccer,EPL,KXEPLGAME-26OCT10AVLBRE,KXEPLGAME-26OCT10AVLBRE-TIE,,Aston Villa,Brentford,2026-10-10T17:00:00Z,draw,0.26,0.28,0.27,0.02,392.07,1520.0,846.64,775.0,846.64,active,kalshi,2026-09-28T10:03:53.136837+00:00
soccer,EPL,KXEPLGAME-26OCT10AVLBRE,KXEPLGAME-26OCT10AVLBRE-AVL,,Aston Villa,Brentford,2026-10-10T17:00:00Z,home,0.34,0.37,0.355,0.03,203.1,1654.38,878.95,790.07,818.95,active,kalshi,2026-09-28T10:03:53.136837+00:00
soccer,EPL,KXEPLGAME-26OCT10CFCBOU,KXEPLGAME-26OCT10CFCBOU-BOU,,Chelsea,Bournemouth,2026-10-10T17:00:00Z,away,0.2,0.21,0.20500000000000002,0.01,171.36,1137.4,285.82,40.6,285.82,active,kalshi,2026-09-28T10:03:53.136837+00:00
soccer,EPL,KXEPLGAME-26OCT10CFCBOU,KXEPLGAME-26OCT10CFCBOU-TIE,,Chelsea,Bournemouth,2026-10-10T17:00:00Z,draw,0.22,0.23,0.225,0.01,472.38,854.12,557.01,82.88,555.01,active,kalshi,2026-09-28T10:03:53.136837+00:00
soccer,EPL,KXEPLGAME-26OCT10CFCBOU,KXEPLGAME-26OCT10CFCBOU-CFC,,Chelsea,Bournemouth,2026-10-10T17:00:00Z,home,0.56,0.57,0.565,0.01,70.49,9.66,14783.21,788.16,13735.15,active,kalshi,2026-09-28T10:03:53.136837+00:00
soccer,EPL,KXEPLGAME-26OCT10IPSFUL,KXEPLGAME-26OCT10IPSFUL-FUL,,Ipswich,Fulham,2026-10-10T17:00:00Z,away,0.36,0.39,0.375,0.03,258.29,1579.3,374.2,185.21,251.26,active,kalshi,2026-09-28T10:03:53.136837+00:00
soccer,EPL,KXEPLGAME-26OCT10IPSFUL,KXEPLGAME-26OCT10IPSFUL-TIE,,Ipswich,Fulham,2026-10-10T17:00:00Z,draw,0.26,0.27,0.265,0.01,432.32,1997.0,100.54,52.85,100.54,active,kalshi,2026-09-28T10:03:53.136837+00:00
soccer,EPL,KXEPLGAME-26OCT10IPSFUL,KXEPLGAME-26OCT10IPSFUL-IPS,,Ipswich,Fulham,2026-10-10T17:00:00Z,home,0.34,0.37,0.355,0.03,258.33,1582.3,214.03,87.77,214.03,active,kalshi,2026-09-28T10:03:53.136837+00:00
soccer,EPL,KXEPLGAME-26OCT10MUNTOT,KXEPLGAME-26OCT10MUNTOT-TOT,,Man United,Tottenham,2026-10-10T19:30:00Z,away,0.2,0.22,0.21000000000000002,0.02,249.77,2032.0,1546.59,417.54,1544.13,active,kalshi,2026-09-28T10:03:53.136837+00:00
soccer,EPL,KXEPLGAME-26OCT10MUNTOT,KXEPLGAME-26OCT10MUNTOT-TIE,,Man United,Tottenham,2026-10-10T19:30:00Z,draw,0.21,0.22,0.215,0.01,980.84,531.0,377.3,29.31,377.3,active,kalshi,2026-09-28T10:03:53.136837+00:00
soccer,EPL,KXEPLGAME-26OCT10MUNTOT,KXEPLGAME-26OCT10MUNTOT-MUN,,Man United,Tottenham,2026-10-10T19:30:00Z,home,0.57,0.58,0.575,0.01,537.32,1509.85,5945.58,4526.75,5410.18,active,kalshi,2026-09-28T10:03:53.136837+00:00
soccer,EPL,KXEPLGAME-26OCT10SUNBRI,KXEPLGAME-26OCT10SUNBRI-BRI,,Sunderland,Brighton,2026-10-10T17:00:00Z,away,0.4,0.42,0.41000000000000003,0.02,169.46,135.94,5712.55,2106.6,4334.69,active,kalshi,2026-09-28T10:03:53.136837+00:00
soccer,EPL,KXEPLGAME-26OCT10SUNBRI,KXEPLGAME-26OCT10SUNBRI-TIE,,Sunderland,Brighton,2026-10-10T17:00:00Z,draw,0.26,0.27,0.265,0.01,381.8,611.54,769.54,416.0,425.0,active,kalshi,2026-09-28T10:03:53.136837+00:00
soccer,EPL,KXEPLGAME-26OCT10SUNBRI,KXEPLGAME-26OCT10SUNBRI-SUN,,Sunderland,Brighton,2026-10-10T17:00:00Z,home,0.3,0.33,0.315,0.03,193.82,1720.61,362.8,34.72,362.8,active,kalshi,2026-09-28T10:03:53.136837+00:00
soccer,EPL,KXEPLGAME-26OCT11CRYNFO,KXEPLGAME-26OCT11CRYNFO-NFO,,Crystal Palace,Nott'm Forest,2026-10-11T16:00:00Z,away,0.33,0.37,0.35,0.04,275.64,1490.65,2.58,0.0,2.58,active,kalshi,2026-09-28T10:03:53.136837+00:00
soccer,EPL,KXEPLGAME-26OCT11CRYNFO,KXEPLGAME-26OCT11CRYNFO-TIE,,Crystal Palace,Nott'm Forest,2026-10-11T16:00:00Z,draw,0.28,0.29,0.28500000000000003,0.01,337.83,4985.0,0.0,0.0,0.0,active,kalshi,2026-09-28T10:03:53.136837+00:00
soccer,EPL,KXEPLGAME-26OCT11CRYNFO,KXEPLGAME-26OCT11CRYNFO-CRY,,Crystal Palace,Nott'm Forest,2026-10-11T16:00:00Z,home,0.34,0.38,0.36,0.04,252.66,5012.41,25.22,25.22,25.22,active,kalshi,2026-09-28T10:03:53.136837+00:00
soccer,EPL,KXEPLGAME-26OCT11HULEVE,KXEPLGAME-26OCT11HULEVE-EVE,,Hull,Everton,2026-10-11T16:00:00Z,away,0.44,0.48,0.45999999999999996,0.04,277.16,1534.0,30.15,30.15,30.15,active,kalshi,2026-09-28T10:03:53.136837+00:00
soccer,EPL,KXEPLGAME-26OCT11HULEVE,KXEPLGAME-26OCT11HULEVE-TIE,,Hull,Everton,2026-10-11T16:00:00Z,draw,0.28,0.29,0.28500000000000003,0.01,210.0,1556.72,85.28,82.0,85.28,active,kalshi,2026-09-28T10:03:53.136837+00:00
soccer,EPL,KXEPLGAME-26OCT11HULEVE,KXEPLGAME-26OCT11HULEVE-HUL,,Hull,Everton,2026-10-11T16:00:00Z,home,0.23,0.26,0.245,0.03,277.37,233.3,181.41,181.41,181.41,active,kalshi,2026-09-28T10:03:53.136837+00:00
soccer,EPL,KXEPLGAME-26OCT11LFCMCI,KXEPLGAME-26OCT11LFCMCI-MCI,,Liverpool,Man City,2026-10-11T18:30:00Z,away,0.38,0.39,0.385,0.01,20.0,21.62,9151.06,8388.2,8926.12,active,kalshi,2026-09-28T10:03:53.136837+00:00
soccer,EPL,KXEPLGAME-26OCT11LFCMCI,KXEPLGAME-26OCT11LFCMCI-TIE,,Liverpool,Man City,2026-10-11T18:30:00Z,draw,0.25,0.26,0.255,0.01,240.0,2636.62,166.38,111.54,166.38,active,kalshi,2026-09-28T10:03:53.136837+00:00
soccer,EPL,KXEPLGAME-26OCT11LFCMCI,KXEPLGAME-26OCT11LFCMCI-LFC,,Liverpool,Man City,2026-10-11T18:30:00Z,home,0.33,0.37,0.35,0.04,1365.21,1591.53,602.69,573.47,602.69,active,kalshi,2026-09-28T10:03:53.136837+00:00
soccer,EPL,KXEPLGAME-26OCT12COVNEW,KXEPLGAME-26OCT12COVNEW-NEW,,Coventry,Newcastle,2026-10-12T22:00:00Z,away,0.43,0.46,0.445,0.03,1370.11,135.11,48.0,48.0,48.0,active,kalshi,2026-09-28T10:03:53.136837+00:00
soccer,EPL,KXEPLGAME-26OCT12COVNEW,KXEPLGAME-26OCT12COVNEW-TIE,,Coventry,Newcastle,2026-10-12T22:00:00Z,draw,0.23,0.27,0.25,0.04,1370.15,2000.0,0.0,0.0,0.0,active,kalshi,2026-09-28T10:03:53.136837+00:00
soccer,EPL,KXEPLGAME-26OCT12COVNEW,KXEPLGAME-26OCT12COVNEW-COV,,Coventry,Newcastle,2026-10-12T22:00:00Z,home,0.26,0.3,0.28,0.04,1370.19,5276.17,0.0,0.0,0.0,active,kalshi,2026-09-28T10:03:53.136837+00:00
soccer,EPL,KXEPLGAME-26OCT10ARSLEE,KXEPLGAME-26OCT10ARSLEE-LEE,,Arsenal,Leeds,2026-10-10T14:30:00Z,away,0.1,0.11,0.10500000000000001,0.01,236.5,190.81,3722.85,1655.38,2671.18,active,kalshi,2026-09-28T10:37:37.558342+00:00
soccer,EPL,KXEPLGAME-26OCT10ARSLEE,KXEPLGAME-26OCT10ARSLEE-TIE,,Arsenal,Leeds,2026-10-10T14:30:00Z,draw,0.17,0.19,0.18,0.02,998.0,4787.67,302.32,132.24,285.32,active,kalshi,2026-09-28T10:37:37.558342+00:00
soccer,EPL,KXEPLGAME-26OCT10ARSLEE,KXEPLGAME-26OCT10ARSLEE-ARS,,Arsenal,Leeds,2026-10-10T14:30:00Z,home,0.72,0.73,0.725,0.01,71.67,3334.0,15393.05,6447.26,14111.61,active,kalshi,2026-09-28T10:37:37.558342+00:00
soccer,EPL,KXEPLGAME-26OCT10AVLBRE,KXEPLGAME-26OCT10AVLBRE-BRE,,Aston Villa,Brentford,2026-10-10T17:00:00Z,away,0.35,0.38,0.365,0.03,177.66,1662.28,1317.38,938.84,1206.94,active,kalshi,2026-09-28T10:37:37.558342+00:00
soccer,EPL,KXEPLGAME-26OCT10AVLBRE,KXEPLGAME-26OCT10AVLBRE-TIE,,Aston Villa,Brentford,2026-10-10T17:00:00Z,draw,0.26,0.28,0.27,0.02,392.07,1520.0,846.64,775.0,846.64,active,kalshi,2026-09-28T10:37:37.558342+00:00
soccer,EPL,KXEPLGAME-26OCT10AVLBRE,KXEPLGAME-26OCT10AVLBRE-AVL,,Aston Villa,Brentford,2026-10-10T17:00:00Z,home,0.34,0.37,0.355,0.03,203.1,1677.38,885.95,797.07,825.95,active,kalshi,2026-09-28T10:37:37.558342+00:00
soccer,EPL,KXEPLGAME-26OCT10CFCBOU,KXEPLGAME-26OCT10CFCBOU-BOU,,Chelsea,Bournemouth,2026-10-10T17:00:00Z,away,0.2,0.21,0.20500000000000002,0.01,171.36,1137.4,285.82,40.6,285.82,active,kalshi,2026-09-28T10:37:37.558342+00:00
soccer,EPL,KXEPLGAME-26OCT10CFCBOU,KXEPLGAME-26OCT10CFCBOU-TIE,,Chelsea,Bournemouth,2026-10-10T17:00:00Z,draw,0.22,0.23,0.225,0.01,472.38,854.12,557.01,82.88,555.01,active,kalshi,2026-09-28T10:37:37.558342+00:00
soccer,EPL,KXEPLGAME-26OCT10CFCBOU,KXEPLGAME-26OCT10CFCBOU-CFC,,Chelsea,Bournemouth,2026-10-10T17:00:00Z,home,0.56,0.58,0.5700000000000001,0.02,77.06,384.3,14817.21,822.16,13769.15,active,kalshi,2026-09-28T10:37:37.558342+00:00
soccer,EPL,KXEPLGAME-26OCT10IPSFUL,KXEPLGAME-26OCT10IPSFUL-FUL,,Ipswich,Fulham,2026-10-10T17:00:00Z,away,0.36,0.39,0.375,0.03,258.29,1579.17,374.2,185.21,251.26,active,kalshi,2026-09-28T10:37:37.558342+00:00
soccer,EPL,KXEPLGAME-26OCT10IPSFUL,KXEPLGAME-26OCT10IPSFUL-TIE,,Ipswich,Fulham,2026-10-10T17:00:00Z,draw,0.26,0.27,0.265,0.01,414.32,1997.0,100.54,52.85,100.54,active,kalshi,2026-09-28T10:37:37.558342+00:00
soccer,EPL,KXEPLGAME-26OCT10IPSFUL,KXEPLGAME-26OCT10IPSFUL-IPS,,Ipswich,Fulham,2026-10-10T17:00:00Z,home,0.34,0.37,0.355,0.03,258.16,1547.3,214.03,87.77,214.03,active,kalshi,2026-09-28T10:37:37.558342+00:00
soccer,EPL,KXEPLGAME-26OCT10MUNTOT,KXEPLGAME-26OCT10MUNTOT-TOT,,Man United,Tottenham,2026-10-10T19:30:00Z,away,0.2,0.22,0.21000000000000002,0.02,249.77,2032.0,1546.59,417.54,1544.13,active,kalshi,2026-09-28T10:37:37.558342+00:00
soccer,EPL,KXEPLGAME-26OCT10MUNTOT,KXEPLGAME-26OCT10MUNTOT-TIE,,Man United,Tottenham,2026-10-10T19:30:00Z,draw,0.21,0.22,0.215,0.01,980.84,531.0,377.3,29.31,377.3,active,kalshi,2026-09-28T10:37:37.558342+00:00
soccer,EPL,KXEPLGAME-26OCT10MUNTOT,KXEPLGAME-26OCT10MUNTOT-MUN,,Man United,Tottenham,2026-10-10T19:30:00Z,home,0.57,0.58,0.575,0.01,537.32,1464.85,5945.58,4526.75,5410.18,active,kalshi,2026-09-28T10:37:37.558342+00:00
soccer,EPL,KXEPLGAME-26OCT10SUNBRI,KXEPLGAME-26OCT10SUNBRI-BRI,,Sunderland,Brighton,2026-10-10T17:00:00Z,away,0.4,0.42,0.41000000000000003,0.02,133.74,148.33,5712.55,2106.6,4334.69,active,kalshi,2026-09-28T10:37:37.558342+00:00
soccer,EPL,KXEPLGAME-26OCT10SUNBRI,KXEPLGAME-26OCT10SUNBRI-TIE,,Sunderland,Brighton,2026-10-10T17:00:00Z,draw,0.26,0.27,0.265,0.01,381.8,611.54,769.54,416.0,425.0,active,kalshi,2026-09-28T10:37:37.558342+00:00
soccer,EPL,KXEPLGAME-26OCT10SUNBRI,KXEPLGAME-26OCT10SUNBRI-SUN,,Sunderland,Brighton,2026-10-10T17:00:00Z,home,0.3,0.33,0.315,0.03,193.82,1720.61,362.8,34.72,362.8,active,kalshi,2026-09-28T10:37:37.558342+00:00
soccer,EPL,KXEPLGAME-26OCT11CRYNFO,KXEPLGAME-26OCT11CRYNFO-NFO,,Crystal Palace,Nott'm Forest,2026-10-11T16:00:00Z,away,0.33,0.37,0.35,0.04,275.64,1490.65,2.58,0.0,2.58,active,kalshi,2026-09-28T10:37:37.558342+00:00
soccer,EPL,KXEPLGAME-26OCT11CRYNFO,KXEPLGAME-26OCT11CRYNFO-TIE,,Crystal Palace,Nott'm Forest,2026-10-11T16:00:00Z,draw,0.28,0.29,0.28500000000000003,0.01,337.83,4985.0,0.0,0.0,0.0,active,kalshi,2026-09-28T10:37:37.558342+00:00
soccer,EPL,KXEPLGAME-26OCT11CRYNFO,KXEPLGAME-26OCT11CRYNFO-CRY,,Crystal Palace,Nott'm Forest,2026-10-11T16:00:00Z,home,0.34,0.38,0.36,0.04,252.66,5012.41,25.22,25.22,25.22,active,kalshi,2026-09-28T10:37:37.558342+00:00
soccer,EPL,KXEPLGAME-26OCT11HULEVE,KXEPLGAME-26OCT11HULEVE-EVE,,Hull,Everton,2026-10-11T16:00:00Z,away,0.44,0.48,0.45999999999999996,0.04,277.16,1534.0,30.15,30.15,30.15,active,kalshi,2026-09-28T10:37:37.558342+00:00
soccer,EPL,KXEPLGAME-26OCT11HULEVE,KXEPLGAME-26OCT11HULEVE-TIE,,Hull,Everton,2026-10-11T16:00:00Z,draw,0.28,0.29,0.28500000000000003,0.01,210.0,1556.72,85.28,82.0,85.28,active,kalshi,2026-09-28T10:37:37.558342+00:00
soccer,EPL,KXEPLGAME-26OCT11HULEVE,KXEPLGAME-26OCT11HULEVE-HUL,,Hull,Everton,2026-10-11T16:00:00Z,home,0.23,0.26,0.245,0.03,277.37,200.3,181.41,181.41,181.41,active,kalshi,2026-09-28T10:37:37.558342+00:00
soccer,EPL,KXEPLGAME-26OCT11LFCMCI,KXEPLGAME-26OCT11LFCMCI-MCI,,Liverpool,Man City,2026-10-11T18:30:00Z,away,0.39,0.4,0.395,0.01,22.21,254.59,10043.16,9266.3,9817.92,active,kalshi,2026-09-28T10:37:37.558342+00:00
soccer,EPL,KXEPLGAME-26OCT11LFCMCI,KXEPLGAME-26OCT11LFCMCI-TIE,,Liverpool,Man City,2026-10-11T18:30:00Z,draw,0.25,0.26,0.255,0.01,240.0,2623.62,219.38,111.54,219.38,active,kalshi,2026-09-28T10:37:37.558342+00:00
soccer,EPL,KXEPLGAME-26OCT11LFCMCI,KXEPLGAME-26OCT11LFCMCI-LFC,,Liverpool,Man City,2026-10-11T18:30:00Z,home,0.35,0.37,0.36,0.02,181.15,2212.53,612.69,583.47,612.69,active,kalshi,2026-09-28T10:37:37.558342+00:00
soccer,EPL,KXEPLGAME-26OCT12COVNEW,KXEPLGAME-26OCT12COVNEW-NEW,,Coventry,Newcastle,2026-10-12T22:00:00Z,away,0.43,0.46,0.445,0.03,1370.11,135.11,48.0,48.0,48.0,active,kalshi,2026-09-28T10:37:37.558342+00:00
soccer,EPL,KXEPLGAME-26OCT12COVNEW,KXEPLGAME-26OCT12COVNEW-TIE,,Coventry,Newcastle,2026-10-12T22:00:00Z,draw,0.23,0.27,0.25,0.04,1370.15,2000.0,0.0,0.0,0.0,active,kalshi,2026-09-28T10:37:37.558342+00:00
soccer,EPL,KXEPLGAME-26OCT12COVNEW,KXEPLGAME-26OCT12COVNEW-COV,,Coventry,Newcastle,2026-10-12T22:00:00Z,home,0.26,0.3,0.28,0.04,1370.19,5276.17,0.0,0.0,0.0,active,kalshi,2026-09-28T10:37:37.558342+00:00
soccer,EPL,KXEPLGAME-26OCT10ARSLEE,KXEPLGAME-26OCT10ARSLEE-LEE,,Arsenal,Leeds,2026-10-10T14:30:00Z,away,0.09,0.11,0.1,0.02,137.73,190.81,3722.85,1655.38,2671.18,active,kalshi,2026-09-28T11:03:03.247212+00:00
soccer,EPL,KXEPLGAME-26OCT10ARSLEE,KXEPLGAME-26OCT10ARSLEE-TIE,,Arsenal,Leeds,2026-10-10T14:30:00Z,draw,0.17,0.19,0.18,0.02,998.0,4787.67,302.32,132.24,285.32,active,kalshi,2026-09-28T11:03:03.247212+00:00
soccer,EPL,KXEPLGAME-26OCT10ARSLEE,KXEPLGAME-26OCT10ARSLEE-ARS,,Arsenal,Leeds,2026-10-10T14:30:00Z,home,0.72,0.73,0.725,0.01,76.65,1976.0,15403.05,6457.26,14121.61,active,kalshi,2026-09-28T11:03:03.247212+00:00
soccer,EPL,KXEPLGAME-26OCT10AVLBRE,KXEPLGAME-26OCT10AVLBRE-BRE,,Aston Villa,Brentford,2026-10-10T17:00:00Z,away,0.35,0.38,0.365,0.03,177.66,1662.28,1317.38,938.84,1206.94,active,kalshi,2026-09-28T11:03:03.247212+00:00
soccer,EPL,KXEPLGAME-26OCT10AVLBRE,KXEPLGAME-26OCT10AVLBRE-TIE,,Aston Villa,Brentford,2026-10-10T17:00:00Z,draw,0.26,0.28,0.27,0.02,392.07,1520.0,846.64,775.0,846.64,active,kalshi,2026-09-28T11:03:03.247212+00:00
soccer,EPL,KXEPLGAME-26OCT10AVLBRE,KXEPLGAME-26OCT10AVLBRE-AVL,,Aston Villa,Brentford,2026-10-10T17:00:00Z,home,0.34,0.37,0.355,0.03,203.1,1677.38,885.95,797.07,825.95,active,kalshi,2026-09-28T11:03:03.247212+00:00
soccer,EPL,KXEPLGAME-26OCT10CFCBOU,KXEPLGAME-26OCT10CFCBOU-BOU,,Chelsea,Bournemouth,2026-10-10T17:00:00Z,away,0.2,0.21,0.20500000000000002,0.01,171.36,1137.4,285.82,40.6,285.82,active,kalshi,2026-09-28T11:03:03.247212+00:00
soccer,EPL,KXEPLGAME-26OCT10CFCBOU,KXEPLGAME-26OCT10CFCBOU-TIE,,Chelsea,Bournemouth,2026-10-10T17:00:00Z,draw,0.22,0.23,0.225,0.01,472.38,854.12,557.01,82.88,555.01,active,kalshi,2026-09-28T11:03:03.247212+00:00
soccer,EPL,KXEPLGAME-26OCT10CFCBOU,KXEPLGAME-26OCT10CFCBOU-CFC,,Chelsea,Bournemouth,2026-10-10T17:00:00Z,home,0.56,0.57,0.565,0.01,89.53,8.64,14817.21,822.16,13769.15,active,kalshi,2026-09-28T11:03:03.247212+00:00
soccer,EPL,KXEPLGAME-26OCT10IPSFUL,KXEPLGAME-26OCT10IPSFUL-FUL,,Ipswich,Fulham,2026-10-10T17:00:00Z,away,0.36,0.39,0.375,0.03,258.29,1579.17,374.2,185.21,251.26,active,kalshi,2026-09-28T11:03:03.247212+00:00
soccer,EPL,KXEPLGAME-26OCT10IPSFUL,KXEPLGAME-26OCT10IPSFUL-TIE,,Ipswich,Fulham,2026-10-10T17:00:00Z,draw,0.26,0.27,0.265,0.01,414.32,1997.0,100.54,52.85,100.54,active,kalshi,2026-09-28T11:03:03.247212+00:00
soccer,EPL,KXEPLGAME-26OCT10IPSFUL,KXEPLGAME-26OCT10IPSFUL-IPS,,Ipswich,Fulham,2026-10-10T17:00:00Z,home,0.34,0.37,0.355,0.03,258.16,1547.3,214.03,87.77,214.03,active,kalshi,2026-09-28T11:03:03.247212+00:00
soccer,EPL,KXEPLGAME-26OCT10MUNTOT,KXEPLGAME-26OCT10MUNTOT-TOT,,Man United,Tottenham,2026-10-10T19:30:00Z,away,0.2,0.22,0.21000000000000002,0.02,249.77,2023.0,1555.59,426.54,1553.13,active,kalshi,2026-09-28T11:03:03.247212+00:00
soccer,EPL,KXEPLGAME-26OCT10MUNTOT,KXEPLGAME-26OCT10MUNTOT-TIE,,Man United,Tottenham,2026-10-10T19:30:00Z,draw,0.21,0.22,0.215,0.01,980.84,531.0,377.3,29.31,377.3,active,kalshi,2026-09-28T11:03:03.247212+00:00
soccer,EPL,KXEPLGAME-26OCT10MUNTOT,KXEPLGAME-26OCT10MUNTOT-MUN,,Man United,Tottenham,2026-10-10T19:30:00Z,home,0.57,0.58,0.575,0.01,537.32,1454.85,5955.58,4536.75,5420.18,active,kalshi,2026-09-28T11:03:03.247212+00:00
soccer,EPL,KXEPLGAME-26OCT10SUNBRI,KXEPLGAME-26OCT10SUNBRI-BRI,,Sunderland,Brighton,2026-10-10T17:00:00Z,away,0.4,0.42,0.41000000000000003,0.02,133.74,148.33,5712.55,2049.79,4334.69,active,kalshi,2026-09-28T11:03:03.247212+00:00
soccer,EPL,KXEPLGAME-26OCT10SUNBRI,KXEPLGAME-26OCT10SUNBRI-TIE,,Sunderland,Brighton,2026-10-10T17:00:00Z,draw,0.26,0.27,0.265,0.01,381.8,611.54,769.54,416.0,425.0,active,kalshi,2026-09-28T11:03:03.247212+00:00
soccer,EPL,KXEPLGAME-26OCT10SUNBRI,KXEPLGAME-26OCT10SUNBRI-SUN,,Sunderland,Brighton,2026-10-10T17:00:00Z,home,0.3,0.33,0.315,0.03,193.82,1720.61,362.8,34.72,362.8,active,kalshi,2026-09-28T11:03:03.247212+00:00
soccer,EPL,KXEPLGAME-26OCT11CRYNFO,KXEPLGAME-26OCT11CRYNFO-NFO,,Crystal Palace,Nott'm Forest,2026-10-11T16:00:00Z,away,0.33,0.37,0.35,0.04,1325.64,1490.65,2.58,0.0,2.58,active,kalshi,2026-09-28T11:03:03.247212+00:00
soccer,EPL,KXEPLGAME-26OCT11CRYNFO,KXEPLGAME-26OCT11CRYNFO-TIE,,Crystal Palace,Nott'm Forest,2026-10-11T16:00:00Z,draw,0.28,0.29,0.28500000000000003,0.01,337.83,4985.0,0.0,0.0,0.0,active,kalshi,2026-09-28T11:03:03.247212+00:00
soccer,EPL,KXEPLGAME-26OCT11CRYNFO,KXEPLGAME-26OCT11CRYNFO-CRY,,Crystal Palace,Nott'm Forest,2026-10-11T16:00:00Z,home,0.34,0.38,0.36,0.04,252.66,5012.41,25.22,25.22,25.22,active,kalshi,2026-09-28T11:03:03.247212+00:00
soccer,EPL,KXEPLGAME-26OCT11HULEVE,KXEPLGAME-26OCT11HULEVE-EVE,,Hull,Everton,2026-10-11T16:00:00Z,away,0.44,0.48,0.45999999999999996,0.04,277.16,1534.0,30.15,30.15,30.15,active,kalshi,2026-09-28T11:03:03.247212+00:00
soccer,EPL,KXEPLGAME-26OCT11HULEVE,KXEPLGAME-26OCT11HULEVE-TIE,,Hull,Everton,2026-10-11T16:00:00Z,draw,0.28,0.29,0.28500000000000003,0.01,210.0,1556.72,85.28,82.0,85.28,active,kalshi,2026-09-28T11:03:03.247212+00:00
soccer,EPL,KXEPLGAME-26OCT11HULEVE,KXEPLGAME-26OCT11HULEVE-HUL,,Hull,Everton,2026-10-11T16:00:00Z,home,0.23,0.26,0.245,0.03,277.37,200.3,181.41,181.41,181.41,active,kalshi,2026-09-28T11:03:03.247212+00:00
soccer,EPL,KXEPLGAME-26OCT11LFCMCI,KXEPLGAME-26OCT11LFCMCI-MCI,,Liverpool,Man City,2026-10-11T18:30:00Z,away,0.39,0.4,0.395,0.01,50.83,149.0,10218.65,9444.79,9991.92,active,kalshi,2026-09-28T11:03:03.247212+00:00
soccer,EPL,KXEPLGAME-26OCT11LFCMCI,KXEPLGAME-26OCT11LFCMCI-TIE,,Liverpool,Man City,2026-10-11T18:30:00Z,draw,0.25,0.26,0.255,0.01,240.0,2641.62,219.38,164.54,219.38,active,kalshi,2026-09-28T11:03:03.247212+00:00
soccer,EPL,KXEPLGAME-26OCT11LFCMCI,KXEPLGAME-26OCT11LFCMCI-LFC,,Liverpool,Man City,2026-10-11T18:30:00Z,home,0.35,0.37,0.36,0.02,170.81,2170.53,650.69,621.47,650.69,active,kalshi,2026-09-28T11:03:03.247212+00:00
soccer,EPL,KXEPLGAME-26OCT12COVNEW,KXEPLGAME-26OCT12COVNEW-NEW,,Coventry,Newcastle,2026-10-12T22:00:00Z,away,0.43,0.46,0.445,0.03,1370.11,135.11,48.0,48.0,48.0,active,kalshi,2026-09-28T11:03:03.247212+00:00
soccer,EPL,KXEPLGAME-26OCT12COVNEW,KXEPLGAME-26OCT12COVNEW-TIE,,Coventry,Newcastle,2026-10-12T22:00:00Z,draw,0.25,0.27,0.26,0.02,183.12,2000.0,0.0,0.0,0.0,active,kalshi,2026-09-28T11:03:03.247212+00:00
soccer,EPL,KXEPLGAME-26OCT12COVNEW,KXEPLGAME-26OCT12COVNEW-COV,,Coventry,Newcastle,2026-10-12T22:00:00Z,home,0.26,0.3,0.28,0.04,1370.19,5276.17,0.0,0.0,0.0,active,kalshi,2026-09-28T11:03:03.247212+00:00
soccer,EPL,KXEPLGAME-26OCT10ARSLEE,KXEPLGAME-26OCT10ARSLEE-LEE,,Arsenal,Leeds,2026-10-10T14:30:00Z,away,0.09,0.11,0.1,0.02,145.43,154.27,3722.85,1655.38,2671.18,active,kalshi,2026-09-28T11:39:06.671369+00:00
soccer,EPL,KXEPLGAME-26OCT10ARSLEE,KXEPLGAME-26OCT10ARSLEE-TIE,,Arsenal,Leeds,2026-10-10T14:30:00Z,draw,0.17,0.19,0.18,0.02,998.0,4787.67,302.32,132.24,285.32,active,kalshi,2026-09-28T11:39:06.671369+00:00
soccer,EPL,KXEPLGAME-26OCT10ARSLEE,KXEPLGAME-26OCT10ARSLEE-ARS,,Arsenal,Leeds,2026-10-10T14:30:00Z,home,0.72,0.73,0.725,0.01,75.4,1971.32,15411.73,6417.26,14130.29,active,kalshi,2026-09-28T11:39:06.671369+00:00
soccer,EPL,KXEPLGAME-26OCT10AVLBRE,KXEPLGAME-26OCT10AVLBRE-BRE,,Aston Villa,Brentford,2026-10-10T17:00:00Z,away,0.35,0.38,0.365,0.03,177.66,1662.28,1317.38,688.84,1206.94,active,kalshi,2026-09-28T11:39:06.671369+00:00
soccer,EPL,KXEPLGAME-26OCT10AVLBRE,KXEPLGAME-26OCT10AVLBRE-TIE,,Aston Villa,Brentford,2026-10-10T17:00:00Z,draw,0.26,0.28,0.27,0.02,392.07,1520.0,846.64,775.0,846.64,active,kalshi,2026-09-28T11:39:06.671369+00:00
soccer,EPL,KXEPLGAME-26OCT10AVLBRE,KXEPLGAME-26OCT10AVLBRE-AVL,,Aston Villa,Brentford,2026-10-10T17:00:00Z,home,0.34,0.37,0.355,0.03,203.1,1677.38,885.95,797.07,825.95,active,kalshi,2026-09-28T11:39:06.671369+00:00
soccer,EPL,KXEPLGAME-26OCT10CFCBOU,KXEPLGAME-26OCT10CFCBOU-BOU,,Chelsea,Bournemouth,2026-10-10T17:00:00Z,away,0.2,0.21,0.20500000000000002,0.01,171.36,1137.4,285.82,40.6,285.82,active,kalshi,2026-09-28T11:39:06.671369+00:00
soccer,EPL,KXEPLGAME-26OCT10CFCBOU,KXEPLGAME-26OCT10CFCBOU-TIE,,Chelsea,Bournemouth,2026-10-10T17:00:00Z,draw,0.22,0.23,0.225,0.01,472.38,854.12,557.01,82.88,555.01,active,kalshi,2026-09-28T11:39:06.671369+00:00
soccer,EPL,KXEPLGAME-26OCT10CFCBOU,KXEPLGAME-26OCT10CFCBOU-CFC,,Chelsea,Bournemouth,2026-10-10T17:00:00Z,home,0.56,0.57,0.565,0.01,89.49,11.26,14817.21,822.16,13769.15,active,kalshi,2026-09-28T11:39:06.671369+00:00
soccer,EPL,KXEPLGAME-26OCT10IPSFUL,KXEPLGAME-26OCT10IPSFUL-FUL,,Ipswich,Fulham,2026-10-10T17:00:00Z,away,0.36,0.39,0.375,0.03,258.29,1579.17,374.2,185.21,251.26,active,kalshi,2026-09-28T11:39:06.671369+00:00
soccer,EPL,KXEPLGAME-26OCT10IPSFUL,KXEPLGAME-26OCT10IPSFUL-TIE,,Ipswich,Fulham,2026-10-10T17:00:00Z,draw,0.26,0.27,0.265,0.01,414.32,1997.0,100.54,52.85,100.54,active,kalshi,2026-09-28T11:39:06.671369+00:00
soccer,EPL,KXEPLGAME-26OCT10IPSFUL,KXEPLGAME-26OCT10IPSFUL-IPS,,Ipswich,Fulham,2026-10-10T17:00:00Z,home,0.34,0.37,0.355,0.03,258.16,1547.3,214.03,87.77,214.03,active,kalshi,2026-09-28T11:39:06.671369+00:00
soccer,EPL,KXEPLGAME-26OCT10MUNTOT,KXEPLGAME-26OCT10MUNTOT-TOT,,Man United,Tottenham,2026-10-10T19:30:00Z,away,0.2,0.22,0.21000000000000002,0.02,249.77,2023.0,1555.59,426.54,1553.13,active,kalshi,2026-09-28T11:39:06.671369+00:00
soccer,EPL,KXEPLGAME-26OCT10MUNTOT,KXEPLGAME-26OCT10MUNTOT-TIE,,Man United,Tottenham,2026-10-10T19:30:00Z,draw,0.21,0.22,0.215,0.01,980.84,487.9,420.4,29.31,420.4,active,kalshi,2026-09-28T11:39:06.671369+00:00
soccer,EPL,KXEPLGAME-26OCT10MUNTOT,KXEPLGAME-26OCT10MUNTOT-MUN,,Man United,Tottenham,2026-10-10T19:30:00Z,home,0.57,0.58,0.575,0.01,537.32,1454.85,5955.58,4536.75,5420.18,active,kalshi,2026-09-28T11:39:06.671369+00:00
soccer,EPL,KXEPLGAME-26OCT10SUNBRI,KXEPLGAME-26OCT10SUNBRI-BRI,,Sunderland,Brighton,2026-10-10T17:00:00Z,away,0.4,0.42,0.41000000000000003,0.02,46.62,159.61,5712.55,2049.79,4334.69,active,kalshi,2026-09-28T11:39:06.671369+00:00
soccer,EPL,KXEPLGAME-26OCT10SUNBRI,KXEPLGAME-26OCT10SUNBRI-TIE,,Sunderland,Brighton,2026-10-10T17:00:00Z,draw,0.26,0.27,0.265,0.01,381.8,611.54,769.54,416.0,425.0,active,kalshi,2026-09-28T11:39:06.671369+00:00
soccer,EPL,KXEPLGAME-26OCT10SUNBRI,KXEPLGAME-26OCT10SUNBRI-SUN,,Sunderland,Brighton,2026-10-10T17:00:00Z,home,0.3,0.33,0.315,0.03,1368.82,194.28,362.8,34.72,362.8,active,kalshi,2026-09-28T11:39:06.671369+00:00
soccer,EPL,KXEPLGAME-26OCT11CRYNFO,KXEPLGAME-26OCT11CRYNFO-NFO,,Crystal Palace,Nott'm Forest,2026-10-11T16:00:00Z,away,0.33,0.37,0.35,0.04,1325.64,1490.65,2.58,0.0,2.58,active,kalshi,2026-09-28T11:39:06.671369+00:00
soccer,EPL,KXEPLGAME-26OCT11CRYNFO,KXEPLGAME-26OCT11CRYNFO-TIE,,Crystal Palace,Nott'm Forest,2026-10-11T16:00:00Z,draw,0.28,0.29,0.28500000000000003,0.01,337.83,4985.0,0.0,0.0,0.0,active,kalshi,2026-09-28T11:39:06.671369+00:00
soccer,EPL,KXEPLGAME-26OCT11CRYNFO,KXEPLGAME-26OCT11CRYNFO-CRY,,Crystal Palace,Nott'm Forest,2026-10-11T16:00:00Z,home,0.34,0.38,0.36,0.04,252.66,5012.41,25.22,25.22,25.22,active,kalshi,2026-09-28T11:39:06.671369+00:00
soccer,EPL,KXEPLGAME-26OCT11HULEVE,KXEPLGAME-26OCT11HULEVE-EVE,,Hull,Everton,2026-10-11T16:00:00Z,away,0.44,0.48,0.45999999999999996,0.04,277.16,1534.0,30.15,30.15,30.15,active,kalshi,2026-09-28T11:39:06.671369+00:00
soccer,EPL,KXEPLGAME-26OCT11HULEVE,KXEPLGAME-26OCT11HULEVE-TIE,,Hull,Everton,2026-10-11T16:00:00Z,draw,0.28,0.29,0.28500000000000003,0.01,210.0,1556.72,85.28,82.0,85.28,active,kalshi,2026-09-28T11:39:06.671369+00:00
soccer,EPL,KXEPLGAME-26OCT11HULEVE,KXEPLGAME-26OCT11HULEVE-HUL,,Hull,Everton,2026-10-11T16:00:00Z,home,0.23,0.26,0.245,0.03,277.37,200.3,181.41,181.41,181.41,active,kalshi,2026-09-28T11:39:06.671369+00:00
soccer,EPL,KXEPLGAME-26OCT11LFCMCI,KXEPLGAME-26OCT11LFCMCI-MCI,,Liverpool,Man City,2026-10-11T18:30:00Z,away,0.38,0.39,0.385,0.01,466.0,72.33,10499.0,9582.83,10215.44,active,kalshi,2026-09-28T11:39:06.671369+00:00
soccer,EPL,KXEPLGAME-26OCT11LFCMCI,KXEPLGAME-26OCT11LFCMCI-TIE,,Liverpool,Man City,2026-10-11T18:30:00Z,draw,0.25,0.26,0.255,0.01,240.0,2822.78,219.38,164.54,219.38,active,kalshi,2026-09-28T11:39:06.671369+00:00
soccer,EPL,KXEPLGAME-26OCT11LFCMCI,KXEPLGAME-26OCT11LFCMCI-LFC,,Liverpool,Man City,2026-10-11T18:30:00Z,home,0.35,0.37,0.36,0.02,23.3,2170.53,650.69,621.47,650.69,active,kalshi,2026-09-28T11:39:06.671369+00:00
soccer,EPL,KXEPLGAME-26OCT12COVNEW,KXEPLGAME-26OCT12COVNEW-NEW,,Coventry,Newcastle,2026-10-12T22:00:00Z,away,0.43,0.46,0.445,0.03,1370.11,135.11,48.0,48.0,48.0,active,kalshi,2026-09-28T11:39:06.671369+00:00
soccer,EPL,KXEPLGAME-26OCT12COVNEW,KXEPLGAME-26OCT12COVNEW-TIE,,Coventry,Newcastle,2026-10-12T22:00:00Z,draw,0.25,0.27,0.26,0.02,183.12,2000.0,0.0,0.0,0.0,active,kalshi,2026-09-28T11:39:06.671369+00:00
soccer,EPL,KXEPLGAME-26OCT12COVNEW,KXEPLGAME-26OCT12COVNEW-COV,,Coventry,Newcastle,2026-10-12T22:00:00Z,home,0.26,0.3,0.28,0.04,1370.19,5276.17,0.0,0.0,0.0,active,kalshi,2026-09-28T11:39:06.671369+00:00
soccer,EPL,KXEPLGAME-26OCT10ARSLEE,KXEPLGAME-26OCT10ARSLEE-LEE,,Arsenal,Leeds,2026-10-10T14:30:00Z,away,0.09,0.11,0.1,0.02,136.43,69.27,3722.85,1655.38,2671.18,active,kalshi,2026-09-28T12:02:36.763809+00:00
soccer,EPL,KXEPLGAME-26OCT10ARSLEE,KXEPLGAME-26OCT10ARSLEE-TIE,,Arsenal,Leeds,2026-10-10T14:30:00Z,draw,0.17,0.19,0.18,0.02,998.0,4787.67,302.32,132.24,285.32,active,kalshi,2026-09-28T12:02:36.763809+00:00
soccer,EPL,KXEPLGAME-26OCT10ARSLEE,KXEPLGAME-26OCT10ARSLEE-ARS,,Arsenal,Leeds,2026-10-10T14:30:00Z,home,0.72,0.73,0.725,0.01,81.8,3319.32,15411.73,6398.94,14130.29,active,kalshi,2026-09-28T12:02:36.763809+00:00
soccer,EPL,KXEPLGAME-26OCT10AVLBRE,KXEPLGAME-26OCT10AVLBRE-BRE,,Aston Villa,Brentford,2026-10-10T17:00:00Z,away,0.35,0.38,0.365,0.03,177.66,1662.28,1317.38,688.84,1206.94,active,kalshi,2026-09-28T12:02:36.763809+00:00
soccer,EPL,KXEPLGAME-26OCT10AVLBRE,KXEPLGAME-26OCT10AVLBRE-TIE,,Aston Villa,Brentford,2026-10-10T17:00:00Z,draw,0.26,0.28,0.27,0.02,392.07,1520.0,846.64,775.0,846.64,active,kalshi,2026-09-28T12:02:36.763809+00:00
soccer,EPL,KXEPLGAME-26OCT10AVLBRE,KXEPLGAME-26OCT10AVLBRE-AVL,,Aston Villa,Brentford,2026-10-10T17:00:00Z,home,0.34,0.37,0.355,0.03,203.1,1677.38,885.95,797.07,825.95,active,kalshi,2026-09-28T12:02:36.763809+00:00
soccer,EPL,KXEPLGAME-26OCT10CFCBOU,KXEPLGAME-26OCT10CFCBOU-BOU,,Chelsea,Bournemouth,2026-10-10T17:00:00Z,away,0.2,0.21,0.20500000000000002,0.01,171.36,1137.4,285.82,40.6,285.82,active,kalshi,2026-09-28T12:02:36.763809+00:00
soccer,EPL,KXEPLGAME-26OCT10CFCBOU,KXEPLGAME-26OCT10CFCBOU-TIE,,Chelsea,Bournemouth,2026-10-10T17:00:00Z,draw,0.22,0.23,0.225,0.01,472.38,854.12,557.01,82.88,555.01,active,kalshi,2026-09-28T12:02:36.763809+00:00
soccer,EPL,KXEPLGAME-26OCT10CFCBOU,KXEPLGAME-26OCT10CFCBOU-CFC,,Chelsea,Bournemouth,2026-10-10T17:00:00Z,home,0.56,0.57,0.565,0.01,96.97,17.52,14817.21,822.16,13769.15,active,kalshi,2026-09-28T12:02:36.763809+00:00
soccer,EPL,KXEPLGAME-26OCT10IPSFUL,KXEPLGAME-26OCT10IPSFUL-FUL,,Ipswich,Fulham,2026-10-10T17:00:00Z,away,0.36,0.39,0.375,0.03,258.29,1579.17,374.2,185.21,251.26,active,kalshi,2026-09-28T12:02:36.763809+00:00
soccer,EPL,KXEPLGAME-26OCT10IPSFUL,KXEPLGAME-26OCT10IPSFUL-TIE,,Ipswich,Fulham,2026-10-10T17:00:00Z,draw,0.26,0.27,0.265,0.01,414.32,1997.0,100.54,52.85,100.54,active,kalshi,2026-09-28T12:02:36.763809+00:00
soccer,EPL,KXEPLGAME-26OCT10IPSFUL,KXEPLGAME-26OCT10IPSFUL-IPS,,Ipswich,Fulham,2026-10-10T17:00:00Z,home,0.34,0.37,0.355,0.03,258.16,1547.3,214.03,87.77,214.03,active,kalshi,2026-09-28T12:02:36.763809+00:00
soccer,EPL,KXEPLGAME-26OCT10MUNTOT,KXEPLGAME-26OCT10MUNTOT-TOT,,Man United,Tottenham,2026-10-10T19:30:00Z,away,0.2,0.22,0.21000000000000002,0.02,249.77,2023.0,1555.59,426.54,1553.13,active,kalshi,2026-09-28T12:02:36.763809+00:00
soccer,EPL,KXEPLGAME-26OCT10MUNTOT,KXEPLGAME-26OCT10MUNTOT-TIE,,Man United,Tottenham,2026-10-10T19:30:00Z,draw,0.21,0.22,0.215,0.01,980.84,487.9,420.4,72.41,420.4,active,kalshi,2026-09-28T12:02:36.763809+00:00
soccer,EPL,KXEPLGAME-26OCT10MUNTOT,KXEPLGAME-26OCT10MUNTOT-MUN,,Man United,Tottenham,2026-10-10T19:30:00Z,home,0.57,0.58,0.575,0.01,537.32,1454.85,5955.58,4528.11,5420.18,active,kalshi,2026-09-28T12:02:36.763809+00:00
soccer,EPL,KXEPLGAME-26OCT10SUNBRI,KXEPLGAME-26OCT10SUNBRI-BRI,,Sunderland,Brighton,2026-10-10T17:00:00Z,away,0.4,0.42,0.41000000000000003,0.02,54.93,159.61,5712.55,2049.79,4334.69,active,kalshi,2026-09-28T12:02:36.763809+00:00
soccer,EPL,KXEPLGAME-26OCT10SUNBRI,KXEPLGAME-26OCT10SUNBRI-TIE,,Sunderland,Brighton,2026-10-10T17:00:00Z,draw,0.26,0.27,0.265,0.01,381.8,611.54,769.54,416.0,425.0,active,kalshi,2026-09-28T12:02:36.763809+00:00
soccer,EPL,KXEPLGAME-26OCT10SUNBRI,KXEPLGAME-26OCT10SUNBRI-SUN,,Sunderland,Brighton,2026-10-10T17:00:00Z,home,0.3,0.33,0.315,0.03,1368.82,194.28,362.8,34.72,362.8,active,kalshi,2026-09-28T12:02:36.763809+00:00
soccer,EPL,KXEPLGAME-26OCT11CRYNFO,KXEPLGAME-26OCT11CRYNFO-NFO,,Crystal Palace,Nott'm Forest,2026-10-11T16:00:00Z,away,0.33,0.37,0.35,0.04,1325.64,1490.65,2.58,0.0,2.58,active,kalshi,2026-09-28T12:02:36.763809+00:00
soccer,EPL,KXEPLGAME-26OCT11CRYNFO,KXEPLGAME-26OCT11CRYNFO-TIE,,Crystal Palace,Nott'm Forest,2026-10-11T16:00:00Z,draw,0.28,0.29,0.28500000000000003,0.01,337.83,4985.0,0.0,0.0,0.0,active,kalshi,2026-09-28T12:02:36.763809+00:00
soccer,EPL,KXEPLGAME-26OCT11CRYNFO,KXEPLGAME-26OCT11CRYNFO-CRY,,Crystal Palace,Nott'm Forest,2026-10-11T16:00:00Z,home,0.34,0.38,0.36,0.04,252.66,5012.41,25.22,25.22,25.22,active,kalshi,2026-09-28T12:02:36.763809+00:00
soccer,EPL,KXEPLGAME-26OCT11HULEVE,KXEPLGAME-26OCT11HULEVE-EVE,,Hull,Everton,2026-10-11T16:00:00Z,away,0.44,0.48,0.45999999999999996,0.04,277.16,1534.0,30.15,30.15,30.15,active,kalshi,2026-09-28T12:02:36.763809+00:00
soccer,EPL,KXEPLGAME-26OCT11HULEVE,KXEPLGAME-26OCT11HULEVE-TIE,,Hull,Everton,2026-10-11T16:00:00Z,draw,0.28,0.29,0.28500000000000003,0.01,210.0,1556.72,85.28,82.0,85.28,active,kalshi,2026-09-28T12:02:36.763809+00:00
soccer,EPL,KXEPLGAME-26OCT11HULEVE,KXEPLGAME-26OCT11HULEVE-HUL,,Hull,Everton,2026-10-11T16:00:00Z,home,0.23,0.26,0.245,0.03,277.37,210.33,181.41,181.41,181.41,active,kalshi,2026-09-28T12:02:36.763809+00:00
soccer,EPL,KXEPLGAME-26OCT11LFCMCI,KXEPLGAME-26OCT11LFCMCI-MCI,,Liverpool,Man City,2026-10-11T18:30:00Z,away,0.38,0.39,0.385,0.01,466.0,58.04,10513.29,9700.79,10215.44,active,kalshi,2026-09-28T12:02:36.763809+00:00
soccer,EPL,KXEPLGAME-26OCT11LFCMCI,KXEPLGAME-26OCT11LFCMCI-TIE,,Liverpool,Man City,2026-10-11T18:30:00Z,draw,0.25,0.26,0.255,0.01,240.0,2822.78,219.38,164.54,219.38,active,kalshi,2026-09-28T12:02:36.763809+00:00
soccer,EPL,KXEPLGAME-26OCT11LFCMCI,KXEPLGAME-26OCT11LFCMCI-LFC,,Liverpool,Man City,2026-10-11T18:30:00Z,home,0.35,0.37,0.36,0.02,23.3,2157.59,663.63,634.41,663.63,active,kalshi,2026-09-28T12:02:36.763809+00:00
soccer,EPL,KXEPLGAME-26OCT12COVNEW,KXEPLGAME-26OCT12COVNEW-NEW,,Coventry,Newcastle,2026-10-12T22:00:00Z,away,0.43,0.46,0.445,0.03,1370.11,135.11,48.0,48.0,48.0,active,kalshi,2026-09-28T12:02:36.763809+00:00
soccer,EPL,KXEPLGAME-26OCT12COVNEW,KXEPLGAME-26OCT12COVNEW-TIE,,Coventry,Newcastle,2026-10-12T22:00:00Z,draw,0.25,0.27,0.26,0.02,183.12,2000.0,0.0,0.0,0.0,active,kalshi,2026-09-28T12:02:36.763809+00:00
soccer,EPL,KXEPLGAME-26OCT12COVNEW,KXEPLGAME-26OCT12COVNEW-COV,,Coventry,Newcastle,2026-10-12T22:00:00Z,home,0.26,0.3,0.28,0.04,1370.19,5276.17,0.0,0.0,0.0,active,kalshi,2026-09-28T12:02:36.763809+00:00
soccer,EPL,KXEPLGAME-26OCT10ARSLEE,KXEPLGAME-26OCT10ARSLEE-LEE,,Arsenal,Leeds,2026-10-10T14:30:00Z,away,0.09,0.1,0.095,0.01,986.73,0.8,3762.85,1695.38,2711.18,active,kalshi,2026-09-28T12:44:08.228840+00:00
soccer,EPL,KXEPLGAME-26OCT10ARSLEE,KXEPLGAME-26OCT10ARSLEE-TIE,,Arsenal,Leeds,2026-10-10T14:30:00Z,draw,0.17,0.19,0.18,0.02,998.0,4787.67,302.32,132.24,285.32,active,kalshi,2026-09-28T12:44:08.228840+00:00
soccer,EPL,KXEPLGAME-26OCT10ARSLEE,KXEPLGAME-26OCT10ARSLEE-ARS,,Arsenal,Leeds,2026-10-10T14:30:00Z,home,0.72,0.73,0.725,0.01,81.6,1319.32,15411.73,6392.04,14130.29,active,kalshi,2026-09-28T12:44:08.228840+00:00
soccer,EPL,KXEPLGAME-26OCT10AVLBRE,KXEPLGAME-26OCT10AVLBRE-BRE,,Aston Villa,Brentford,2026-10-10T17:00:00Z,away,0.35,0.38,0.365,0.03,177.66,1662.28,1317.38,688.84,1206.94,active,kalshi,2026-09-28T12:44:08.228840+00:00
soccer,EPL,KXEPLGAME-26OCT10AVLBRE,KXEPLGAME-26OCT10AVLBRE-TIE,,Aston Villa,Brentford,2026-10-10T17:00:00Z,draw,0.26,0.28,0.27,0.02,392.07,1520.0,846.64,775.0,846.64,active,kalshi,2026-09-28T12:44:08.228840+00:00
soccer,EPL,KXEPLGAME-26OCT10AVLBRE,KXEPLGAME-26OCT10AVLBRE-AVL,,Aston Villa,Brentford,2026-10-10T17:00:00Z,home,0.34,0.37,0.355,0.03,203.1,1677.38,885.95,797.07,825.95,active,kalshi,2026-09-28T12:44:08.228840+00:00
soccer,EPL,KXEPLGAME-26OCT10CFCBOU,KXEPLGAME-26OCT10CFCBOU-BOU,,Chelsea,Bournemouth,2026-10-10T17:00:00Z,away,0.2,0.21,0.20500000000000002,0.01,171.41,1137.4,285.82,40.6,285.82,active,kalshi,2026-09-28T12:44:08.228840+00:00
soccer,EPL,KXEPLGAME-26OCT10CFCBOU,KXEPLGAME-26OCT10CFCBOU-TIE,,Chelsea,Bournemouth,2026-10-10T17:00:00Z,draw,0.22,0.23,0.225,0.01,472.42,854.12,557.01,82.88,555.01,active,kalshi,2026-09-28T12:44:08.228840+00:00
soccer,EPL,KXEPLGAME-26OCT10CFCBOU,KXEPLGAME-26OCT10CFCBOU-CFC,,Chelsea,Bournemouth,2026-10-10T17:00:00Z,home,0.56,0.57,0.565,0.01,68.19,16.66,14825.21,830.16,13777.15,active,kalshi,2026-09-28T12:44:08.228840+00:00
soccer,EPL,KXEPLGAME-26OCT10IPSFUL,KXEPLGAME-26OCT10IPSFUL-FUL,,Ipswich,Fulham,2026-10-10T17:00:00Z,away,0.36,0.39,0.375,0.03,258.29,1580.17,386.2,197.21,263.26,active,kalshi,2026-09-28T12:44:08.228840+00:00
soccer,EPL,KXEPLGAME-26OCT10IPSFUL,KXEPLGAME-26OCT10IPSFUL-TIE,,Ipswich,Fulham,2026-10-10T17:00:00Z,draw,0.26,0.27,0.265,0.01,414.32,1997.0,100.54,52.85,100.54,active,kalshi,2026-09-28T12:44:08.228840+00:00
soccer,EPL,KXEPLGAME-26OCT10IPSFUL,KXEPLGAME-26OCT10IPSFUL-IPS,,Ipswich,Fulham,2026-10-10T17:00:00Z,home,0.34,0.37,0.355,0.03,294.16,1547.33,214.03,87.77,214.03,active,kalshi,2026-09-28T12:44:08.228840+00:00
soccer,EPL,KXEPLGAME-26OCT10MUNTOT,KXEPLGAME-26OCT10MUNTOT-TOT,,Man United,Tottenham,2026-10-10T19:30:00Z,away,0.2,0.22,0.21000000000000002,0.02,210.77,2000.0,1555.59,426.54,1553.13,active,kalshi,2026-09-28T12:44:08.228840+00:00
soccer,EPL,KXEPLGAME-26OCT10MUNTOT,KXEPLGAME-26OCT10MUNTOT-TIE,,Man United,Tottenham,2026-10-10T19:30:00Z,draw,0.21,0.22,0.215,0.01,980.84,487.9,420.4,72.41,420.4,active,kalshi,2026-09-28T12:44:08.228840+00:00
soccer,EPL,KXEPLGAME-26OCT10MUNTOT,KXEPLGAME-26OCT10MUNTOT-MUN,,Man United,Tottenham,2026-10-10T19:30:00Z,home,0.57,0.58,0.575,0.01,537.31,1444.85,5965.59,4509.57,5430.19,active,kalshi,2026-09-28T12:44:08.228840+00:00
soccer,EPL,KXEPLGAME-26OCT10SUNBRI,KXEPLGAME-26OCT10SUNBRI-BRI,,Sunderland,Brighton,2026-10-10T17:00:00Z,away,0.4,0.42,0.41000000000000003,0.02,24.86,159.13,5712.55,2049.79,4334.69,active,kalshi,2026-09-28T12:44:08.228840+00:00
soccer,EPL,KXEPLGAME-26OCT10SUNBRI,KXEPLGAME-26OCT10SUNBRI-TIE,,Sunderland,Brighton,2026-10-10T17:00:00Z,draw,0.26,0.27,0.265,0.01,381.8,611.54,769.54,71.46,425.0,active,kalshi,2026-09-28T12:44:08.228840+00:00
soccer,EPL,KXEPLGAME-26OCT10SUNBRI,KXEPLGAME-26OCT10SUNBRI-SUN,,Sunderland,Brighton,2026-10-10T17:00:00Z,home,0.3,0.33,0.315,0.03,1368.82,194.28,362.8,34.72,362.8,active,kalshi,2026-09-28T12:44:08.228840+00:00
soccer,EPL,KXEPLGAME-26OCT11CRYNFO,KXEPLGAME-26OCT11CRYNFO-NFO,,Crystal Palace,Nott'm Forest,2026-10-11T16:00:00Z,away,0.33,0.37,0.35,0.04,1325.64,1490.65,2.58,0.0,2.58,active,kalshi,2026-09-28T12:44:08.228840+00:00
soccer,EPL,KXEPLGAME-26OCT11CRYNFO,KXEPLGAME-26OCT11CRYNFO-TIE,,Crystal Palace,Nott'm Forest,2026-10-11T16:00:00Z,draw,0.28,0.29,0.28500000000000003,0.01,337.83,4985.0,0.0,0.0,0.0,active,kalshi,2026-09-28T12:44:08.228840+00:00
soccer,EPL,KXEPLGAME-26OCT11CRYNFO,KXEPLGAME-26OCT11CRYNFO-CRY,,Crystal Palace,Nott'm Forest,2026-10-11T16:00:00Z,home,0.34,0.38,0.36,0.04,252.66,5012.41,25.22,25.22,25.22,active,kalshi,2026-09-28T12:44:08.228840+00:00
soccer,EPL,KXEPLGAME-26OCT11HULEVE,KXEPLGAME-26OCT11HULEVE-EVE,,Hull,Everton,2026-10-11T16:00:00Z,away,0.44,0.48,0.45999999999999996,0.04,277.16,1534.0,30.15,30.15,30.15,active,kalshi,2026-09-28T12:44:08.228840+00:00
soccer,EPL,KXEPLGAME-26OCT11HULEVE,KXEPLGAME-26OCT11HULEVE-TIE,,Hull,Everton,2026-10-11T16:00:00Z,draw,0.28,0.29,0.28500000000000003,0.01,210.0,1556.72,85.28,82.0,85.28,active,kalshi,2026-09-28T12:44:08.228840+00:00
soccer,EPL,KXEPLGAME-26OCT11HULEVE,KXEPLGAME-26OCT11HULEVE-HUL,,Hull,Everton,2026-10-11T16:00:00Z,home,0.23,0.26,0.245,0.03,277.37,193.33,198.41,198.41,198.41,active,kalshi,2026-09-28T12:44:08.228840+00:00
soccer,EPL,KXEPLGAME-26OCT11LFCMCI,KXEPLGAME-26OCT11LFCMCI-MCI,,Liverpool,Man City,2026-10-11T18:30:00Z,away,0.39,0.4,0.395,0.01,32.67,28.0,10618.33,9805.83,10262.44,active,kalshi,2026-09-28T12:44:08.228840+00:00
soccer,EPL,KXEPLGAME-26OCT11LFCMCI,KXEPLGAME-26OCT11LFCMCI-TIE,,Liverpool,Man City,2026-10-11T18:30:00Z,draw,0.25,0.26,0.255,0.01,240.0,2822.78,219.38,73.0,219.38,active,kalshi,2026-09-28T12:44:08.228840+00:00
soccer,EPL,KXEPLGAME-26OCT11LFCMCI,KXEPLGAME-26OCT11LFCMCI-LFC,,Liverpool,Man City,2026-10-11T18:30:00Z,home,0.35,0.37,0.36,0.02,23.3,2156.59,664.63,635.41,664.63,active,kalshi,2026-09-28T12:44:08.228840+00:00
soccer,EPL,KXEPLGAME-26OCT12COVNEW,KXEPLGAME-26OCT12COVNEW-NEW,,Coventry,Newcastle,2026-10-12T22:00:00Z,away,0.43,0.46,0.445,0.03,1370.11,125.11,58.0,58.0,58.0,active,kalshi,2026-09-28T12:44:08.228840+00:00
soccer,EPL,KXEPLGAME-26OCT12COVNEW,KXEPLGAME-26OCT12COVNEW-TIE,,Coventry,Newcastle,2026-10-12T22:00:00Z,draw,0.25,0.27,0.26,0.02,183.12,2000.0,0.0,0.0,0.0,active,kalshi,2026-09-28T12:44:08.228840+00:00
soccer,EPL,KXEPLGAME-26OCT12COVNEW,KXEPLGAME-26OCT12COVNEW-COV,,Coventry,Newcastle,2026-10-12T22:00:00Z,home,0.26,0.3,0.28,0.04,1370.19,5276.17,0.0,0.0,0.0,active,kalshi,2026-09-28T12:44:08.228840+00:00
soccer,EPL,KXEPLGAME-26OCT10ARSLEE,KXEPLGAME-26OCT10ARSLEE-LEE,,Arsenal,Leeds,2026-10-10T14:30:00Z,away,0.09,0.11,0.1,0.02,150.85,143.87,3762.85,1695.38,2711.18,active,kalshi,2026-09-28T13:04:12.553988+00:00
soccer,EPL,KXEPLGAME-26OCT10ARSLEE,KXEPLGAME-26OCT10ARSLEE-TIE,,Arsenal,Leeds,2026-10-10T14:30:00Z,draw,0.17,0.19,0.18,0.02,998.0,4787.67,302.32,132.24,285.32,active,kalshi,2026-09-28T13:04:12.553988+00:00
soccer,EPL,KXEPLGAME-26OCT10ARSLEE,KXEPLGAME-26OCT10ARSLEE-ARS,,Arsenal,Leeds,2026-10-10T14:30:00Z,home,0.72,0.73,0.725,0.01,81.6,1348.0,15486.95,6466.57,14205.51,active,kalshi,2026-09-28T13:04:12.553988+00:00
soccer,EPL,KXEPLGAME-26OCT10AVLBRE,KXEPLGAME-26OCT10AVLBRE-BRE,,Aston Villa,Brentford,2026-10-10T17:00:00Z,away,0.35,0.38,0.365,0.03,64.0,1558.0,1317.38,688.84,1206.94,active,kalshi,2026-09-28T13:04:12.553988+00:00
soccer,EPL,KXEPLGAME-26OCT10AVLBRE,KXEPLGAME-26OCT10AVLBRE-TIE,,Aston Villa,Brentford,2026-10-10T17:00:00Z,draw,0.26,0.28,0.27,0.02,269.0,1520.0,846.64,775.0,846.64,active,kalshi,2026-09-28T13:04:12.553988+00:00
soccer,EPL,KXEPLGAME-26OCT10AVLBRE,KXEPLGAME-26OCT10AVLBRE-AVL,,Aston Villa,Brentford,2026-10-10T17:00:00Z,home,0.34,0.37,0.355,0.03,80.0,1528.39,911.56,822.68,851.56,active,kalshi,2026-09-28T13:04:12.553988+00:00
soccer,EPL,KXEPLGAME-26OCT10CFCBOU,KXEPLGAME-26OCT10CFCBOU-BOU,,Chelsea,Bournemouth,2026-10-10T17:00:00Z,away,0.19,0.21,0.2,0.02,79.0,1153.4,285.82,18.04,285.82,active,kalshi,2026-09-28T13:04:12.553988+00:00
soccer,EPL,KXEPLGAME-26OCT10CFCBOU,KXEPLGAME-26OCT10CFCBOU-TIE,,Chelsea,Bournemouth,2026-10-10T17:00:00Z,draw,0.22,0.23,0.225,0.01,301.0,854.12,557.01,82.88,555.01,active,kalshi,2026-09-28T13:04:12.553988+00:00
soccer,EPL,KXEPLGAME-26OCT10CFCBOU,KXEPLGAME-26OCT10CFCBOU-CFC,,Chelsea,Bournemouth,2026-10-10T17:00:00Z,home,0.56,0.58,0.5700000000000001,0.02,50.67,71.62,14828.55,830.16,13780.49,active,kalshi,2026-09-28T13:04:12.553988+00:00
soccer,EPL,KXEPLGAME-26OCT10IPSFUL,KXEPLGAME-26OCT10IPSFUL-FUL,,Ipswich,Fulham,2026-10-10T17:00:00Z,away,0.36,0.39,0.375,0.03,74.0,2027.0,386.2,197.21,263.26,active,kalshi,2026-09-28T13:04:12.553988+00:00
soccer,EPL,KXEPLGAME-26OCT10IPSFUL,KXEPLGAME-26OCT10IPSFUL-TIE,,Ipswich,Fulham,2026-10-10T17:00:00Z,draw,0.26,0.27,0.265,0.01,230.0,1993.48,104.06,56.37,104.06,active,kalshi,2026-09-28T13:04:12.553988+00:00
soccer,EPL,KXEPLGAME-26OCT10IPSFUL,KXEPLGAME-26OCT10IPSFUL-IPS,,Ipswich,Fulham,2026-10-10T17:00:00Z,home,0.33,0.37,0.35,0.04,1719.0,2030.0,214.03,87.77,214.03,active,kalshi,2026-09-28T13:04:12.553988+00:00
soccer,EPL,KXEPLGAME-26OCT10MUNTOT,KXEPLGAME-26OCT10MUNTOT-TOT,,Man United,Tottenham,2026-10-10T19:30:00Z,away,0.2,0.22,0.21000000000000002,0.02,39.0,2000.0,1555.59,426.54,1553.13,active,kalshi,2026-09-28T13:04:12.553988+00:00
soccer,EPL,KXEPLGAME-26OCT10MUNTOT,KXEPLGAME-26OCT10MUNTOT-TIE,,Man United,Tottenham,2026-10-10T19:30:00Z,draw,0.21,0.22,0.215,0.01,915.0,487.9,420.4,72.41,420.4,active,kalshi,2026-09-28T13:04:12.553988+00:00
soccer,EPL,KXEPLGAME-26OCT10MUNTOT,KXEPLGAME-26OCT10MUNTOT-MUN,,Man United,Tottenham,2026-10-10T19:30:00Z,home,0.57,0.58,0.575,0.01,537.31,1995.27,5973.96,4527.94,5438.56,active,kalshi,2026-09-28T13:04:12.553988+00:00
soccer,EPL,KXEPLGAME-26OCT10SUNBRI,KXEPLGAME-26OCT10SUNBRI-BRI,,Sunderland,Brighton,2026-10-10T17:00:00Z,away,0.4,0.42,0.41000000000000003,0.02,56.25,442.94,5712.55,2049.79,4334.69,active,kalshi,2026-09-28T13:04:12.553988+00:00
soccer,EPL,KXEPLGAME-26OCT10SUNBRI,KXEPLGAME-26OCT10SUNBRI-TIE,,Sunderland,Brighton,2026-10-10T17:00:00Z,draw,0.26,0.27,0.265,0.01,259.0,611.54,769.54,71.46,425.0,active,kalshi,2026-09-28T13:04:12.553988+00:00
soccer,EPL,KXEPLGAME-26OCT10SUNBRI,KXEPLGAME-26OCT10SUNBRI-SUN,,Sunderland,Brighton,2026-10-10T17:00:00Z,home,0.3,0.33,0.315,0.03,1246.0,71.0,362.8,34.72,362.8,active,kalshi,2026-09-28T13:04:12.553988+00:00
soccer,EPL,KXEPLGAME-26OCT11CRYNFO,KXEPLGAME-26OCT11CRYNFO-NFO,,Crystal Palace,Nott'm Forest,2026-10-11T16:00:00Z,away,0.33,0.37,0.35,0.04,1198.0,2030.0,2.58,0.0,2.58,active,kalshi,2026-09-28T13:04:12.553988+00:00
soccer,EPL,KXEPLGAME-26OCT11CRYNFO,KXEPLGAME-26OCT11CRYNFO-TIE,,Crystal Palace,Nott'm Forest,2026-10-11T16:00:00Z,draw,0.28,0.29,0.28500000000000003,0.01,210.0,4985.0,0.0,0.0,0.0,active,kalshi,2026-09-28T13:04:12.553988+00:00
soccer,EPL,KXEPLGAME-26OCT11CRYNFO,KXEPLGAME-26OCT11CRYNFO-CRY,,Crystal Palace,Nott'm Forest,2026-10-11T16:00:00Z,home,0.31,0.38,0.345,0.07,30.0,4884.78,25.22,25.22,25.22,active,kalshi,2026-09-28T13:04:12.553988+00:00
soccer,EPL,KXEPLGAME-26OCT11HULEVE,KXEPLGAME-26OCT11HULEVE-EVE,,Hull,Everton,2026-10-11T16:00:00Z,away,0.41,0.48,0.44499999999999995,0.07,30.0,1535.0,40.2,40.2,40.2,active,kalshi,2026-09-28T13:04:12.553988+00:00
soccer,EPL,KXEPLGAME-26OCT11HULEVE,KXEPLGAME-26OCT11HULEVE-TIE,,Hull,Everton,2026-10-11T16:00:00Z,draw,0.28,0.29,0.28500000000000003,0.01,210.0,1556.72,85.28,82.0,85.28,active,kalshi,2026-09-28T13:04:12.553988+00:00
soccer,EPL,KXEPLGAME-26OCT11HULEVE,KXEPLGAME-26OCT11HULEVE-HUL,,Hull,Everton,2026-10-11T16:00:00Z,home,0.2,0.27,0.23500000000000001,0.07,30.0,5280.0,198.41,198.41,198.41,active,kalshi,2026-09-28T13:04:12.553988+00:00
soccer,EPL,KXEPLGAME-26OCT11LFCMCI,KXEPLGAME-26OCT11LFCMCI-MCI,,Liverpool,Man City,2026-10-11T18:30:00Z,away,0.39,0.41,0.4,0.02,54.66,231.58,10630.32,9817.82,10274.43,active,kalshi,2026-09-28T13:04:12.553988+00:00
soccer,EPL,KXEPLGAME-26OCT11LFCMCI,KXEPLGAME-26OCT11LFCMCI-TIE,,Liverpool,Man City,2026-10-11T18:30:00Z,draw,0.25,0.26,0.255,0.01,240.0,2654.62,219.38,73.0,219.38,active,kalshi,2026-09-28T13:04:12.553988+00:00
soccer,EPL,KXEPLGAME-26OCT11LFCMCI,KXEPLGAME-26OCT11LFCMCI-LFC,,Liverpool,Man City,2026-10-11T18:30:00Z,home,0.34,0.37,0.355,0.03,1493.0,2140.59,676.63,635.41,676.63,active,kalshi,2026-09-28T13:04:12.553988+00:00
soccer,EPL,KXEPLGAME-26OCT12COVNEW,KXEPLGAME-26OCT12COVNEW-NEW,,Coventry,Newcastle,2026-10-12T22:00:00Z,away,0.43,0.47,0.44999999999999996,0.04,1050.0,1597.0,58.0,58.0,58.0,active,kalshi,2026-09-28T13:04:12.553988+00:00
soccer,EPL,KXEPLGAME-26OCT12COVNEW,KXEPLGAME-26OCT12COVNEW-TIE,,Coventry,Newcastle,2026-10-12T22:00:00Z,draw,0.24,0.27,0.255,0.03,250.0,2000.0,0.0,0.0,0.0,active,kalshi,2026-09-28T13:04:12.553988+00:00
soccer,EPL,KXEPLGAME-26OCT12COVNEW,KXEPLGAME-26OCT12COVNEW-COV,,Coventry,Newcastle,2026-10-12T22:00:00Z,home,0.26,0.3,0.28,0.04,1050.0,5093.0,0.0,0.0,0.0,active,kalshi,2026-09-28T13:04:12.553988+00:00
soccer,EPL,KXEPLGAME-26OCT10ARSLEE,KXEPLGAME-26OCT10ARSLEE-LEE,,Arsenal,Leeds,2026-10-10T14:30:00Z,away,0.09,0.11,0.1,0.02,150.73,143.65,3762.85,1624.38,2711.18,active,kalshi,2026-09-28T13:39:04.326166+00:00
soccer,EPL,KXEPLGAME-26OCT10ARSLEE,KXEPLGAME-26OCT10ARSLEE-TIE,,Arsenal,Leeds,2026-10-10T14:30:00Z,draw,0.17,0.19,0.18,0.02,998.0,4787.67,302.32,132.24,285.32,active,kalshi,2026-09-28T13:39:04.326166+00:00
soccer,EPL,KXEPLGAME-26OCT10ARSLEE,KXEPLGAME-26OCT10ARSLEE-ARS,,Arsenal,Leeds,2026-10-10T14:30:00Z,home,0.72,0.73,0.725,0.01,81.56,1954.0,15486.95,6446.81,14205.51,active,kalshi,2026-09-28T13:39:04.326166+00:00
soccer,EPL,KXEPLGAME-26OCT10AVLBRE,KXEPLGAME-26OCT10AVLBRE-BRE,,Aston Villa,Brentford,2026-10-10T17:00:00Z,away,0.36,0.38,0.37,0.02,56.0,1568.34,1317.38,588.84,1206.94,active,kalshi,2026-09-28T13:39:04.326166+00:00
soccer,EPL,KXEPLGAME-26OCT10AVLBRE,KXEPLGAME-26OCT10AVLBRE-TIE,,Aston Villa,Brentford,2026-10-10T17:00:00Z,draw,0.26,0.28,0.27,0.02,390.94,4977.34,846.64,775.0,846.64,active,kalshi,2026-09-28T13:39:04.326166+00:00
soccer,EPL,KXEPLGAME-26OCT10AVLBRE,KXEPLGAME-26OCT10AVLBRE-AVL,,Aston Villa,Brentford,2026-10-10T17:00:00Z,home,0.35,0.37,0.36,0.02,123.35,1625.59,911.56,310.68,851.56,active,kalshi,2026-09-28T13:39:04.326166+00:00
soccer,EPL,KXEPLGAME-26OCT10CFCBOU,KXEPLGAME-26OCT10CFCBOU-BOU,,Chelsea,Bournemouth,2026-10-10T17:00:00Z,away,0.2,0.21,0.20500000000000002,0.01,171.41,1137.4,285.82,18.04,285.82,active,kalshi,2026-09-28T13:39:04.326166+00:00
soccer,EPL,KXEPLGAME-26OCT10CFCBOU,KXEPLGAME-26OCT10CFCBOU-TIE,,Chelsea,Bournemouth,2026-10-10T17:00:00Z,draw,0.22,0.23,0.225,0.01,472.42,854.12,557.01,82.88,555.01,active,kalshi,2026-09-28T13:39:04.326166+00:00
soccer,EPL,KXEPLGAME-26OCT10CFCBOU,KXEPLGAME-26OCT10CFCBOU-CFC,,Chelsea,Bournemouth,2026-10-10T17:00:00Z,home,0.56,0.58,0.5700000000000001,0.02,72.44,178.19,14829.55,693.99,13781.49,active,kalshi,2026-09-28T13:39:04.326166+00:00
soccer,EPL,KXEPLGAME-26OCT10IPSFUL,KXEPLGAME-26OCT10IPSFUL-FUL,,Ipswich,Fulham,2026-10-10T17:00:00Z,away,0.36,0.39,0.375,0.03,258.33,1545.32,386.2,197.21,263.26,active,kalshi,2026-09-28T13:39:04.326166+00:00
soccer,EPL,KXEPLGAME-26OCT10IPSFUL,KXEPLGAME-26OCT10IPSFUL-TIE,,Ipswich,Fulham,2026-10-10T17:00:00Z,draw,0.26,0.27,0.265,0.01,414.32,1993.48,104.06,56.37,104.06,active,kalshi,2026-09-28T13:39:04.326166+00:00
soccer,EPL,KXEPLGAME-26OCT10IPSFUL,KXEPLGAME-26OCT10IPSFUL-IPS,,Ipswich,Fulham,2026-10-10T17:00:00Z,home,0.34,0.36,0.35,0.02,214.3,184.33,214.03,87.77,214.03,active,kalshi,2026-09-28T13:39:04.326166+00:00
soccer,EPL,KXEPLGAME-26OCT10MUNTOT,KXEPLGAME-26OCT10MUNTOT-TOT,,Man United,Tottenham,2026-10-10T19:30:00Z,away,0.2,0.22,0.21000000000000002,0.02,39.0,2000.0,1555.59,426.54,1553.13,active,kalshi,2026-09-28T13:39:04.326166+00:00
soccer,EPL,KXEPLGAME-26OCT10MUNTOT,KXEPLGAME-26OCT10MUNTOT-TIE,,Man United,Tottenham,2026-10-10T19:30:00Z,draw,0.21,0.22,0.215,0.01,1056.83,487.9,420.4,72.41,420.4,active,kalshi,2026-09-28T13:39:04.326166+00:00
soccer,EPL,KXEPLGAME-26OCT10MUNTOT,KXEPLGAME-26OCT10MUNTOT-MUN,,Man United,Tottenham,2026-10-10T19:30:00Z,home,0.57,0.58,0.575,0.01,529.26,325.74,6474.96,4953.86,5939.56,active,kalshi,2026-09-28T13:39:04.326166+00:00
soccer,EPL,KXEPLGAME-26OCT10SUNBRI,KXEPLGAME-26OCT10SUNBRI-BRI,,Sunderland,Brighton,2026-10-10T17:00:00Z,away,0.4,0.42,0.41000000000000003,0.02,46.2,162.88,5712.55,2049.79,4334.69,active,kalshi,2026-09-28T13:39:04.326166+00:00
soccer,EPL,KXEPLGAME-26OCT10SUNBRI,KXEPLGAME-26OCT10SUNBRI-TIE,,Sunderland,Brighton,2026-10-10T17:00:00Z,draw,0.26,0.27,0.265,0.01,382.22,611.54,769.54,71.46,425.0,active,kalshi,2026-09-28T13:39:04.326166+00:00
soccer,EPL,KXEPLGAME-26OCT10SUNBRI,KXEPLGAME-26OCT10SUNBRI-SUN,,Sunderland,Brighton,2026-10-10T17:00:00Z,home,0.3,0.33,0.315,0.03,1369.26,194.26,362.8,34.72,362.8,active,kalshi,2026-09-28T13:39:04.326166+00:00
soccer,EPL,KXEPLGAME-26OCT11CRYNFO,KXEPLGAME-26OCT11CRYNFO-NFO,,Crystal Palace,Nott'm Forest,2026-10-11T16:00:00Z,away,0.33,0.36,0.345,0.03,1325.79,127.82,2.58,0.0,2.58,active,kalshi,2026-09-28T13:39:04.326166+00:00
soccer,EPL,KXEPLGAME-26OCT11CRYNFO,KXEPLGAME-26OCT11CRYNFO-TIE,,Crystal Palace,Nott'm Forest,2026-10-11T16:00:00Z,draw,0.28,0.29,0.28500000000000003,0.01,337.82,4985.0,0.0,0.0,0.0,active,kalshi,2026-09-28T13:39:04.326166+00:00
soccer,EPL,KXEPLGAME-26OCT11CRYNFO,KXEPLGAME-26OCT11CRYNFO-CRY,,Crystal Palace,Nott'm Forest,2026-10-11T16:00:00Z,home,0.35,0.37,0.36,0.02,157.85,127.83,25.22,25.22,25.22,active,kalshi,2026-09-28T13:39:04.326166+00:00
soccer,EPL,KXEPLGAME-26OCT11HULEVE,KXEPLGAME-26OCT11HULEVE-EVE,,Hull,Everton,2026-10-11T16:00:00Z,away,0.45,0.47,0.45999999999999996,0.02,158.29,228.32,40.2,40.2,40.2,active,kalshi,2026-09-28T13:39:04.326166+00:00
soccer,EPL,KXEPLGAME-26OCT11HULEVE,KXEPLGAME-26OCT11HULEVE-TIE,,Hull,Everton,2026-10-11T16:00:00Z,draw,0.28,0.29,0.28500000000000003,0.01,338.34,1556.72,85.28,82.0,85.28,active,kalshi,2026-09-28T13:39:04.326166+00:00
soccer,EPL,KXEPLGAME-26OCT11HULEVE,KXEPLGAME-26OCT11HULEVE-HUL,,Hull,Everton,2026-10-11T16:00:00Z,home,0.23,0.26,0.245,0.03,282.33,210.31,198.41,198.41,198.41,active,kalshi,2026-09-28T13:39:04.326166+00:00
soccer,EPL,KXEPLGAME-26OCT11LFCMCI,KXEPLGAME-26OCT11LFCMCI-MCI,,Liverpool,Man City,2026-10-11T18:30:00Z,away,0.39,0.4,0.395,0.01,64.0,16.34,10769.32,9955.82,10413.43,active,kalshi,2026-09-28T13:39:04.326166+00:00
soccer,EPL,KXEPLGAME-26OCT11LFCMCI,KXEPLGAME-26OCT11LFCMCI-TIE,,Liverpool,Man City,2026-10-11T18:30:00Z,draw,0.25,0.26,0.255,0.01,240.0,2876.86,229.38,83.0,229.38,active,kalshi,2026-09-28T13:39:04.326166+00:00
soccer,EPL,KXEPLGAME-26OCT11LFCMCI,KXEPLGAME-26OCT11LFCMCI-LFC,,Liverpool,Man City,2026-10-11T18:30:00Z,home,0.34,0.36,0.35,0.02,93.7,160.0,2152.05,2097.83,1995.05,active,kalshi,2026-09-28T13:39:04.326166+00:00
soccer,EPL,KXEPLGAME-26OCT12COVNEW,KXEPLGAME-26OCT12COVNEW-NEW,,Coventry,Newcastle,2026-10-12T22:00:00Z,away,0.43,0.46,0.445,0.03,1373.14,183.15,58.0,58.0,58.0,active,kalshi,2026-09-28T13:39:04.326166+00:00
soccer,EPL,KXEPLGAME-26OCT12COVNEW,KXEPLGAME-26OCT12COVNEW-TIE,,Coventry,Newcastle,2026-10-12T22:00:00Z,draw,0.25,0.27,0.26,0.02,183.1,2000.0,0.0,0.0,0.0,active,kalshi,2026-09-28T13:39:04.326166+00:00
soccer,EPL,KXEPLGAME-26OCT12COVNEW,KXEPLGAME-26OCT12COVNEW-COV,,Coventry,Newcastle,2026-10-12T22:00:00Z,home,0.27,0.3,0.28500000000000003,0.03,183.13,5276.11,0.0,0.0,0.0,active,kalshi,2026-09-28T13:39:04.326166+00:00
soccer,EPL,KXEPLGAME-26OCT10ARSLEE,KXEPLGAME-26OCT10ARSLEE-LEE,,Arsenal,Leeds,2026-10-10T14:30:00Z,away,0.09,0.11,0.1,0.02,150.73,143.65,3762.85,1624.38,2711.18,active,kalshi,2026-09-28T14:05:08.185309+00:00
soccer,EPL,KXEPLGAME-26OCT10ARSLEE,KXEPLGAME-26OCT10ARSLEE-TIE,,Arsenal,Leeds,2026-10-10T14:30:00Z,draw,0.17,0.19,0.18,0.02,998.0,4787.67,302.32,132.24,285.32,active,kalshi,2026-09-28T14:05:08.185309+00:00
soccer,EPL,KXEPLGAME-26OCT10ARSLEE,KXEPLGAME-26OCT10ARSLEE-ARS,,Arsenal,Leeds,2026-10-10T14:30:00Z,home,0.72,0.73,0.725,0.01,81.56,1952.0,15567.95,2608.45,14286.51,active,kalshi,2026-09-28T14:05:08.185309+00:00
soccer,EPL,KXEPLGAME-26OCT10AVLBRE,KXEPLGAME-26OCT10AVLBRE-BRE,,Aston Villa,Brentford,2026-10-10T17:00:00Z,away,0.36,0.38,0.37,0.02,56.0,1568.34,1317.38,563.84,1206.94,active,kalshi,2026-09-28T14:05:08.185309+00:00
soccer,EPL,KXEPLGAME-26OCT10AVLBRE,KXEPLGAME-26OCT10AVLBRE-TIE,,Aston Villa,Brentford,2026-10-10T17:00:00Z,draw,0.26,0.28,0.27,0.02,390.94,4977.34,846.64,771.0,846.64,active,kalshi,2026-09-28T14:05:08.185309+00:00
soccer,EPL,KXEPLGAME-26OCT10AVLBRE,KXEPLGAME-26OCT10AVLBRE-AVL,,Aston Villa,Brentford,2026-10-10T17:00:00Z,home,0.35,0.37,0.36,0.02,123.35,1625.59,911.56,310.68,851.56,active,kalshi,2026-09-28T14:05:08.185309+00:00
soccer,EPL,KXEPLGAME-26OCT10CFCBOU,KXEPLGAME-26OCT10CFCBOU-BOU,,Chelsea,Bournemouth,2026-10-10T17:00:00Z,away,0.2,0.21,0.20500000000000002,0.01,171.41,1137.4,285.82,18.04,285.82,active,kalshi,2026-09-28T14:05:08.185309+00:00
soccer,EPL,KXEPLGAME-26OCT10CFCBOU,KXEPLGAME-26OCT10CFCBOU-TIE,,Chelsea,Bournemouth,2026-10-10T17:00:00Z,draw,0.22,0.23,0.225,0.01,472.42,854.12,557.01,82.88,555.01,active,kalshi,2026-09-28T14:05:08.185309+00:00
soccer,EPL,KXEPLGAME-26OCT10CFCBOU,KXEPLGAME-26OCT10CFCBOU-CFC,,Chelsea,Bournemouth,2026-10-10T17:00:00Z,home,0.56,0.57,0.565,0.01,50.36,171.38,14829.55,628.99,13781.49,active,kalshi,2026-09-28T14:05:08.185309+00:00
soccer,EPL,KXEPLGAME-26OCT10IPSFUL,KXEPLGAME-26OCT10IPSFUL-FUL,,Ipswich,Fulham,2026-10-10T17:00:00Z,away,0.36,0.39,0.375,0.03,258.33,1580.32,386.2,197.21,263.26,active,kalshi,2026-09-28T14:05:08.185309+00:00
soccer,EPL,KXEPLGAME-26OCT10IPSFUL,KXEPLGAME-26OCT10IPSFUL-TIE,,Ipswich,Fulham,2026-10-10T17:00:00Z,draw,0.26,0.27,0.265,0.01,414.32,1993.48,104.06,56.37,104.06,active,kalshi,2026-09-28T14:05:08.185309+00:00
soccer,EPL,KXEPLGAME-26OCT10IPSFUL,KXEPLGAME-26OCT10IPSFUL-IPS,,Ipswich,Fulham,2026-10-10T17:00:00Z,home,0.34,0.36,0.35,0.02,214.3,184.33,214.03,87.77,214.03,active,kalshi,2026-09-28T14:05:08.185309+00:00
soccer,EPL,KXEPLGAME-26OCT10MUNTOT,KXEPLGAME-26OCT10MUNTOT-TOT,,Man United,Tottenham,2026-10-10T19:30:00Z,away,0.2,0.22,0.21000000000000002,0.02,48.0,2000.0,1555.59,426.54,1553.13,active,kalshi,2026-09-28T14:05:08.185309+00:00
soccer,EPL,KXEPLGAME-26OCT10MUNTOT,KXEPLGAME-26OCT10MUNTOT-TIE,,Man United,Tottenham,2026-10-10T19:30:00Z,draw,0.21,0.22,0.215,0.01,1056.83,487.9,420.4,72.41,420.4,active,kalshi,2026-09-28T14:05:08.185309+00:00
soccer,EPL,KXEPLGAME-26OCT10MUNTOT,KXEPLGAME-26OCT10MUNTOT-MUN,,Man United,Tottenham,2026-10-10T19:30:00Z,home,0.57,0.58,0.575,0.01,533.04,246.74,6508.96,4967.86,5973.56,active,kalshi,2026-09-28T14:05:08.185309+00:00
soccer,EPL,KXEPLGAME-26OCT10SUNBRI,KXEPLGAME-26OCT10SUNBRI-BRI,,Sunderland,Brighton,2026-10-10T17:00:00Z,away,0.4,0.42,0.41000000000000003,0.02,46.2,162.88,5712.55,2049.79,4334.69,active,kalshi,2026-09-28T14:05:08.185309+00:00
soccer,EPL,KXEPLGAME-26OCT10SUNBRI,KXEPLGAME-26OCT10SUNBRI-TIE,,Sunderland,Brighton,2026-10-10T17:00:00Z,draw,0.26,0.27,0.265,0.01,382.22,611.54,769.54,71.46,425.0,active,kalshi,2026-09-28T14:05:08.185309+00:00
soccer,EPL,KXEPLGAME-26OCT10SUNBRI,KXEPLGAME-26OCT10SUNBRI-SUN,,Sunderland,Brighton,2026-10-10T17:00:00Z,home,0.3,0.33,0.315,0.03,1369.26,194.26,362.8,34.72,362.8,active,kalshi,2026-09-28T14:05:08.185309+00:00
soccer,EPL,KXEPLGAME-26OCT11CRYNFO,KXEPLGAME-26OCT11CRYNFO-NFO,,Crystal Palace,Nott'm Forest,2026-10-11T16:00:00Z,away,0.33,0.36,0.345,0.03,1325.79,127.82,2.58,0.0,2.58,active,kalshi,2026-09-28T14:05:08.185309+00:00
soccer,EPL,KXEPLGAME-26OCT11CRYNFO,KXEPLGAME-26OCT11CRYNFO-TIE,,Crystal Palace,Nott'm Forest,2026-10-11T16:00:00Z,draw,0.28,0.29,0.28500000000000003,0.01,337.82,4985.0,0.0,0.0,0.0,active,kalshi,2026-09-28T14:05:08.185309+00:00
soccer,EPL,KXEPLGAME-26OCT11CRYNFO,KXEPLGAME-26OCT11CRYNFO-CRY,,Crystal Palace,Nott'm Forest,2026-10-11T16:00:00Z,home,0.35,0.37,0.36,0.02,157.85,127.83,25.22,25.22,25.22,active,kalshi,2026-09-28T14:05:08.185309+00:00
soccer,EPL,KXEPLGAME-26OCT11HULEVE,KXEPLGAME-26OCT11HULEVE-EVE,,Hull,Everton,2026-10-11T16:00:00Z,away,0.45,0.47,0.45999999999999996,0.02,158.29,228.32,40.2,40.2,40.2,active,kalshi,2026-09-28T14:05:08.185309+00:00
soccer,EPL,KXEPLGAME-26OCT11HULEVE,KXEPLGAME-26OCT11HULEVE-TIE,,Hull,Everton,2026-10-11T16:00:00Z,draw,0.28,0.29,0.28500000000000003,0.01,338.34,1556.72,85.28,82.0,85.28,active,kalshi,2026-09-28T14:05:08.185309+00:00
soccer,EPL,KXEPLGAME-26OCT11HULEVE,KXEPLGAME-26OCT11HULEVE-HUL,,Hull,Everton,2026-10-11T16:00:00Z,home,0.23,0.26,0.245,0.03,282.33,210.31,198.41,198.41,198.41,active,kalshi,2026-09-28T14:05:08.185309+00:00
soccer,EPL,KXEPLGAME-26OCT11LFCMCI,KXEPLGAME-26OCT11LFCMCI-MCI,,Liverpool,Man City,2026-10-11T18:30:00Z,away,0.39,0.41,0.4,0.02,69.0,95.0,10874.66,10012.16,10518.77,active,kalshi,2026-09-28T14:05:08.185309+00:00
soccer,EPL,KXEPLGAME-26OCT11LFCMCI,KXEPLGAME-26OCT11LFCMCI-TIE,,Liverpool,Man City,2026-10-11T18:30:00Z,draw,0.25,0.26,0.255,0.01,240.0,2859.86,246.38,100.0,246.38,active,kalshi,2026-09-28T14:05:08.185309+00:00
soccer,EPL,KXEPLGAME-26OCT11LFCMCI,KXEPLGAME-26OCT11LFCMCI-LFC,,Liverpool,Man City,2026-10-11T18:30:00Z,home,0.34,0.37,0.355,0.03,93.7,4911.28,2154.05,2099.83,1997.05,active,kalshi,2026-09-28T14:05:08.185309+00:00
soccer,EPL,KXEPLGAME-26OCT12COVNEW,KXEPLGAME-26OCT12COVNEW-NEW,,Coventry,Newcastle,2026-10-12T22:00:00Z,away,0.43,0.46,0.445,0.03,1373.14,183.15,58.0,58.0,58.0,active,kalshi,2026-09-28T14:05:08.185309+00:00
soccer,EPL,KXEPLGAME-26OCT12COVNEW,KXEPLGAME-26OCT12COVNEW-TIE,,Coventry,Newcastle,2026-10-12T22:00:00Z,draw,0.25,0.27,0.26,0.02,183.1,2000.0,0.0,0.0,0.0,active,kalshi,2026-09-28T14:05:08.185309+00:00
soccer,EPL,KXEPLGAME-26OCT12COVNEW,KXEPLGAME-26OCT12COVNEW-COV,,Coventry,Newcastle,2026-10-12T22:00:00Z,home,0.27,0.3,0.28500000000000003,0.03,183.13,5276.11,0.0,0.0,0.0,active,kalshi,2026-09-28T14:05:08.185309+00:00
soccer,EPL,KXEPLGAME-26OCT10ARSLEE,KXEPLGAME-26OCT10ARSLEE-LEE,,Arsenal,Leeds,2026-10-10T14:30:00Z,away,0.09,0.11,0.1,0.02,150.73,143.65,3762.85,1610.38,2711.18,active,kalshi,2026-09-28T14:39:23.589115+00:00
soccer,EPL,KXEPLGAME-26OCT10ARSLEE,KXEPLGAME-26OCT10ARSLEE-TIE,,Arsenal,Leeds,2026-10-10T14:30:00Z,draw,0.17,0.19,0.18,0.02,998.0,4787.67,302.32,132.24,285.32,active,kalshi,2026-09-28T14:39:23.589115+00:00
soccer,EPL,KXEPLGAME-26OCT10ARSLEE,KXEPLGAME-26OCT10ARSLEE-ARS,,Arsenal,Leeds,2026-10-10T14:30:00Z,home,0.72,0.73,0.725,0.01,47.79,1339.45,15863.72,2552.45,14514.74,active,kalshi,2026-09-28T14:39:23.589115+00:00
soccer,EPL,KXEPLGAME-26OCT10AVLBRE,KXEPLGAME-26OCT10AVLBRE-BRE,,Aston Villa,Brentford,2026-10-10T17:00:00Z,away,0.36,0.38,0.37,0.02,56.0,1568.34,1317.38,558.84,1206.94,active,kalshi,2026-09-28T14:39:23.589115+00:00
soccer,EPL,KXEPLGAME-26OCT10AVLBRE,KXEPLGAME-26OCT10AVLBRE-TIE,,Aston Villa,Brentford,2026-10-10T17:00:00Z,draw,0.26,0.28,0.27,0.02,390.94,4977.34,846.64,768.0,846.64,active,kalshi,2026-09-28T14:39:23.589115+00:00
soccer,EPL,KXEPLGAME-26OCT10AVLBRE,KXEPLGAME-26OCT10AVLBRE-AVL,,Aston Villa,Brentford,2026-10-10T17:00:00Z,home,0.35,0.37,0.36,0.02,153.35,1625.1,911.56,305.68,851.56,active,kalshi,2026-09-28T14:39:23.589115+00:00
soccer,EPL,KXEPLGAME-26OCT10CFCBOU,KXEPLGAME-26OCT10CFCBOU-BOU,,Chelsea,Bournemouth,2026-10-10T17:00:00Z,away,0.2,0.21,0.20500000000000002,0.01,171.41,1137.4,285.82,18.04,285.82,active,kalshi,2026-09-28T14:39:23.589115+00:00
soccer,EPL,KXEPLGAME-26OCT10CFCBOU,KXEPLGAME-26OCT10CFCBOU-TIE,,Chelsea,Bournemouth,2026-10-10T17:00:00Z,draw,0.22,0.23,0.225,0.01,472.42,854.12,557.01,82.88,555.01,active,kalshi,2026-09-28T14:39:23.589115+00:00
soccer,EPL,KXEPLGAME-26OCT10CFCBOU,KXEPLGAME-26OCT10CFCBOU-CFC,,Chelsea,Bournemouth,2026-10-10T17:00:00Z,home,0.56,0.57,0.565,0.01,50.43,94.38,14913.55,224.14,13865.49,active,kalshi,2026-09-28T14:39:23.589115+00:00
soccer,EPL,KXEPLGAME-26OCT10IPSFUL,KXEPLGAME-26OCT10IPSFUL-FUL,,Ipswich,Fulham,2026-10-10T17:00:00Z,away,0.36,0.39,0.375,0.03,258.33,1580.32,386.2,197.21,263.26,active,kalshi,2026-09-28T14:39:23.589115+00:00
soccer,EPL,KXEPLGAME-26OCT10IPSFUL,KXEPLGAME-26OCT10IPSFUL-TIE,,Ipswich,Fulham,2026-10-10T17:00:00Z,draw,0.26,0.27,0.265,0.01,414.32,1993.48,104.06,56.37,104.06,active,kalshi,2026-09-28T14:39:23.589115+00:00
soccer,EPL,KXEPLGAME-26OCT10IPSFUL,KXEPLGAME-26OCT10IPSFUL-IPS,,Ipswich,Fulham,2026-10-10T17:00:00Z,home,0.34,0.36,0.35,0.02,214.3,184.33,214.03,87.77,214.03,active,kalshi,2026-09-28T14:39:23.589115+00:00
soccer,EPL,KXEPLGAME-26OCT10MUNTOT,KXEPLGAME-26OCT10MUNTOT-TOT,,Man United,Tottenham,2026-10-10T19:30:00Z,away,0.2,0.23,0.21500000000000002,0.03,219.71,5240.01,1848.59,719.54,1846.13,active,kalshi,2026-09-28T14:39:23.589115+00:00
soccer,EPL,KXEPLGAME-26OCT10MUNTOT,KXEPLGAME-26OCT10MUNTOT-TIE,,Man United,Tottenham,2026-10-10T19:30:00Z,draw,0.21,0.22,0.215,0.01,1056.83,487.9,420.4,72.41,420.4,active,kalshi,2026-09-28T14:39:23.589115+00:00
soccer,EPL,KXEPLGAME-26OCT10MUNTOT,KXEPLGAME-26OCT10MUNTOT-MUN,,Man United,Tottenham,2026-10-10T19:30:00Z,home,0.56,0.57,0.565,0.01,62.57,60.31,6568.1,5008.86,6032.7,active,kalshi,2026-09-28T14:39:23.589115+00:00
soccer,EPL,KXEPLGAME-26OCT10SUNBRI,KXEPLGAME-26OCT10SUNBRI-BRI,,Sunderland,Brighton,2026-10-10T17:00:00Z,away,0.4,0.42,0.41000000000000003,0.02,46.2,162.88,5712.55,2003.79,4334.69,active,kalshi,2026-09-28T14:39:23.589115+00:00
soccer,EPL,KXEPLGAME-26OCT10SUNBRI,KXEPLGAME-26OCT10SUNBRI-TIE,,Sunderland,Brighton,2026-10-10T17:00:00Z,draw,0.26,0.27,0.265,0.01,382.22,611.54,769.54,71.46,425.0,active,kalshi,2026-09-28T14:39:23.589115+00:00
soccer,EPL,KXEPLGAME-26OCT10SUNBRI,KXEPLGAME-26OCT10SUNBRI-SUN,,Sunderland,Brighton,2026-10-10T17:00:00Z,home,0.3,0.33,0.315,0.03,1369.26,194.26,362.8,34.72,362.8,active,kalshi,2026-09-28T14:39:23.589115+00:00
soccer,EPL,KXEPLGAME-26OCT11CRYNFO,KXEPLGAME-26OCT11CRYNFO-NFO,,Crystal Palace,Nott'm Forest,2026-10-11T16:00:00Z,away,0.33,0.36,0.345,0.03,1325.79,127.82,2.58,0.0,2.58,active,kalshi,2026-09-28T14:39:23.589115+00:00
soccer,EPL,KXEPLGAME-26OCT11CRYNFO,KXEPLGAME-26OCT11CRYNFO-TIE,,Crystal Palace,Nott'm Forest,2026-10-11T16:00:00Z,draw,0.28,0.29,0.28500000000000003,0.01,337.82,4985.0,0.0,0.0,0.0,active,kalshi,2026-09-28T14:39:23.589115+00:00
soccer,EPL,KXEPLGAME-26OCT11CRYNFO,KXEPLGAME-26OCT11CRYNFO-CRY,,Crystal Palace,Nott'm Forest,2026-10-11T16:00:00Z,home,0.35,0.37,0.36,0.02,157.85,127.83,25.22,25.22,25.22,active,kalshi,2026-09-28T14:39:23.589115+00:00
soccer,EPL,KXEPLGAME-26OCT11HULEVE,KXEPLGAME-26OCT11HULEVE-EVE,,Hull,Everton,2026-10-11T16:00:00Z,away,0.45,0.47,0.45999999999999996,0.02,158.29,228.32,40.2,40.2,40.2,active,kalshi,2026-09-28T14:39:23.589115+00:00
soccer,EPL,KXEPLGAME-26OCT11HULEVE,KXEPLGAME-26OCT11HULEVE-TIE,,Hull,Everton,2026-10-11T16:00:00Z,draw,0.28,0.29,0.28500000000000003,0.01,338.27,1556.72,85.28,82.0,85.28,active,kalshi,2026-09-28T14:39:23.589115+00:00
soccer,EPL,KXEPLGAME-26OCT11HULEVE,KXEPLGAME-26OCT11HULEVE-HUL,,Hull,Everton,2026-10-11T16:00:00Z,home,0.23,0.26,0.245,0.03,279.33,128.29,198.41,198.41,198.41,active,kalshi,2026-09-28T14:39:23.589115+00:00
soccer,EPL,KXEPLGAME-26OCT11LFCMCI,KXEPLGAME-26OCT11LFCMCI-MCI,,Liverpool,Man City,2026-10-11T18:30:00Z,away,0.4,0.41,0.405,0.01,14.0,192.0,11113.53,10043.13,10711.64,active,kalshi,2026-09-28T14:39:23.589115+00:00
soccer,EPL,KXEPLGAME-26OCT11LFCMCI,KXEPLGAME-26OCT11LFCMCI-TIE,,Liverpool,Man City,2026-10-11T18:30:00Z,draw,0.25,0.26,0.255,0.01,240.0,2918.86,246.38,100.0,246.38,active,kalshi,2026-09-28T14:39:23.589115+00:00
soccer,EPL,KXEPLGAME-26OCT11LFCMCI,KXEPLGAME-26OCT11LFCMCI-LFC,,Liverpool,Man City,2026-10-11T18:30:00Z,home,0.35,0.36,0.355,0.01,901.97,160.0,2205.82,2139.6,2048.82,active,kalshi,2026-09-28T14:39:23.589115+00:00
soccer,EPL,KXEPLGAME-26OCT12COVNEW,KXEPLGAME-26OCT12COVNEW-NEW,,Coventry,Newcastle,2026-10-12T22:00:00Z,away,0.43,0.46,0.445,0.03,1370.14,173.15,68.0,68.0,68.0,active,kalshi,2026-09-28T14:39:23.589115+00:00
soccer,EPL,KXEPLGAME-26OCT12COVNEW,KXEPLGAME-26OCT12COVNEW-TIE,,Coventry,Newcastle,2026-10-12T22:00:00Z,draw,0.25,0.27,0.26,0.02,183.1,2000.0,0.0,0.0,0.0,active,kalshi,2026-09-28T14:39:23.589115+00:00
soccer,EPL,KXEPLGAME-26OCT12COVNEW,KXEPLGAME-26OCT12COVNEW-COV,,Coventry,Newcastle,2026-10-12T22:00:00Z,home,0.27,0.3,0.28500000000000003,0.03,183.13,5276.11,0.0,0.0,0.0,active,kalshi,2026-09-28T14:39:23.589115+00:00
soccer,EPL,KXEPLGAME-26OCT10ARSLEE,KXEPLGAME-26OCT10ARSLEE-LEE,,Arsenal,Leeds,2026-10-10T14:30:00Z,away,0.1,0.11,0.10500000000000001,0.01,937.02,198.01,3781.85,1629.38,2730.18,active,kalshi,2026-09-28T15:05:24.388918+00:00
soccer,EPL,KXEPLGAME-26OCT10ARSLEE,KXEPLGAME-26OCT10ARSLEE-TIE,,Arsenal,Leeds,2026-10-10T14:30:00Z,draw,0.17,0.19,0.18,0.02,1144.0,4787.67,302.32,132.24,285.32,active,kalshi,2026-09-28T15:05:24.388918+00:00
soccer,EPL,KXEPLGAME-26OCT10ARSLEE,KXEPLGAME-26OCT10ARSLEE-ARS,,Arsenal,Leeds,2026-10-10T14:30:00Z,home,0.72,0.73,0.725,0.01,76.48,1128.85,16074.32,3057.48,14725.34,active,kalshi,2026-09-28T15:05:24.388918+00:00
soccer,EPL,KXEPLGAME-26OCT10AVLBRE,KXEPLGAME-26OCT10AVLBRE-BRE,,Aston Villa,Brentford,2026-10-10T17:00:00Z,away,0.36,0.38,0.37,0.02,56.0,1568.34,1317.38,558.84,1206.94,active,kalshi,2026-09-28T15:05:24.388918+00:00
soccer,EPL,KXEPLGAME-26OCT10AVLBRE,KXEPLGAME-26OCT10AVLBRE-TIE,,Aston Villa,Brentford,2026-10-10T17:00:00Z,draw,0.26,0.28,0.27,0.02,390.94,4974.34,849.64,760.0,849.64,active,kalshi,2026-09-28T15:05:24.388918+00:00
soccer,EPL,KXEPLGAME-26OCT10AVLBRE,KXEPLGAME-26OCT10AVLBRE-AVL,,Aston Villa,Brentford,2026-10-10T17:00:00Z,home,0.35,0.37,0.36,0.02,267.35,1625.1,911.56,305.68,851.56,active,kalshi,2026-09-28T15:05:24.388918+00:00
soccer,EPL,KXEPLGAME-26OCT10CFCBOU,KXEPLGAME-26OCT10CFCBOU-BOU,,Chelsea,Bournemouth,2026-10-10T17:00:00Z,away,0.2,0.21,0.20500000000000002,0.01,171.41,1126.4,296.82,29.04,296.82,active,kalshi,2026-09-28T15:05:24.388918+00:00
soccer,EPL,KXEPLGAME-26OCT10CFCBOU,KXEPLGAME-26OCT10CFCBOU-TIE,,Chelsea,Bournemouth,2026-10-10T17:00:00Z,draw,0.22,0.23,0.225,0.01,472.42,854.12,557.01,82.88,555.01,active,kalshi,2026-09-28T15:05:24.388918+00:00
soccer,EPL,KXEPLGAME-26OCT10CFCBOU,KXEPLGAME-26OCT10CFCBOU-CFC,,Chelsea,Bournemouth,2026-10-10T17:00:00Z,home,0.56,0.57,0.565,0.01,69.79,94.38,14913.55,222.47,13865.49,active,kalshi,2026-09-28T15:05:24.388918+00:00
soccer,EPL,KXEPLGAME-26OCT10IPSFUL,KXEPLGAME-26OCT10IPSFUL-FUL,,Ipswich,Fulham,2026-10-10T17:00:00Z,away,0.36,0.39,0.375,0.03,258.33,1471.32,495.2,303.76,372.26,active,kalshi,2026-09-28T15:05:24.388918+00:00
soccer,EPL,KXEPLGAME-26OCT10IPSFUL,KXEPLGAME-26OCT10IPSFUL-TIE,,Ipswich,Fulham,2026-10-10T17:00:00Z,draw,0.26,0.27,0.265,0.01,414.32,1990.48,107.06,59.37,107.06,active,kalshi,2026-09-28T15:05:24.388918+00:00
soccer,EPL,KXEPLGAME-26OCT10IPSFUL,KXEPLGAME-26OCT10IPSFUL-IPS,,Ipswich,Fulham,2026-10-10T17:00:00Z,home,0.34,0.36,0.35,0.02,214.3,184.33,214.03,87.77,214.03,active,kalshi,2026-09-28T15:05:24.388918+00:00
soccer,EPL,KXEPLGAME-26OCT10MUNTOT,KXEPLGAME-26OCT10MUNTOT-TOT,,Man United,Tottenham,2026-10-10T19:30:00Z,away,0.2,0.23,0.21500000000000002,0.03,387.71,5240.01,1848.59,719.54,1846.13,active,kalshi,2026-09-28T15:05:24.388918+00:00
soccer,EPL,KXEPLGAME-26OCT10MUNTOT,KXEPLGAME-26OCT10MUNTOT-TIE,,Man United,Tottenham,2026-10-10T19:30:00Z,draw,0.21,0.22,0.215,0.01,1056.83,487.9,420.4,72.41,420.4,active,kalshi,2026-09-28T15:05:24.388918+00:00
soccer,EPL,KXEPLGAME-26OCT10MUNTOT,KXEPLGAME-26OCT10MUNTOT-MUN,,Man United,Tottenham,2026-10-10T19:30:00Z,home,0.56,0.57,0.565,0.01,66.35,145.42,6592.61,5023.78,6057.21,active,kalshi,2026-09-28T15:05:24.388918+00:00
soccer,EPL,KXEPLGAME-26OCT10SUNBRI,KXEPLGAME-26OCT10SUNBRI-BRI,,Sunderland,Brighton,2026-10-10T17:00:00Z,away,0.4,0.42,0.41000000000000003,0.02,240.2,198.88,5712.55,2001.51,4334.69,active,kalshi,2026-09-28T15:05:24.388918+00:00
soccer,EPL,KXEPLGAME-26OCT10SUNBRI,KXEPLGAME-26OCT10SUNBRI-TIE,,Sunderland,Brighton,2026-10-10T17:00:00Z,draw,0.26,0.27,0.265,0.01,382.22,608.54,772.54,74.46,428.0,active,kalshi,2026-09-28T15:05:24.388918+00:00
soccer,EPL,KXEPLGAME-26OCT10SUNBRI,KXEPLGAME-26OCT10SUNBRI-SUN,,Sunderland,Brighton,2026-10-10T17:00:00Z,home,0.31,0.33,0.32,0.02,200.0,194.26,362.8,34.72,362.8,active,kalshi,2026-09-28T15:05:24.388918+00:00
soccer,EPL,KXEPLGAME-26OCT11CRYNFO,KXEPLGAME-26OCT11CRYNFO-NFO,,Crystal Palace,Nott'm Forest,2026-10-11T16:00:00Z,away,0.34,0.36,0.35,0.02,199.0,127.82,2.58,0.0,2.58,active,kalshi,2026-09-28T15:05:24.388918+00:00
soccer,EPL,KXEPLGAME-26OCT11CRYNFO,KXEPLGAME-26OCT11CRYNFO-TIE,,Crystal Palace,Nott'm Forest,2026-10-11T16:00:00Z,draw,0.28,0.29,0.28500000000000003,0.01,337.82,4985.0,0.0,0.0,0.0,active,kalshi,2026-09-28T15:05:24.388918+00:00
soccer,EPL,KXEPLGAME-26OCT11CRYNFO,KXEPLGAME-26OCT11CRYNFO-CRY,,Crystal Palace,Nott'm Forest,2026-10-11T16:00:00Z,home,0.35,0.37,0.36,0.02,287.85,127.83,25.22,25.22,25.22,active,kalshi,2026-09-28T15:05:24.388918+00:00
soccer,EPL,KXEPLGAME-26OCT11HULEVE,KXEPLGAME-26OCT11HULEVE-EVE,,Hull,Everton,2026-10-11T16:00:00Z,away,0.45,0.47,0.45999999999999996,0.02,158.29,228.32,40.2,40.2,40.2,active,kalshi,2026-09-28T15:05:24.388918+00:00
soccer,EPL,KXEPLGAME-26OCT11HULEVE,KXEPLGAME-26OCT11HULEVE-TIE,,Hull,Everton,2026-10-11T16:00:00Z,draw,0.28,0.29,0.28500000000000003,0.01,338.27,1556.72,85.28,82.0,85.28,active,kalshi,2026-09-28T15:05:24.388918+00:00
soccer,EPL,KXEPLGAME-26OCT11HULEVE,KXEPLGAME-26OCT11HULEVE-HUL,,Hull,Everton,2026-10-11T16:00:00Z,home,0.23,0.26,0.245,0.03,279.33,128.29,198.41,198.41,198.41,active,kalshi,2026-09-28T15:05:24.388918+00:00
soccer,EPL,KXEPLGAME-26OCT11LFCMCI,KXEPLGAME-26OCT11LFCMCI-MCI,,Liverpool,Man City,2026-10-11T18:30:00Z,away,0.39,0.41,0.4,0.02,56.0,463.32,11207.21,10058.43,10805.32,active,kalshi,2026-09-28T15:05:24.388918+00:00
soccer,EPL,KXEPLGAME-26OCT11LFCMCI,KXEPLGAME-26OCT11LFCMCI-TIE,,Liverpool,Man City,2026-10-11T18:30:00Z,draw,0.25,0.26,0.255,0.01,240.0,2918.86,246.38,100.0,246.38,active,kalshi,2026-09-28T15:05:24.388918+00:00
soccer,EPL,KXEPLGAME-26OCT11LFCMCI,KXEPLGAME-26OCT11LFCMCI-LFC,,Liverpool,Man City,2026-10-11T18:30:00Z,home,0.35,0.37,0.36,0.02,901.97,4909.51,2205.82,2127.6,2048.82,active,kalshi,2026-09-28T15:05:24.388918+00:00
soccer,EPL,KXEPLGAME-26OCT12COVNEW,KXEPLGAME-26OCT12COVNEW-NEW,,Coventry,Newcastle,2026-10-12T22:00:00Z,away,0.43,0.46,0.445,0.03,1370.14,173.15,68.0,68.0,68.0,active,kalshi,2026-09-28T15:05:24.388918+00:00
soccer,EPL,KXEPLGAME-26OCT12COVNEW,KXEPLGAME-26OCT12COVNEW-TIE,,Coventry,Newcastle,2026-10-12T22:00:00Z,draw,0.25,0.27,0.26,0.02,183.1,2000.0,0.0,0.0,0.0,active,kalshi,2026-09-28T15:05:24.388918+00:00
soccer,EPL,KXEPLGAME-26OCT12COVNEW,KXEPLGAME-26OCT12COVNEW-COV,,Coventry,Newcastle,2026-10-12T22:00:00Z,home,0.27,0.3,0.28500000000000003,0.03,183.13,5276.11,0.0,0.0,0.0,active,kalshi,2026-09-28T15:05:24.388918+00:00
soccer,EPL,KXEPLGAME-26OCT10ARSLEE,KXEPLGAME-26OCT10ARSLEE-LEE,,Arsenal,Leeds,2026-10-10T14:30:00Z,away,0.1,0.11,0.10500000000000001,0.01,933.25,142.01,3782.85,1594.38,2731.18,active,kalshi,2026-09-28T15:38:44.268916+00:00
soccer,EPL,KXEPLGAME-26OCT10ARSLEE,KXEPLGAME-26OCT10ARSLEE-TIE,,Arsenal,Leeds,2026-10-10T14:30:00Z,draw,0.17,0.19,0.18,0.02,1750.0,4787.67,302.32,132.24,285.32,active,kalshi,2026-09-28T15:38:44.268916+00:00
soccer,EPL,KXEPLGAME-26OCT10ARSLEE,KXEPLGAME-26OCT10ARSLEE-ARS,,Arsenal,Leeds,2026-10-10T14:30:00Z,home,0.72,0.73,0.725,0.01,76.08,5028.0,16074.32,3029.5,14725.34,active,kalshi,2026-09-28T15:38:44.268916+00:00
soccer,EPL,KXEPLGAME-26OCT10AVLBRE,KXEPLGAME-26OCT10AVLBRE-BRE,,Aston Villa,Brentford,2026-10-10T17:00:00Z,away,0.36,0.38,0.37,0.02,56.0,1568.34,1317.38,521.62,1206.94,active,kalshi,2026-09-28T15:38:44.268916+00:00
soccer,EPL,KXEPLGAME-26OCT10AVLBRE,KXEPLGAME-26OCT10AVLBRE-TIE,,Aston Villa,Brentford,2026-10-10T17:00:00Z,draw,0.26,0.28,0.27,0.02,388.03,4974.36,852.64,763.0,849.64,active,kalshi,2026-09-28T15:38:44.268916+00:00
soccer,EPL,KXEPLGAME-26OCT10AVLBRE,KXEPLGAME-26OCT10AVLBRE-AVL,,Aston Villa,Brentford,2026-10-10T17:00:00Z,home,0.35,0.37,0.36,0.02,267.36,1625.75,911.56,305.68,851.56,active,kalshi,2026-09-28T15:38:44.268916+00:00
soccer,EPL,KXEPLGAME-26OCT10CFCBOU,KXEPLGAME-26OCT10CFCBOU-BOU,,Chelsea,Bournemouth,2026-10-10T17:00:00Z,away,0.2,0.21,0.20500000000000002,0.01,171.45,1081.31,341.91,74.13,341.91,active,kalshi,2026-09-28T15:38:44.268916+00:00
soccer,EPL,KXEPLGAME-26OCT10CFCBOU,KXEPLGAME-26OCT10CFCBOU-TIE,,Chelsea,Bournemouth,2026-10-10T17:00:00Z,draw,0.22,0.23,0.225,0.01,472.45,869.12,557.01,62.88,555.01,active,kalshi,2026-09-28T15:38:44.268916+00:00
soccer,EPL,KXEPLGAME-26OCT10CFCBOU,KXEPLGAME-26OCT10CFCBOU-CFC,,Chelsea,Bournemouth,2026-10-10T17:00:00Z,home,0.56,0.57,0.565,0.01,68.8,7.0,14913.55,200.96,13865.49,active,kalshi,2026-09-28T15:38:44.268916+00:00
soccer,EPL,KXEPLGAME-26OCT10IPSFUL,KXEPLGAME-26OCT10IPSFUL-FUL,,Ipswich,Fulham,2026-10-10T17:00:00Z,away,0.36,0.39,0.375,0.03,261.34,1564.33,495.2,303.76,372.26,active,kalshi,2026-09-28T15:38:44.268916+00:00
soccer,EPL,KXEPLGAME-26OCT10IPSFUL,KXEPLGAME-26OCT10IPSFUL-TIE,,Ipswich,Fulham,2026-10-10T17:00:00Z,draw,0.26,0.27,0.265,0.01,414.33,1990.48,107.06,59.37,107.06,active,kalshi,2026-09-28T15:38:44.268916+00:00
soccer,EPL,KXEPLGAME-26OCT10IPSFUL,KXEPLGAME-26OCT10IPSFUL-IPS,,Ipswich,Fulham,2026-10-10T17:00:00Z,home,0.34,0.36,0.35,0.02,214.36,184.34,214.03,87.77,214.03,active,kalshi,2026-09-28T15:38:44.268916+00:00
soccer,EPL,KXEPLGAME-26OCT10MUNTOT,KXEPLGAME-26OCT10MUNTOT-TOT,,Man United,Tottenham,2026-10-10T19:30:00Z,away,0.21,0.23,0.22,0.02,171.79,4863.68,2224.99,719.54,2222.53,active,kalshi,2026-09-28T15:38:44.268916+00:00
soccer,EPL,KXEPLGAME-26OCT10MUNTOT,KXEPLGAME-26OCT10MUNTOT-TIE,,Man United,Tottenham,2026-10-10T19:30:00Z,draw,0.21,0.22,0.215,0.01,1599.79,596.9,420.4,72.41,420.4,active,kalshi,2026-09-28T15:38:44.268916+00:00
soccer,EPL,KXEPLGAME-26OCT10MUNTOT,KXEPLGAME-26OCT10MUNTOT-MUN,,Man United,Tottenham,2026-10-10T19:30:00Z,home,0.56,0.57,0.565,0.01,38.59,398.38,6592.61,5031.12,6057.21,active,kalshi,2026-09-28T15:38:44.268916+00:00
soccer,EPL,KXEPLGAME-26OCT10SUNBRI,KXEPLGAME-26OCT10SUNBRI-BRI,,Sunderland,Brighton,2026-10-10T17:00:00Z,away,0.4,0.42,0.41000000000000003,0.02,329.62,172.15,5735.42,2024.38,4357.56,active,kalshi,2026-09-28T15:38:44.268916+00:00
soccer,EPL,KXEPLGAME-26OCT10SUNBRI,KXEPLGAME-26OCT10SUNBRI-TIE,,Sunderland,Brighton,2026-10-10T17:00:00Z,draw,0.26,0.27,0.265,0.01,376.36,608.54,772.54,56.85,428.0,active,kalshi,2026-09-28T15:38:44.268916+00:00
soccer,EPL,KXEPLGAME-26OCT10SUNBRI,KXEPLGAME-26OCT10SUNBRI-SUN,,Sunderland,Brighton,2026-10-10T17:00:00Z,home,0.31,0.33,0.32,0.02,200.0,194.27,362.8,34.72,362.8,active,kalshi,2026-09-28T15:38:44.268916+00:00
soccer,EPL,KXEPLGAME-26OCT11CRYNFO,KXEPLGAME-26OCT11CRYNFO-NFO,,Crystal Palace,Nott'm Forest,2026-10-11T16:00:00Z,away,0.34,0.36,0.35,0.02,199.0,221.59,15.85,13.27,15.85,active,kalshi,2026-09-28T15:38:44.268916+00:00
soccer,EPL,KXEPLGAME-26OCT11CRYNFO,KXEPLGAME-26OCT11CRYNFO-TIE,,Crystal Palace,Nott'm Forest,2026-10-11T16:00:00Z,draw,0.28,0.29,0.28500000000000003,0.01,337.84,4985.0,0.0,0.0,0.0,active,kalshi,2026-09-28T15:38:44.268916+00:00
soccer,EPL,KXEPLGAME-26OCT11CRYNFO,KXEPLGAME-26OCT11CRYNFO-CRY,,Crystal Palace,Nott'm Forest,2026-10-11T16:00:00Z,home,0.35,0.37,0.36,0.02,287.85,127.87,25.22,25.22,25.22,active,kalshi,2026-09-28T15:38:44.268916+00:00
soccer,EPL,KXEPLGAME-26OCT11HULEVE,KXEPLGAME-26OCT11HULEVE-EVE,,Hull,Everton,2026-10-11T16:00:00Z,away,0.45,0.47,0.45999999999999996,0.02,158.32,128.34,40.2,40.2,40.2,active,kalshi,2026-09-28T15:38:44.268916+00:00
soccer,EPL,KXEPLGAME-26OCT11HULEVE,KXEPLGAME-26OCT11HULEVE-TIE,,Hull,Everton,2026-10-11T16:00:00Z,draw,0.28,0.29,0.28500000000000003,0.01,338.32,1556.72,85.28,82.0,85.28,active,kalshi,2026-09-28T15:38:44.268916+00:00
soccer,EPL,KXEPLGAME-26OCT11HULEVE,KXEPLGAME-26OCT11HULEVE-HUL,,Hull,Everton,2026-10-11T16:00:00Z,home,0.23,0.26,0.245,0.03,254.31,128.34,198.41,187.41,198.41,active,kalshi,2026-09-28T15:38:44.268916+00:00
soccer,EPL,KXEPLGAME-26OCT11LFCMCI,KXEPLGAME-26OCT11LFCMCI-MCI,,Liverpool,Man City,2026-10-11T18:30:00Z,away,0.39,0.4,0.395,0.01,191.68,26.1,11286.55,10017.89,10840.29,active,kalshi,2026-09-28T15:38:44.268916+00:00
soccer,EPL,KXEPLGAME-26OCT11LFCMCI,KXEPLGAME-26OCT11LFCMCI-TIE,,Liverpool,Man City,2026-10-11T18:30:00Z,draw,0.25,0.26,0.255,0.01,240.0,2918.92,246.38,100.0,246.38,active,kalshi,2026-09-28T15:38:44.268916+00:00
soccer,EPL,KXEPLGAME-26OCT11LFCMCI,KXEPLGAME-26OCT11LFCMCI-LFC,,Liverpool,Man City,2026-10-11T18:30:00Z,home,0.35,0.37,0.36,0.02,963.12,4942.77,2217.82,2126.6,2060.82,active,kalshi,2026-09-28T15:38:44.268916+00:00
soccer,EPL,KXEPLGAME-26OCT12COVNEW,KXEPLGAME-26OCT12COVNEW-NEW,,Coventry,Newcastle,2026-10-12T22:00:00Z,away,0.43,0.46,0.445,0.03,1370.16,172.71,78.45,78.45,78.45,active,kalshi,2026-09-28T15:38:44.268916+00:00
soccer,EPL,KXEPLGAME-26OCT12COVNEW,KXEPLGAME-26OCT12COVNEW-TIE,,Coventry,Newcastle,2026-10-12T22:00:00Z,draw,0.25,0.27,0.26,0.02,183.16,2000.0,0.0,0.0,0.0,active,kalshi,2026-09-28T15:38:44.268916+00:00
soccer,EPL,KXEPLGAME-26OCT12COVNEW,KXEPLGAME-26OCT12COVNEW-COV,,Coventry,Newcastle,2026-10-12T22:00:00Z,home,0.27,0.3,0.28500000000000003,0.03,183.13,5276.14,0.0,0.0,0.0,active,kalshi,2026-09-28T15:38:44.268916+00:00
soccer,EPL,KXEPLGAME-26OCT10ARSLEE,KXEPLGAME-26OCT10ARSLEE-LEE,,Arsenal,Leeds,2026-10-10T14:30:00Z,away,0.1,0.11,0.10500000000000001,0.01,937.9,142.0,3862.85,1674.38,2811.18,active,kalshi,2026-09-28T16:04:00.388145+00:00
soccer,EPL,KXEPLGAME-26OCT10ARSLEE,KXEPLGAME-26OCT10ARSLEE-TIE,,Arsenal,Leeds,2026-10-10T14:30:00Z,draw,0.17,0.19,0.18,0.02,1750.0,4787.67,302.32,132.24,285.32,active,kalshi,2026-09-28T16:04:00.388145+00:00
soccer,EPL,KXEPLGAME-26OCT10ARSLEE,KXEPLGAME-26OCT10ARSLEE-ARS,,Arsenal,Leeds,2026-10-10T14:30:00Z,home,0.72,0.73,0.725,0.01,76.08,5028.0,16074.32,3028.14,14725.34,active,kalshi,2026-09-28T16:04:00.388145+00:00
soccer,EPL,KXEPLGAME-26OCT10AVLBRE,KXEPLGAME-26OCT10AVLBRE-BRE,,Aston Villa,Brentford,2026-10-10T17:00:00Z,away,0.36,0.38,0.37,0.02,56.0,1568.34,1317.38,521.62,1206.94,active,kalshi,2026-09-28T16:04:00.388145+00:00
soccer,EPL,KXEPLGAME-26OCT10AVLBRE,KXEPLGAME-26OCT10AVLBRE-TIE,,Aston Villa,Brentford,2026-10-10T17:00:00Z,draw,0.26,0.28,0.27,0.02,388.03,4974.36,852.64,763.0,849.64,active,kalshi,2026-09-28T16:04:00.388145+00:00
soccer,EPL,KXEPLGAME-26OCT10AVLBRE,KXEPLGAME-26OCT10AVLBRE-AVL,,Aston Villa,Brentford,2026-10-10T17:00:00Z,home,0.35,0.37,0.36,0.02,267.36,1625.75,911.56,305.68,851.56,active,kalshi,2026-09-28T16:04:00.388145+00:00
soccer,EPL,KXEPLGAME-26OCT10CFCBOU,KXEPLGAME-26OCT10CFCBOU-BOU,,Chelsea,Bournemouth,2026-10-10T17:00:00Z,away,0.2,0.21,0.20500000000000002,0.01,171.45,1081.31,341.91,74.13,341.91,active,kalshi,2026-09-28T16:04:00.388145+00:00
soccer,EPL,KXEPLGAME-26OCT10CFCBOU,KXEPLGAME-26OCT10CFCBOU-TIE,,Chelsea,Bournemouth,2026-10-10T17:00:00Z,draw,0.22,0.23,0.225,0.01,872.45,899.12,557.01,62.88,555.01,active,kalshi,2026-09-28T16:04:00.388145+00:00
soccer,EPL,KXEPLGAME-26OCT10CFCBOU,KXEPLGAME-26OCT10CFCBOU-CFC,,Chelsea,Bournemouth,2026-10-10T17:00:00Z,home,0.56,0.57,0.565,0.01,96.79,3.99,15048.55,335.96,13993.49,active,kalshi,2026-09-28T16:04:00.388145+00:00
soccer,EPL,KXEPLGAME-26OCT10IPSFUL,KXEPLGAME-26OCT10IPSFUL-FUL,,Ipswich,Fulham,2026-10-10T17:00:00Z,away,0.36,0.39,0.375,0.03,261.34,1564.33,495.2,291.47,372.26,active,kalshi,2026-09-28T16:04:00.388145+00:00
soccer,EPL,KXEPLGAME-26OCT10IPSFUL,KXEPLGAME-26OCT10IPSFUL-TIE,,Ipswich,Fulham,2026-10-10T17:00:00Z,draw,0.26,0.27,0.265,0.01,414.33,1990.48,107.06,59.37,107.06,active,kalshi,2026-09-28T16:04:00.388145+00:00
soccer,EPL,KXEPLGAME-26OCT10IPSFUL,KXEPLGAME-26OCT10IPSFUL-IPS,,Ipswich,Fulham,2026-10-10T17:00:00Z,home,0.34,0.36,0.35,0.02,214.36,184.34,214.03,87.77,214.03,active,kalshi,2026-09-28T16:04:00.388145+00:00
soccer,EPL,KXEPLGAME-26OCT10MUNTOT,KXEPLGAME-26OCT10MUNTOT-TOT,,Man United,Tottenham,2026-10-10T19:30:00Z,away,0.21,0.23,0.22,0.02,171.79,4970.68,2224.99,1095.94,2222.53,active,kalshi,2026-09-28T16:04:00.388145+00:00
soccer,EPL,KXEPLGAME-26OCT10MUNTOT,KXEPLGAME-26OCT10MUNTOT-TIE,,Man United,Tottenham,2026-10-10T19:30:00Z,draw,0.21,0.22,0.215,0.01,1599.79,788.9,420.4,72.41,420.4,active,kalshi,2026-09-28T16:04:00.388145+00:00
soccer,EPL,KXEPLGAME-26OCT10MUNTOT,KXEPLGAME-26OCT10MUNTOT-MUN,,Man United,Tottenham,2026-10-10T19:30:00Z,home,0.56,0.57,0.565,0.01,53.04,210.42,6877.82,5266.77,6342.42,active,kalshi,2026-09-28T16:04:00.388145+00:00
soccer,EPL,KXEPLGAME-26OCT10SUNBRI,KXEPLGAME-26OCT10SUNBRI-BRI,,Sunderland,Brighton,2026-10-10T17:00:00Z,away,0.4,0.42,0.41000000000000003,0.02,329.02,172.15,5735.42,1304.05,4357.56,active,kalshi,2026-09-28T16:04:00.388145+00:00
soccer,EPL,KXEPLGAME-26OCT10SUNBRI,KXEPLGAME-26OCT10SUNBRI-TIE,,Sunderland,Brighton,2026-10-10T17:00:00Z,draw,0.26,0.27,0.265,0.01,376.36,608.54,772.54,56.85,428.0,active,kalshi,2026-09-28T16:04:00.388145+00:00
soccer,EPL,KXEPLGAME-26OCT10SUNBRI,KXEPLGAME-26OCT10SUNBRI-SUN,,Sunderland,Brighton,2026-10-10T17:00:00Z,home,0.31,0.33,0.32,0.02,200.0,194.27,362.8,34.72,362.8,active,kalshi,2026-09-28T16:04:00.388145+00:00
soccer,EPL,KXEPLGAME-26OCT11CRYNFO,KXEPLGAME-26OCT11CRYNFO-NFO,,Crystal Palace,Nott'm Forest,2026-10-11T16:00:00Z,away,0.34,0.36,0.35,0.02,199.0,221.59,15.85,13.27,15.85,active,kalshi,2026-09-28T16:04:00.388145+00:00
soccer,EPL,KXEPLGAME-26OCT11CRYNFO,KXEPLGAME-26OCT11CRYNFO-TIE,,Crystal Palace,Nott'm Forest,2026-10-11T16:00:00Z,draw,0.28,0.29,0.28500000000000003,0.01,337.84,4985.0,0.0,0.0,0.0,active,kalshi,2026-09-28T16:04:00.388145+00:00
soccer,EPL,KXEPLGAME-26OCT11CRYNFO,KXEPLGAME-26OCT11CRYNFO-CRY,,Crystal Palace,Nott'm Forest,2026-10-11T16:00:00Z,home,0.35,0.37,0.36,0.02,287.85,127.87,25.22,25.22,25.22,active,kalshi,2026-09-28T16:04:00.388145+00:00
soccer,EPL,KXEPLGAME-26OCT11HULEVE,KXEPLGAME-26OCT11HULEVE-EVE,,Hull,Everton,2026-10-11T16:00:00Z,away,0.45,0.47,0.45999999999999996,0.02,158.32,228.34,40.2,40.2,40.2,active,kalshi,2026-09-28T16:04:00.388145+00:00
soccer,EPL,KXEPLGAME-26OCT11HULEVE,KXEPLGAME-26OCT11HULEVE-TIE,,Hull,Everton,2026-10-11T16:00:00Z,draw,0.28,0.29,0.28500000000000003,0.01,338.32,1556.72,85.28,82.0,85.28,active,kalshi,2026-09-28T16:04:00.388145+00:00
soccer,EPL,KXEPLGAME-26OCT11HULEVE,KXEPLGAME-26OCT11HULEVE-HUL,,Hull,Everton,2026-10-11T16:00:00Z,home,0.23,0.26,0.245,0.03,254.31,128.34,198.41,187.41,198.41,active,kalshi,2026-09-28T16:04:00.388145+00:00
soccer,EPL,KXEPLGAME-26OCT11LFCMCI,KXEPLGAME-26OCT11LFCMCI-MCI,,Liverpool,Man City,2026-10-11T18:30:00Z,away,0.39,0.41,0.4,0.02,916.71,417.72,11414.49,9851.83,10968.23,active,kalshi,2026-09-28T16:04:00.388145+00:00
soccer,EPL,KXEPLGAME-26OCT11LFCMCI,KXEPLGAME-26OCT11LFCMCI-TIE,,Liverpool,Man City,2026-10-11T18:30:00Z,draw,0.25,0.26,0.255,0.01,240.0,2931.92,246.38,100.0,246.38,active,kalshi,2026-09-28T16:04:00.388145+00:00
soccer,EPL,KXEPLGAME-26OCT11LFCMCI,KXEPLGAME-26OCT11LFCMCI-LFC,,Liverpool,Man City,2026-10-11T18:30:00Z,home,0.35,0.36,0.355,0.01,200.0,6123.25,2228.98,2137.76,2071.98,active,kalshi,2026-09-28T16:04:00.388145+00:00
soccer,EPL,KXEPLGAME-26OCT12COVNEW,KXEPLGAME-26OCT12COVNEW-NEW,,Coventry,Newcastle,2026-10-12T22:00:00Z,away,0.43,0.46,0.445,0.03,1370.16,183.19,182.45,78.45,182.45,active,kalshi,2026-09-28T16:04:00.388145+00:00
soccer,EPL,KXEPLGAME-26OCT12COVNEW,KXEPLGAME-26OCT12COVNEW-TIE,,Coventry,Newcastle,2026-10-12T22:00:00Z,draw,0.25,0.27,0.26,0.02,183.16,2000.0,0.0,0.0,0.0,active,kalshi,2026-09-28T16:04:00.388145+00:00
soccer,EPL,KXEPLGAME-26OCT12COVNEW,KXEPLGAME-26OCT12COVNEW-COV,,Coventry,Newcastle,2026-10-12T22:00:00Z,home,0.27,0.3,0.28500000000000003,0.03,183.13,5276.14,0.0,0.0,0.0,active,kalshi,2026-09-28T16:04:00.388145+00:00
soccer,EPL,KXEPLGAME-26OCT10ARSLEE,KXEPLGAME-26OCT10ARSLEE-LEE,,Arsenal,Leeds,2026-10-10T14:30:00Z,away,0.1,0.11,0.10500000000000001,0.01,937.9,142.0,3862.85,1674.38,2811.18,active,kalshi,2026-09-28T16:38:07.672560+00:00
soccer,EPL,KXEPLGAME-26OCT10ARSLEE,KXEPLGAME-26OCT10ARSLEE-TIE,,Arsenal,Leeds,2026-10-10T14:30:00Z,draw,0.17,0.19,0.18,0.02,1750.0,4787.67,302.32,132.24,285.32,active,kalshi,2026-09-28T16:38:07.672560+00:00
soccer,EPL,KXEPLGAME-26OCT10ARSLEE,KXEPLGAME-26OCT10ARSLEE-ARS,,Arsenal,Leeds,2026-10-10T14:30:00Z,home,0.72,0.73,0.725,0.01,48.28,5027.71,16074.61,3028.43,14725.63,active,kalshi,2026-09-28T16:38:07.672560+00:00
soccer,EPL,KXEPLGAME-26OCT10AVLBRE,KXEPLGAME-26OCT10AVLBRE-BRE,,Aston Villa,Brentford,2026-10-10T17:00:00Z,away,0.36,0.38,0.37,0.02,56.0,1568.34,1317.38,521.62,1206.94,active,kalshi,2026-09-28T16:38:07.672560+00:00
soccer,EPL,KXEPLGAME-26OCT10AVLBRE,KXEPLGAME-26OCT10AVLBRE-TIE,,Aston Villa,Brentford,2026-10-10T17:00:00Z,draw,0.26,0.28,0.27,0.02,388.03,4971.06,855.94,77.3,852.94,active,kalshi,2026-09-28T16:38:07.672560+00:00
soccer,EPL,KXEPLGAME-26OCT10AVLBRE,KXEPLGAME-26OCT10AVLBRE-AVL,,Aston Villa,Brentford,2026-10-10T17:00:00Z,home,0.35,0.37,0.36,0.02,267.36,1595.75,911.56,305.68,851.56,active,kalshi,2026-09-28T16:38:07.672560+00:00
soccer,EPL,KXEPLGAME-26OCT10CFCBOU,KXEPLGAME-26OCT10CFCBOU-BOU,,Chelsea,Bournemouth,2026-10-10T17:00:00Z,away,0.2,0.21,0.20500000000000002,0.01,171.45,1081.31,341.91,74.13,341.91,active,kalshi,2026-09-28T16:38:07.672560+00:00
soccer,EPL,KXEPLGAME-26OCT10CFCBOU,KXEPLGAME-26OCT10CFCBOU-TIE,,Chelsea,Bournemouth,2026-10-10T17:00:00Z,draw,0.22,0.23,0.225,0.01,872.45,899.12,557.01,62.88,555.01,active,kalshi,2026-09-28T16:38:07.672560+00:00
soccer,EPL,KXEPLGAME-26OCT10CFCBOU,KXEPLGAME-26OCT10CFCBOU-CFC,,Chelsea,Bournemouth,2026-10-10T17:00:00Z,home,0.56,0.58,0.5700000000000001,0.02,96.39,290.42,15048.55,335.96,13993.49,active,kalshi,2026-09-28T16:38:07.672560+00:00
soccer,EPL,KXEPLGAME-26OCT10IPSFUL,KXEPLGAME-26OCT10IPSFUL-FUL,,Ipswich,Fulham,2026-10-10T17:00:00Z,away,0.36,0.39,0.375,0.03,260.34,1564.33,495.2,291.47,372.26,active,kalshi,2026-09-28T16:38:07.672560+00:00
soccer,EPL,KXEPLGAME-26OCT10IPSFUL,KXEPLGAME-26OCT10IPSFUL-TIE,,Ipswich,Fulham,2026-10-10T17:00:00Z,draw,0.26,0.27,0.265,0.01,414.33,1990.48,107.06,59.37,107.06,active,kalshi,2026-09-28T16:38:07.672560+00:00
soccer,EPL,KXEPLGAME-26OCT10IPSFUL,KXEPLGAME-26OCT10IPSFUL-IPS,,Ipswich,Fulham,2026-10-10T17:00:00Z,home,0.34,0.36,0.35,0.02,214.36,184.34,214.03,36.0,214.03,active,kalshi,2026-09-28T16:38:07.672560+00:00
soccer,EPL,KXEPLGAME-26OCT10MUNTOT,KXEPLGAME-26OCT10MUNTOT-TOT,,Man United,Tottenham,2026-10-10T19:30:00Z,away,0.2,0.23,0.21500000000000002,0.03,393.92,4960.68,2234.99,1095.94,2232.53,active,kalshi,2026-09-28T16:38:07.672560+00:00
soccer,EPL,KXEPLGAME-26OCT10MUNTOT,KXEPLGAME-26OCT10MUNTOT-TIE,,Man United,Tottenham,2026-10-10T19:30:00Z,draw,0.21,0.22,0.215,0.01,1599.79,812.9,420.4,72.41,420.4,active,kalshi,2026-09-28T16:38:07.672560+00:00
soccer,EPL,KXEPLGAME-26OCT10MUNTOT,KXEPLGAME-26OCT10MUNTOT-MUN,,Man United,Tottenham,2026-10-10T19:30:00Z,home,0.56,0.57,0.565,0.01,62.17,175.2,6910.82,5299.77,6375.42,active,kalshi,2026-09-28T16:38:07.672560+00:00
soccer,EPL,KXEPLGAME-26OCT10SUNBRI,KXEPLGAME-26OCT10SUNBRI-BRI,,Sunderland,Brighton,2026-10-10T17:00:00Z,away,0.4,0.42,0.41000000000000003,0.02,329.02,172.15,5735.42,1304.05,4357.56,active,kalshi,2026-09-28T16:38:07.672560+00:00
soccer,EPL,KXEPLGAME-26OCT10SUNBRI,KXEPLGAME-26OCT10SUNBRI-TIE,,Sunderland,Brighton,2026-10-10T17:00:00Z,draw,0.26,0.27,0.265,0.01,376.36,608.54,772.54,56.85,428.0,active,kalshi,2026-09-28T16:38:07.672560+00:00
soccer,EPL,KXEPLGAME-26OCT10SUNBRI,KXEPLGAME-26OCT10SUNBRI-SUN,,Sunderland,Brighton,2026-10-10T17:00:00Z,home,0.31,0.33,0.32,0.02,200.0,194.27,362.8,34.72,362.8,active,kalshi,2026-09-28T16:38:07.672560+00:00
soccer,EPL,KXEPLGAME-26OCT11CRYNFO,KXEPLGAME-26OCT11CRYNFO-NFO,,Crystal Palace,Nott'm Forest,2026-10-11T16:00:00Z,away,0.34,0.36,0.35,0.02,199.0,221.59,15.85,13.27,15.85,active,kalshi,2026-09-28T16:38:07.672560+00:00
soccer,EPL,KXEPLGAME-26OCT11CRYNFO,KXEPLGAME-26OCT11CRYNFO-TIE,,Crystal Palace,Nott'm Forest,2026-10-11T16:00:00Z,draw,0.28,0.29,0.28500000000000003,0.01,337.84,4985.0,0.0,0.0,0.0,active,kalshi,2026-09-28T16:38:07.672560+00:00
soccer,EPL,KXEPLGAME-26OCT11CRYNFO,KXEPLGAME-26OCT11CRYNFO-CRY,,Crystal Palace,Nott'm Forest,2026-10-11T16:00:00Z,home,0.35,0.37,0.36,0.02,287.85,127.87,25.22,25.22,25.22,active,kalshi,2026-09-28T16:38:07.672560+00:00
soccer,EPL,KXEPLGAME-26OCT11HULEVE,KXEPLGAME-26OCT11HULEVE-EVE,,Hull,Everton,2026-10-11T16:00:00Z,away,0.45,0.47,0.45999999999999996,0.02,158.32,228.34,40.2,40.2,40.2,active,kalshi,2026-09-28T16:38:07.672560+00:00
soccer,EPL,KXEPLGAME-26OCT11HULEVE,KXEPLGAME-26OCT11HULEVE-TIE,,Hull,Everton,2026-10-11T16:00:00Z,draw,0.28,0.29,0.28500000000000003,0.01,338.32,1556.72,85.28,82.0,85.28,active,kalshi,2026-09-28T16:38:07.672560+00:00
soccer,EPL,KXEPLGAME-26OCT11HULEVE,KXEPLGAME-26OCT11HULEVE-HUL,,Hull,Everton,2026-10-11T16:00:00Z,home,0.23,0.26,0.245,0.03,282.31,128.34,198.41,187.41,198.41,active,kalshi,2026-09-28T16:38:07.672560+00:00
soccer,EPL,KXEPLGAME-26OCT11LFCMCI,KXEPLGAME-26OCT11LFCMCI-MCI,,Liverpool,Man City,2026-10-11T18:30:00Z,away,0.39,0.41,0.4,0.02,916.71,391.25,11419.11,9796.45,10972.85,active,kalshi,2026-09-28T16:38:07.672560+00:00
soccer,EPL,KXEPLGAME-26OCT11LFCMCI,KXEPLGAME-26OCT11LFCMCI-TIE,,Liverpool,Man City,2026-10-11T18:30:00Z,draw,0.25,0.26,0.255,0.01,240.0,3047.39,249.91,103.53,249.91,active,kalshi,2026-09-28T16:38:07.672560+00:00
soccer,EPL,KXEPLGAME-26OCT11LFCMCI,KXEPLGAME-26OCT11LFCMCI-LFC,,Liverpool,Man City,2026-10-11T18:30:00Z,home,0.35,0.36,0.355,0.01,200.0,5411.15,2476.98,2229.76,2319.98,active,kalshi,2026-09-28T16:38:07.672560+00:00
soccer,EPL,KXEPLGAME-26OCT12COVNEW,KXEPLGAME-26OCT12COVNEW-NEW,,Coventry,Newcastle,2026-10-12T22:00:00Z,away,0.43,0.46,0.445,0.03,1370.16,183.19,182.45,182.45,182.45,active,kalshi,2026-09-28T16:38:07.672560+00:00
soccer,EPL,KXEPLGAME-26OCT12COVNEW,KXEPLGAME-26OCT12COVNEW-TIE,,Coventry,Newcastle,2026-10-12T22:00:00Z,draw,0.25,0.27,0.26,0.02,183.16,2000.0,0.0,0.0,0.0,active,kalshi,2026-09-28T16:38:07.672560+00:00
soccer,EPL,KXEPLGAME-26OCT12COVNEW,KXEPLGAME-26OCT12COVNEW-COV,,Coventry,Newcastle,2026-10-12T22:00:00Z,home,0.27,0.3,0.28500000000000003,0.03,183.13,5276.14,0.0,0.0,0.0,active,kalshi,2026-09-28T16:38:07.672560+00:00
soccer,EPL,KXEPLGAME-26OCT10ARSLEE,KXEPLGAME-26OCT10ARSLEE-LEE,,Arsenal,Leeds,2026-10-10T14:30:00Z,away,0.1,0.12,0.11,0.02,937.6,3731.04,3934.85,1667.89,2883.18,active,kalshi,2026-09-28T17:03:29.373497+00:00
soccer,EPL,KXEPLGAME-26OCT10ARSLEE,KXEPLGAME-26OCT10ARSLEE-TIE,,Arsenal,Leeds,2026-10-10T14:30:00Z,draw,0.17,0.19,0.18,0.02,1750.0,4804.67,302.32,79.71,285.32,active,kalshi,2026-09-28T17:03:29.373497+00:00
soccer,EPL,KXEPLGAME-26OCT10ARSLEE,KXEPLGAME-26OCT10ARSLEE-ARS,,Arsenal,Leeds,2026-10-10T14:30:00Z,home,0.72,0.73,0.725,0.01,48.28,648.0,16082.61,3021.81,14733.63,active,kalshi,2026-09-28T17:03:29.373497+00:00
soccer,EPL,KXEPLGAME-26OCT10AVLBRE,KXEPLGAME-26OCT10AVLBRE-BRE,,Aston Villa,Brentford,2026-10-10T17:00:00Z,away,0.36,0.38,0.37,0.02,56.0,1568.34,1317.38,466.62,1206.94,active,kalshi,2026-09-28T17:03:29.373497+00:00
soccer,EPL,KXEPLGAME-26OCT10AVLBRE,KXEPLGAME-26OCT10AVLBRE-TIE,,Aston Villa,Brentford,2026-10-10T17:00:00Z,draw,0.26,0.28,0.27,0.02,388.03,4971.06,855.94,77.3,852.94,active,kalshi,2026-09-28T17:03:29.373497+00:00
soccer,EPL,KXEPLGAME-26OCT10AVLBRE,KXEPLGAME-26OCT10AVLBRE-AVL,,Aston Villa,Brentford,2026-10-10T17:00:00Z,home,0.35,0.37,0.36,0.02,267.36,1474.75,911.56,275.68,851.56,active,kalshi,2026-09-28T17:03:29.373497+00:00
soccer,EPL,KXEPLGAME-26OCT10CFCBOU,KXEPLGAME-26OCT10CFCBOU-BOU,,Chelsea,Bournemouth,2026-10-10T17:00:00Z,away,0.2,0.21,0.20500000000000002,0.01,171.45,1081.31,341.91,74.13,341.91,active,kalshi,2026-09-28T17:03:29.373497+00:00
soccer,EPL,KXEPLGAME-26OCT10CFCBOU,KXEPLGAME-26OCT10CFCBOU-TIE,,Chelsea,Bournemouth,2026-10-10T17:00:00Z,draw,0.22,0.23,0.225,0.01,872.45,899.12,557.01,62.88,555.01,active,kalshi,2026-09-28T17:03:29.373497+00:00
soccer,EPL,KXEPLGAME-26OCT10CFCBOU,KXEPLGAME-26OCT10CFCBOU-CFC,,Chelsea,Bournemouth,2026-10-10T17:00:00Z,home,0.56,0.58,0.5700000000000001,0.02,96.39,290.42,15048.55,335.96,13993.49,active,kalshi,2026-09-28T17:03:29.373497+00:00
soccer,EPL,KXEPLGAME-26OCT10IPSFUL,KXEPLGAME-26OCT10IPSFUL-FUL,,Ipswich,Fulham,2026-10-10T17:00:00Z,away,0.36,0.39,0.375,0.03,260.34,1564.33,495.2,291.47,372.26,active,kalshi,2026-09-28T17:03:29.373497+00:00
soccer,EPL,KXEPLGAME-26OCT10IPSFUL,KXEPLGAME-26OCT10IPSFUL-TIE,,Ipswich,Fulham,2026-10-10T17:00:00Z,draw,0.26,0.27,0.265,0.01,414.33,1990.48,107.06,59.37,107.06,active,kalshi,2026-09-28T17:03:29.373497+00:00
soccer,EPL,KXEPLGAME-26OCT10IPSFUL,KXEPLGAME-26OCT10IPSFUL-IPS,,Ipswich,Fulham,2026-10-10T17:00:00Z,home,0.34,0.36,0.35,0.02,214.36,184.46,214.03,36.0,214.03,active,kalshi,2026-09-28T17:03:29.373497+00:00
soccer,EPL,KXEPLGAME-26OCT10MUNTOT,KXEPLGAME-26OCT10MUNTOT-TOT,,Man United,Tottenham,2026-10-10T19:30:00Z,away,0.21,0.23,0.22,0.02,163.93,4948.68,2254.99,1125.94,2244.53,active,kalshi,2026-09-28T17:03:29.373497+00:00
soccer,EPL,KXEPLGAME-26OCT10MUNTOT,KXEPLGAME-26OCT10MUNTOT-TIE,,Man United,Tottenham,2026-10-10T19:30:00Z,draw,0.21,0.22,0.215,0.01,1599.79,827.9,420.4,72.41,420.4,active,kalshi,2026-09-28T17:03:29.373497+00:00
soccer,EPL,KXEPLGAME-26OCT10MUNTOT,KXEPLGAME-26OCT10MUNTOT-MUN,,Man United,Tottenham,2026-10-10T19:30:00Z,home,0.56,0.57,0.565,0.01,62.17,158.24,6926.82,5314.77,6391.42,active,kalshi,2026-09-28T17:03:29.373497+00:00
soccer,EPL,KXEPLGAME-26OCT10SUNBRI,KXEPLGAME-26OCT10SUNBRI-BRI,,Sunderland,Brighton,2026-10-10T17:00:00Z,away,0.4,0.42,0.41000000000000003,0.02,329.02,136.15,5746.42,1315.05,4368.56,active,kalshi,2026-09-28T17:03:29.373497+00:00
soccer,EPL,KXEPLGAME-26OCT10SUNBRI,KXEPLGAME-26OCT10SUNBRI-TIE,,Sunderland,Brighton,2026-10-10T17:00:00Z,draw,0.26,0.27,0.265,0.01,376.36,608.54,772.54,56.85,428.0,active,kalshi,2026-09-28T17:03:29.373497+00:00
soccer,EPL,KXEPLGAME-26OCT10SUNBRI,KXEPLGAME-26OCT10SUNBRI-SUN,,Sunderland,Brighton,2026-10-10T17:00:00Z,home,0.31,0.33,0.32,0.02,923.31,194.27,362.8,34.72,362.8,active,kalshi,2026-09-28T17:03:29.373497+00:00
soccer,EPL,KXEPLGAME-26OCT11CRYNFO,KXEPLGAME-26OCT11CRYNFO-NFO,,Crystal Palace,Nott'm Forest,2026-10-11T16:00:00Z,away,0.34,0.36,0.35,0.02,199.0,114.59,15.85,13.27,15.85,active,kalshi,2026-09-28T17:03:29.373497+00:00
soccer,EPL,KXEPLGAME-26OCT11CRYNFO,KXEPLGAME-26OCT11CRYNFO-TIE,,Crystal Palace,Nott'm Forest,2026-10-11T16:00:00Z,draw,0.28,0.29,0.28500000000000003,0.01,337.84,4985.0,0.0,0.0,0.0,active,kalshi,2026-09-28T17:03:29.373497+00:00
soccer,EPL,KXEPLGAME-26OCT11CRYNFO,KXEPLGAME-26OCT11CRYNFO-CRY,,Crystal Palace,Nott'm Forest,2026-10-11T16:00:00Z,home,0.35,0.37,0.36,0.02,287.85,127.92,25.22,25.22,25.22,active,kalshi,2026-09-28T17:03:29.373497+00:00
soccer,EPL,KXEPLGAME-26OCT11HULEVE,KXEPLGAME-26OCT11HULEVE-EVE,,Hull,Everton,2026-10-11T16:00:00Z,away,0.45,0.47,0.45999999999999996,0.02,158.32,128.34,40.2,40.2,40.2,active,kalshi,2026-09-28T17:03:29.373497+00:00
soccer,EPL,KXEPLGAME-26OCT11HULEVE,KXEPLGAME-26OCT11HULEVE-TIE,,Hull,Everton,2026-10-11T16:00:00Z,draw,0.28,0.29,0.28500000000000003,0.01,338.32,1556.72,85.28,82.0,85.28,active,kalshi,2026-09-28T17:03:29.373497+00:00
soccer,EPL,KXEPLGAME-26OCT11HULEVE,KXEPLGAME-26OCT11HULEVE-HUL,,Hull,Everton,2026-10-11T16:00:00Z,home,0.23,0.26,0.245,0.03,282.31,128.34,198.41,187.41,198.41,active,kalshi,2026-09-28T17:03:29.373497+00:00
soccer,EPL,KXEPLGAME-26OCT11LFCMCI,KXEPLGAME-26OCT11LFCMCI-MCI,,Liverpool,Man City,2026-10-11T18:30:00Z,away,0.39,0.41,0.4,0.02,131.41,384.25,11425.11,9607.5,10978.85,active,kalshi,2026-09-28T17:03:29.373497+00:00
soccer,EPL,KXEPLGAME-26OCT11LFCMCI,KXEPLGAME-26OCT11LFCMCI-TIE,,Liverpool,Man City,2026-10-11T18:30:00Z,draw,0.25,0.26,0.255,0.01,240.0,3033.39,263.91,117.53,263.91,active,kalshi,2026-09-28T17:03:29.373497+00:00
soccer,EPL,KXEPLGAME-26OCT11LFCMCI,KXEPLGAME-26OCT11LFCMCI-LFC,,Liverpool,Man City,2026-10-11T18:30:00Z,home,0.35,0.36,0.355,0.01,200.0,5401.15,2486.98,2368.76,2329.98,active,kalshi,2026-09-28T17:03:29.373497+00:00
soccer,EPL,KXEPLGAME-26OCT12COVNEW,KXEPLGAME-26OCT12COVNEW-NEW,,Coventry,Newcastle,2026-10-12T22:00:00Z,away,0.43,0.46,0.445,0.03,1370.16,227.24,729.96,729.96,729.96,active,kalshi,2026-09-28T17:03:29.373497+00:00
soccer,EPL,KXEPLGAME-26OCT12COVNEW,KXEPLGAME-26OCT12COVNEW-TIE,,Coventry,Newcastle,2026-10-12T22:00:00Z,draw,0.25,0.27,0.26,0.02,183.16,2000.0,0.0,0.0,0.0,active,kalshi,2026-09-28T17:03:29.373497+00:00
soccer,EPL,KXEPLGAME-26OCT12COVNEW,KXEPLGAME-26OCT12COVNEW-COV,,Coventry,Newcastle,2026-10-12T22:00:00Z,home,0.27,0.3,0.28500000000000003,0.03,183.13,5276.26,0.0,0.0,0.0,active,kalshi,2026-09-28T17:03:29.373497+00:00
soccer,EPL,KXEPLGAME-26OCT10ARSLEE,KXEPLGAME-26OCT10ARSLEE-LEE,,Arsenal,Leeds,2026-10-10T14:30:00Z,away,0.1,0.11,0.10500000000000001,0.01,926.65,1140.87,3934.85,1667.89,2883.18,active,kalshi,2026-09-28T17:36:33.898573+00:00
soccer,EPL,KXEPLGAME-26OCT10ARSLEE,KXEPLGAME-26OCT10ARSLEE-TIE,,Arsenal,Leeds,2026-10-10T14:30:00Z,draw,0.17,0.19,0.18,0.02,1750.0,4804.67,302.32,79.71,285.32,active,kalshi,2026-09-28T17:36:33.898573+00:00
soccer,EPL,KXEPLGAME-26OCT10ARSLEE,KXEPLGAME-26OCT10ARSLEE-ARS,,Arsenal,Leeds,2026-10-10T14:30:00Z,home,0.72,0.73,0.725,0.01,48.16,5489.0,16349.95,2929.05,15000.97,active,kalshi,2026-09-28T17:36:33.898573+00:00
soccer,EPL,KXEPLGAME-26OCT10AVLBRE,KXEPLGAME-26OCT10AVLBRE-BRE,,Aston Villa,Brentford,2026-10-10T17:00:00Z,away,0.36,0.38,0.37,0.02,56.0,1568.34,1317.38,466.62,1206.94,active,kalshi,2026-09-28T17:36:33.898573+00:00
soccer,EPL,KXEPLGAME-26OCT10AVLBRE,KXEPLGAME-26OCT10AVLBRE-TIE,,Aston Villa,Brentford,2026-10-10T17:00:00Z,draw,0.26,0.28,0.27,0.02,388.03,4847.7,855.94,77.3,852.94,active,kalshi,2026-09-28T17:36:33.898573+00:00
soccer,EPL,KXEPLGAME-26OCT10AVLBRE,KXEPLGAME-26OCT10AVLBRE-AVL,,Aston Villa,Brentford,2026-10-10T17:00:00Z,home,0.35,0.37,0.36,0.02,267.51,1474.75,911.56,275.68,851.56,active,kalshi,2026-09-28T17:36:33.898573+00:00
soccer,EPL,KXEPLGAME-26OCT10CFCBOU,KXEPLGAME-26OCT10CFCBOU-BOU,,Chelsea,Bournemouth,2026-10-10T17:00:00Z,away,0.2,0.21,0.20500000000000002,0.01,171.45,1081.31,341.91,74.13,341.91,active,kalshi,2026-09-28T17:36:33.898573+00:00
soccer,EPL,KXEPLGAME-26OCT10CFCBOU,KXEPLGAME-26OCT10CFCBOU-TIE,,Chelsea,Bournemouth,2026-10-10T17:00:00Z,draw,0.22,0.23,0.225,0.01,872.45,899.12,557.01,62.88,555.01,active,kalshi,2026-09-28T17:36:33.898573+00:00
soccer,EPL,KXEPLGAME-26OCT10CFCBOU,KXEPLGAME-26OCT10CFCBOU-CFC,,Chelsea,Bournemouth,2026-10-10T17:00:00Z,home,0.56,0.58,0.5700000000000001,0.02,96.39,290.42,15048.55,335.96,13993.49,active,kalshi,2026-09-28T17:36:33.898573+00:00
soccer,EPL,KXEPLGAME-26OCT10IPSFUL,KXEPLGAME-26OCT10IPSFUL-FUL,,Ipswich,Fulham,2026-10-10T17:00:00Z,away,0.36,0.39,0.375,0.03,259.34,1541.33,495.2,291.47,372.26,active,kalshi,2026-09-28T17:36:33.898573+00:00
soccer,EPL,KXEPLGAME-26OCT10IPSFUL,KXEPLGAME-26OCT10IPSFUL-TIE,,Ipswich,Fulham,2026-10-10T17:00:00Z,draw,0.26,0.27,0.265,0.01,414.33,1990.48,107.06,59.37,107.06,active,kalshi,2026-09-28T17:36:33.898573+00:00
soccer,EPL,KXEPLGAME-26OCT10IPSFUL,KXEPLGAME-26OCT10IPSFUL-IPS,,Ipswich,Fulham,2026-10-10T17:00:00Z,home,0.34,0.37,0.355,0.03,214.36,1547.54,214.03,36.0,214.03,active,kalshi,2026-09-28T17:36:33.898573+00:00
soccer,EPL,KXEPLGAME-26OCT10MUNTOT,KXEPLGAME-26OCT10MUNTOT-TOT,,Man United,Tottenham,2026-10-10T19:30:00Z,away,0.21,0.23,0.22,0.02,172.05,4948.68,2254.99,1125.94,2244.53,active,kalshi,2026-09-28T17:36:33.898573+00:00
soccer,EPL,KXEPLGAME-26OCT10MUNTOT,KXEPLGAME-26OCT10MUNTOT-TIE,,Man United,Tottenham,2026-10-10T19:30:00Z,draw,0.21,0.22,0.215,0.01,1599.79,827.9,420.4,60.1,420.4,active,kalshi,2026-09-28T17:36:33.898573+00:00
soccer,EPL,KXEPLGAME-26OCT10MUNTOT,KXEPLGAME-26OCT10MUNTOT-MUN,,Man United,Tottenham,2026-10-10T19:30:00Z,home,0.56,0.57,0.565,0.01,67.25,188.87,6926.82,5312.64,6391.42,active,kalshi,2026-09-28T17:36:33.898573+00:00
soccer,EPL,KXEPLGAME-26OCT10SUNBRI,KXEPLGAME-26OCT10SUNBRI-BRI,,Sunderland,Brighton,2026-10-10T17:00:00Z,away,0.4,0.42,0.41000000000000003,0.02,305.98,1114.15,5746.42,1302.75,4368.56,active,kalshi,2026-09-28T17:36:33.898573+00:00
soccer,EPL,KXEPLGAME-26OCT10SUNBRI,KXEPLGAME-26OCT10SUNBRI-TIE,,Sunderland,Brighton,2026-10-10T17:00:00Z,draw,0.26,0.27,0.265,0.01,376.36,608.54,772.54,56.85,428.0,active,kalshi,2026-09-28T17:36:33.898573+00:00
soccer,EPL,KXEPLGAME-26OCT10SUNBRI,KXEPLGAME-26OCT10SUNBRI-SUN,,Sunderland,Brighton,2026-10-10T17:00:00Z,home,0.31,0.33,0.32,0.02,200.0,194.27,362.8,34.72,362.8,active,kalshi,2026-09-28T17:36:33.898573+00:00
soccer,EPL,KXEPLGAME-26OCT11CRYNFO,KXEPLGAME-26OCT11CRYNFO-NFO,,Crystal Palace,Nott'm Forest,2026-10-11T16:00:00Z,away,0.34,0.36,0.35,0.02,199.0,114.59,15.85,13.27,15.85,active,kalshi,2026-09-28T17:36:33.898573+00:00
soccer,EPL,KXEPLGAME-26OCT11CRYNFO,KXEPLGAME-26OCT11CRYNFO-TIE,,Crystal Palace,Nott'm Forest,2026-10-11T16:00:00Z,draw,0.28,0.29,0.28500000000000003,0.01,337.84,4985.0,0.0,0.0,0.0,active,kalshi,2026-09-28T17:36:33.898573+00:00
soccer,EPL,KXEPLGAME-26OCT11CRYNFO,KXEPLGAME-26OCT11CRYNFO-CRY,,Crystal Palace,Nott'm Forest,2026-10-11T16:00:00Z,home,0.35,0.37,0.36,0.02,287.85,127.92,25.22,25.22,25.22,active,kalshi,2026-09-28T17:36:33.898573+00:00
soccer,EPL,KXEPLGAME-26OCT11HULEVE,KXEPLGAME-26OCT11HULEVE-EVE,,Hull,Everton,2026-10-11T16:00:00Z,away,0.45,0.47,0.45999999999999996,0.02,158.32,128.34,40.2,40.2,40.2,active,kalshi,2026-09-28T17:36:33.898573+00:00
soccer,EPL,KXEPLGAME-26OCT11HULEVE,KXEPLGAME-26OCT11HULEVE-TIE,,Hull,Everton,2026-10-11T16:00:00Z,draw,0.28,0.29,0.28500000000000003,0.01,338.32,1556.72,85.28,82.0,85.28,active,kalshi,2026-09-28T17:36:33.898573+00:00
soccer,EPL,KXEPLGAME-26OCT11HULEVE,KXEPLGAME-26OCT11HULEVE-HUL,,Hull,Everton,2026-10-11T16:00:00Z,home,0.23,0.26,0.245,0.03,281.31,128.34,198.41,187.41,198.41,active,kalshi,2026-09-28T17:36:33.898573+00:00
soccer,EPL,KXEPLGAME-26OCT11LFCMCI,KXEPLGAME-26OCT11LFCMCI-MCI,,Liverpool,Man City,2026-10-11T18:30:00Z,away,0.4,0.41,0.405,0.01,335.0,388.86,11425.11,9470.62,10978.85,active,kalshi,2026-09-28T17:36:33.898573+00:00
soccer,EPL,KXEPLGAME-26OCT11LFCMCI,KXEPLGAME-26OCT11LFCMCI-TIE,,Liverpool,Man City,2026-10-11T18:30:00Z,draw,0.25,0.26,0.255,0.01,240.0,3033.39,263.91,117.53,263.91,active,kalshi,2026-09-28T17:36:33.898573+00:00
soccer,EPL,KXEPLGAME-26OCT11LFCMCI,KXEPLGAME-26OCT11LFCMCI-LFC,,Liverpool,Man City,2026-10-11T18:30:00Z,home,0.35,0.36,0.355,0.01,200.0,6780.28,2486.98,2368.76,2329.98,active,kalshi,2026-09-28T17:36:33.898573+00:00
soccer,EPL,KXEPLGAME-26OCT12COVNEW,KXEPLGAME-26OCT12COVNEW-NEW,,Coventry,Newcastle,2026-10-12T22:00:00Z,away,0.44,0.46,0.45,0.02,985.0,183.24,729.96,729.96,729.96,active,kalshi,2026-09-28T17:36:33.898573+00:00
soccer,EPL,KXEPLGAME-26OCT12COVNEW,KXEPLGAME-26OCT12COVNEW-TIE,,Coventry,Newcastle,2026-10-12T22:00:00Z,draw,0.25,0.27,0.26,0.02,183.16,2000.0,0.0,0.0,0.0,active,kalshi,2026-09-28T17:36:33.898573+00:00
soccer,EPL,KXEPLGAME-26OCT12COVNEW,KXEPLGAME-26OCT12COVNEW-COV,,Coventry,Newcastle,2026-10-12T22:00:00Z,home,0.27,0.3,0.28500000000000003,0.03,183.13,5276.26,0.0,0.0,0.0,active,kalshi,2026-09-28T17:36:33.898573+00:00
soccer,EPL,KXEPLGAME-26OCT10ARSLEE,KXEPLGAME-26OCT10ARSLEE-LEE,,Arsenal,Leeds,2026-10-10T14:30:00Z,away,0.1,0.11,0.10500000000000001,0.01,926.65,1140.87,3934.85,1631.89,2883.18,active,kalshi,2026-09-28T18:02:57.008892+00:00
soccer,EPL,KXEPLGAME-26OCT10ARSLEE,KXEPLGAME-26OCT10ARSLEE-TIE,,Arsenal,Leeds,2026-10-10T14:30:00Z,draw,0.17,0.19,0.18,0.02,1750.0,4804.67,302.32,79.71,285.32,active,kalshi,2026-09-28T18:02:57.008892+00:00
soccer,EPL,KXEPLGAME-26OCT10ARSLEE,KXEPLGAME-26OCT10ARSLEE-ARS,,Arsenal,Leeds,2026-10-10T14:30:00Z,home,0.72,0.73,0.725,0.01,48.16,5489.0,16349.95,3180.05,15000.97,active,kalshi,2026-09-28T18:02:57.008892+00:00
soccer,EPL,KXEPLGAME-26OCT10AVLBRE,KXEPLGAME-26OCT10AVLBRE-BRE,,Aston Villa,Brentford,2026-10-10T17:00:00Z,away,0.36,0.38,0.37,0.02,56.0,1568.34,1317.38,416.62,1206.94,active,kalshi,2026-09-28T18:02:57.008892+00:00
soccer,EPL,KXEPLGAME-26OCT10AVLBRE,KXEPLGAME-26OCT10AVLBRE-TIE,,Aston Villa,Brentford,2026-10-10T17:00:00Z,draw,0.26,0.28,0.27,0.02,388.03,4847.7,855.94,77.3,852.94,active,kalshi,2026-09-28T18:02:57.008892+00:00
soccer,EPL,KXEPLGAME-26OCT10AVLBRE,KXEPLGAME-26OCT10AVLBRE-AVL,,Aston Villa,Brentford,2026-10-10T17:00:00Z,home,0.35,0.37,0.36,0.02,267.43,1474.14,911.56,195.68,851.56,active,kalshi,2026-09-28T18:02:57.008892+00:00
soccer,EPL,KXEPLGAME-26OCT10CFCBOU,KXEPLGAME-26OCT10CFCBOU-BOU,,Chelsea,Bournemouth,2026-10-10T17:00:00Z,away,0.19,0.21,0.2,0.02,250.66,1097.31,341.91,74.13,341.91,active,kalshi,2026-09-28T18:02:57.008892+00:00
soccer,EPL,KXEPLGAME-26OCT10CFCBOU,KXEPLGAME-26OCT10CFCBOU-TIE,,Chelsea,Bournemouth,2026-10-10T17:00:00Z,draw,0.22,0.23,0.225,0.01,872.45,899.12,557.01,62.88,555.01,active,kalshi,2026-09-28T18:02:57.008892+00:00
soccer,EPL,KXEPLGAME-26OCT10CFCBOU,KXEPLGAME-26OCT10CFCBOU-CFC,,Chelsea,Bournemouth,2026-10-10T17:00:00Z,home,0.56,0.58,0.5700000000000001,0.02,96.39,290.42,15048.55,335.96,13993.49,active,kalshi,2026-09-28T18:02:57.008892+00:00
soccer,EPL,KXEPLGAME-26OCT10IPSFUL,KXEPLGAME-26OCT10IPSFUL-FUL,,Ipswich,Fulham,2026-10-10T17:00:00Z,away,0.36,0.39,0.375,0.03,258.34,1541.33,495.2,291.47,372.26,active,kalshi,2026-09-28T18:02:57.008892+00:00
soccer,EPL,KXEPLGAME-26OCT10IPSFUL,KXEPLGAME-26OCT10IPSFUL-TIE,,Ipswich,Fulham,2026-10-10T17:00:00Z,draw,0.26,0.27,0.265,0.01,414.33,1990.48,107.06,59.37,107.06,active,kalshi,2026-09-28T18:02:57.008892+00:00
soccer,EPL,KXEPLGAME-26OCT10IPSFUL,KXEPLGAME-26OCT10IPSFUL-IPS,,Ipswich,Fulham,2026-10-10T17:00:00Z,home,0.34,0.36,0.35,0.02,214.36,184.54,214.03,36.0,214.03,active,kalshi,2026-09-28T18:02:57.008892+00:00
soccer,EPL,KXEPLGAME-26OCT10MUNTOT,KXEPLGAME-26OCT10MUNTOT-TOT,,Man United,Tottenham,2026-10-10T19:30:00Z,away,0.21,0.23,0.22,0.02,171.92,4948.68,2254.99,1125.94,2244.53,active,kalshi,2026-09-28T18:02:57.008892+00:00
soccer,EPL,KXEPLGAME-26OCT10MUNTOT,KXEPLGAME-26OCT10MUNTOT-TIE,,Man United,Tottenham,2026-10-10T19:30:00Z,draw,0.21,0.22,0.215,0.01,1599.79,827.9,420.4,60.1,420.4,active,kalshi,2026-09-28T18:02:57.008892+00:00
soccer,EPL,KXEPLGAME-26OCT10MUNTOT,KXEPLGAME-26OCT10MUNTOT-MUN,,Man United,Tottenham,2026-10-10T19:30:00Z,home,0.56,0.57,0.565,0.01,67.25,188.87,6926.82,5310.64,6391.42,active,kalshi,2026-09-28T18:02:57.008892+00:00
soccer,EPL,KXEPLGAME-26OCT10SUNBRI,KXEPLGAME-26OCT10SUNBRI-BRI,,Sunderland,Brighton,2026-10-10T17:00:00Z,away,0.4,0.42,0.41000000000000003,0.02,305.98,1114.15,5746.42,1302.75,4368.56,active,kalshi,2026-09-28T18:02:57.008892+00:00
soccer,EPL,KXEPLGAME-26OCT10SUNBRI,KXEPLGAME-26OCT10SUNBRI-TIE,,Sunderland,Brighton,2026-10-10T17:00:00Z,draw,0.26,0.27,0.265,0.01,376.36,608.54,772.54,56.85,428.0,active,kalshi,2026-09-28T18:02:57.008892+00:00
soccer,EPL,KXEPLGAME-26OCT10SUNBRI,KXEPLGAME-26OCT10SUNBRI-SUN,,Sunderland,Brighton,2026-10-10T17:00:00Z,home,0.31,0.33,0.32,0.02,923.41,194.27,362.8,5.78,362.8,active,kalshi,2026-09-28T18:02:57.008892+00:00
soccer,EPL,KXEPLGAME-26OCT11CRYNFO,KXEPLGAME-26OCT11CRYNFO-NFO,,Crystal Palace,Nott'm Forest,2026-10-11T16:00:00Z,away,0.34,0.36,0.35,0.02,199.0,114.59,15.85,13.27,15.85,active,kalshi,2026-09-28T18:02:57.008892+00:00
soccer,EPL,KXEPLGAME-26OCT11CRYNFO,KXEPLGAME-26OCT11CRYNFO-TIE,,Crystal Palace,Nott'm Forest,2026-10-11T16:00:00Z,draw,0.28,0.29,0.28500000000000003,0.01,337.84,4985.0,0.0,0.0,0.0,active,kalshi,2026-09-28T18:02:57.008892+00:00
soccer,EPL,KXEPLGAME-26OCT11CRYNFO,KXEPLGAME-26OCT11CRYNFO-CRY,,Crystal Palace,Nott'm Forest,2026-10-11T16:00:00Z,home,0.35,0.37,0.36,0.02,287.85,127.92,25.22,25.22,25.22,active,kalshi,2026-09-28T18:02:57.008892+00:00
soccer,EPL,KXEPLGAME-26OCT11HULEVE,KXEPLGAME-26OCT11HULEVE-EVE,,Hull,Everton,2026-10-11T16:00:00Z,away,0.45,0.47,0.45999999999999996,0.02,158.41,128.34,40.2,40.2,40.2,active,kalshi,2026-09-28T18:02:57.008892+00:00
soccer,EPL,KXEPLGAME-26OCT11HULEVE,KXEPLGAME-26OCT11HULEVE-TIE,,Hull,Everton,2026-10-11T16:00:00Z,draw,0.28,0.29,0.28500000000000003,0.01,338.32,1556.72,85.28,82.0,85.28,active,kalshi,2026-09-28T18:02:57.008892+00:00
soccer,EPL,KXEPLGAME-26OCT11HULEVE,KXEPLGAME-26OCT11HULEVE-HUL,,Hull,Everton,2026-10-11T16:00:00Z,home,0.23,0.26,0.245,0.03,1327.31,128.42,198.41,187.41,198.41,active,kalshi,2026-09-28T18:02:57.008892+00:00
soccer,EPL,KXEPLGAME-26OCT11LFCMCI,KXEPLGAME-26OCT11LFCMCI-MCI,,Liverpool,Man City,2026-10-11T18:30:00Z,away,0.4,0.41,0.405,0.01,335.0,444.51,11425.11,9160.69,10978.85,active,kalshi,2026-09-28T18:02:57.008892+00:00
soccer,EPL,KXEPLGAME-26OCT11LFCMCI,KXEPLGAME-26OCT11LFCMCI-TIE,,Liverpool,Man City,2026-10-11T18:30:00Z,draw,0.25,0.26,0.255,0.01,240.0,3033.39,263.91,117.53,263.91,active,kalshi,2026-09-28T18:02:57.008892+00:00
soccer,EPL,KXEPLGAME-26OCT11LFCMCI,KXEPLGAME-26OCT11LFCMCI-LFC,,Liverpool,Man City,2026-10-11T18:30:00Z,home,0.35,0.36,0.355,0.01,200.0,6690.84,2486.98,2368.76,2329.98,active,kalshi,2026-09-28T18:02:57.008892+00:00
soccer,EPL,KXEPLGAME-26OCT12COVNEW,KXEPLGAME-26OCT12COVNEW-NEW,,Coventry,Newcastle,2026-10-12T22:00:00Z,away,0.44,0.46,0.45,0.02,985.0,183.24,729.96,729.96,729.96,active,kalshi,2026-09-28T18:02:57.008892+00:00
soccer,EPL,KXEPLGAME-26OCT12COVNEW,KXEPLGAME-26OCT12COVNEW-TIE,,Coventry,Newcastle,2026-10-12T22:00:00Z,draw,0.25,0.27,0.26,0.02,183.16,2000.0,0.0,0.0,0.0,active,kalshi,2026-09-28T18:02:57.008892+00:00
soccer,EPL,KXEPLGAME-26OCT12COVNEW,KXEPLGAME-26OCT12COVNEW-COV,,Coventry,Newcastle,2026-10-12T22:00:00Z,home,0.27,0.3,0.28500000000000003,0.03,183.13,5276.26,0.0,0.0,0.0,active,kalshi,2026-09-28T18:02:57.008892+00:00
soccer,EPL,KXEPLGAME-26OCT10ARSLEE,KXEPLGAME-26OCT10ARSLEE-LEE,,Arsenal,Leeds,2026-10-10T14:30:00Z,away,0.1,0.11,0.10500000000000001,0.01,927.73,1139.87,3935.85,1632.89,2883.18,active,kalshi,2026-09-28T18:41:03.623557+00:00
soccer,EPL,KXEPLGAME-26OCT10ARSLEE,KXEPLGAME-26OCT10ARSLEE-TIE,,Arsenal,Leeds,2026-10-10T14:30:00Z,draw,0.17,0.19,0.18,0.02,1750.0,4804.67,302.32,79.71,285.32,active,kalshi,2026-09-28T18:41:03.623557+00:00
soccer,EPL,KXEPLGAME-26OCT10ARSLEE,KXEPLGAME-26OCT10ARSLEE-ARS,,Arsenal,Leeds,2026-10-10T14:30:00Z,home,0.72,0.73,0.725,0.01,48.16,5489.0,16349.95,3086.98,15000.97,active,kalshi,2026-09-28T18:41:03.623557+00:00
soccer,EPL,KXEPLGAME-26OCT10AVLBRE,KXEPLGAME-26OCT10AVLBRE-BRE,,Aston Villa,Brentford,2026-10-10T17:00:00Z,away,0.35,0.38,0.365,0.03,187.32,1598.31,1317.38,416.62,1206.94,active,kalshi,2026-09-28T18:41:03.623557+00:00
soccer,EPL,KXEPLGAME-26OCT10AVLBRE,KXEPLGAME-26OCT10AVLBRE-TIE,,Aston Villa,Brentford,2026-10-10T17:00:00Z,draw,0.26,0.28,0.27,0.02,388.03,4971.1,855.94,77.3,852.94,active,kalshi,2026-09-28T18:41:03.623557+00:00
soccer,EPL,KXEPLGAME-26OCT10AVLBRE,KXEPLGAME-26OCT10AVLBRE-AVL,,Aston Villa,Brentford,2026-10-10T17:00:00Z,home,0.35,0.37,0.36,0.02,267.32,1446.61,911.56,195.68,851.56,active,kalshi,2026-09-28T18:41:03.623557+00:00
soccer,EPL,KXEPLGAME-26OCT10CFCBOU,KXEPLGAME-26OCT10CFCBOU-BOU,,Chelsea,Bournemouth,2026-10-10T17:00:00Z,away,0.19,0.21,0.2,0.02,249.66,1097.31,342.91,75.13,342.91,active,kalshi,2026-09-28T18:41:03.623557+00:00
soccer,EPL,KXEPLGAME-26OCT10CFCBOU,KXEPLGAME-26OCT10CFCBOU-TIE,,Chelsea,Bournemouth,2026-10-10T17:00:00Z,draw,0.22,0.23,0.225,0.01,872.45,899.12,557.01,62.88,555.01,active,kalshi,2026-09-28T18:41:03.623557+00:00
soccer,EPL,KXEPLGAME-26OCT10CFCBOU,KXEPLGAME-26OCT10CFCBOU-CFC,,Chelsea,Bournemouth,2026-10-10T17:00:00Z,home,0.56,0.58,0.5700000000000001,0.02,94.57,290.42,15048.55,335.96,13993.49,active,kalshi,2026-09-28T18:41:03.623557+00:00
soccer,EPL,KXEPLGAME-26OCT10IPSFUL,KXEPLGAME-26OCT10IPSFUL-FUL,,Ipswich,Fulham,2026-10-10T17:00:00Z,away,0.36,0.39,0.375,0.03,258.34,1541.33,495.2,291.47,372.26,active,kalshi,2026-09-28T18:41:03.623557+00:00
soccer,EPL,KXEPLGAME-26OCT10IPSFUL,KXEPLGAME-26OCT10IPSFUL-TIE,,Ipswich,Fulham,2026-10-10T17:00:00Z,draw,0.26,0.27,0.265,0.01,414.33,1990.48,107.06,59.37,107.06,active,kalshi,2026-09-28T18:41:03.623557+00:00
soccer,EPL,KXEPLGAME-26OCT10IPSFUL,KXEPLGAME-26OCT10IPSFUL-IPS,,Ipswich,Fulham,2026-10-10T17:00:00Z,home,0.34,0.36,0.35,0.02,214.36,184.54,214.03,36.0,214.03,active,kalshi,2026-09-28T18:41:03.623557+00:00
soccer,EPL,KXEPLGAME-26OCT10MUNTOT,KXEPLGAME-26OCT10MUNTOT-TOT,,Man United,Tottenham,2026-10-10T19:30:00Z,away,0.21,0.22,0.215,0.01,171.76,2000.0,2255.99,1126.94,2244.53,active,kalshi,2026-09-28T18:41:03.623557+00:00
soccer,EPL,KXEPLGAME-26OCT10MUNTOT,KXEPLGAME-26OCT10MUNTOT-TIE,,Man United,Tottenham,2026-10-10T19:30:00Z,draw,0.21,0.22,0.215,0.01,1599.79,843.9,420.4,60.1,420.4,active,kalshi,2026-09-28T18:41:03.623557+00:00
soccer,EPL,KXEPLGAME-26OCT10MUNTOT,KXEPLGAME-26OCT10MUNTOT-MUN,,Man United,Tottenham,2026-10-10T19:30:00Z,home,0.56,0.57,0.565,0.01,63.75,214.98,6945.55,5287.37,6410.15,active,kalshi,2026-09-28T18:41:03.623557+00:00
soccer,EPL,KXEPLGAME-26OCT10SUNBRI,KXEPLGAME-26OCT10SUNBRI-BRI,,Sunderland,Brighton,2026-10-10T17:00:00Z,away,0.4,0.42,0.41000000000000003,0.02,305.98,1114.15,5746.42,1299.46,4368.56,active,kalshi,2026-09-28T18:41:03.623557+00:00
soccer,EPL,KXEPLGAME-26OCT10SUNBRI,KXEPLGAME-26OCT10SUNBRI-TIE,,Sunderland,Brighton,2026-10-10T17:00:00Z,draw,0.26,0.27,0.265,0.01,376.36,608.54,772.54,56.85,428.0,active,kalshi,2026-09-28T18:41:03.623557+00:00
soccer,EPL,KXEPLGAME-26OCT10SUNBRI,KXEPLGAME-26OCT10SUNBRI-SUN,,Sunderland,Brighton,2026-10-10T17:00:00Z,home,0.31,0.33,0.32,0.02,200.0,194.27,362.8,5.78,362.8,active,kalshi,2026-09-28T18:41:03.623557+00:00
soccer,EPL,KXEPLGAME-26OCT11CRYNFO,KXEPLGAME-26OCT11CRYNFO-NFO,,Crystal Palace,Nott'm Forest,2026-10-11T16:00:00Z,away,0.34,0.36,0.35,0.02,199.0,114.59,15.85,13.27,15.85,active,kalshi,2026-09-28T18:41:03.623557+00:00
soccer,EPL,KXEPLGAME-26OCT11CRYNFO,KXEPLGAME-26OCT11CRYNFO-TIE,,Crystal Palace,Nott'm Forest,2026-10-11T16:00:00Z,draw,0.28,0.29,0.28500000000000003,0.01,337.84,4985.0,0.0,0.0,0.0,active,kalshi,2026-09-28T18:41:03.623557+00:00
soccer,EPL,KXEPLGAME-26OCT11CRYNFO,KXEPLGAME-26OCT11CRYNFO-CRY,,Crystal Palace,Nott'm Forest,2026-10-11T16:00:00Z,home,0.35,0.37,0.36,0.02,287.85,127.87,25.22,25.22,25.22,active,kalshi,2026-09-28T18:41:03.623557+00:00
soccer,EPL,KXEPLGAME-26OCT11HULEVE,KXEPLGAME-26OCT11HULEVE-EVE,,Hull,Everton,2026-10-11T16:00:00Z,away,0.45,0.47,0.45999999999999996,0.02,158.29,128.34,40.2,40.2,40.2,active,kalshi,2026-09-28T18:41:03.623557+00:00
soccer,EPL,KXEPLGAME-26OCT11HULEVE,KXEPLGAME-26OCT11HULEVE-TIE,,Hull,Everton,2026-10-11T16:00:00Z,draw,0.28,0.29,0.28500000000000003,0.01,338.34,1556.72,85.28,82.0,85.28,active,kalshi,2026-09-28T18:41:03.623557+00:00
soccer,EPL,KXEPLGAME-26OCT11HULEVE,KXEPLGAME-26OCT11HULEVE-HUL,,Hull,Everton,2026-10-11T16:00:00Z,home,0.23,0.26,0.245,0.03,1327.31,128.35,198.41,187.41,198.41,active,kalshi,2026-09-28T18:41:03.623557+00:00
soccer,EPL,KXEPLGAME-26OCT11LFCMCI,KXEPLGAME-26OCT11LFCMCI-MCI,,Liverpool,Man City,2026-10-11T18:30:00Z,away,0.4,0.41,0.405,0.01,67.43,446.53,11426.11,8913.9,10979.85,active,kalshi,2026-09-28T18:41:03.623557+00:00
soccer,EPL,KXEPLGAME-26OCT11LFCMCI,KXEPLGAME-26OCT11LFCMCI-TIE,,Liverpool,Man City,2026-10-11T18:30:00Z,draw,0.25,0.26,0.255,0.01,240.0,3033.39,263.91,117.53,263.91,active,kalshi,2026-09-28T18:41:03.623557+00:00
soccer,EPL,KXEPLGAME-26OCT11LFCMCI,KXEPLGAME-26OCT11LFCMCI-LFC,,Liverpool,Man City,2026-10-11T18:30:00Z,home,0.35,0.36,0.355,0.01,377.6,6690.84,2488.98,2368.76,2329.98,active,kalshi,2026-09-28T18:41:03.623557+00:00
soccer,EPL,KXEPLGAME-26OCT12COVNEW,KXEPLGAME-26OCT12COVNEW-NEW,,Coventry,Newcastle,2026-10-12T22:00:00Z,away,0.44,0.46,0.45,0.02,985.0,183.24,729.96,729.96,729.96,active,kalshi,2026-09-28T18:41:03.623557+00:00
soccer,EPL,KXEPLGAME-26OCT12COVNEW,KXEPLGAME-26OCT12COVNEW-TIE,,Coventry,Newcastle,2026-10-12T22:00:00Z,draw,0.25,0.27,0.26,0.02,183.16,2000.0,0.0,0.0,0.0,active,kalshi,2026-09-28T18:41:03.623557+00:00
soccer,EPL,KXEPLGAME-26OCT12COVNEW,KXEPLGAME-26OCT12COVNEW-COV,,Coventry,Newcastle,2026-10-12T22:00:00Z,home,0.27,0.3,0.28500000000000003,0.03,183.13,5276.26,0.0,0.0,0.0,active,kalshi,2026-09-28T18:41:03.623557+00:00
soccer,EPL,KXEPLGAME-26OCT10ARSLEE,KXEPLGAME-26OCT10ARSLEE-LEE,,Arsenal,Leeds,2026-10-10T14:30:00Z,away,0.1,0.11,0.10500000000000001,0.01,927.73,1167.87,3935.85,1632.89,2883.18,active,kalshi,2026-09-28T19:04:06.622235+00:00
soccer,EPL,KXEPLGAME-26OCT10ARSLEE,KXEPLGAME-26OCT10ARSLEE-TIE,,Arsenal,Leeds,2026-10-10T14:30:00Z,draw,0.17,0.19,0.18,0.02,1750.0,4825.67,302.32,79.71,285.32,active,kalshi,2026-09-28T19:04:06.622235+00:00
soccer,EPL,KXEPLGAME-26OCT10ARSLEE,KXEPLGAME-26OCT10ARSLEE-ARS,,Arsenal,Leeds,2026-10-10T14:30:00Z,home,0.72,0.73,0.725,0.01,48.16,5536.0,16349.95,3038.21,15000.97,active,kalshi,2026-09-28T19:04:06.622235+00:00
soccer,EPL,KXEPLGAME-26OCT10AVLBRE,KXEPLGAME-26OCT10AVLBRE-BRE,,Aston Villa,Brentford,2026-10-10T17:00:00Z,away,0.35,0.37,0.36,0.02,964.32,0.18,1317.38,411.62,1206.94,active,kalshi,2026-09-28T19:04:06.622235+00:00
soccer,EPL,KXEPLGAME-26OCT10AVLBRE,KXEPLGAME-26OCT10AVLBRE-TIE,,Aston Villa,Brentford,2026-10-10T17:00:00Z,draw,0.26,0.28,0.27,0.02,388.03,4971.1,855.94,77.3,852.94,active,kalshi,2026-09-28T19:04:06.622235+00:00
soccer,EPL,KXEPLGAME-26OCT10AVLBRE,KXEPLGAME-26OCT10AVLBRE-AVL,,Aston Villa,Brentford,2026-10-10T17:00:00Z,home,0.35,0.37,0.36,0.02,901.32,1446.61,911.56,195.68,851.56,active,kalshi,2026-09-28T19:04:06.622235+00:00
soccer,EPL,KXEPLGAME-26OCT10CFCBOU,KXEPLGAME-26OCT10CFCBOU-BOU,,Chelsea,Bournemouth,2026-10-10T17:00:00Z,away,0.19,0.21,0.2,0.02,249.66,1097.31,342.91,75.13,342.91,active,kalshi,2026-09-28T19:04:06.622235+00:00
soccer,EPL,KXEPLGAME-26OCT10CFCBOU,KXEPLGAME-26OCT10CFCBOU-TIE,,Chelsea,Bournemouth,2026-10-10T17:00:00Z,draw,0.22,0.23,0.225,0.01,872.45,869.12,557.01,62.88,555.01,active,kalshi,2026-09-28T19:04:06.622235+00:00
soccer,EPL,KXEPLGAME-26OCT10CFCBOU,KXEPLGAME-26OCT10CFCBOU-CFC,,Chelsea,Bournemouth,2026-10-10T17:00:00Z,home,0.56,0.58,0.5700000000000001,0.02,61.77,290.42,15081.35,368.76,13993.49,active,kalshi,2026-09-28T19:04:06.622235+00:00
soccer,EPL,KXEPLGAME-26OCT10IPSFUL,KXEPLGAME-26OCT10IPSFUL-FUL,,Ipswich,Fulham,2026-10-10T17:00:00Z,away,0.36,0.39,0.375,0.03,258.34,1541.33,495.2,291.47,372.26,active,kalshi,2026-09-28T19:04:06.622235+00:00
soccer,EPL,KXEPLGAME-26OCT10IPSFUL,KXEPLGAME-26OCT10IPSFUL-TIE,,Ipswich,Fulham,2026-10-10T17:00:00Z,draw,0.26,0.27,0.265,0.01,414.33,1990.48,107.06,59.37,107.06,active,kalshi,2026-09-28T19:04:06.622235+00:00
soccer,EPL,KXEPLGAME-26OCT10IPSFUL,KXEPLGAME-26OCT10IPSFUL-IPS,,Ipswich,Fulham,2026-10-10T17:00:00Z,home,0.34,0.36,0.35,0.02,214.36,184.54,214.03,36.0,214.03,active,kalshi,2026-09-28T19:04:06.622235+00:00
soccer,EPL,KXEPLGAME-26OCT10MUNTOT,KXEPLGAME-26OCT10MUNTOT-TOT,,Man United,Tottenham,2026-10-10T19:30:00Z,away,0.21,0.22,0.215,0.01,171.76,2023.0,2255.99,1125.94,2244.53,active,kalshi,2026-09-28T19:04:06.622235+00:00
soccer,EPL,KXEPLGAME-26OCT10MUNTOT,KXEPLGAME-26OCT10MUNTOT-TIE,,Man United,Tottenham,2026-10-10T19:30:00Z,draw,0.21,0.22,0.215,0.01,1619.79,868.9,420.4,60.1,420.4,active,kalshi,2026-09-28T19:04:06.622235+00:00
soccer,EPL,KXEPLGAME-26OCT10MUNTOT,KXEPLGAME-26OCT10MUNTOT-MUN,,Man United,Tottenham,2026-10-10T19:30:00Z,home,0.56,0.57,0.565,0.01,50.64,182.78,6979.61,5321.43,6444.21,active,kalshi,2026-09-28T19:04:06.622235+00:00
soccer,EPL,KXEPLGAME-26OCT10SUNBRI,KXEPLGAME-26OCT10SUNBRI-BRI,,Sunderland,Brighton,2026-10-10T17:00:00Z,away,0.4,0.42,0.41000000000000003,0.02,305.86,1114.15,5746.42,1277.26,4368.56,active,kalshi,2026-09-28T19:04:06.622235+00:00
soccer,EPL,KXEPLGAME-26OCT10SUNBRI,KXEPLGAME-26OCT10SUNBRI-TIE,,Sunderland,Brighton,2026-10-10T17:00:00Z,draw,0.26,0.27,0.265,0.01,376.36,608.54,772.54,56.85,428.0,active,kalshi,2026-09-28T19:04:06.622235+00:00
soccer,EPL,KXEPLGAME-26OCT10SUNBRI,KXEPLGAME-26OCT10SUNBRI-SUN,,Sunderland,Brighton,2026-10-10T17:00:00Z,home,0.31,0.33,0.32,0.02,200.0,194.27,362.8,5.78,362.8,active,kalshi,2026-09-28T19:04:06.622235+00:00
soccer,EPL,KXEPLGAME-26OCT11CRYNFO,KXEPLGAME-26OCT11CRYNFO-NFO,,Crystal Palace,Nott'm Forest,2026-10-11T16:00:00Z,away,0.34,0.36,0.35,0.02,199.0,114.59,15.85,13.27,15.85,active,kalshi,2026-09-28T19:04:06.622235+00:00
soccer,EPL,KXEPLGAME-26OCT11CRYNFO,KXEPLGAME-26OCT11CRYNFO-TIE,,Crystal Palace,Nott'm Forest,2026-10-11T16:00:00Z,draw,0.28,0.29,0.28500000000000003,0.01,337.84,4985.0,0.0,0.0,0.0,active,kalshi,2026-09-28T19:04:06.622235+00:00
soccer,EPL,KXEPLGAME-26OCT11CRYNFO,KXEPLGAME-26OCT11CRYNFO-CRY,,Crystal Palace,Nott'm Forest,2026-10-11T16:00:00Z,home,0.35,0.37,0.36,0.02,287.85,127.87,25.22,25.22,25.22,active,kalshi,2026-09-28T19:04:06.622235+00:00
soccer,EPL,KXEPLGAME-26OCT11HULEVE,KXEPLGAME-26OCT11HULEVE-EVE,,Hull,Everton,2026-10-11T16:00:00Z,away,0.45,0.47,0.45999999999999996,0.02,158.35,128.34,40.2,40.2,40.2,active,kalshi,2026-09-28T19:04:06.622235+00:00
soccer,EPL,KXEPLGAME-26OCT11HULEVE,KXEPLGAME-26OCT11HULEVE-TIE,,Hull,Everton,2026-10-11T16:00:00Z,draw,0.28,0.29,0.28500000000000003,0.01,338.34,1556.72,85.28,82.0,85.28,active,kalshi,2026-09-28T19:04:06.622235+00:00
soccer,EPL,KXEPLGAME-26OCT11HULEVE,KXEPLGAME-26OCT11HULEVE-HUL,,Hull,Everton,2026-10-11T16:00:00Z,home,0.23,0.26,0.245,0.03,1327.31,128.35,198.41,187.41,198.41,active,kalshi,2026-09-28T19:04:06.622235+00:00
soccer,EPL,KXEPLGAME-26OCT11LFCMCI,KXEPLGAME-26OCT11LFCMCI-MCI,,Liverpool,Man City,2026-10-11T18:30:00Z,away,0.4,0.41,0.405,0.01,103.83,309.46,11718.89,9206.68,11272.63,active,kalshi,2026-09-28T19:04:06.622235+00:00
soccer,EPL,KXEPLGAME-26OCT11LFCMCI,KXEPLGAME-26OCT11LFCMCI-TIE,,Liverpool,Man City,2026-10-11T18:30:00Z,draw,0.25,0.26,0.255,0.01,240.0,3033.39,263.91,117.53,263.91,active,kalshi,2026-09-28T19:04:06.622235+00:00
soccer,EPL,KXEPLGAME-26OCT11LFCMCI,KXEPLGAME-26OCT11LFCMCI-LFC,,Liverpool,Man City,2026-10-11T18:30:00Z,home,0.35,0.36,0.355,0.01,198.0,6690.84,2488.98,2370.76,2329.98,active,kalshi,2026-09-28T19:04:06.622235+00:00
soccer,EPL,KXEPLGAME-26OCT12COVNEW,KXEPLGAME-26OCT12COVNEW-NEW,,Coventry,Newcastle,2026-10-12T22:00:00Z,away,0.44,0.46,0.45,0.02,985.0,183.14,834.69,834.69,834.69,active,kalshi,2026-09-28T19:04:06.622235+00:00
soccer,EPL,KXEPLGAME-26OCT12COVNEW,KXEPLGAME-26OCT12COVNEW-TIE,,Coventry,Newcastle,2026-10-12T22:00:00Z,draw,0.25,0.27,0.26,0.02,183.16,2000.0,0.0,0.0,0.0,active,kalshi,2026-09-28T19:04:06.622235+00:00
soccer,EPL,KXEPLGAME-26OCT12COVNEW,KXEPLGAME-26OCT12COVNEW-COV,,Coventry,Newcastle,2026-10-12T22:00:00Z,home,0.27,0.3,0.28500000000000003,0.03,183.13,5276.26,0.0,0.0,0.0,active,kalshi,2026-09-28T19:04:06.622235+00:00
soccer,EPL,KXEPLGAME-26OCT10ARSLEE,KXEPLGAME-26OCT10ARSLEE-LEE,,Arsenal,Leeds,2026-10-10T14:30:00Z,away,0.11,0.12,0.11499999999999999,0.01,4989.22,5958.3,3998.72,1695.76,2946.05,active,kalshi,2026-09-28T19:37:03.899062+00:00
soccer,EPL,KXEPLGAME-26OCT10ARSLEE,KXEPLGAME-26OCT10ARSLEE-TIE,,Arsenal,Leeds,2026-10-10T14:30:00Z,draw,0.17,0.19,0.18,0.02,1702.0,4825.67,302.32,79.71,285.32,active,kalshi,2026-09-28T19:37:03.899062+00:00
soccer,EPL,KXEPLGAME-26OCT10ARSLEE,KXEPLGAME-26OCT10ARSLEE-ARS,,Arsenal,Leeds,2026-10-10T14:30:00Z,home,0.72,0.73,0.725,0.01,48.16,5506.92,16379.03,3020.99,15030.05,active,kalshi,2026-09-28T19:37:03.899062+00:00
soccer,EPL,KXEPLGAME-26OCT10AVLBRE,KXEPLGAME-26OCT10AVLBRE-BRE,,Aston Villa,Brentford,2026-10-10T17:00:00Z,away,0.35,0.37,0.36,0.02,964.32,0.18,1317.38,411.62,1206.94,active,kalshi,2026-09-28T19:37:03.899062+00:00
soccer,EPL,KXEPLGAME-26OCT10AVLBRE,KXEPLGAME-26OCT10AVLBRE-TIE,,Aston Villa,Brentford,2026-10-10T17:00:00Z,draw,0.26,0.28,0.27,0.02,388.03,4971.1,855.94,77.3,852.94,active,kalshi,2026-09-28T19:37:03.899062+00:00
soccer,EPL,KXEPLGAME-26OCT10AVLBRE,KXEPLGAME-26OCT10AVLBRE-AVL,,Aston Villa,Brentford,2026-10-10T17:00:00Z,home,0.35,0.37,0.36,0.02,901.32,1447.11,911.56,195.68,851.56,active,kalshi,2026-09-28T19:37:03.899062+00:00
soccer,EPL,KXEPLGAME-26OCT10CFCBOU,KXEPLGAME-26OCT10CFCBOU-BOU,,Chelsea,Bournemouth,2026-10-10T17:00:00Z,away,0.19,0.21,0.2,0.02,249.66,1097.31,342.91,70.62,342.91,active,kalshi,2026-09-28T19:37:03.899062+00:00
soccer,EPL,KXEPLGAME-26OCT10CFCBOU,KXEPLGAME-26OCT10CFCBOU-TIE,,Chelsea,Bournemouth,2026-10-10T17:00:00Z,draw,0.22,0.23,0.225,0.01,872.45,869.12,557.01,62.88,555.01,active,kalshi,2026-09-28T19:37:03.899062+00:00
soccer,EPL,KXEPLGAME-26OCT10CFCBOU,KXEPLGAME-26OCT10CFCBOU-CFC,,Chelsea,Bournemouth,2026-10-10T17:00:00Z,home,0.56,0.57,0.565,0.01,38.77,173.76,15081.35,368.76,13993.49,active,kalshi,2026-09-28T19:37:03.899062+00:00
soccer,EPL,KXEPLGAME-26OCT10IPSFUL,KXEPLGAME-26OCT10IPSFUL-FUL,,Ipswich,Fulham,2026-10-10T17:00:00Z,away,0.36,0.39,0.375,0.03,261.34,1541.33,495.2,230.0,372.26,active,kalshi,2026-09-28T19:37:03.899062+00:00
soccer,EPL,KXEPLGAME-26OCT10IPSFUL,KXEPLGAME-26OCT10IPSFUL-TIE,,Ipswich,Fulham,2026-10-10T17:00:00Z,draw,0.26,0.27,0.265,0.01,414.33,2000.0,107.06,59.37,107.06,active,kalshi,2026-09-28T19:37:03.899062+00:00
soccer,EPL,KXEPLGAME-26OCT10IPSFUL,KXEPLGAME-26OCT10IPSFUL-IPS,,Ipswich,Fulham,2026-10-10T17:00:00Z,home,0.34,0.36,0.35,0.02,214.36,184.54,214.03,36.0,214.03,active,kalshi,2026-09-28T19:37:03.899062+00:00
soccer,EPL,KXEPLGAME-26OCT10MUNTOT,KXEPLGAME-26OCT10MUNTOT-TOT,,Man United,Tottenham,2026-10-10T19:30:00Z,away,0.2,0.22,0.21000000000000002,0.02,893.85,2023.0,2255.99,1125.94,2244.53,active,kalshi,2026-09-28T19:37:03.899062+00:00
soccer,EPL,KXEPLGAME-26OCT10MUNTOT,KXEPLGAME-26OCT10MUNTOT-TIE,,Man United,Tottenham,2026-10-10T19:30:00Z,draw,0.21,0.22,0.215,0.01,1649.79,928.9,420.4,60.1,420.4,active,kalshi,2026-09-28T19:37:03.899062+00:00
soccer,EPL,KXEPLGAME-26OCT10MUNTOT,KXEPLGAME-26OCT10MUNTOT-MUN,,Man United,Tottenham,2026-10-10T19:30:00Z,home,0.56,0.57,0.565,0.01,50.64,179.34,6979.61,5321.43,6444.21,active,kalshi,2026-09-28T19:37:03.899062+00:00
soccer,EPL,KXEPLGAME-26OCT10SUNBRI,KXEPLGAME-26OCT10SUNBRI-BRI,,Sunderland,Brighton,2026-10-10T17:00:00Z,away,0.4,0.42,0.41000000000000003,0.02,305.86,1190.22,5746.42,1277.26,4368.56,active,kalshi,2026-09-28T19:37:03.899062+00:00
soccer,EPL,KXEPLGAME-26OCT10SUNBRI,KXEPLGAME-26OCT10SUNBRI-TIE,,Sunderland,Brighton,2026-10-10T17:00:00Z,draw,0.26,0.27,0.265,0.01,376.36,608.54,772.54,56.85,428.0,active,kalshi,2026-09-28T19:37:03.899062+00:00
soccer,EPL,KXEPLGAME-26OCT10SUNBRI,KXEPLGAME-26OCT10SUNBRI-SUN,,Sunderland,Brighton,2026-10-10T17:00:00Z,home,0.31,0.33,0.32,0.02,200.0,194.27,362.8,5.78,362.8,active,kalshi,2026-09-28T19:37:03.899062+00:00
soccer,EPL,KXEPLGAME-26OCT11CRYNFO,KXEPLGAME-26OCT11CRYNFO-NFO,,Crystal Palace,Nott'm Forest,2026-10-11T16:00:00Z,away,0.34,0.37,0.355,0.03,199.0,1490.86,15.85,13.27,15.85,active,kalshi,2026-09-28T19:37:03.899062+00:00
soccer,EPL,KXEPLGAME-26OCT11CRYNFO,KXEPLGAME-26OCT11CRYNFO-TIE,,Crystal Palace,Nott'm Forest,2026-10-11T16:00:00Z,draw,0.28,0.29,0.28500000000000003,0.01,337.84,4985.0,0.0,0.0,0.0,active,kalshi,2026-09-28T19:37:03.899062+00:00
soccer,EPL,KXEPLGAME-26OCT11CRYNFO,KXEPLGAME-26OCT11CRYNFO-CRY,,Crystal Palace,Nott'm Forest,2026-10-11T16:00:00Z,home,0.35,0.37,0.36,0.02,287.85,127.87,25.22,25.22,25.22,active,kalshi,2026-09-28T19:37:03.899062+00:00
soccer,EPL,KXEPLGAME-26OCT11HULEVE,KXEPLGAME-26OCT11HULEVE-EVE,,Hull,Everton,2026-10-11T16:00:00Z,away,0.44,0.47,0.45499999999999996,0.03,277.34,128.33,40.2,40.2,40.2,active,kalshi,2026-09-28T19:37:03.899062+00:00
soccer,EPL,KXEPLGAME-26OCT11HULEVE,KXEPLGAME-26OCT11HULEVE-TIE,,Hull,Everton,2026-10-11T16:00:00Z,draw,0.28,0.29,0.28500000000000003,0.01,338.34,1556.72,85.28,82.0,85.28,active,kalshi,2026-09-28T19:37:03.899062+00:00
soccer,EPL,KXEPLGAME-26OCT11HULEVE,KXEPLGAME-26OCT11HULEVE-HUL,,Hull,Everton,2026-10-11T16:00:00Z,home,0.23,0.26,0.245,0.03,254.3,128.34,198.41,187.41,198.41,active,kalshi,2026-09-28T19:37:03.899062+00:00
soccer,EPL,KXEPLGAME-26OCT11LFCMCI,KXEPLGAME-26OCT11LFCMCI-MCI,,Liverpool,Man City,2026-10-11T18:30:00Z,away,0.4,0.41,0.405,0.01,326.0,226.03,11732.89,9220.68,11258.63,active,kalshi,2026-09-28T19:37:03.899062+00:00
soccer,EPL,KXEPLGAME-26OCT11LFCMCI,KXEPLGAME-26OCT11LFCMCI-TIE,,Liverpool,Man City,2026-10-11T18:30:00Z,draw,0.25,0.26,0.255,0.01,240.0,3033.39,263.91,117.53,263.91,active,kalshi,2026-09-28T19:37:03.899062+00:00
soccer,EPL,KXEPLGAME-26OCT11LFCMCI,KXEPLGAME-26OCT11LFCMCI-LFC,,Liverpool,Man City,2026-10-11T18:30:00Z,home,0.35,0.36,0.355,0.01,198.0,6688.19,2491.63,2373.41,2332.63,active,kalshi,2026-09-28T19:37:03.899062+00:00
soccer,EPL,KXEPLGAME-26OCT12COVNEW,KXEPLGAME-26OCT12COVNEW-NEW,,Coventry,Newcastle,2026-10-12T22:00:00Z,away,0.44,0.46,0.45,0.02,985.0,183.14,834.69,834.69,834.69,active,kalshi,2026-09-28T19:37:03.899062+00:00
soccer,EPL,KXEPLGAME-26OCT12COVNEW,KXEPLGAME-26OCT12COVNEW-TIE,,Coventry,Newcastle,2026-10-12T22:00:00Z,draw,0.25,0.27,0.26,0.02,183.16,2000.0,0.0,0.0,0.0,active,kalshi,2026-09-28T19:37:03.899062+00:00
soccer,EPL,KXEPLGAME-26OCT12COVNEW,KXEPLGAME-26OCT12COVNEW-COV,,Coventry,Newcastle,2026-10-12T22:00:00Z,home,0.27,0.3,0.28500000000000003,0.03,183.13,5276.26,0.0,0.0,0.0,active,kalshi,2026-09-28T19:37:03.899062+00:00
soccer,EPL,KXEPLGAME-26OCT10ARSLEE,KXEPLGAME-26OCT10ARSLEE-LEE,,Arsenal,Leeds,2026-10-10T14:30:00Z,away,0.11,0.12,0.11499999999999999,0.01,4989.22,5958.3,3998.72,1695.76,2946.05,active,kalshi,2026-09-28T20:01:42.075540+00:00
soccer,EPL,KXEPLGAME-26OCT10ARSLEE,KXEPLGAME-26OCT10ARSLEE-TIE,,Arsenal,Leeds,2026-10-10T14:30:00Z,draw,0.17,0.19,0.18,0.02,1702.0,4825.67,302.32,79.71,285.32,active,kalshi,2026-09-28T20:01:42.075540+00:00
soccer,EPL,KXEPLGAME-26OCT10ARSLEE,KXEPLGAME-26OCT10ARSLEE-ARS,,Arsenal,Leeds,2026-10-10T14:30:00Z,home,0.72,0.73,0.725,0.01,45.52,5508.74,16381.67,3016.82,15027.41,active,kalshi,2026-09-28T20:01:42.075540+00:00
soccer,EPL,KXEPLGAME-26OCT10AVLBRE,KXEPLGAME-26OCT10AVLBRE-BRE,,Aston Villa,Brentford,2026-10-10T17:00:00Z,away,0.35,0.37,0.36,0.02,964.32,0.18,1317.38,411.62,1206.94,active,kalshi,2026-09-28T20:01:42.075540+00:00
soccer,EPL,KXEPLGAME-26OCT10AVLBRE,KXEPLGAME-26OCT10AVLBRE-TIE,,Aston Villa,Brentford,2026-10-10T17:00:00Z,draw,0.26,0.28,0.27,0.02,388.03,4971.07,855.94,77.3,852.94,active,kalshi,2026-09-28T20:01:42.075540+00:00
soccer,EPL,KXEPLGAME-26OCT10AVLBRE,KXEPLGAME-26OCT10AVLBRE-AVL,,Aston Villa,Brentford,2026-10-10T17:00:00Z,home,0.35,0.37,0.36,0.02,901.32,1447.11,911.56,195.68,851.56,active,kalshi,2026-09-28T20:01:42.075540+00:00
soccer,EPL,KXEPLGAME-26OCT10CFCBOU,KXEPLGAME-26OCT10CFCBOU-BOU,,Chelsea,Bournemouth,2026-10-10T17:00:00Z,away,0.19,0.21,0.2,0.02,249.66,1097.31,342.91,70.62,342.91,active,kalshi,2026-09-28T20:01:42.075540+00:00
soccer,EPL,KXEPLGAME-26OCT10CFCBOU,KXEPLGAME-26OCT10CFCBOU-TIE,,Chelsea,Bournemouth,2026-10-10T17:00:00Z,draw,0.22,0.23,0.225,0.01,872.45,869.12,557.01,62.88,555.01,active,kalshi,2026-09-28T20:01:42.075540+00:00
soccer,EPL,KXEPLGAME-26OCT10CFCBOU,KXEPLGAME-26OCT10CFCBOU-CFC,,Chelsea,Bournemouth,2026-10-10T17:00:00Z,home,0.56,0.57,0.565,0.01,38.77,173.76,15081.35,368.76,13993.49,active,kalshi,2026-09-28T20:01:42.075540+00:00
soccer,EPL,KXEPLGAME-26OCT10IPSFUL,KXEPLGAME-26OCT10IPSFUL-FUL,,Ipswich,Fulham,2026-10-10T17:00:00Z,away,0.36,0.39,0.375,0.03,261.34,1541.33,495.2,230.0,372.26,active,kalshi,2026-09-28T20:01:42.075540+00:00
soccer,EPL,KXEPLGAME-26OCT10IPSFUL,KXEPLGAME-26OCT10IPSFUL-TIE,,Ipswich,Fulham,2026-10-10T17:00:00Z,draw,0.26,0.27,0.265,0.01,414.33,2000.0,107.06,59.37,107.06,active,kalshi,2026-09-28T20:01:42.075540+00:00
soccer,EPL,KXEPLGAME-26OCT10IPSFUL,KXEPLGAME-26OCT10IPSFUL-IPS,,Ipswich,Fulham,2026-10-10T17:00:00Z,home,0.34,0.36,0.35,0.02,214.36,184.31,214.03,36.0,214.03,active,kalshi,2026-09-28T20:01:42.075540+00:00
soccer,EPL,KXEPLGAME-26OCT10MUNTOT,KXEPLGAME-26OCT10MUNTOT-TOT,,Man United,Tottenham,2026-10-10T19:30:00Z,away,0.2,0.22,0.21000000000000002,0.02,893.79,2023.0,2255.99,1125.94,2244.53,active,kalshi,2026-09-28T20:01:42.075540+00:00
soccer,EPL,KXEPLGAME-26OCT10MUNTOT,KXEPLGAME-26OCT10MUNTOT-TIE,,Man United,Tottenham,2026-10-10T19:30:00Z,draw,0.21,0.22,0.215,0.01,1106.79,928.9,420.4,60.1,420.4,active,kalshi,2026-09-28T20:01:42.075540+00:00
soccer,EPL,KXEPLGAME-26OCT10MUNTOT,KXEPLGAME-26OCT10MUNTOT-MUN,,Man United,Tottenham,2026-10-10T19:30:00Z,home,0.56,0.57,0.565,0.01,72.64,169.34,6989.61,5331.43,6454.21,active,kalshi,2026-09-28T20:01:42.075540+00:00
soccer,EPL,KXEPLGAME-26OCT10SUNBRI,KXEPLGAME-26OCT10SUNBRI-BRI,,Sunderland,Brighton,2026-10-10T17:00:00Z,away,0.4,0.42,0.41000000000000003,0.02,305.86,1190.22,5746.42,1277.26,4368.56,active,kalshi,2026-09-28T20:01:42.075540+00:00
soccer,EPL,KXEPLGAME-26OCT10SUNBRI,KXEPLGAME-26OCT10SUNBRI-TIE,,Sunderland,Brighton,2026-10-10T17:00:00Z,draw,0.26,0.27,0.265,0.01,376.36,608.54,772.54,56.85,428.0,active,kalshi,2026-09-28T20:01:42.075540+00:00
soccer,EPL,KXEPLGAME-26OCT10SUNBRI,KXEPLGAME-26OCT10SUNBRI-SUN,,Sunderland,Brighton,2026-10-10T17:00:00Z,home,0.31,0.33,0.32,0.02,923.23,194.27,362.8,5.78,362.8,active,kalshi,2026-09-28T20:01:42.075540+00:00
soccer,EPL,KXEPLGAME-26OCT11CRYNFO,KXEPLGAME-26OCT11CRYNFO-NFO,,Crystal Palace,Nott'm Forest,2026-10-11T16:00:00Z,away,0.34,0.37,0.355,0.03,199.0,1490.86,15.85,13.27,15.85,active,kalshi,2026-09-28T20:01:42.075540+00:00
soccer,EPL,KXEPLGAME-26OCT11CRYNFO,KXEPLGAME-26OCT11CRYNFO-TIE,,Crystal Palace,Nott'm Forest,2026-10-11T16:00:00Z,draw,0.28,0.29,0.28500000000000003,0.01,337.84,4985.0,0.0,0.0,0.0,active,kalshi,2026-09-28T20:01:42.075540+00:00
soccer,EPL,KXEPLGAME-26OCT11CRYNFO,KXEPLGAME-26OCT11CRYNFO-CRY,,Crystal Palace,Nott'm Forest,2026-10-11T16:00:00Z,home,0.35,0.37,0.36,0.02,287.85,127.87,25.22,25.22,25.22,active,kalshi,2026-09-28T20:01:42.075540+00:00
soccer,EPL,KXEPLGAME-26OCT11HULEVE,KXEPLGAME-26OCT11HULEVE-EVE,,Hull,Everton,2026-10-11T16:00:00Z,away,0.44,0.47,0.45499999999999996,0.03,277.34,128.33,40.2,40.2,40.2,active,kalshi,2026-09-28T20:01:42.075540+00:00
soccer,EPL,KXEPLGAME-26OCT11HULEVE,KXEPLGAME-26OCT11HULEVE-TIE,,Hull,Everton,2026-10-11T16:00:00Z,draw,0.28,0.29,0.28500000000000003,0.01,338.33,1556.72,85.28,82.0,85.28,active,kalshi,2026-09-28T20:01:42.075540+00:00
soccer,EPL,KXEPLGAME-26OCT11HULEVE,KXEPLGAME-26OCT11HULEVE-HUL,,Hull,Everton,2026-10-11T16:00:00Z,home,0.23,0.26,0.245,0.03,254.3,128.34,198.41,187.41,198.41,active,kalshi,2026-09-28T20:01:42.075540+00:00
soccer,EPL,KXEPLGAME-26OCT11LFCMCI,KXEPLGAME-26OCT11LFCMCI-MCI,,Liverpool,Man City,2026-10-11T18:30:00Z,away,0.4,0.41,0.405,0.01,64.0,211.98,11746.94,9234.73,11272.68,active,kalshi,2026-09-28T20:01:42.075540+00:00
soccer,EPL,KXEPLGAME-26OCT11LFCMCI,KXEPLGAME-26OCT11LFCMCI-TIE,,Liverpool,Man City,2026-10-11T18:30:00Z,draw,0.25,0.26,0.255,0.01,240.0,3033.39,263.91,117.53,263.91,active,kalshi,2026-09-28T20:01:42.075540+00:00
soccer,EPL,KXEPLGAME-26OCT11LFCMCI,KXEPLGAME-26OCT11LFCMCI-LFC,,Liverpool,Man City,2026-10-11T18:30:00Z,home,0.35,0.36,0.355,0.01,377.16,6688.19,2491.63,2373.41,2332.63,active,kalshi,2026-09-28T20:01:42.075540+00:00
soccer,EPL,KXEPLGAME-26OCT12COVNEW,KXEPLGAME-26OCT12COVNEW-NEW,,Coventry,Newcastle,2026-10-12T22:00:00Z,away,0.44,0.46,0.45,0.02,985.0,183.14,834.69,834.69,834.69,active,kalshi,2026-09-28T20:01:42.075540+00:00
soccer,EPL,KXEPLGAME-26OCT12COVNEW,KXEPLGAME-26OCT12COVNEW-TIE,,Coventry,Newcastle,2026-10-12T22:00:00Z,draw,0.25,0.27,0.26,0.02,183.16,2000.0,0.0,0.0,0.0,active,kalshi,2026-09-28T20:01:42.075540+00:00
soccer,EPL,KXEPLGAME-26OCT12COVNEW,KXEPLGAME-26OCT12COVNEW-COV,,Coventry,Newcastle,2026-10-12T22:00:00Z,home,0.27,0.3,0.28500000000000003,0.03,183.13,5276.26,0.0,0.0,0.0,active,kalshi,2026-09-28T20:01:42.075540+00:00
soccer,EPL,KXEPLGAME-26OCT10ARSLEE,KXEPLGAME-26OCT10ARSLEE-LEE,,Arsenal,Leeds,2026-10-10T14:30:00Z,away,0.11,0.12,0.11499999999999999,0.01,4987.9,5958.3,3998.72,1680.76,2946.05,active,kalshi,2026-09-28T20:37:04.914647+00:00
soccer,EPL,KXEPLGAME-26OCT10ARSLEE,KXEPLGAME-26OCT10ARSLEE-TIE,,Arsenal,Leeds,2026-10-10T14:30:00Z,draw,0.17,0.19,0.18,0.02,1702.0,4825.67,302.32,75.71,285.32,active,kalshi,2026-09-28T20:37:04.914647+00:00
soccer,EPL,KXEPLGAME-26OCT10ARSLEE,KXEPLGAME-26OCT10ARSLEE-ARS,,Arsenal,Leeds,2026-10-10T14:30:00Z,home,0.72,0.73,0.725,0.01,45.52,5417.74,16472.67,3100.24,15118.41,active,kalshi,2026-09-28T20:37:04.914647+00:00
soccer,EPL,KXEPLGAME-26OCT10AVLBRE,KXEPLGAME-26OCT10AVLBRE-BRE,,Aston Villa,Brentford,2026-10-10T17:00:00Z,away,0.35,0.37,0.36,0.02,964.32,0.18,1317.38,411.62,1206.94,active,kalshi,2026-09-28T20:37:04.914647+00:00
soccer,EPL,KXEPLGAME-26OCT10AVLBRE,KXEPLGAME-26OCT10AVLBRE-TIE,,Aston Villa,Brentford,2026-10-10T17:00:00Z,draw,0.26,0.28,0.27,0.02,388.03,4971.07,855.94,77.3,852.94,active,kalshi,2026-09-28T20:37:04.914647+00:00
soccer,EPL,KXEPLGAME-26OCT10AVLBRE,KXEPLGAME-26OCT10AVLBRE-AVL,,Aston Villa,Brentford,2026-10-10T17:00:00Z,home,0.35,0.37,0.36,0.02,901.32,1447.11,911.56,195.68,851.56,active,kalshi,2026-09-28T20:37:04.914647+00:00
soccer,EPL,KXEPLGAME-26OCT10CFCBOU,KXEPLGAME-26OCT10CFCBOU-BOU,,Chelsea,Bournemouth,2026-10-10T17:00:00Z,away,0.19,0.21,0.2,0.02,249.66,1097.31,342.91,70.62,342.91,active,kalshi,2026-09-28T20:37:04.914647+00:00
soccer,EPL,KXEPLGAME-26OCT10CFCBOU,KXEPLGAME-26OCT10CFCBOU-TIE,,Chelsea,Bournemouth,2026-10-10T17:00:00Z,draw,0.22,0.23,0.225,0.01,872.45,869.12,557.01,62.88,555.01,active,kalshi,2026-09-28T20:37:04.914647+00:00
soccer,EPL,KXEPLGAME-26OCT10CFCBOU,KXEPLGAME-26OCT10CFCBOU-CFC,,Chelsea,Bournemouth,2026-10-10T17:00:00Z,home,0.56,0.57,0.565,0.01,44.54,152.74,15103.35,357.25,14015.49,active,kalshi,2026-09-28T20:37:04.914647+00:00
soccer,EPL,KXEPLGAME-26OCT10IPSFUL,KXEPLGAME-26OCT10IPSFUL-FUL,,Ipswich,Fulham,2026-10-10T17:00:00Z,away,0.36,0.39,0.375,0.03,258.34,1479.86,556.67,291.47,433.73,active,kalshi,2026-09-28T20:37:04.914647+00:00
soccer,EPL,KXEPLGAME-26OCT10IPSFUL,KXEPLGAME-26OCT10IPSFUL-TIE,,Ipswich,Fulham,2026-10-10T17:00:00Z,draw,0.26,0.27,0.265,0.01,414.33,2000.0,107.06,59.37,107.06,active,kalshi,2026-09-28T20:37:04.914647+00:00
soccer,EPL,KXEPLGAME-26OCT10IPSFUL,KXEPLGAME-26OCT10IPSFUL-IPS,,Ipswich,Fulham,2026-10-10T17:00:00Z,home,0.34,0.36,0.35,0.02,214.36,184.31,214.03,36.0,214.03,active,kalshi,2026-09-28T20:37:04.914647+00:00
soccer,EPL,KXEPLGAME-26OCT10MUNTOT,KXEPLGAME-26OCT10MUNTOT-TOT,,Man United,Tottenham,2026-10-10T19:30:00Z,away,0.21,0.23,0.22,0.02,188.71,5029.71,2296.99,1166.94,2285.53,active,kalshi,2026-09-28T20:37:04.914647+00:00
soccer,EPL,KXEPLGAME-26OCT10MUNTOT,KXEPLGAME-26OCT10MUNTOT-TIE,,Man United,Tottenham,2026-10-10T19:30:00Z,draw,0.21,0.22,0.215,0.01,1076.79,928.9,420.4,60.1,420.4,active,kalshi,2026-09-28T20:37:04.914647+00:00
soccer,EPL,KXEPLGAME-26OCT10MUNTOT,KXEPLGAME-26OCT10MUNTOT-MUN,,Man United,Tottenham,2026-10-10T19:30:00Z,home,0.56,0.57,0.565,0.01,53.63,161.34,6997.61,5338.43,6462.21,active,kalshi,2026-09-28T20:37:04.914647+00:00
soccer,EPL,KXEPLGAME-26OCT10SUNBRI,KXEPLGAME-26OCT10SUNBRI-BRI,,Sunderland,Brighton,2026-10-10T17:00:00Z,away,0.4,0.42,0.41000000000000003,0.02,305.86,1190.22,5746.42,1277.26,4368.56,active,kalshi,2026-09-28T20:37:04.914647+00:00
soccer,EPL,KXEPLGAME-26OCT10SUNBRI,KXEPLGAME-26OCT10SUNBRI-TIE,,Sunderland,Brighton,2026-10-10T17:00:00Z,draw,0.26,0.27,0.265,0.01,347.36,608.54,772.54,56.85,428.0,active,kalshi,2026-09-28T20:37:04.914647+00:00
soccer,EPL,KXEPLGAME-26OCT10SUNBRI,KXEPLGAME-26OCT10SUNBRI-SUN,,Sunderland,Brighton,2026-10-10T17:00:00Z,home,0.31,0.33,0.32,0.02,923.23,194.27,362.8,5.78,362.8,active,kalshi,2026-09-28T20:37:04.914647+00:00
soccer,EPL,KXEPLGAME-26OCT11CRYNFO,KXEPLGAME-26OCT11CRYNFO-NFO,,Crystal Palace,Nott'm Forest,2026-10-11T16:00:00Z,away,0.34,0.37,0.355,0.03,199.0,1490.86,15.85,13.27,15.85,active,kalshi,2026-09-28T20:37:04.914647+00:00
soccer,EPL,KXEPLGAME-26OCT11CRYNFO,KXEPLGAME-26OCT11CRYNFO-TIE,,Crystal Palace,Nott'm Forest,2026-10-11T16:00:00Z,draw,0.28,0.29,0.28500000000000003,0.01,337.84,4985.0,0.0,0.0,0.0,active,kalshi,2026-09-28T20:37:04.914647+00:00
soccer,EPL,KXEPLGAME-26OCT11CRYNFO,KXEPLGAME-26OCT11CRYNFO-CRY,,Crystal Palace,Nott'm Forest,2026-10-11T16:00:00Z,home,0.35,0.37,0.36,0.02,287.81,127.75,25.22,25.22,25.22,active,kalshi,2026-09-28T20:37:04.914647+00:00
soccer,EPL,KXEPLGAME-26OCT11HULEVE,KXEPLGAME-26OCT11HULEVE-EVE,,Hull,Everton,2026-10-11T16:00:00Z,away,0.44,0.47,0.45499999999999996,0.03,277.34,128.25,40.2,40.2,40.2,active,kalshi,2026-09-28T20:37:04.914647+00:00
soccer,EPL,KXEPLGAME-26OCT11HULEVE,KXEPLGAME-26OCT11HULEVE-TIE,,Hull,Everton,2026-10-11T16:00:00Z,draw,0.28,0.29,0.28500000000000003,0.01,338.33,1556.72,85.28,82.0,85.28,active,kalshi,2026-09-28T20:37:04.914647+00:00
soccer,EPL,KXEPLGAME-26OCT11HULEVE,KXEPLGAME-26OCT11HULEVE-HUL,,Hull,Everton,2026-10-11T16:00:00Z,home,0.23,0.26,0.245,0.03,254.3,128.27,198.41,187.41,198.41,active,kalshi,2026-09-28T20:37:04.914647+00:00
soccer,EPL,KXEPLGAME-26OCT11LFCMCI,KXEPLGAME-26OCT11LFCMCI-MCI,,Liverpool,Man City,2026-10-11T18:30:00Z,away,0.4,0.41,0.405,0.01,109.9,211.98,11746.94,9212.75,11272.68,active,kalshi,2026-09-28T20:37:04.914647+00:00
soccer,EPL,KXEPLGAME-26OCT11LFCMCI,KXEPLGAME-26OCT11LFCMCI-TIE,,Liverpool,Man City,2026-10-11T18:30:00Z,draw,0.25,0.26,0.255,0.01,240.0,3033.39,263.91,117.53,263.91,active,kalshi,2026-09-28T20:37:04.914647+00:00
soccer,EPL,KXEPLGAME-26OCT11LFCMCI,KXEPLGAME-26OCT11LFCMCI-LFC,,Liverpool,Man City,2026-10-11T18:30:00Z,home,0.35,0.36,0.355,0.01,377.09,6688.19,2491.63,2373.41,2332.63,active,kalshi,2026-09-28T20:37:04.914647+00:00
soccer,EPL,KXEPLGAME-26OCT12COVNEW,KXEPLGAME-26OCT12COVNEW-NEW,,Coventry,Newcastle,2026-10-12T22:00:00Z,away,0.44,0.46,0.45,0.02,985.0,183.14,834.69,834.69,834.69,active,kalshi,2026-09-28T20:37:04.914647+00:00
soccer,EPL,KXEPLGAME-26OCT12COVNEW,KXEPLGAME-26OCT12COVNEW-TIE,,Coventry,Newcastle,2026-10-12T22:00:00Z,draw,0.25,0.27,0.26,0.02,183.16,2000.0,0.0,0.0,0.0,active,kalshi,2026-09-28T20:37:04.914647+00:00
soccer,EPL,KXEPLGAME-26OCT12COVNEW,KXEPLGAME-26OCT12COVNEW-COV,,Coventry,Newcastle,2026-10-12T22:00:00Z,home,0.27,0.3,0.28500000000000003,0.03,183.13,5276.26,0.0,0.0,0.0,active,kalshi,2026-09-28T20:37:04.914647+00:00
soccer,EPL,KXEPLGAME-26OCT10ARSLEE,KXEPLGAME-26OCT10ARSLEE-LEE,,Arsenal,Leeds,2026-10-10T14:30:00Z,away,0.11,0.12,0.11499999999999999,0.01,4989.02,5958.3,3998.72,1680.76,2946.05,active,kalshi,2026-09-28T21:02:54.714415+00:00
soccer,EPL,KXEPLGAME-26OCT10ARSLEE,KXEPLGAME-26OCT10ARSLEE-TIE,,Arsenal,Leeds,2026-10-10T14:30:00Z,draw,0.17,0.19,0.18,0.02,1702.0,4825.67,302.32,75.71,285.32,active,kalshi,2026-09-28T21:02:54.714415+00:00
soccer,EPL,KXEPLGAME-26OCT10ARSLEE,KXEPLGAME-26OCT10ARSLEE-ARS,,Arsenal,Leeds,2026-10-10T14:30:00Z,home,0.72,0.73,0.725,0.01,45.52,5404.74,16485.67,3013.24,15131.41,active,kalshi,2026-09-28T21:02:54.714415+00:00
soccer,EPL,KXEPLGAME-26OCT10AVLBRE,KXEPLGAME-26OCT10AVLBRE-BRE,,Aston Villa,Brentford,2026-10-10T17:00:00Z,away,0.35,0.37,0.36,0.02,964.32,0.18,1317.38,374.62,1206.94,active,kalshi,2026-09-28T21:02:54.714415+00:00
soccer,EPL,KXEPLGAME-26OCT10AVLBRE,KXEPLGAME-26OCT10AVLBRE-TIE,,Aston Villa,Brentford,2026-10-10T17:00:00Z,draw,0.26,0.28,0.27,0.02,388.03,4971.07,855.94,77.3,852.94,active,kalshi,2026-09-28T21:02:54.714415+00:00
soccer,EPL,KXEPLGAME-26OCT10AVLBRE,KXEPLGAME-26OCT10AVLBRE-AVL,,Aston Villa,Brentford,2026-10-10T17:00:00Z,home,0.35,0.37,0.36,0.02,901.35,1473.11,911.56,195.68,851.56,active,kalshi,2026-09-28T21:02:54.714415+00:00
soccer,EPL,KXEPLGAME-26OCT10CFCBOU,KXEPLGAME-26OCT10CFCBOU-BOU,,Chelsea,Bournemouth,2026-10-10T17:00:00Z,away,0.19,0.21,0.2,0.02,249.66,1097.31,342.91,70.62,342.91,active,kalshi,2026-09-28T21:02:54.714415+00:00
soccer,EPL,KXEPLGAME-26OCT10CFCBOU,KXEPLGAME-26OCT10CFCBOU-TIE,,Chelsea,Bournemouth,2026-10-10T17:00:00Z,draw,0.22,0.23,0.225,0.01,872.45,869.12,557.01,62.88,555.01,active,kalshi,2026-09-28T21:02:54.714415+00:00
soccer,EPL,KXEPLGAME-26OCT10CFCBOU,KXEPLGAME-26OCT10CFCBOU-CFC,,Chelsea,Bournemouth,2026-10-10T17:00:00Z,home,0.56,0.57,0.565,0.01,14.53,172.88,15103.35,354.15,14015.49,active,kalshi,2026-09-28T21:02:54.714415+00:00
soccer,EPL,KXEPLGAME-26OCT10IPSFUL,KXEPLGAME-26OCT10IPSFUL-FUL,,Ipswich,Fulham,2026-10-10T17:00:00Z,away,0.36,0.39,0.375,0.03,258.34,1479.86,556.67,291.47,433.73,active,kalshi,2026-09-28T21:02:54.714415+00:00
soccer,EPL,KXEPLGAME-26OCT10IPSFUL,KXEPLGAME-26OCT10IPSFUL-TIE,,Ipswich,Fulham,2026-10-10T17:00:00Z,draw,0.26,0.27,0.265,0.01,414.33,2000.0,107.06,59.37,107.06,active,kalshi,2026-09-28T21:02:54.714415+00:00
soccer,EPL,KXEPLGAME-26OCT10IPSFUL,KXEPLGAME-26OCT10IPSFUL-IPS,,Ipswich,Fulham,2026-10-10T17:00:00Z,home,0.34,0.36,0.35,0.02,214.36,184.28,214.03,36.0,214.03,active,kalshi,2026-09-28T21:02:54.714415+00:00
soccer,EPL,KXEPLGAME-26OCT10MUNTOT,KXEPLGAME-26OCT10MUNTOT-TOT,,Man United,Tottenham,2026-10-10T19:30:00Z,away,0.21,0.23,0.22,0.02,188.71,5029.71,2296.99,1166.94,2285.53,active,kalshi,2026-09-28T21:02:54.714415+00:00
soccer,EPL,KXEPLGAME-26OCT10MUNTOT,KXEPLGAME-26OCT10MUNTOT-TIE,,Man United,Tottenham,2026-10-10T19:30:00Z,draw,0.21,0.22,0.215,0.01,1076.79,928.9,420.4,60.1,420.4,active,kalshi,2026-09-28T21:02:54.714415+00:00
soccer,EPL,KXEPLGAME-26OCT10MUNTOT,KXEPLGAME-26OCT10MUNTOT-MUN,,Man United,Tottenham,2026-10-10T19:30:00Z,home,0.56,0.57,0.565,0.01,53.8,164.64,6997.61,5338.43,6462.21,active,kalshi,2026-09-28T21:02:54.714415+00:00
soccer,EPL,KXEPLGAME-26OCT10SUNBRI,KXEPLGAME-26OCT10SUNBRI-BRI,,Sunderland,Brighton,2026-10-10T17:00:00Z,away,0.4,0.42,0.41000000000000003,0.02,305.66,1190.22,5746.42,1277.26,4368.56,active,kalshi,2026-09-28T21:02:54.714415+00:00
soccer,EPL,KXEPLGAME-26OCT10SUNBRI,KXEPLGAME-26OCT10SUNBRI-TIE,,Sunderland,Brighton,2026-10-10T17:00:00Z,draw,0.26,0.27,0.265,0.01,347.36,608.54,772.54,56.85,428.0,active,kalshi,2026-09-28T21:02:54.714415+00:00
soccer,EPL,KXEPLGAME-26OCT10SUNBRI,KXEPLGAME-26OCT10SUNBRI-SUN,,Sunderland,Brighton,2026-10-10T17:00:00Z,home,0.31,0.33,0.32,0.02,923.23,194.27,362.8,5.78,362.8,active,kalshi,2026-09-28T21:02:54.714415+00:00
soccer,EPL,KXEPLGAME-26OCT11CRYNFO,KXEPLGAME-26OCT11CRYNFO-NFO,,Crystal Palace,Nott'm Forest,2026-10-11T16:00:00Z,away,0.34,0.37,0.355,0.03,199.0,1490.86,15.85,13.27,15.85,active,kalshi,2026-09-28T21:02:54.714415+00:00
soccer,EPL,KXEPLGAME-26OCT11CRYNFO,KXEPLGAME-26OCT11CRYNFO-TIE,,Crystal Palace,Nott'm Forest,2026-10-11T16:00:00Z,draw,0.28,0.29,0.28500000000000003,0.01,337.84,4985.0,0.0,0.0,0.0,active,kalshi,2026-09-28T21:02:54.714415+00:00
soccer,EPL,KXEPLGAME-26OCT11CRYNFO,KXEPLGAME-26OCT11CRYNFO-CRY,,Crystal Palace,Nott'm Forest,2026-10-11T16:00:00Z,home,0.35,0.37,0.36,0.02,287.81,127.75,25.22,0.0,25.22,active,kalshi,2026-09-28T21:02:54.714415+00:00
soccer,EPL,KXEPLGAME-26OCT11HULEVE,KXEPLGAME-26OCT11HULEVE-EVE,,Hull,Everton,2026-10-11T16:00:00Z,away,0.44,0.47,0.45499999999999996,0.03,277.34,128.31,40.2,40.2,40.2,active,kalshi,2026-09-28T21:02:54.714415+00:00
soccer,EPL,KXEPLGAME-26OCT11HULEVE,KXEPLGAME-26OCT11HULEVE-TIE,,Hull,Everton,2026-10-11T16:00:00Z,draw,0.28,0.29,0.28500000000000003,0.01,338.3,1556.72,85.28,82.0,85.28,active,kalshi,2026-09-28T21:02:54.714415+00:00
soccer,EPL,KXEPLGAME-26OCT11HULEVE,KXEPLGAME-26OCT11HULEVE-HUL,,Hull,Everton,2026-10-11T16:00:00Z,home,0.23,0.26,0.245,0.03,254.3,128.32,198.41,187.41,198.41,active,kalshi,2026-09-28T21:02:54.714415+00:00
soccer,EPL,KXEPLGAME-26OCT11LFCMCI,KXEPLGAME-26OCT11LFCMCI-MCI,,Liverpool,Man City,2026-10-11T18:30:00Z,away,0.4,0.41,0.405,0.01,109.9,202.62,11756.3,9212.75,11282.04,active,kalshi,2026-09-28T21:02:54.714415+00:00
soccer,EPL,KXEPLGAME-26OCT11LFCMCI,KXEPLGAME-26OCT11LFCMCI-TIE,,Liverpool,Man City,2026-10-11T18:30:00Z,draw,0.25,0.26,0.255,0.01,240.0,3033.39,263.91,117.53,263.91,active,kalshi,2026-09-28T21:02:54.714415+00:00
soccer,EPL,KXEPLGAME-26OCT11LFCMCI,KXEPLGAME-26OCT11LFCMCI-LFC,,Liverpool,Man City,2026-10-11T18:30:00Z,home,0.35,0.36,0.355,0.01,377.09,6688.19,2491.63,2373.41,2332.63,active,kalshi,2026-09-28T21:02:54.714415+00:00
soccer,EPL,KXEPLGAME-26OCT12COVNEW,KXEPLGAME-26OCT12COVNEW-NEW,,Coventry,Newcastle,2026-10-12T22:00:00Z,away,0.44,0.46,0.45,0.02,985.0,183.14,834.69,834.69,834.69,active,kalshi,2026-09-28T21:02:54.714415+00:00
soccer,EPL,KXEPLGAME-26OCT12COVNEW,KXEPLGAME-26OCT12COVNEW-TIE,,Coventry,Newcastle,2026-10-12T22:00:00Z,draw,0.25,0.27,0.26,0.02,183.16,2000.0,0.0,0.0,0.0,active,kalshi,2026-09-28T21:02:54.714415+00:00
soccer,EPL,KXEPLGAME-26OCT12COVNEW,KXEPLGAME-26OCT12COVNEW-COV,,Coventry,Newcastle,2026-10-12T22:00:00Z,home,0.27,0.3,0.28500000000000003,0.03,183.13,5276.26,0.0,0.0,0.0,active,kalshi,2026-09-28T21:02:54.714415+00:00
soccer,EPL,KXEPLGAME-26OCT10ARSLEE,KXEPLGAME-26OCT10ARSLEE-LEE,,Arsenal,Leeds,2026-10-10T14:30:00Z,away,0.11,0.12,0.11499999999999999,0.01,4988.34,3958.3,3998.72,1680.76,2946.05,active,kalshi,2026-09-28T21:35:20.896067+00:00
soccer,EPL,KXEPLGAME-26OCT10ARSLEE,KXEPLGAME-26OCT10ARSLEE-TIE,,Arsenal,Leeds,2026-10-10T14:30:00Z,draw,0.17,0.19,0.18,0.02,1702.0,2825.67,302.32,75.71,285.32,active,kalshi,2026-09-28T21:35:20.896067+00:00
soccer,EPL,KXEPLGAME-26OCT10ARSLEE,KXEPLGAME-26OCT10ARSLEE-ARS,,Arsenal,Leeds,2026-10-10T14:30:00Z,home,0.72,0.73,0.725,0.01,45.52,1463.66,16485.67,3012.24,15131.41,active,kalshi,2026-09-28T21:35:20.896067+00:00
soccer,EPL,KXEPLGAME-26OCT10AVLBRE,KXEPLGAME-26OCT10AVLBRE-BRE,,Aston Villa,Brentford,2026-10-10T17:00:00Z,away,0.35,0.37,0.36,0.02,964.32,0.18,1317.38,374.62,1206.94,active,kalshi,2026-09-28T21:35:20.896067+00:00
soccer,EPL,KXEPLGAME-26OCT10AVLBRE,KXEPLGAME-26OCT10AVLBRE-TIE,,Aston Villa,Brentford,2026-10-10T17:00:00Z,draw,0.26,0.28,0.27,0.02,388.03,989.07,855.94,77.3,852.94,active,kalshi,2026-09-28T21:35:20.896067+00:00
soccer,EPL,KXEPLGAME-26OCT10AVLBRE,KXEPLGAME-26OCT10AVLBRE-AVL,,Aston Villa,Brentford,2026-10-10T17:00:00Z,home,0.35,0.37,0.36,0.02,901.39,140.42,911.56,195.68,851.56,active,kalshi,2026-09-28T21:35:20.896067+00:00
soccer,EPL,KXEPLGAME-26OCT10CFCBOU,KXEPLGAME-26OCT10CFCBOU-BOU,,Chelsea,Bournemouth,2026-10-10T17:00:00Z,away,0.19,0.21,0.2,0.02,249.66,1092.8,347.42,75.13,347.42,active,kalshi,2026-09-28T21:35:20.896067+00:00
soccer,EPL,KXEPLGAME-26OCT10CFCBOU,KXEPLGAME-26OCT10CFCBOU-TIE,,Chelsea,Bournemouth,2026-10-10T17:00:00Z,draw,0.22,0.23,0.225,0.01,872.45,869.12,557.01,62.88,555.01,active,kalshi,2026-09-28T21:35:20.896067+00:00
soccer,EPL,KXEPLGAME-26OCT10CFCBOU,KXEPLGAME-26OCT10CFCBOU-CFC,,Chelsea,Bournemouth,2026-10-10T17:00:00Z,home,0.56,0.58,0.5700000000000001,0.02,95.0,23.25,15103.35,354.05,14015.49,active,kalshi,2026-09-28T21:35:20.896067+00:00
soccer,EPL,KXEPLGAME-26OCT10IPSFUL,KXEPLGAME-26OCT10IPSFUL-FUL,,Ipswich,Fulham,2026-10-10T17:00:00Z,away,0.36,0.39,0.375,0.03,258.34,152.86,556.67,291.47,433.73,active,kalshi,2026-09-28T21:35:20.896067+00:00
soccer,EPL,KXEPLGAME-26OCT10IPSFUL,KXEPLGAME-26OCT10IPSFUL-TIE,,Ipswich,Fulham,2026-10-10T17:00:00Z,draw,0.26,0.28,0.27,0.02,444.33,1475.36,107.06,59.37,107.06,active,kalshi,2026-09-28T21:35:20.896067+00:00
soccer,EPL,KXEPLGAME-26OCT10IPSFUL,KXEPLGAME-26OCT10IPSFUL-IPS,,Ipswich,Fulham,2026-10-10T17:00:00Z,home,0.34,0.36,0.35,0.02,214.36,184.28,214.03,36.0,214.03,active,kalshi,2026-09-28T21:35:20.896067+00:00
soccer,EPL,KXEPLGAME-26OCT10MUNTOT,KXEPLGAME-26OCT10MUNTOT-TOT,,Man United,Tottenham,2026-10-10T19:30:00Z,away,0.2,0.23,0.21500000000000002,0.03,920.82,1029.71,2296.99,1166.94,2285.53,active,kalshi,2026-09-28T21:35:20.896067+00:00
soccer,EPL,KXEPLGAME-26OCT10MUNTOT,KXEPLGAME-26OCT10MUNTOT-TIE,,Man United,Tottenham,2026-10-10T19:30:00Z,draw,0.21,0.22,0.215,0.01,1076.79,530.9,420.4,60.1,420.4,active,kalshi,2026-09-28T21:35:20.896067+00:00
soccer,EPL,KXEPLGAME-26OCT10MUNTOT,KXEPLGAME-26OCT10MUNTOT-MUN,,Man United,Tottenham,2026-10-10T19:30:00Z,home,0.56,0.57,0.565,0.01,63.78,182.95,7175.73,5516.55,6622.93,active,kalshi,2026-09-28T21:35:20.896067+00:00
soccer,EPL,KXEPLGAME-26OCT10SUNBRI,KXEPLGAME-26OCT10SUNBRI-BRI,,Sunderland,Brighton,2026-10-10T17:00:00Z,away,0.4,0.42,0.41000000000000003,0.02,305.66,690.22,5746.42,1277.26,4368.56,active,kalshi,2026-09-28T21:35:20.896067+00:00
soccer,EPL,KXEPLGAME-26OCT10SUNBRI,KXEPLGAME-26OCT10SUNBRI-TIE,,Sunderland,Brighton,2026-10-10T17:00:00Z,draw,0.26,0.28,0.27,0.02,377.36,1448.46,772.54,56.85,428.0,active,kalshi,2026-09-28T21:35:20.896067+00:00
soccer,EPL,KXEPLGAME-26OCT10SUNBRI,KXEPLGAME-26OCT10SUNBRI-SUN,,Sunderland,Brighton,2026-10-10T17:00:00Z,home,0.31,0.33,0.32,0.02,941.29,193.99,363.08,6.06,363.08,active,kalshi,2026-09-28T21:35:20.896067+00:00
soccer,EPL,KXEPLGAME-26OCT11CRYNFO,KXEPLGAME-26OCT11CRYNFO-NFO,,Crystal Palace,Nott'm Forest,2026-10-11T16:00:00Z,away,0.34,0.37,0.355,0.03,199.0,157.86,15.85,13.27,15.85,active,kalshi,2026-09-28T21:35:20.896067+00:00
soccer,EPL,KXEPLGAME-26OCT11CRYNFO,KXEPLGAME-26OCT11CRYNFO-TIE,,Crystal Palace,Nott'm Forest,2026-10-11T16:00:00Z,draw,0.28,0.29,0.28500000000000003,0.01,337.84,985.0,0.0,0.0,0.0,active,kalshi,2026-09-28T21:35:20.896067+00:00
soccer,EPL,KXEPLGAME-26OCT11CRYNFO,KXEPLGAME-26OCT11CRYNFO-CRY,,Crystal Palace,Nott'm Forest,2026-10-11T16:00:00Z,home,0.35,0.38,0.365,0.03,287.81,1012.87,25.22,0.0,25.22,active,kalshi,2026-09-28T21:35:20.896067+00:00
soccer,EPL,KXEPLGAME-26OCT11HULEVE,KXEPLGAME-26OCT11HULEVE-EVE,,Hull,Everton,2026-10-11T16:00:00Z,away,0.41,0.48,0.44499999999999995,0.07,1258.34,158.37,40.2,40.2,40.2,active,kalshi,2026-09-28T21:35:20.896067+00:00
soccer,EPL,KXEPLGAME-26OCT11HULEVE,KXEPLGAME-26OCT11HULEVE-TIE,,Hull,Everton,2026-10-11T16:00:00Z,draw,0.28,0.29,0.28500000000000003,0.01,338.3,889.72,85.28,82.0,85.28,active,kalshi,2026-09-28T21:35:20.896067+00:00
soccer,EPL,KXEPLGAME-26OCT11HULEVE,KXEPLGAME-26OCT11HULEVE-HUL,,Hull,Everton,2026-10-11T16:00:00Z,home,0.2,0.26,0.23,0.06,1758.32,128.32,198.41,187.41,198.41,active,kalshi,2026-09-28T21:35:20.896067+00:00
soccer,EPL,KXEPLGAME-26OCT11LFCMCI,KXEPLGAME-26OCT11LFCMCI-MCI,,Liverpool,Man City,2026-10-11T18:30:00Z,away,0.4,0.41,0.405,0.01,120.03,98.35,11781.3,9147.11,11307.04,active,kalshi,2026-09-28T21:35:20.896067+00:00
soccer,EPL,KXEPLGAME-26OCT11LFCMCI,KXEPLGAME-26OCT11LFCMCI-TIE,,Liverpool,Man City,2026-10-11T18:30:00Z,draw,0.25,0.26,0.255,0.01,240.0,1700.39,263.91,117.53,263.91,active,kalshi,2026-09-28T21:35:20.896067+00:00
soccer,EPL,KXEPLGAME-26OCT11LFCMCI,KXEPLGAME-26OCT11LFCMCI-LFC,,Liverpool,Man City,2026-10-11T18:30:00Z,home,0.35,0.36,0.355,0.01,377.09,4688.19,2491.63,2373.41,2332.63,active,kalshi,2026-09-28T21:35:20.896067+00:00
soccer,EPL,KXEPLGAME-26OCT12COVNEW,KXEPLGAME-26OCT12COVNEW-NEW,,Coventry,Newcastle,2026-10-12T22:00:00Z,away,0.44,0.46,0.45,0.02,985.0,183.14,834.69,834.69,834.69,active,kalshi,2026-09-28T21:35:20.896067+00:00
soccer,EPL,KXEPLGAME-26OCT12COVNEW,KXEPLGAME-26OCT12COVNEW-TIE,,Coventry,Newcastle,2026-10-12T22:00:00Z,draw,0.25,0.28,0.265,0.03,183.16,1477.12,0.0,0.0,0.0,active,kalshi,2026-09-28T21:35:20.896067+00:00
soccer,EPL,KXEPLGAME-26OCT12COVNEW,KXEPLGAME-26OCT12COVNEW-COV,,Coventry,Newcastle,2026-10-12T22:00:00Z,home,0.27,0.3,0.28500000000000003,0.03,183.13,1276.26,0.0,0.0,0.0,active,kalshi,2026-09-28T21:35:20.896067+00:00
