sport,league,event_ticker,market_ticker,game_id,home_team,away_team,expiration_time,selection,yes_bid,yes_ask,implied_prob_mid,spread,yes_bid_size,yes_ask_size,volume,volume_24h,open_interest,status,source,fetched_at
soccer,EPL,KXEPLGAME-26SEP13COVBRI,KXEPLGAME-26SEP13COVBRI-BRI,,Coventry,Brighton,2026-09-13T16:00:00Z,away,0.5,0.51,0.505,0.01,45167.82,100053.25,105028.5,94745.58,100588.79,active,kalshi,2026-09-13T06:02:29.234953+00:00
soccer,EPL,KXEPLGAME-26SEP13COVBRI,KXEPLGAME-26SEP13COVBRI-TIE,,Coventry,Brighton,2026-09-13T16:00:00Z,draw,0.25,0.26,0.255,0.01,38459.44,166125.96,11823.39,11140.66,11743.79,active,kalshi,2026-09-13T06:02:29.234953+00:00
soccer,EPL,KXEPLGAME-26SEP13COVBRI,KXEPLGAME-26SEP13COVBRI-COV,,Coventry,Brighton,2026-09-13T16:00:00Z,home,0.23,0.25,0.24,0.02,89099.94,171510.11,24637.03,21012.73,21430.84,active,kalshi,2026-09-13T06:02:29.234953+00:00
soccer,EPL,KXEPLGAME-26SEP13MUNMCI,KXEPLGAME-26SEP13MUNMCI-MCI,,Man United,Man City,2026-09-13T18:30:00Z,away,0.44,0.45,0.445,0.01,27020.83,153137.44,507580.36,337103.63,374856.39,active,kalshi,2026-09-13T06:02:29.234953+00:00
soccer,EPL,KXEPLGAME-26SEP13MUNMCI,KXEPLGAME-26SEP13MUNMCI-TIE,,Man United,Man City,2026-09-13T18:30:00Z,draw,0.24,0.25,0.245,0.01,71811.4,130609.59,42681.82,30111.6,39026.55,active,kalshi,2026-09-13T06:02:29.234953+00:00
soccer,EPL,KXEPLGAME-26SEP13MUNMCI,KXEPLGAME-26SEP13MUNMCI-MUN,,Man United,Man City,2026-09-13T18:30:00Z,home,0.3,0.31,0.305,0.01,68280.32,1464.21,182014.41,124262.28,168572.17,active,kalshi,2026-09-13T06:02:29.234953+00:00
soccer,EPL,KXEPLGAME-26SEP14LEENEW,KXEPLGAME-26SEP14LEENEW-NEW,,Leeds,Newcastle,2026-09-14T22:00:00Z,away,0.32,0.33,0.325,0.01,893.96,21894.38,35381.73,16971.0,34116.62,active,kalshi,2026-09-13T06:02:29.234953+00:00
soccer,EPL,KXEPLGAME-26SEP14LEENEW,KXEPLGAME-26SEP14LEENEW-TIE,,Leeds,Newcastle,2026-09-14T22:00:00Z,draw,0.26,0.27,0.265,0.01,52597.32,20904.35,4251.47,1849.86,3937.43,active,kalshi,2026-09-13T06:02:29.234953+00:00
soccer,EPL,KXEPLGAME-26SEP14LEENEW,KXEPLGAME-26SEP14LEENEW-LEE,,Leeds,Newcastle,2026-09-14T22:00:00Z,home,0.41,0.42,0.415,0.01,2884.95,29943.0,2875.98,641.77,2775.87,active,kalshi,2026-09-13T06:02:29.234953+00:00
soccer,EPL,KXEPLGAME-26SEP18BRECFC,KXEPLGAME-26SEP18BRECFC-CFC,,Brentford,Chelsea,2026-09-18T22:00:00Z,away,0.43,0.44,0.435,0.01,28.0,5579.76,31671.84,17789.57,29773.97,active,kalshi,2026-09-13T06:02:29.234953+00:00
soccer,EPL,KXEPLGAME-26SEP18BRECFC,KXEPLGAME-26SEP18BRECFC-TIE,,Brentford,Chelsea,2026-09-18T22:00:00Z,draw,0.23,0.24,0.235,0.01,1615.95,400.0,845.66,328.7,811.6,active,kalshi,2026-09-13T06:02:29.234953+00:00
soccer,EPL,KXEPLGAME-26SEP18BRECFC,KXEPLGAME-26SEP18BRECFC-BRE,,Brentford,Chelsea,2026-09-18T22:00:00Z,home,0.31,0.33,0.32,0.02,2699.92,7.09,498.34,88.08,416.37,active,kalshi,2026-09-13T06:02:29.234953+00:00
soccer,EPL,KXEPLGAME-26SEP19BRIARS,KXEPLGAME-26SEP19BRIARS-ARS,,Brighton,Arsenal,2026-09-19T17:00:00Z,away,0.57,0.58,0.575,0.01,44.53,16675.15,42977.18,8220.49,34762.11,active,kalshi,2026-09-13T06:02:29.234953+00:00
soccer,EPL,KXEPLGAME-26SEP19BRIARS,KXEPLGAME-26SEP19BRIARS-TIE,,Brighton,Arsenal,2026-09-19T17:00:00Z,draw,0.23,0.24,0.235,0.01,3707.41,19343.72,547.75,214.53,412.15,active,kalshi,2026-09-13T06:02:29.234953+00:00
soccer,EPL,KXEPLGAME-26SEP19BRIARS,KXEPLGAME-26SEP19BRIARS-BRI,,Brighton,Arsenal,2026-09-19T17:00:00Z,home,0.2,0.21,0.20500000000000002,0.01,28.0,19587.77,1400.05,248.11,1194.2,active,kalshi,2026-09-13T06:02:29.234953+00:00
soccer,EPL,KXEPLGAME-26SEP19EVEIPS,KXEPLGAME-26SEP19EVEIPS-IPS,,Everton,Ipswich,2026-09-19T17:00:00Z,away,0.2,0.21,0.20500000000000002,0.01,2397.0,1265.0,146.15,58.57,139.38,active,kalshi,2026-09-13T06:02:29.234953+00:00
soccer,EPL,KXEPLGAME-26SEP19EVEIPS,KXEPLGAME-26SEP19EVEIPS-TIE,,Everton,Ipswich,2026-09-19T17:00:00Z,draw,0.23,0.24,0.235,0.01,6238.0,1315.0,197.37,45.0,197.01,active,kalshi,2026-09-13T06:02:29.234953+00:00
soccer,EPL,KXEPLGAME-26SEP19EVEIPS,KXEPLGAME-26SEP19EVEIPS-EVE,,Everton,Ipswich,2026-09-19T17:00:00Z,home,0.54,0.56,0.55,0.02,2080.08,13054.35,243.5,44.81,152.65,active,kalshi,2026-09-13T06:02:29.234953+00:00
soccer,EPL,KXEPLGAME-26SEP19NEWHUL,KXEPLGAME-26SEP19NEWHUL-HUL,,Newcastle,Hull,2026-09-19T17:00:00Z,away,0.16,0.17,0.165,0.01,13.66,9032.99,3566.24,2558.2,3186.52,active,kalshi,2026-09-13T06:02:29.234953+00:00
soccer,EPL,KXEPLGAME-26SEP19NEWHUL,KXEPLGAME-26SEP19NEWHUL-TIE,,Newcastle,Hull,2026-09-19T17:00:00Z,draw,0.19,0.2,0.195,0.01,7318.88,907.93,1167.9,795.05,1135.9,active,kalshi,2026-09-13T06:02:29.234953+00:00
soccer,EPL,KXEPLGAME-26SEP19NEWHUL,KXEPLGAME-26SEP19NEWHUL-NEW,,Newcastle,Hull,2026-09-19T17:00:00Z,home,0.62,0.64,0.63,0.02,3070.8,2808.0,481.85,232.64,481.58,active,kalshi,2026-09-13T06:02:29.234953+00:00
soccer,EPL,KXEPLGAME-26SEP19NFOCOV,KXEPLGAME-26SEP19NFOCOV-COV,,Nott'm Forest,Coventry,2026-09-19T19:30:00Z,away,0.19,0.2,0.195,0.01,575.0,1250.0,46.03,6.03,46.02,active,kalshi,2026-09-13T06:02:29.234953+00:00
soccer,EPL,KXEPLGAME-26SEP19NFOCOV,KXEPLGAME-26SEP19NFOCOV-TIE,,Nott'm Forest,Coventry,2026-09-19T19:30:00Z,draw,0.23,0.24,0.235,0.01,5031.99,1315.0,199.29,63.29,199.26,active,kalshi,2026-09-13T06:02:29.234953+00:00
soccer,EPL,KXEPLGAME-26SEP19NFOCOV,KXEPLGAME-26SEP19NFOCOV-NFO,,Nott'm Forest,Coventry,2026-09-19T19:30:00Z,home,0.55,0.56,0.555,0.01,2098.7,1200.0,504.79,144.53,464.79,active,kalshi,2026-09-13T06:02:29.234953+00:00
soccer,EPL,KXEPLGAME-26SEP19TOTAVL,KXEPLGAME-26SEP19TOTAVL-AVL,,Tottenham,Aston Villa,2026-09-19T14:30:00Z,away,0.25,0.26,0.255,0.01,14361.74,1328.48,14558.24,932.29,14086.54,active,kalshi,2026-09-13T06:02:29.234953+00:00
soccer,EPL,KXEPLGAME-26SEP19TOTAVL,KXEPLGAME-26SEP19TOTAVL-TIE,,Tottenham,Aston Villa,2026-09-19T14:30:00Z,draw,0.25,0.26,0.255,0.01,2436.4,1333.0,468.9,146.66,468.9,active,kalshi,2026-09-13T06:02:29.234953+00:00
soccer,EPL,KXEPLGAME-26SEP19TOTAVL,KXEPLGAME-26SEP19TOTAVL-TOT,,Tottenham,Aston Villa,2026-09-19T14:30:00Z,home,0.47,0.48,0.475,0.01,2674.51,1853.21,3003.84,176.56,2737.93,active,kalshi,2026-09-13T06:02:29.234953+00:00
soccer,EPL,KXEPLGAME-26SEP20BOULFC,KXEPLGAME-26SEP20BOULFC-LFC,,Bournemouth,Liverpool,2026-09-20T16:00:00Z,away,0.44,0.45,0.445,0.01,7749.53,1882.87,5999.32,1873.8,5633.67,active,kalshi,2026-09-13T06:02:29.234953+00:00
soccer,EPL,KXEPLGAME-26SEP20BOULFC,KXEPLGAME-26SEP20BOULFC-TIE,,Bournemouth,Liverpool,2026-09-20T16:00:00Z,draw,0.24,0.25,0.245,0.01,6313.26,15911.0,170.21,66.78,149.43,active,kalshi,2026-09-13T06:02:29.234953+00:00
soccer,EPL,KXEPLGAME-26SEP20BOULFC,KXEPLGAME-26SEP20BOULFC-BOU,,Bournemouth,Liverpool,2026-09-20T16:00:00Z,home,0.29,0.3,0.295,0.01,6738.26,1450.0,434.17,20.15,418.17,active,kalshi,2026-09-13T06:02:29.234953+00:00
soccer,EPL,KXEPLGAME-26SEP20FULMUN,KXEPLGAME-26SEP20FULMUN-MUN,,Fulham,Man United,2026-09-20T18:30:00Z,away,0.47,0.48,0.475,0.01,6484.99,1880.98,4039.87,436.76,4039.47,active,kalshi,2026-09-13T06:02:29.234953+00:00
soccer,EPL,KXEPLGAME-26SEP20FULMUN,KXEPLGAME-26SEP20FULMUN-TIE,,Fulham,Man United,2026-09-20T18:30:00Z,draw,0.24,0.25,0.245,0.01,244.59,28.0,55.33,55.33,55.33,active,kalshi,2026-09-13T06:02:29.234953+00:00
soccer,EPL,KXEPLGAME-26SEP20FULMUN,KXEPLGAME-26SEP20FULMUN-FUL,,Fulham,Man United,2026-09-20T18:30:00Z,home,0.26,0.27,0.265,0.01,6510.18,1351.11,146.58,78.29,136.57,active,kalshi,2026-09-13T06:02:29.234953+00:00
soccer,EPL,KXEPLGAME-26SEP20LEECRY,KXEPLGAME-26SEP20LEECRY-CRY,,Leeds,Crystal Palace,2026-09-20T16:00:00Z,away,0.24,0.25,0.245,0.01,2770.52,5275.97,250.51,25.61,250.51,active,kalshi,2026-09-13T06:02:29.234953+00:00
soccer,EPL,KXEPLGAME-26SEP20LEECRY,KXEPLGAME-26SEP20LEECRY-TIE,,Leeds,Crystal Palace,2026-09-20T16:00:00Z,draw,0.26,0.27,0.265,0.01,200.0,5571.22,65.17,43.15,44.16,active,kalshi,2026-09-13T06:02:29.234953+00:00
soccer,EPL,KXEPLGAME-26SEP20LEECRY,KXEPLGAME-26SEP20LEECRY-LEE,,Leeds,Crystal Palace,2026-09-20T16:00:00Z,home,0.48,0.49,0.485,0.01,1993.04,1200.0,521.6,207.49,457.57,active,kalshi,2026-09-13T06:02:29.234953+00:00
soccer,EPL,KXEPLGAME-26SEP20MCISUN,KXEPLGAME-26SEP20MCISUN-SUN,,Man City,Sunderland,2026-09-20T16:00:00Z,away,0.07,0.08,0.07500000000000001,0.01,8821.42,13571.15,1409.44,221.31,1150.44,active,kalshi,2026-09-13T06:02:29.234953+00:00
soccer,EPL,KXEPLGAME-26SEP20MCISUN,KXEPLGAME-26SEP20MCISUN-TIE,,Man City,Sunderland,2026-09-20T16:00:00Z,draw,0.13,0.15,0.14,0.02,12168.58,14597.31,3209.5,2547.87,3209.5,active,kalshi,2026-09-13T06:02:29.234953+00:00
soccer,EPL,KXEPLGAME-26SEP20MCISUN,KXEPLGAME-26SEP20MCISUN-MCI,,Man City,Sunderland,2026-09-20T16:00:00Z,home,0.77,0.78,0.775,0.01,6422.73,749.48,3604.22,246.23,3345.54,active,kalshi,2026-09-13T06:02:29.234953+00:00
soccer,EPL,KXEPLGAME-26SEP13COVBRI,KXEPLGAME-26SEP13COVBRI-BRI,,Coventry,Brighton,2026-09-13T16:00:00Z,away,0.5,0.51,0.505,0.01,47658.35,35936.95,106189.6,94745.58,101730.95,active,kalshi,2026-09-13T06:10:45.004880+00:00
soccer,EPL,KXEPLGAME-26SEP13COVBRI,KXEPLGAME-26SEP13COVBRI-TIE,,Coventry,Brighton,2026-09-13T16:00:00Z,draw,0.25,0.26,0.255,0.01,55577.44,158341.83,11930.52,11140.66,11850.92,active,kalshi,2026-09-13T06:10:45.004880+00:00
soccer,EPL,KXEPLGAME-26SEP13COVBRI,KXEPLGAME-26SEP13COVBRI-COV,,Coventry,Brighton,2026-09-13T16:00:00Z,home,0.23,0.24,0.235,0.01,94605.35,500.0,24682.63,21012.73,21476.44,active,kalshi,2026-09-13T06:10:45.004880+00:00
soccer,EPL,KXEPLGAME-26SEP13MUNMCI,KXEPLGAME-26SEP13MUNMCI-MCI,,Man United,Man City,2026-09-13T18:30:00Z,away,0.44,0.45,0.445,0.01,26986.21,149325.63,512225.45,337103.63,379228.87,active,kalshi,2026-09-13T06:10:45.004880+00:00
soccer,EPL,KXEPLGAME-26SEP13MUNMCI,KXEPLGAME-26SEP13MUNMCI-TIE,,Man United,Man City,2026-09-13T18:30:00Z,draw,0.24,0.25,0.245,0.01,71851.4,130196.91,43344.51,30111.6,39689.24,active,kalshi,2026-09-13T06:10:45.004880+00:00
soccer,EPL,KXEPLGAME-26SEP13MUNMCI,KXEPLGAME-26SEP13MUNMCI-MUN,,Man United,Man City,2026-09-13T18:30:00Z,home,0.3,0.32,0.31,0.02,69287.23,201481.62,187233.77,124262.28,173642.39,active,kalshi,2026-09-13T06:10:45.004880+00:00
soccer,EPL,KXEPLGAME-26SEP14LEENEW,KXEPLGAME-26SEP14LEENEW-NEW,,Leeds,Newcastle,2026-09-14T22:00:00Z,away,0.32,0.33,0.325,0.01,108.75,25492.48,35381.73,16971.0,34116.62,active,kalshi,2026-09-13T06:10:45.004880+00:00
soccer,EPL,KXEPLGAME-26SEP14LEENEW,KXEPLGAME-26SEP14LEENEW-TIE,,Leeds,Newcastle,2026-09-14T22:00:00Z,draw,0.26,0.27,0.265,0.01,52757.32,20904.35,4251.47,1849.86,3937.43,active,kalshi,2026-09-13T06:10:45.004880+00:00
soccer,EPL,KXEPLGAME-26SEP14LEENEW,KXEPLGAME-26SEP14LEENEW-LEE,,Leeds,Newcastle,2026-09-14T22:00:00Z,home,0.41,0.42,0.415,0.01,2884.95,29943.0,2875.98,641.77,2775.87,active,kalshi,2026-09-13T06:10:45.004880+00:00
soccer,EPL,KXEPLGAME-26SEP18BRECFC,KXEPLGAME-26SEP18BRECFC-CFC,,Brentford,Chelsea,2026-09-18T22:00:00Z,away,0.43,0.44,0.435,0.01,28.0,5579.76,31671.84,17789.57,29773.97,active,kalshi,2026-09-13T06:10:45.004880+00:00
soccer,EPL,KXEPLGAME-26SEP18BRECFC,KXEPLGAME-26SEP18BRECFC-TIE,,Brentford,Chelsea,2026-09-18T22:00:00Z,draw,0.23,0.25,0.24,0.02,1615.95,14545.64,846.66,328.7,812.6,active,kalshi,2026-09-13T06:10:45.004880+00:00
soccer,EPL,KXEPLGAME-26SEP18BRECFC,KXEPLGAME-26SEP18BRECFC-BRE,,Brentford,Chelsea,2026-09-18T22:00:00Z,home,0.31,0.33,0.32,0.02,2699.92,4.68,498.34,88.08,416.37,active,kalshi,2026-09-13T06:10:45.004880+00:00
soccer,EPL,KXEPLGAME-26SEP19BRIARS,KXEPLGAME-26SEP19BRIARS-ARS,,Brighton,Arsenal,2026-09-19T17:00:00Z,away,0.57,0.58,0.575,0.01,60.73,8170.03,43002.3,8220.49,34787.23,active,kalshi,2026-09-13T06:10:45.004880+00:00
soccer,EPL,KXEPLGAME-26SEP19BRIARS,KXEPLGAME-26SEP19BRIARS-TIE,,Brighton,Arsenal,2026-09-19T17:00:00Z,draw,0.23,0.24,0.235,0.01,3707.41,19343.72,547.75,214.53,412.15,active,kalshi,2026-09-13T06:10:45.004880+00:00
soccer,EPL,KXEPLGAME-26SEP19BRIARS,KXEPLGAME-26SEP19BRIARS-BRI,,Brighton,Arsenal,2026-09-19T17:00:00Z,home,0.2,0.21,0.20500000000000002,0.01,21.51,19587.77,1400.05,248.11,1194.2,active,kalshi,2026-09-13T06:10:45.004880+00:00
soccer,EPL,KXEPLGAME-26SEP19EVEIPS,KXEPLGAME-26SEP19EVEIPS-IPS,,Everton,Ipswich,2026-09-19T17:00:00Z,away,0.2,0.21,0.20500000000000002,0.01,2397.0,1265.0,146.15,58.57,139.38,active,kalshi,2026-09-13T06:10:45.004880+00:00
soccer,EPL,KXEPLGAME-26SEP19EVEIPS,KXEPLGAME-26SEP19EVEIPS-TIE,,Everton,Ipswich,2026-09-19T17:00:00Z,draw,0.23,0.24,0.235,0.01,6238.0,1315.0,197.37,45.0,197.01,active,kalshi,2026-09-13T06:10:45.004880+00:00
soccer,EPL,KXEPLGAME-26SEP19EVEIPS,KXEPLGAME-26SEP19EVEIPS-EVE,,Everton,Ipswich,2026-09-19T17:00:00Z,home,0.54,0.56,0.55,0.02,2085.08,13054.35,243.5,44.81,152.65,active,kalshi,2026-09-13T06:10:45.004880+00:00
soccer,EPL,KXEPLGAME-26SEP19NEWHUL,KXEPLGAME-26SEP19NEWHUL-HUL,,Newcastle,Hull,2026-09-19T17:00:00Z,away,0.16,0.17,0.165,0.01,13.66,8992.99,3566.24,2558.2,3186.52,active,kalshi,2026-09-13T06:10:45.004880+00:00
soccer,EPL,KXEPLGAME-26SEP19NEWHUL,KXEPLGAME-26SEP19NEWHUL-TIE,,Newcastle,Hull,2026-09-19T17:00:00Z,draw,0.19,0.2,0.195,0.01,7318.88,907.93,1167.9,795.05,1135.9,active,kalshi,2026-09-13T06:10:45.004880+00:00
soccer,EPL,KXEPLGAME-26SEP19NEWHUL,KXEPLGAME-26SEP19NEWHUL-NEW,,Newcastle,Hull,2026-09-19T17:00:00Z,home,0.62,0.64,0.63,0.02,3070.8,2808.0,481.85,232.64,481.58,active,kalshi,2026-09-13T06:10:45.004880+00:00
soccer,EPL,KXEPLGAME-26SEP19NFOCOV,KXEPLGAME-26SEP19NFOCOV-COV,,Nott'm Forest,Coventry,2026-09-19T19:30:00Z,away,0.19,0.2,0.195,0.01,575.0,1250.0,46.03,6.03,46.02,active,kalshi,2026-09-13T06:10:45.004880+00:00
soccer,EPL,KXEPLGAME-26SEP19NFOCOV,KXEPLGAME-26SEP19NFOCOV-TIE,,Nott'm Forest,Coventry,2026-09-19T19:30:00Z,draw,0.23,0.24,0.235,0.01,5031.99,1315.0,199.29,63.29,199.26,active,kalshi,2026-09-13T06:10:45.004880+00:00
soccer,EPL,KXEPLGAME-26SEP19NFOCOV,KXEPLGAME-26SEP19NFOCOV-NFO,,Nott'm Forest,Coventry,2026-09-19T19:30:00Z,home,0.55,0.56,0.555,0.01,2098.7,1200.0,504.79,144.53,464.79,active,kalshi,2026-09-13T06:10:45.004880+00:00
soccer,EPL,KXEPLGAME-26SEP19TOTAVL,KXEPLGAME-26SEP19TOTAVL-AVL,,Tottenham,Aston Villa,2026-09-19T14:30:00Z,away,0.25,0.26,0.255,0.01,14361.74,1328.48,14558.24,932.29,14086.54,active,kalshi,2026-09-13T06:10:45.004880+00:00
soccer,EPL,KXEPLGAME-26SEP19TOTAVL,KXEPLGAME-26SEP19TOTAVL-TIE,,Tottenham,Aston Villa,2026-09-19T14:30:00Z,draw,0.25,0.26,0.255,0.01,2397.4,1332.0,469.9,146.66,469.9,active,kalshi,2026-09-13T06:10:45.004880+00:00
soccer,EPL,KXEPLGAME-26SEP19TOTAVL,KXEPLGAME-26SEP19TOTAVL-TOT,,Tottenham,Aston Villa,2026-09-19T14:30:00Z,home,0.47,0.48,0.475,0.01,2674.51,1853.21,3003.84,176.56,2737.93,active,kalshi,2026-09-13T06:10:45.004880+00:00
soccer,EPL,KXEPLGAME-26SEP20BOULFC,KXEPLGAME-26SEP20BOULFC-LFC,,Bournemouth,Liverpool,2026-09-20T16:00:00Z,away,0.44,0.45,0.445,0.01,7749.53,1882.87,5999.32,1873.8,5633.67,active,kalshi,2026-09-13T06:10:45.004880+00:00
soccer,EPL,KXEPLGAME-26SEP20BOULFC,KXEPLGAME-26SEP20BOULFC-TIE,,Bournemouth,Liverpool,2026-09-20T16:00:00Z,draw,0.24,0.25,0.245,0.01,6313.26,15911.0,170.21,66.78,149.43,active,kalshi,2026-09-13T06:10:45.004880+00:00
soccer,EPL,KXEPLGAME-26SEP20BOULFC,KXEPLGAME-26SEP20BOULFC-BOU,,Bournemouth,Liverpool,2026-09-20T16:00:00Z,home,0.29,0.3,0.295,0.01,6738.26,1450.0,434.17,20.15,418.17,active,kalshi,2026-09-13T06:10:45.004880+00:00
soccer,EPL,KXEPLGAME-26SEP20FULMUN,KXEPLGAME-26SEP20FULMUN-MUN,,Fulham,Man United,2026-09-20T18:30:00Z,away,0.47,0.48,0.475,0.01,6484.99,1881.0,4039.87,436.76,4039.47,active,kalshi,2026-09-13T06:10:45.004880+00:00
soccer,EPL,KXEPLGAME-26SEP20FULMUN,KXEPLGAME-26SEP20FULMUN-TIE,,Fulham,Man United,2026-09-20T18:30:00Z,draw,0.24,0.25,0.245,0.01,235.64,28.0,55.33,55.33,55.33,active,kalshi,2026-09-13T06:10:45.004880+00:00
soccer,EPL,KXEPLGAME-26SEP20FULMUN,KXEPLGAME-26SEP20FULMUN-FUL,,Fulham,Man United,2026-09-20T18:30:00Z,home,0.26,0.27,0.265,0.01,6700.18,1351.0,146.58,78.29,136.57,active,kalshi,2026-09-13T06:10:45.004880+00:00
soccer,EPL,KXEPLGAME-26SEP20LEECRY,KXEPLGAME-26SEP20LEECRY-CRY,,Leeds,Crystal Palace,2026-09-20T16:00:00Z,away,0.24,0.25,0.245,0.01,2770.52,5275.97,250.51,25.61,250.51,active,kalshi,2026-09-13T06:10:45.004880+00:00
soccer,EPL,KXEPLGAME-26SEP20LEECRY,KXEPLGAME-26SEP20LEECRY-TIE,,Leeds,Crystal Palace,2026-09-20T16:00:00Z,draw,0.26,0.27,0.265,0.01,200.0,5571.22,65.17,43.15,44.16,active,kalshi,2026-09-13T06:10:45.004880+00:00
soccer,EPL,KXEPLGAME-26SEP20LEECRY,KXEPLGAME-26SEP20LEECRY-LEE,,Leeds,Crystal Palace,2026-09-20T16:00:00Z,home,0.48,0.49,0.485,0.01,1993.04,1200.0,521.6,207.49,457.57,active,kalshi,2026-09-13T06:10:45.004880+00:00
soccer,EPL,KXEPLGAME-26SEP20MCISUN,KXEPLGAME-26SEP20MCISUN-SUN,,Man City,Sunderland,2026-09-20T16:00:00Z,away,0.07,0.08,0.07500000000000001,0.01,8821.42,13571.15,1409.44,221.31,1150.44,active,kalshi,2026-09-13T06:10:45.004880+00:00
soccer,EPL,KXEPLGAME-26SEP20MCISUN,KXEPLGAME-26SEP20MCISUN-TIE,,Man City,Sunderland,2026-09-20T16:00:00Z,draw,0.13,0.15,0.14,0.02,12168.58,14597.31,3209.5,2547.87,3209.5,active,kalshi,2026-09-13T06:10:45.004880+00:00
soccer,EPL,KXEPLGAME-26SEP20MCISUN,KXEPLGAME-26SEP20MCISUN-MCI,,Man City,Sunderland,2026-09-20T16:00:00Z,home,0.77,0.78,0.775,0.01,6422.73,749.48,3604.22,246.23,3345.54,active,kalshi,2026-09-13T06:10:45.004880+00:00
soccer,EPL,KXEPLGAME-26SEP13COVBRI,KXEPLGAME-26SEP13COVBRI-BRI,,Coventry,Brighton,2026-09-13T16:00:00Z,away,0.5,0.51,0.505,0.01,51581.35,23628.95,108887.92,94745.58,104429.27,active,kalshi,2026-09-13T06:11:05.242176+00:00
soccer,EPL,KXEPLGAME-26SEP13COVBRI,KXEPLGAME-26SEP13COVBRI-TIE,,Coventry,Brighton,2026-09-13T16:00:00Z,draw,0.25,0.26,0.255,0.01,38459.44,158538.83,11930.52,11140.66,11850.92,active,kalshi,2026-09-13T06:11:05.242176+00:00
soccer,EPL,KXEPLGAME-26SEP13COVBRI,KXEPLGAME-26SEP13COVBRI-COV,,Coventry,Brighton,2026-09-13T16:00:00Z,home,0.23,0.24,0.235,0.01,94605.35,500.01,24682.63,21012.73,21476.44,active,kalshi,2026-09-13T06:11:05.242176+00:00
soccer,EPL,KXEPLGAME-26SEP13MUNMCI,KXEPLGAME-26SEP13MUNMCI-MCI,,Man United,Man City,2026-09-13T18:30:00Z,away,0.44,0.45,0.445,0.01,26986.21,149026.07,512525.01,337103.63,379528.43,active,kalshi,2026-09-13T06:11:05.242176+00:00
soccer,EPL,KXEPLGAME-26SEP13MUNMCI,KXEPLGAME-26SEP13MUNMCI-TIE,,Man United,Man City,2026-09-13T18:30:00Z,draw,0.24,0.25,0.245,0.01,71851.4,130196.9,43344.51,30111.6,39689.24,active,kalshi,2026-09-13T06:11:05.242176+00:00
soccer,EPL,KXEPLGAME-26SEP13MUNMCI,KXEPLGAME-26SEP13MUNMCI-MUN,,Man United,Man City,2026-09-13T18:30:00Z,home,0.3,0.32,0.31,0.02,69287.22,201461.62,187233.77,124262.28,173642.39,active,kalshi,2026-09-13T06:11:05.242176+00:00
soccer,EPL,KXEPLGAME-26SEP14LEENEW,KXEPLGAME-26SEP14LEENEW-NEW,,Leeds,Newcastle,2026-09-14T22:00:00Z,away,0.32,0.33,0.325,0.01,108.75,25492.48,35381.73,16971.0,34116.62,active,kalshi,2026-09-13T06:11:05.242176+00:00
soccer,EPL,KXEPLGAME-26SEP14LEENEW,KXEPLGAME-26SEP14LEENEW-TIE,,Leeds,Newcastle,2026-09-14T22:00:00Z,draw,0.26,0.27,0.265,0.01,52757.32,20904.35,4251.47,1849.86,3937.43,active,kalshi,2026-09-13T06:11:05.242176+00:00
soccer,EPL,KXEPLGAME-26SEP14LEENEW,KXEPLGAME-26SEP14LEENEW-LEE,,Leeds,Newcastle,2026-09-14T22:00:00Z,home,0.41,0.42,0.415,0.01,2884.95,29943.0,2875.98,641.77,2775.87,active,kalshi,2026-09-13T06:11:05.242176+00:00
soccer,EPL,KXEPLGAME-26SEP18BRECFC,KXEPLGAME-26SEP18BRECFC-CFC,,Brentford,Chelsea,2026-09-18T22:00:00Z,away,0.43,0.44,0.435,0.01,28.0,5579.76,31671.84,17789.57,29773.97,active,kalshi,2026-09-13T06:11:05.242176+00:00
soccer,EPL,KXEPLGAME-26SEP18BRECFC,KXEPLGAME-26SEP18BRECFC-TIE,,Brentford,Chelsea,2026-09-18T22:00:00Z,draw,0.23,0.25,0.24,0.02,1615.95,14545.64,846.66,328.7,812.6,active,kalshi,2026-09-13T06:11:05.242176+00:00
soccer,EPL,KXEPLGAME-26SEP18BRECFC,KXEPLGAME-26SEP18BRECFC-BRE,,Brentford,Chelsea,2026-09-18T22:00:00Z,home,0.31,0.33,0.32,0.02,2699.92,4.68,498.34,88.08,416.37,active,kalshi,2026-09-13T06:11:05.242176+00:00
soccer,EPL,KXEPLGAME-26SEP19BRIARS,KXEPLGAME-26SEP19BRIARS-ARS,,Brighton,Arsenal,2026-09-19T17:00:00Z,away,0.57,0.58,0.575,0.01,60.73,8144.91,43027.42,8220.49,34812.35,active,kalshi,2026-09-13T06:11:05.242176+00:00
soccer,EPL,KXEPLGAME-26SEP19BRIARS,KXEPLGAME-26SEP19BRIARS-TIE,,Brighton,Arsenal,2026-09-19T17:00:00Z,draw,0.23,0.24,0.235,0.01,3707.41,19343.72,547.75,214.53,412.15,active,kalshi,2026-09-13T06:11:05.242176+00:00
soccer,EPL,KXEPLGAME-26SEP19BRIARS,KXEPLGAME-26SEP19BRIARS-BRI,,Brighton,Arsenal,2026-09-19T17:00:00Z,home,0.2,0.21,0.20500000000000002,0.01,21.51,19587.77,1400.05,248.11,1194.2,active,kalshi,2026-09-13T06:11:05.242176+00:00
soccer,EPL,KXEPLGAME-26SEP19EVEIPS,KXEPLGAME-26SEP19EVEIPS-IPS,,Everton,Ipswich,2026-09-19T17:00:00Z,away,0.2,0.21,0.20500000000000002,0.01,2397.0,1265.0,146.15,58.57,139.38,active,kalshi,2026-09-13T06:11:05.242176+00:00
soccer,EPL,KXEPLGAME-26SEP19EVEIPS,KXEPLGAME-26SEP19EVEIPS-TIE,,Everton,Ipswich,2026-09-19T17:00:00Z,draw,0.23,0.24,0.235,0.01,6238.0,1315.0,197.37,45.0,197.01,active,kalshi,2026-09-13T06:11:05.242176+00:00
soccer,EPL,KXEPLGAME-26SEP19EVEIPS,KXEPLGAME-26SEP19EVEIPS-EVE,,Everton,Ipswich,2026-09-19T17:00:00Z,home,0.54,0.56,0.55,0.02,2085.08,13054.35,243.5,44.81,152.65,active,kalshi,2026-09-13T06:11:05.242176+00:00
soccer,EPL,KXEPLGAME-26SEP19NEWHUL,KXEPLGAME-26SEP19NEWHUL-HUL,,Newcastle,Hull,2026-09-19T17:00:00Z,away,0.16,0.17,0.165,0.01,13.66,8992.99,3566.24,2558.2,3186.52,active,kalshi,2026-09-13T06:11:05.242176+00:00
soccer,EPL,KXEPLGAME-26SEP19NEWHUL,KXEPLGAME-26SEP19NEWHUL-TIE,,Newcastle,Hull,2026-09-19T17:00:00Z,draw,0.19,0.2,0.195,0.01,7318.88,907.93,1167.9,795.05,1135.9,active,kalshi,2026-09-13T06:11:05.242176+00:00
soccer,EPL,KXEPLGAME-26SEP19NEWHUL,KXEPLGAME-26SEP19NEWHUL-NEW,,Newcastle,Hull,2026-09-19T17:00:00Z,home,0.62,0.64,0.63,0.02,3070.8,2808.0,481.85,232.64,481.58,active,kalshi,2026-09-13T06:11:05.242176+00:00
soccer,EPL,KXEPLGAME-26SEP19NFOCOV,KXEPLGAME-26SEP19NFOCOV-COV,,Nott'm Forest,Coventry,2026-09-19T19:30:00Z,away,0.19,0.2,0.195,0.01,575.0,1250.0,46.03,6.03,46.02,active,kalshi,2026-09-13T06:11:05.242176+00:00
soccer,EPL,KXEPLGAME-26SEP19NFOCOV,KXEPLGAME-26SEP19NFOCOV-TIE,,Nott'm Forest,Coventry,2026-09-19T19:30:00Z,draw,0.23,0.24,0.235,0.01,5031.99,1315.0,199.29,63.29,199.26,active,kalshi,2026-09-13T06:11:05.242176+00:00
soccer,EPL,KXEPLGAME-26SEP19NFOCOV,KXEPLGAME-26SEP19NFOCOV-NFO,,Nott'm Forest,Coventry,2026-09-19T19:30:00Z,home,0.55,0.56,0.555,0.01,2098.7,1200.0,504.79,144.53,464.79,active,kalshi,2026-09-13T06:11:05.242176+00:00
soccer,EPL,KXEPLGAME-26SEP19TOTAVL,KXEPLGAME-26SEP19TOTAVL-AVL,,Tottenham,Aston Villa,2026-09-19T14:30:00Z,away,0.25,0.26,0.255,0.01,14361.74,1328.48,14558.24,932.29,14086.54,active,kalshi,2026-09-13T06:11:05.242176+00:00
soccer,EPL,KXEPLGAME-26SEP19TOTAVL,KXEPLGAME-26SEP19TOTAVL-TIE,,Tottenham,Aston Villa,2026-09-19T14:30:00Z,draw,0.25,0.26,0.255,0.01,2397.4,1332.0,469.9,146.66,469.9,active,kalshi,2026-09-13T06:11:05.242176+00:00
soccer,EPL,KXEPLGAME-26SEP19TOTAVL,KXEPLGAME-26SEP19TOTAVL-TOT,,Tottenham,Aston Villa,2026-09-19T14:30:00Z,home,0.47,0.48,0.475,0.01,2674.51,1853.21,3003.84,176.56,2737.93,active,kalshi,2026-09-13T06:11:05.242176+00:00
soccer,EPL,KXEPLGAME-26SEP20BOULFC,KXEPLGAME-26SEP20BOULFC-LFC,,Bournemouth,Liverpool,2026-09-20T16:00:00Z,away,0.44,0.45,0.445,0.01,7749.53,1882.87,5999.32,1873.8,5633.67,active,kalshi,2026-09-13T06:11:05.242176+00:00
soccer,EPL,KXEPLGAME-26SEP20BOULFC,KXEPLGAME-26SEP20BOULFC-TIE,,Bournemouth,Liverpool,2026-09-20T16:00:00Z,draw,0.24,0.25,0.245,0.01,6313.26,15911.0,170.21,66.78,149.43,active,kalshi,2026-09-13T06:11:05.242176+00:00
soccer,EPL,KXEPLGAME-26SEP20BOULFC,KXEPLGAME-26SEP20BOULFC-BOU,,Bournemouth,Liverpool,2026-09-20T16:00:00Z,home,0.29,0.3,0.295,0.01,6738.26,1450.0,434.17,20.15,418.17,active,kalshi,2026-09-13T06:11:05.242176+00:00
soccer,EPL,KXEPLGAME-26SEP20FULMUN,KXEPLGAME-26SEP20FULMUN-MUN,,Fulham,Man United,2026-09-20T18:30:00Z,away,0.47,0.48,0.475,0.01,6484.99,1881.0,4039.87,436.76,4039.47,active,kalshi,2026-09-13T06:11:05.242176+00:00
soccer,EPL,KXEPLGAME-26SEP20FULMUN,KXEPLGAME-26SEP20FULMUN-TIE,,Fulham,Man United,2026-09-20T18:30:00Z,draw,0.24,0.25,0.245,0.01,235.64,28.0,55.33,55.33,55.33,active,kalshi,2026-09-13T06:11:05.242176+00:00
soccer,EPL,KXEPLGAME-26SEP20FULMUN,KXEPLGAME-26SEP20FULMUN-FUL,,Fulham,Man United,2026-09-20T18:30:00Z,home,0.26,0.27,0.265,0.01,6700.18,1351.0,146.58,78.29,136.57,active,kalshi,2026-09-13T06:11:05.242176+00:00
soccer,EPL,KXEPLGAME-26SEP20LEECRY,KXEPLGAME-26SEP20LEECRY-CRY,,Leeds,Crystal Palace,2026-09-20T16:00:00Z,away,0.24,0.25,0.245,0.01,2770.52,5275.97,250.51,25.61,250.51,active,kalshi,2026-09-13T06:11:05.242176+00:00
soccer,EPL,KXEPLGAME-26SEP20LEECRY,KXEPLGAME-26SEP20LEECRY-TIE,,Leeds,Crystal Palace,2026-09-20T16:00:00Z,draw,0.26,0.27,0.265,0.01,200.0,5571.22,65.17,43.15,44.16,active,kalshi,2026-09-13T06:11:05.242176+00:00
soccer,EPL,KXEPLGAME-26SEP20LEECRY,KXEPLGAME-26SEP20LEECRY-LEE,,Leeds,Crystal Palace,2026-09-20T16:00:00Z,home,0.48,0.49,0.485,0.01,1993.04,1200.0,521.6,207.49,457.57,active,kalshi,2026-09-13T06:11:05.242176+00:00
soccer,EPL,KXEPLGAME-26SEP20MCISUN,KXEPLGAME-26SEP20MCISUN-SUN,,Man City,Sunderland,2026-09-20T16:00:00Z,away,0.07,0.08,0.07500000000000001,0.01,8821.42,13571.15,1409.44,221.31,1150.44,active,kalshi,2026-09-13T06:11:05.242176+00:00
soccer,EPL,KXEPLGAME-26SEP20MCISUN,KXEPLGAME-26SEP20MCISUN-TIE,,Man City,Sunderland,2026-09-20T16:00:00Z,draw,0.13,0.15,0.14,0.02,12168.58,14597.31,3209.5,2547.87,3209.5,active,kalshi,2026-09-13T06:11:05.242176+00:00
soccer,EPL,KXEPLGAME-26SEP20MCISUN,KXEPLGAME-26SEP20MCISUN-MCI,,Man City,Sunderland,2026-09-20T16:00:00Z,home,0.77,0.78,0.775,0.01,6422.73,749.48,3604.22,246.23,3345.54,active,kalshi,2026-09-13T06:11:05.242176+00:00
soccer,EPL,KXEPLGAME-26SEP13COVBRI,KXEPLGAME-26SEP13COVBRI-BRI,,Coventry,Brighton,2026-09-13T16:00:00Z,away,0.5,0.51,0.505,0.01,47554.35,17383.49,108927.39,98699.78,104468.74,active,kalshi,2026-09-13T06:12:01.088102+00:00
soccer,EPL,KXEPLGAME-26SEP13COVBRI,KXEPLGAME-26SEP13COVBRI-TIE,,Coventry,Brighton,2026-09-13T16:00:00Z,draw,0.25,0.26,0.255,0.01,38459.44,158537.83,11930.52,11252.79,11850.92,active,kalshi,2026-09-13T06:12:01.088102+00:00
soccer,EPL,KXEPLGAME-26SEP13COVBRI,KXEPLGAME-26SEP13COVBRI-COV,,Coventry,Brighton,2026-09-13T16:00:00Z,home,0.23,0.24,0.235,0.01,94485.35,0.01,24682.63,21058.33,21476.44,active,kalshi,2026-09-13T06:12:01.088102+00:00
soccer,EPL,KXEPLGAME-26SEP13MUNMCI,KXEPLGAME-26SEP13MUNMCI-MCI,,Man United,Man City,2026-09-13T18:30:00Z,away,0.44,0.45,0.445,0.01,26986.21,147363.54,514187.54,344734.87,381190.96,active,kalshi,2026-09-13T06:12:01.088102+00:00
soccer,EPL,KXEPLGAME-26SEP13MUNMCI,KXEPLGAME-26SEP13MUNMCI-TIE,,Man United,Man City,2026-09-13T18:30:00Z,draw,0.24,0.25,0.245,0.01,71851.28,130196.9,43344.63,30774.49,39689.36,active,kalshi,2026-09-13T06:12:01.088102+00:00
soccer,EPL,KXEPLGAME-26SEP13MUNMCI,KXEPLGAME-26SEP13MUNMCI-MUN,,Man United,Man City,2026-09-13T18:30:00Z,home,0.3,0.32,0.31,0.02,69287.22,201282.64,187412.75,129766.14,173821.37,active,kalshi,2026-09-13T06:12:01.088102+00:00
soccer,EPL,KXEPLGAME-26SEP14LEENEW,KXEPLGAME-26SEP14LEENEW-NEW,,Leeds,Newcastle,2026-09-14T22:00:00Z,away,0.32,0.33,0.325,0.01,116.69,25492.48,35381.73,17024.54,34116.62,active,kalshi,2026-09-13T06:12:01.088102+00:00
soccer,EPL,KXEPLGAME-26SEP14LEENEW,KXEPLGAME-26SEP14LEENEW-TIE,,Leeds,Newcastle,2026-09-14T22:00:00Z,draw,0.26,0.27,0.265,0.01,52757.32,20904.35,4251.47,1849.86,3937.43,active,kalshi,2026-09-13T06:12:01.088102+00:00
soccer,EPL,KXEPLGAME-26SEP14LEENEW,KXEPLGAME-26SEP14LEENEW-LEE,,Leeds,Newcastle,2026-09-14T22:00:00Z,home,0.41,0.42,0.415,0.01,2884.95,29943.0,2875.98,641.77,2775.87,active,kalshi,2026-09-13T06:12:01.088102+00:00
soccer,EPL,KXEPLGAME-26SEP18BRECFC,KXEPLGAME-26SEP18BRECFC-CFC,,Brentford,Chelsea,2026-09-18T22:00:00Z,away,0.43,0.44,0.435,0.01,28.0,5579.76,31671.84,17800.5,29773.97,active,kalshi,2026-09-13T06:12:01.088102+00:00
soccer,EPL,KXEPLGAME-26SEP18BRECFC,KXEPLGAME-26SEP18BRECFC-TIE,,Brentford,Chelsea,2026-09-18T22:00:00Z,draw,0.23,0.25,0.24,0.02,1615.95,14545.64,846.66,329.7,812.6,active,kalshi,2026-09-13T06:12:01.088102+00:00
soccer,EPL,KXEPLGAME-26SEP18BRECFC,KXEPLGAME-26SEP18BRECFC-BRE,,Brentford,Chelsea,2026-09-18T22:00:00Z,home,0.31,0.33,0.32,0.02,2699.92,4.68,498.34,88.08,416.37,active,kalshi,2026-09-13T06:12:01.088102+00:00
soccer,EPL,KXEPLGAME-26SEP19BRIARS,KXEPLGAME-26SEP19BRIARS-ARS,,Brighton,Arsenal,2026-09-19T17:00:00Z,away,0.57,0.58,0.575,0.01,60.73,8144.91,43027.42,8274.07,34812.35,active,kalshi,2026-09-13T06:12:01.088102+00:00
soccer,EPL,KXEPLGAME-26SEP19BRIARS,KXEPLGAME-26SEP19BRIARS-TIE,,Brighton,Arsenal,2026-09-19T17:00:00Z,draw,0.23,0.24,0.235,0.01,3707.41,19408.12,547.75,214.53,412.15,active,kalshi,2026-09-13T06:12:01.088102+00:00
soccer,EPL,KXEPLGAME-26SEP19BRIARS,KXEPLGAME-26SEP19BRIARS-BRI,,Brighton,Arsenal,2026-09-19T17:00:00Z,home,0.2,0.21,0.20500000000000002,0.01,21.51,19587.77,1400.05,248.11,1194.2,active,kalshi,2026-09-13T06:12:01.088102+00:00
soccer,EPL,KXEPLGAME-26SEP19EVEIPS,KXEPLGAME-26SEP19EVEIPS-IPS,,Everton,Ipswich,2026-09-19T17:00:00Z,away,0.2,0.21,0.20500000000000002,0.01,2397.0,1265.0,146.15,58.57,139.38,active,kalshi,2026-09-13T06:12:01.088102+00:00
soccer,EPL,KXEPLGAME-26SEP19EVEIPS,KXEPLGAME-26SEP19EVEIPS-TIE,,Everton,Ipswich,2026-09-19T17:00:00Z,draw,0.23,0.24,0.235,0.01,6238.0,1315.0,197.37,45.0,197.01,active,kalshi,2026-09-13T06:12:01.088102+00:00
soccer,EPL,KXEPLGAME-26SEP19EVEIPS,KXEPLGAME-26SEP19EVEIPS-EVE,,Everton,Ipswich,2026-09-19T17:00:00Z,home,0.54,0.56,0.55,0.02,2085.08,13054.35,243.5,44.81,152.65,active,kalshi,2026-09-13T06:12:01.088102+00:00
soccer,EPL,KXEPLGAME-26SEP19NEWHUL,KXEPLGAME-26SEP19NEWHUL-HUL,,Newcastle,Hull,2026-09-19T17:00:00Z,away,0.16,0.17,0.165,0.01,13.66,8992.99,3566.24,2558.2,3186.52,active,kalshi,2026-09-13T06:12:01.088102+00:00
soccer,EPL,KXEPLGAME-26SEP19NEWHUL,KXEPLGAME-26SEP19NEWHUL-TIE,,Newcastle,Hull,2026-09-19T17:00:00Z,draw,0.19,0.2,0.195,0.01,7318.88,907.93,1167.9,795.05,1135.9,active,kalshi,2026-09-13T06:12:01.088102+00:00
soccer,EPL,KXEPLGAME-26SEP19NEWHUL,KXEPLGAME-26SEP19NEWHUL-NEW,,Newcastle,Hull,2026-09-19T17:00:00Z,home,0.62,0.64,0.63,0.02,3070.8,2808.0,481.85,232.64,481.58,active,kalshi,2026-09-13T06:12:01.088102+00:00
soccer,EPL,KXEPLGAME-26SEP19NFOCOV,KXEPLGAME-26SEP19NFOCOV-COV,,Nott'm Forest,Coventry,2026-09-19T19:30:00Z,away,0.19,0.2,0.195,0.01,575.0,1250.0,46.03,6.03,46.02,active,kalshi,2026-09-13T06:12:01.088102+00:00
soccer,EPL,KXEPLGAME-26SEP19NFOCOV,KXEPLGAME-26SEP19NFOCOV-TIE,,Nott'm Forest,Coventry,2026-09-19T19:30:00Z,draw,0.23,0.24,0.235,0.01,5031.99,1315.0,199.29,63.29,199.26,active,kalshi,2026-09-13T06:12:01.088102+00:00
soccer,EPL,KXEPLGAME-26SEP19NFOCOV,KXEPLGAME-26SEP19NFOCOV-NFO,,Nott'm Forest,Coventry,2026-09-19T19:30:00Z,home,0.55,0.56,0.555,0.01,2098.7,1200.0,504.79,144.53,464.79,active,kalshi,2026-09-13T06:12:01.088102+00:00
soccer,EPL,KXEPLGAME-26SEP19TOTAVL,KXEPLGAME-26SEP19TOTAVL-AVL,,Tottenham,Aston Villa,2026-09-19T14:30:00Z,away,0.25,0.26,0.255,0.01,14361.74,1328.48,14558.24,932.29,14086.54,active,kalshi,2026-09-13T06:12:01.088102+00:00
soccer,EPL,KXEPLGAME-26SEP19TOTAVL,KXEPLGAME-26SEP19TOTAVL-TIE,,Tottenham,Aston Villa,2026-09-19T14:30:00Z,draw,0.25,0.26,0.255,0.01,2397.4,1332.0,469.9,147.66,469.9,active,kalshi,2026-09-13T06:12:01.088102+00:00
soccer,EPL,KXEPLGAME-26SEP19TOTAVL,KXEPLGAME-26SEP19TOTAVL-TOT,,Tottenham,Aston Villa,2026-09-19T14:30:00Z,home,0.47,0.48,0.475,0.01,2674.51,1853.21,3003.84,178.57,2737.93,active,kalshi,2026-09-13T06:12:01.088102+00:00
soccer,EPL,KXEPLGAME-26SEP20BOULFC,KXEPLGAME-26SEP20BOULFC-LFC,,Bournemouth,Liverpool,2026-09-20T16:00:00Z,away,0.44,0.45,0.445,0.01,7749.53,1882.87,5999.32,1873.8,5633.67,active,kalshi,2026-09-13T06:12:01.088102+00:00
soccer,EPL,KXEPLGAME-26SEP20BOULFC,KXEPLGAME-26SEP20BOULFC-TIE,,Bournemouth,Liverpool,2026-09-20T16:00:00Z,draw,0.24,0.25,0.245,0.01,6313.26,15911.0,170.21,66.78,149.43,active,kalshi,2026-09-13T06:12:01.088102+00:00
soccer,EPL,KXEPLGAME-26SEP20BOULFC,KXEPLGAME-26SEP20BOULFC-BOU,,Bournemouth,Liverpool,2026-09-20T16:00:00Z,home,0.29,0.3,0.295,0.01,6738.26,1450.0,434.17,20.15,418.17,active,kalshi,2026-09-13T06:12:01.088102+00:00
soccer,EPL,KXEPLGAME-26SEP20FULMUN,KXEPLGAME-26SEP20FULMUN-MUN,,Fulham,Man United,2026-09-20T18:30:00Z,away,0.47,0.48,0.475,0.01,6484.99,1881.0,4039.87,436.76,4039.47,active,kalshi,2026-09-13T06:12:01.088102+00:00
soccer,EPL,KXEPLGAME-26SEP20FULMUN,KXEPLGAME-26SEP20FULMUN-TIE,,Fulham,Man United,2026-09-20T18:30:00Z,draw,0.24,0.25,0.245,0.01,235.64,28.0,55.33,55.33,55.33,active,kalshi,2026-09-13T06:12:01.088102+00:00
soccer,EPL,KXEPLGAME-26SEP20FULMUN,KXEPLGAME-26SEP20FULMUN-FUL,,Fulham,Man United,2026-09-20T18:30:00Z,home,0.26,0.27,0.265,0.01,6700.18,1351.0,146.58,78.29,136.57,active,kalshi,2026-09-13T06:12:01.088102+00:00
soccer,EPL,KXEPLGAME-26SEP20LEECRY,KXEPLGAME-26SEP20LEECRY-CRY,,Leeds,Crystal Palace,2026-09-20T16:00:00Z,away,0.24,0.25,0.245,0.01,2770.52,5275.97,250.51,25.61,250.51,active,kalshi,2026-09-13T06:12:01.088102+00:00
soccer,EPL,KXEPLGAME-26SEP20LEECRY,KXEPLGAME-26SEP20LEECRY-TIE,,Leeds,Crystal Palace,2026-09-20T16:00:00Z,draw,0.26,0.27,0.265,0.01,200.0,5571.22,65.17,43.15,44.16,active,kalshi,2026-09-13T06:12:01.088102+00:00
soccer,EPL,KXEPLGAME-26SEP20LEECRY,KXEPLGAME-26SEP20LEECRY-LEE,,Leeds,Crystal Palace,2026-09-20T16:00:00Z,home,0.48,0.49,0.485,0.01,1993.04,1200.0,521.6,207.49,457.57,active,kalshi,2026-09-13T06:12:01.088102+00:00
soccer,EPL,KXEPLGAME-26SEP20MCISUN,KXEPLGAME-26SEP20MCISUN-SUN,,Man City,Sunderland,2026-09-20T16:00:00Z,away,0.07,0.08,0.07500000000000001,0.01,8821.42,13571.15,1409.44,221.31,1150.44,active,kalshi,2026-09-13T06:12:01.088102+00:00
soccer,EPL,KXEPLGAME-26SEP20MCISUN,KXEPLGAME-26SEP20MCISUN-TIE,,Man City,Sunderland,2026-09-20T16:00:00Z,draw,0.13,0.15,0.14,0.02,12168.58,14597.31,3209.5,2547.87,3209.5,active,kalshi,2026-09-13T06:12:01.088102+00:00
soccer,EPL,KXEPLGAME-26SEP20MCISUN,KXEPLGAME-26SEP20MCISUN-MCI,,Man City,Sunderland,2026-09-20T16:00:00Z,home,0.77,0.78,0.775,0.01,6422.73,749.48,3604.22,246.23,3345.54,active,kalshi,2026-09-13T06:12:01.088102+00:00
soccer,EPL,KXEPLGAME-26SEP13COVBRI,KXEPLGAME-26SEP13COVBRI-BRI,,Coventry,Brighton,2026-09-13T16:00:00Z,away,0.47,0.48,0.475,0.01,898.37,42509.02,598651.32,550828.7,496397.93,active,kalshi,2026-09-13T13:31:53.546577+00:00
soccer,EPL,KXEPLGAME-26SEP13COVBRI,KXEPLGAME-26SEP13COVBRI-TIE,,Coventry,Brighton,2026-09-13T16:00:00Z,draw,0.29,0.3,0.295,0.01,34073.3,28334.73,51241.86,41227.66,48406.86,active,kalshi,2026-09-13T13:31:53.546577+00:00
soccer,EPL,KXEPLGAME-26SEP13COVBRI,KXEPLGAME-26SEP13COVBRI-COV,,Coventry,Brighton,2026-09-13T16:00:00Z,home,0.23,0.24,0.235,0.01,14539.06,34674.64,160593.14,143227.64,108456.27,active,kalshi,2026-09-13T13:31:53.546577+00:00
soccer,EPL,KXEPLGAME-26SEP13MUNMCI,KXEPLGAME-26SEP13MUNMCI-MCI,,Man United,Man City,2026-09-13T18:30:00Z,away,0.44,0.45,0.445,0.01,90668.18,620100.54,757621.58,569313.36,612358.08,active,kalshi,2026-09-13T13:31:53.546577+00:00
soccer,EPL,KXEPLGAME-26SEP13MUNMCI,KXEPLGAME-26SEP13MUNMCI-TIE,,Man United,Man City,2026-09-13T18:30:00Z,draw,0.24,0.25,0.245,0.01,107925.32,22045.96,64699.17,50352.32,60026.75,active,kalshi,2026-09-13T13:31:53.546577+00:00
soccer,EPL,KXEPLGAME-26SEP13MUNMCI,KXEPLGAME-26SEP13MUNMCI-MUN,,Man United,Man City,2026-09-13T18:30:00Z,home,0.31,0.32,0.315,0.01,8322.26,550591.0,273544.21,207845.57,256654.76,active,kalshi,2026-09-13T13:31:53.546577+00:00
soccer,EPL,KXEPLGAME-26SEP14LEENEW,KXEPLGAME-26SEP14LEENEW-NEW,,Leeds,Newcastle,2026-09-14T22:00:00Z,away,0.32,0.33,0.325,0.01,86.33,36164.94,36614.94,17383.7,35318.86,active,kalshi,2026-09-13T13:31:53.546577+00:00
soccer,EPL,KXEPLGAME-26SEP14LEENEW,KXEPLGAME-26SEP14LEENEW-TIE,,Leeds,Newcastle,2026-09-14T22:00:00Z,draw,0.26,0.27,0.265,0.01,25674.92,18843.02,5327.18,2778.11,5013.14,active,kalshi,2026-09-13T13:31:53.546577+00:00
soccer,EPL,KXEPLGAME-26SEP14LEENEW,KXEPLGAME-26SEP14LEENEW-LEE,,Leeds,Newcastle,2026-09-14T22:00:00Z,home,0.41,0.42,0.415,0.01,6394.95,33874.03,3265.31,728.96,3131.76,active,kalshi,2026-09-13T13:31:53.546577+00:00
soccer,EPL,KXEPLGAME-26SEP18BRECFC,KXEPLGAME-26SEP18BRECFC-CFC,,Brentford,Chelsea,2026-09-18T22:00:00Z,away,0.43,0.44,0.435,0.01,476.91,4354.11,33923.06,19436.8,32025.13,active,kalshi,2026-09-13T13:31:53.546577+00:00
soccer,EPL,KXEPLGAME-26SEP18BRECFC,KXEPLGAME-26SEP18BRECFC-TIE,,Brentford,Chelsea,2026-09-18T22:00:00Z,draw,0.23,0.25,0.24,0.02,2428.79,20037.58,892.58,375.62,858.52,active,kalshi,2026-09-13T13:31:53.546577+00:00
soccer,EPL,KXEPLGAME-26SEP18BRECFC,KXEPLGAME-26SEP18BRECFC-BRE,,Brentford,Chelsea,2026-09-18T22:00:00Z,home,0.31,0.33,0.32,0.02,1578.99,4689.0,498.34,88.08,416.37,active,kalshi,2026-09-13T13:31:53.546577+00:00
soccer,EPL,KXEPLGAME-26SEP19BRIARS,KXEPLGAME-26SEP19BRIARS-ARS,,Brighton,Arsenal,2026-09-19T17:00:00Z,away,0.57,0.58,0.575,0.01,48.76,1234.99,46030.09,10958.54,37780.88,active,kalshi,2026-09-13T13:31:53.546577+00:00
soccer,EPL,KXEPLGAME-26SEP19BRIARS,KXEPLGAME-26SEP19BRIARS-TIE,,Brighton,Arsenal,2026-09-19T17:00:00Z,draw,0.23,0.24,0.235,0.01,330.81,2000.0,547.75,214.53,412.15,active,kalshi,2026-09-13T13:31:53.546577+00:00
soccer,EPL,KXEPLGAME-26SEP19BRIARS,KXEPLGAME-26SEP19BRIARS-BRI,,Brighton,Arsenal,2026-09-19T17:00:00Z,home,0.19,0.2,0.195,0.01,26.06,9.5,1436.81,284.87,1230.96,active,kalshi,2026-09-13T13:31:53.546577+00:00
soccer,EPL,KXEPLGAME-26SEP19EVEIPS,KXEPLGAME-26SEP19EVEIPS-IPS,,Everton,Ipswich,2026-09-19T17:00:00Z,away,0.21,0.22,0.215,0.01,2097.0,6449.18,146.15,58.57,139.38,active,kalshi,2026-09-13T13:31:53.546577+00:00
soccer,EPL,KXEPLGAME-26SEP19EVEIPS,KXEPLGAME-26SEP19EVEIPS-TIE,,Everton,Ipswich,2026-09-19T17:00:00Z,draw,0.23,0.25,0.24,0.02,2743.11,9677.17,197.37,45.0,197.01,active,kalshi,2026-09-13T13:31:53.546577+00:00
soccer,EPL,KXEPLGAME-26SEP19EVEIPS,KXEPLGAME-26SEP19EVEIPS-EVE,,Everton,Ipswich,2026-09-19T17:00:00Z,home,0.53,0.55,0.54,0.02,2753.27,8358.01,289.93,91.24,179.08,active,kalshi,2026-09-13T13:31:53.546577+00:00
soccer,EPL,KXEPLGAME-26SEP19NEWHUL,KXEPLGAME-26SEP19NEWHUL-HUL,,Newcastle,Hull,2026-09-19T17:00:00Z,away,0.15,0.16,0.155,0.01,2641.28,4906.06,3582.11,2574.07,3202.39,active,kalshi,2026-09-13T13:31:53.546577+00:00
soccer,EPL,KXEPLGAME-26SEP19NEWHUL,KXEPLGAME-26SEP19NEWHUL-TIE,,Newcastle,Hull,2026-09-19T17:00:00Z,draw,0.2,0.21,0.20500000000000002,0.01,600.32,5903.82,1167.9,749.93,1135.9,active,kalshi,2026-09-13T13:31:53.546577+00:00
soccer,EPL,KXEPLGAME-26SEP19NEWHUL,KXEPLGAME-26SEP19NEWHUL-NEW,,Newcastle,Hull,2026-09-19T17:00:00Z,home,0.62,0.65,0.635,0.03,3341.06,8022.5,481.85,32.64,481.58,active,kalshi,2026-09-13T13:31:53.546577+00:00
soccer,EPL,KXEPLGAME-26SEP19NFOCOV,KXEPLGAME-26SEP19NFOCOV-COV,,Nott'm Forest,Coventry,2026-09-19T19:30:00Z,away,0.19,0.2,0.195,0.01,544.0,20.76,46.79,6.79,46.77,active,kalshi,2026-09-13T13:31:53.546577+00:00
soccer,EPL,KXEPLGAME-26SEP19NFOCOV,KXEPLGAME-26SEP19NFOCOV-TIE,,Nott'm Forest,Coventry,2026-09-19T19:30:00Z,draw,0.23,0.25,0.24,0.02,1235.19,5975.96,199.29,63.29,199.26,active,kalshi,2026-09-13T13:31:53.546577+00:00
soccer,EPL,KXEPLGAME-26SEP19NFOCOV,KXEPLGAME-26SEP19NFOCOV-NFO,,Nott'm Forest,Coventry,2026-09-19T19:30:00Z,home,0.55,0.56,0.555,0.01,264.27,201.0,504.85,144.59,464.85,active,kalshi,2026-09-13T13:31:53.546577+00:00
soccer,EPL,KXEPLGAME-26SEP19TOTAVL,KXEPLGAME-26SEP19TOTAVL-AVL,,Tottenham,Aston Villa,2026-09-19T14:30:00Z,away,0.25,0.26,0.255,0.01,12266.63,4327.53,14892.13,1156.93,14420.43,active,kalshi,2026-09-13T13:31:53.546577+00:00
soccer,EPL,KXEPLGAME-26SEP19TOTAVL,KXEPLGAME-26SEP19TOTAVL-TIE,,Tottenham,Aston Villa,2026-09-19T14:30:00Z,draw,0.25,0.27,0.26,0.02,255.0,19112.44,568.62,246.38,568.62,active,kalshi,2026-09-13T13:31:53.546577+00:00
soccer,EPL,KXEPLGAME-26SEP19TOTAVL,KXEPLGAME-26SEP19TOTAVL-TOT,,Tottenham,Aston Villa,2026-09-19T14:30:00Z,home,0.47,0.49,0.48,0.02,3667.67,13467.05,3121.94,296.67,2811.21,active,kalshi,2026-09-13T13:31:53.546577+00:00
soccer,EPL,KXEPLGAME-26SEP20BOULFC,KXEPLGAME-26SEP20BOULFC-LFC,,Bournemouth,Liverpool,2026-09-20T16:00:00Z,away,0.44,0.46,0.45,0.02,1511.79,15062.69,6108.35,1978.83,5742.7,active,kalshi,2026-09-13T13:31:53.546577+00:00
soccer,EPL,KXEPLGAME-26SEP20BOULFC,KXEPLGAME-26SEP20BOULFC-TIE,,Bournemouth,Liverpool,2026-09-20T16:00:00Z,draw,0.24,0.25,0.245,0.01,292.17,16387.0,170.21,66.78,149.43,active,kalshi,2026-09-13T13:31:53.546577+00:00
soccer,EPL,KXEPLGAME-26SEP20BOULFC,KXEPLGAME-26SEP20BOULFC-BOU,,Bournemouth,Liverpool,2026-09-20T16:00:00Z,home,0.3,0.31,0.305,0.01,201.0,1733.7,434.17,20.15,418.17,active,kalshi,2026-09-13T13:31:53.546577+00:00
soccer,EPL,KXEPLGAME-26SEP20FULMUN,KXEPLGAME-26SEP20FULMUN-MUN,,Fulham,Man United,2026-09-20T18:30:00Z,away,0.47,0.49,0.48,0.02,6655.4,15582.36,4039.87,436.42,4039.47,active,kalshi,2026-09-13T13:31:53.546577+00:00
soccer,EPL,KXEPLGAME-26SEP20FULMUN,KXEPLGAME-26SEP20FULMUN-TIE,,Fulham,Man United,2026-09-20T18:30:00Z,draw,0.24,0.26,0.25,0.02,6406.28,16008.58,72.33,72.33,72.33,active,kalshi,2026-09-13T13:31:53.546577+00:00
soccer,EPL,KXEPLGAME-26SEP20FULMUN,KXEPLGAME-26SEP20FULMUN-FUL,,Fulham,Man United,2026-09-20T18:30:00Z,home,0.26,0.27,0.265,0.01,6874.96,1351.0,146.58,25.44,136.57,active,kalshi,2026-09-13T13:31:53.546577+00:00
soccer,EPL,KXEPLGAME-26SEP20LEECRY,KXEPLGAME-26SEP20LEECRY-CRY,,Leeds,Crystal Palace,2026-09-20T16:00:00Z,away,0.24,0.25,0.245,0.01,2687.52,3942.97,250.52,25.62,250.52,active,kalshi,2026-09-13T13:31:53.546577+00:00
soccer,EPL,KXEPLGAME-26SEP20LEECRY,KXEPLGAME-26SEP20LEECRY-TIE,,Leeds,Crystal Palace,2026-09-20T16:00:00Z,draw,0.25,0.27,0.26,0.02,5504.95,122.61,65.17,43.15,44.16,active,kalshi,2026-09-13T13:31:53.546577+00:00
soccer,EPL,KXEPLGAME-26SEP20LEECRY,KXEPLGAME-26SEP20LEECRY-LEE,,Leeds,Crystal Palace,2026-09-20T16:00:00Z,home,0.48,0.49,0.485,0.01,127.52,1561.0,521.6,207.49,457.57,active,kalshi,2026-09-13T13:31:53.546577+00:00
soccer,EPL,KXEPLGAME-26SEP20MCISUN,KXEPLGAME-26SEP20MCISUN-SUN,,Man City,Sunderland,2026-09-20T16:00:00Z,away,0.07,0.08,0.07500000000000001,0.01,9833.74,1041.02,1579.22,169.96,1320.22,active,kalshi,2026-09-13T13:31:53.546577+00:00
soccer,EPL,KXEPLGAME-26SEP20MCISUN,KXEPLGAME-26SEP20MCISUN-TIE,,Man City,Sunderland,2026-09-20T16:00:00Z,draw,0.14,0.15,0.14500000000000002,0.01,256.48,14976.0,3209.5,2516.41,3209.5,active,kalshi,2026-09-13T13:31:53.546577+00:00
soccer,EPL,KXEPLGAME-26SEP20MCISUN,KXEPLGAME-26SEP20MCISUN-MCI,,Man City,Sunderland,2026-09-20T16:00:00Z,home,0.77,0.78,0.775,0.01,1.0,4739.68,3605.45,247.46,3346.77,active,kalshi,2026-09-13T13:31:53.546577+00:00
soccer,EPL,KXEPLGAME-26SEP13COVBRI,KXEPLGAME-26SEP13COVBRI-BRI,,Coventry,Brighton,2026-09-13T16:00:00Z,away,0.71,0.72,0.715,0.01,94277.34,89187.13,696356.25,681725.7,525854.47,active,kalshi,2026-09-13T14:02:16.366165+00:00
soccer,EPL,KXEPLGAME-26SEP13COVBRI,KXEPLGAME-26SEP13COVBRI-TIE,,Coventry,Brighton,2026-09-13T16:00:00Z,draw,0.2,0.21,0.20500000000000002,0.01,36586.9,112311.93,98391.31,95958.28,72542.15,active,kalshi,2026-09-13T14:02:16.366165+00:00
soccer,EPL,KXEPLGAME-26SEP13COVBRI,KXEPLGAME-26SEP13COVBRI-COV,,Coventry,Brighton,2026-09-13T16:00:00Z,home,0.07,0.08,0.07500000000000001,0.01,37046.94,14685.16,270699.36,266228.78,167582.97,active,kalshi,2026-09-13T14:02:16.366165+00:00
soccer,EPL,KXEPLGAME-26SEP13MUNMCI,KXEPLGAME-26SEP13MUNMCI-MCI,,Man United,Man City,2026-09-13T18:30:00Z,away,0.44,0.45,0.445,0.01,54861.49,566855.5,811510.71,632194.71,665601.44,active,kalshi,2026-09-13T14:02:16.366165+00:00
soccer,EPL,KXEPLGAME-26SEP13MUNMCI,KXEPLGAME-26SEP13MUNMCI-TIE,,Man United,Man City,2026-09-13T18:30:00Z,draw,0.24,0.25,0.245,0.01,117284.31,16144.29,70807.42,57759.44,65884.98,active,kalshi,2026-09-13T14:02:16.366165+00:00
soccer,EPL,KXEPLGAME-26SEP13MUNMCI,KXEPLGAME-26SEP13MUNMCI-MUN,,Man United,Man City,2026-09-13T18:30:00Z,home,0.31,0.32,0.315,0.01,6413.52,542455.41,288924.89,225297.72,271932.38,active,kalshi,2026-09-13T14:02:16.366165+00:00
soccer,EPL,KXEPLGAME-26SEP14LEENEW,KXEPLGAME-26SEP14LEENEW-NEW,,Leeds,Newcastle,2026-09-14T22:00:00Z,away,0.31,0.32,0.315,0.01,18359.29,152.0,37669.46,18362.4,35572.46,active,kalshi,2026-09-13T14:02:16.366165+00:00
soccer,EPL,KXEPLGAME-26SEP14LEENEW,KXEPLGAME-26SEP14LEENEW-TIE,,Leeds,Newcastle,2026-09-14T22:00:00Z,draw,0.26,0.27,0.265,0.01,29219.92,21567.86,5742.26,3192.19,5428.22,active,kalshi,2026-09-13T14:02:16.366165+00:00
soccer,EPL,KXEPLGAME-26SEP14LEENEW,KXEPLGAME-26SEP14LEENEW-LEE,,Leeds,Newcastle,2026-09-14T22:00:00Z,home,0.41,0.42,0.415,0.01,7230.92,13665.36,5107.21,2573.14,4973.66,active,kalshi,2026-09-13T14:02:16.366165+00:00
soccer,EPL,KXEPLGAME-26SEP18BRECFC,KXEPLGAME-26SEP18BRECFC-CFC,,Brentford,Chelsea,2026-09-18T22:00:00Z,away,0.42,0.44,0.43,0.02,18127.37,11319.49,34028.48,19628.32,32130.55,active,kalshi,2026-09-13T14:02:16.366165+00:00
soccer,EPL,KXEPLGAME-26SEP18BRECFC,KXEPLGAME-26SEP18BRECFC-TIE,,Brentford,Chelsea,2026-09-18T22:00:00Z,draw,0.23,0.25,0.24,0.02,1848.79,20029.98,900.18,383.22,866.12,active,kalshi,2026-09-13T14:02:16.366165+00:00
soccer,EPL,KXEPLGAME-26SEP18BRECFC,KXEPLGAME-26SEP18BRECFC-BRE,,Brentford,Chelsea,2026-09-18T22:00:00Z,home,0.31,0.33,0.32,0.02,1418.99,3985.33,535.01,124.75,453.04,active,kalshi,2026-09-13T14:02:16.366165+00:00
soccer,EPL,KXEPLGAME-26SEP19BRIARS,KXEPLGAME-26SEP19BRIARS-ARS,,Brighton,Arsenal,2026-09-19T17:00:00Z,away,0.57,0.58,0.575,0.01,58.1,1211.1,46496.99,11610.43,38247.78,active,kalshi,2026-09-13T14:02:16.366165+00:00
soccer,EPL,KXEPLGAME-26SEP19BRIARS,KXEPLGAME-26SEP19BRIARS-TIE,,Brighton,Arsenal,2026-09-19T17:00:00Z,draw,0.23,0.24,0.235,0.01,330.81,1397.4,547.75,214.53,412.15,active,kalshi,2026-09-13T14:02:16.366165+00:00
soccer,EPL,KXEPLGAME-26SEP19BRIARS,KXEPLGAME-26SEP19BRIARS-BRI,,Brighton,Arsenal,2026-09-19T17:00:00Z,home,0.18,0.2,0.19,0.02,997.47,219.38,1484.15,332.21,1278.3,active,kalshi,2026-09-13T14:02:16.366165+00:00
soccer,EPL,KXEPLGAME-26SEP19EVEIPS,KXEPLGAME-26SEP19EVEIPS-IPS,,Everton,Ipswich,2026-09-19T17:00:00Z,away,0.21,0.22,0.215,0.01,2097.0,6449.18,146.15,58.57,139.38,active,kalshi,2026-09-13T14:02:16.366165+00:00
soccer,EPL,KXEPLGAME-26SEP19EVEIPS,KXEPLGAME-26SEP19EVEIPS-TIE,,Everton,Ipswich,2026-09-19T17:00:00Z,draw,0.23,0.25,0.24,0.02,2743.11,9677.17,197.37,45.0,197.01,active,kalshi,2026-09-13T14:02:16.366165+00:00
soccer,EPL,KXEPLGAME-26SEP19EVEIPS,KXEPLGAME-26SEP19EVEIPS-EVE,,Everton,Ipswich,2026-09-19T17:00:00Z,home,0.53,0.55,0.54,0.02,5925.08,8358.01,289.93,91.24,179.08,active,kalshi,2026-09-13T14:02:16.366165+00:00
soccer,EPL,KXEPLGAME-26SEP19NEWHUL,KXEPLGAME-26SEP19NEWHUL-HUL,,Newcastle,Hull,2026-09-19T17:00:00Z,away,0.15,0.16,0.155,0.01,2841.28,8407.06,3582.11,2574.07,3202.39,active,kalshi,2026-09-13T14:02:16.366165+00:00
soccer,EPL,KXEPLGAME-26SEP19NEWHUL,KXEPLGAME-26SEP19NEWHUL-TIE,,Newcastle,Hull,2026-09-19T17:00:00Z,draw,0.2,0.21,0.20500000000000002,0.01,600.32,9403.82,1167.9,749.93,1135.9,active,kalshi,2026-09-13T14:02:16.366165+00:00
soccer,EPL,KXEPLGAME-26SEP19NEWHUL,KXEPLGAME-26SEP19NEWHUL-NEW,,Newcastle,Hull,2026-09-19T17:00:00Z,home,0.62,0.64,0.63,0.02,6841.06,4300.0,481.85,32.64,481.58,active,kalshi,2026-09-13T14:02:16.366165+00:00
soccer,EPL,KXEPLGAME-26SEP19NFOCOV,KXEPLGAME-26SEP19NFOCOV-COV,,Nott'm Forest,Coventry,2026-09-19T19:30:00Z,away,0.19,0.2,0.195,0.01,544.0,20.76,46.79,6.79,46.77,active,kalshi,2026-09-13T14:02:16.366165+00:00
soccer,EPL,KXEPLGAME-26SEP19NFOCOV,KXEPLGAME-26SEP19NFOCOV-TIE,,Nott'm Forest,Coventry,2026-09-19T19:30:00Z,draw,0.23,0.25,0.24,0.02,1235.19,1735.0,199.29,63.29,199.26,active,kalshi,2026-09-13T14:02:16.366165+00:00
soccer,EPL,KXEPLGAME-26SEP19NFOCOV,KXEPLGAME-26SEP19NFOCOV-NFO,,Nott'm Forest,Coventry,2026-09-19T19:30:00Z,home,0.54,0.57,0.5549999999999999,0.03,2330.58,8506.57,504.85,144.59,464.85,active,kalshi,2026-09-13T14:02:16.366165+00:00
soccer,EPL,KXEPLGAME-26SEP19TOTAVL,KXEPLGAME-26SEP19TOTAVL-AVL,,Tottenham,Aston Villa,2026-09-19T14:30:00Z,away,0.25,0.27,0.26,0.02,15816.75,11774.53,14941.75,1206.55,14470.05,active,kalshi,2026-09-13T14:02:16.366165+00:00
soccer,EPL,KXEPLGAME-26SEP19TOTAVL,KXEPLGAME-26SEP19TOTAVL-TIE,,Tottenham,Aston Villa,2026-09-19T14:30:00Z,draw,0.25,0.27,0.26,0.02,254.0,22612.44,568.62,246.38,568.62,active,kalshi,2026-09-13T14:02:16.366165+00:00
soccer,EPL,KXEPLGAME-26SEP19TOTAVL,KXEPLGAME-26SEP19TOTAVL-TOT,,Tottenham,Aston Villa,2026-09-19T14:30:00Z,home,0.47,0.49,0.48,0.02,7345.67,16967.05,3121.94,276.69,2811.21,active,kalshi,2026-09-13T14:02:16.366165+00:00
soccer,EPL,KXEPLGAME-26SEP20BOULFC,KXEPLGAME-26SEP20BOULFC-LFC,,Bournemouth,Liverpool,2026-09-20T16:00:00Z,away,0.44,0.46,0.45,0.02,1267.79,19406.69,6108.35,1958.83,5742.7,active,kalshi,2026-09-13T14:02:16.366165+00:00
soccer,EPL,KXEPLGAME-26SEP20BOULFC,KXEPLGAME-26SEP20BOULFC-TIE,,Bournemouth,Liverpool,2026-09-20T16:00:00Z,draw,0.24,0.25,0.245,0.01,492.17,19887.0,170.21,66.78,149.43,active,kalshi,2026-09-13T14:02:16.366165+00:00
soccer,EPL,KXEPLGAME-26SEP20BOULFC,KXEPLGAME-26SEP20BOULFC-BOU,,Bournemouth,Liverpool,2026-09-20T16:00:00Z,home,0.3,0.31,0.305,0.01,10069.26,1733.7,434.17,20.15,418.17,active,kalshi,2026-09-13T14:02:16.366165+00:00
soccer,EPL,KXEPLGAME-26SEP20FULMUN,KXEPLGAME-26SEP20FULMUN-MUN,,Fulham,Man United,2026-09-20T18:30:00Z,away,0.47,0.49,0.48,0.02,6655.4,15582.36,4039.87,436.42,4039.47,active,kalshi,2026-09-13T14:02:16.366165+00:00
soccer,EPL,KXEPLGAME-26SEP20FULMUN,KXEPLGAME-26SEP20FULMUN-TIE,,Fulham,Man United,2026-09-20T18:30:00Z,draw,0.24,0.26,0.25,0.02,6406.28,16008.58,72.33,72.33,72.33,active,kalshi,2026-09-13T14:02:16.366165+00:00
soccer,EPL,KXEPLGAME-26SEP20FULMUN,KXEPLGAME-26SEP20FULMUN-FUL,,Fulham,Man United,2026-09-20T18:30:00Z,home,0.26,0.27,0.265,0.01,6874.96,1351.0,146.58,25.44,136.57,active,kalshi,2026-09-13T14:02:16.366165+00:00
soccer,EPL,KXEPLGAME-26SEP20LEECRY,KXEPLGAME-26SEP20LEECRY-CRY,,Leeds,Crystal Palace,2026-09-20T16:00:00Z,away,0.24,0.26,0.25,0.02,2687.52,9683.5,250.52,25.62,250.52,active,kalshi,2026-09-13T14:02:16.366165+00:00
soccer,EPL,KXEPLGAME-26SEP20LEECRY,KXEPLGAME-26SEP20LEECRY-TIE,,Leeds,Crystal Palace,2026-09-20T16:00:00Z,draw,0.25,0.27,0.26,0.02,10781.44,7824.71,65.17,43.15,44.16,active,kalshi,2026-09-13T14:02:16.366165+00:00
soccer,EPL,KXEPLGAME-26SEP20LEECRY,KXEPLGAME-26SEP20LEECRY-LEE,,Leeds,Crystal Palace,2026-09-20T16:00:00Z,home,0.48,0.49,0.485,0.01,175.68,1201.0,521.6,207.49,457.57,active,kalshi,2026-09-13T14:02:16.366165+00:00
soccer,EPL,KXEPLGAME-26SEP20MCISUN,KXEPLGAME-26SEP20MCISUN-SUN,,Man City,Sunderland,2026-09-20T16:00:00Z,away,0.07,0.08,0.07500000000000001,0.01,13533.74,1041.02,1579.22,214.94,1320.22,active,kalshi,2026-09-13T14:02:16.366165+00:00
soccer,EPL,KXEPLGAME-26SEP20MCISUN,KXEPLGAME-26SEP20MCISUN-TIE,,Man City,Sunderland,2026-09-20T16:00:00Z,draw,0.14,0.15,0.14500000000000002,0.01,456.48,18476.0,3209.5,2516.41,3209.5,active,kalshi,2026-09-13T14:02:16.366165+00:00
soccer,EPL,KXEPLGAME-26SEP20MCISUN,KXEPLGAME-26SEP20MCISUN-MCI,,Man City,Sunderland,2026-09-20T16:00:00Z,home,0.77,0.78,0.775,0.01,1.0,9866.91,3613.02,253.76,3354.34,active,kalshi,2026-09-13T14:02:16.366165+00:00
soccer,EPL,KXEPLGAME-26SEP13COVBRI,KXEPLGAME-26SEP13COVBRI-BRI,,Coventry,Brighton,2026-09-13T16:00:00Z,away,0.99,1.0,0.995,0.01,340793.58,0.0,888875.61,875692.4,544132.91,active,kalshi,2026-09-13T14:33:46.462503+00:00
soccer,EPL,KXEPLGAME-26SEP13COVBRI,KXEPLGAME-26SEP13COVBRI-TIE,,Coventry,Brighton,2026-09-13T16:00:00Z,draw,0.0,0.01,0.005,0.01,0.0,148542.66,181220.96,180199.35,95225.99,active,kalshi,2026-09-13T14:33:46.462503+00:00
soccer,EPL,KXEPLGAME-26SEP13COVBRI,KXEPLGAME-26SEP13COVBRI-COV,,Coventry,Brighton,2026-09-13T16:00:00Z,home,0.0,0.01,0.005,0.01,0.0,71080.97,337650.79,333751.52,211198.72,active,kalshi,2026-09-13T14:33:46.462503+00:00
soccer,EPL,KXEPLGAME-26SEP13MUNMCI,KXEPLGAME-26SEP13MUNMCI-MCI,,Man United,Man City,2026-09-13T18:30:00Z,away,0.44,0.45,0.445,0.01,5062.0,547813.71,959212.42,769705.82,740605.81,active,kalshi,2026-09-13T14:33:46.462503+00:00
soccer,EPL,KXEPLGAME-26SEP13MUNMCI,KXEPLGAME-26SEP13MUNMCI-TIE,,Man United,Man City,2026-09-13T18:30:00Z,draw,0.25,0.26,0.255,0.01,10779.48,303989.46,85650.63,71403.93,80212.14,active,kalshi,2026-09-13T14:33:46.462503+00:00
soccer,EPL,KXEPLGAME-26SEP13MUNMCI,KXEPLGAME-26SEP13MUNMCI-MUN,,Man United,Man City,2026-09-13T18:30:00Z,home,0.31,0.32,0.315,0.01,29052.06,457057.22,323214.38,252355.7,306127.38,active,kalshi,2026-09-13T14:33:46.462503+00:00
soccer,EPL,KXEPLGAME-26SEP14LEENEW,KXEPLGAME-26SEP14LEENEW-NEW,,Leeds,Newcastle,2026-09-14T22:00:00Z,away,0.31,0.32,0.315,0.01,14363.26,12247.9,38589.56,19195.68,36492.56,active,kalshi,2026-09-13T14:33:46.462503+00:00
soccer,EPL,KXEPLGAME-26SEP14LEENEW,KXEPLGAME-26SEP14LEENEW-TIE,,Leeds,Newcastle,2026-09-14T22:00:00Z,draw,0.26,0.27,0.265,0.01,40805.67,21564.34,5745.78,3171.67,5431.74,active,kalshi,2026-09-13T14:33:46.462503+00:00
soccer,EPL,KXEPLGAME-26SEP14LEENEW,KXEPLGAME-26SEP14LEENEW-LEE,,Leeds,Newcastle,2026-09-14T22:00:00Z,home,0.41,0.42,0.415,0.01,9870.94,37965.88,5216.97,2682.9,5083.42,active,kalshi,2026-09-13T14:33:46.462503+00:00
soccer,EPL,KXEPLGAME-26SEP18BRECFC,KXEPLGAME-26SEP18BRECFC-CFC,,Brentford,Chelsea,2026-09-18T22:00:00Z,away,0.42,0.44,0.43,0.02,18087.3,14423.62,34618.01,19982.1,32466.78,active,kalshi,2026-09-13T14:33:46.462503+00:00
soccer,EPL,KXEPLGAME-26SEP18BRECFC,KXEPLGAME-26SEP18BRECFC-TIE,,Brentford,Chelsea,2026-09-18T22:00:00Z,draw,0.23,0.25,0.24,0.02,2482.79,18029.98,900.18,383.22,866.12,active,kalshi,2026-09-13T14:33:46.462503+00:00
soccer,EPL,KXEPLGAME-26SEP18BRECFC,KXEPLGAME-26SEP18BRECFC-BRE,,Brentford,Chelsea,2026-09-18T22:00:00Z,home,0.31,0.32,0.315,0.01,1534.99,1431.0,535.01,124.75,453.04,active,kalshi,2026-09-13T14:33:46.462503+00:00
soccer,EPL,KXEPLGAME-26SEP19BRIARS,KXEPLGAME-26SEP19BRIARS-ARS,,Brighton,Arsenal,2026-09-19T17:00:00Z,away,0.57,0.58,0.575,0.01,58.1,9813.42,46995.05,12108.49,38745.84,active,kalshi,2026-09-13T14:33:46.462503+00:00
soccer,EPL,KXEPLGAME-26SEP19BRIARS,KXEPLGAME-26SEP19BRIARS-TIE,,Brighton,Arsenal,2026-09-19T17:00:00Z,draw,0.23,0.24,0.235,0.01,530.81,18055.79,547.75,214.53,412.15,active,kalshi,2026-09-13T14:33:46.462503+00:00
soccer,EPL,KXEPLGAME-26SEP19BRIARS,KXEPLGAME-26SEP19BRIARS-BRI,,Brighton,Arsenal,2026-09-19T17:00:00Z,home,0.19,0.21,0.2,0.02,2742.12,21741.46,1945.66,793.72,1739.81,active,kalshi,2026-09-13T14:33:46.462503+00:00
soccer,EPL,KXEPLGAME-26SEP19EVEIPS,KXEPLGAME-26SEP19EVEIPS-IPS,,Everton,Ipswich,2026-09-19T17:00:00Z,away,0.21,0.22,0.215,0.01,2097.0,6449.18,146.15,58.57,139.38,active,kalshi,2026-09-13T14:33:46.462503+00:00
soccer,EPL,KXEPLGAME-26SEP19EVEIPS,KXEPLGAME-26SEP19EVEIPS-TIE,,Everton,Ipswich,2026-09-19T17:00:00Z,draw,0.23,0.25,0.24,0.02,2743.11,9677.17,197.37,45.0,197.01,active,kalshi,2026-09-13T14:33:46.462503+00:00
soccer,EPL,KXEPLGAME-26SEP19EVEIPS,KXEPLGAME-26SEP19EVEIPS-EVE,,Everton,Ipswich,2026-09-19T17:00:00Z,home,0.53,0.55,0.54,0.02,2425.08,8358.01,289.93,91.24,179.08,active,kalshi,2026-09-13T14:33:46.462503+00:00
soccer,EPL,KXEPLGAME-26SEP19NEWHUL,KXEPLGAME-26SEP19NEWHUL-HUL,,Newcastle,Hull,2026-09-19T17:00:00Z,away,0.15,0.16,0.155,0.01,2786.69,5305.06,3667.21,2652.88,3176.31,active,kalshi,2026-09-13T14:33:46.462503+00:00
soccer,EPL,KXEPLGAME-26SEP19NEWHUL,KXEPLGAME-26SEP19NEWHUL-TIE,,Newcastle,Hull,2026-09-19T17:00:00Z,draw,0.2,0.22,0.21000000000000002,0.02,600.32,12482.13,1167.9,749.93,1135.9,active,kalshi,2026-09-13T14:33:46.462503+00:00
soccer,EPL,KXEPLGAME-26SEP19NEWHUL,KXEPLGAME-26SEP19NEWHUL-NEW,,Newcastle,Hull,2026-09-19T17:00:00Z,home,0.62,0.65,0.635,0.03,6364.06,11522.5,559.21,110.0,558.94,active,kalshi,2026-09-13T14:33:46.462503+00:00
soccer,EPL,KXEPLGAME-26SEP19NFOCOV,KXEPLGAME-26SEP19NFOCOV-COV,,Nott'm Forest,Coventry,2026-09-19T19:30:00Z,away,0.19,0.2,0.195,0.01,501.0,7916.86,46.79,6.79,46.77,active,kalshi,2026-09-13T14:33:46.462503+00:00
soccer,EPL,KXEPLGAME-26SEP19NFOCOV,KXEPLGAME-26SEP19NFOCOV-TIE,,Nott'm Forest,Coventry,2026-09-19T19:30:00Z,draw,0.23,0.25,0.24,0.02,9906.99,10300.64,199.29,63.29,199.26,active,kalshi,2026-09-13T14:33:46.462503+00:00
soccer,EPL,KXEPLGAME-26SEP19NFOCOV,KXEPLGAME-26SEP19NFOCOV-NFO,,Nott'm Forest,Coventry,2026-09-19T19:30:00Z,home,0.55,0.57,0.56,0.02,8009.87,7889.0,504.85,144.59,464.85,active,kalshi,2026-09-13T14:33:46.462503+00:00
soccer,EPL,KXEPLGAME-26SEP19TOTAVL,KXEPLGAME-26SEP19TOTAVL-AVL,,Tottenham,Aston Villa,2026-09-19T14:30:00Z,away,0.25,0.26,0.255,0.01,15749.89,7861.01,15064.1,1311.18,14592.4,active,kalshi,2026-09-13T14:33:46.462503+00:00
soccer,EPL,KXEPLGAME-26SEP19TOTAVL,KXEPLGAME-26SEP19TOTAVL-TIE,,Tottenham,Aston Villa,2026-09-19T14:30:00Z,draw,0.25,0.26,0.255,0.01,2391.5,13959.8,603.62,281.38,603.62,active,kalshi,2026-09-13T14:33:46.462503+00:00
soccer,EPL,KXEPLGAME-26SEP19TOTAVL,KXEPLGAME-26SEP19TOTAVL-TOT,,Tottenham,Aston Villa,2026-09-19T14:30:00Z,home,0.48,0.49,0.485,0.01,2260.15,16774.2,3327.79,482.54,3017.06,active,kalshi,2026-09-13T14:33:46.462503+00:00
soccer,EPL,KXEPLGAME-26SEP20BOULFC,KXEPLGAME-26SEP20BOULFC-LFC,,Bournemouth,Liverpool,2026-09-20T16:00:00Z,away,0.44,0.45,0.445,0.01,914.58,16345.52,6108.35,1953.81,5742.7,active,kalshi,2026-09-13T14:33:46.462503+00:00
soccer,EPL,KXEPLGAME-26SEP20BOULFC,KXEPLGAME-26SEP20BOULFC-TIE,,Bournemouth,Liverpool,2026-09-20T16:00:00Z,draw,0.24,0.25,0.245,0.01,10171.43,19507.0,170.21,66.78,149.43,active,kalshi,2026-09-13T14:33:46.462503+00:00
soccer,EPL,KXEPLGAME-26SEP20BOULFC,KXEPLGAME-26SEP20BOULFC-BOU,,Bournemouth,Liverpool,2026-09-20T16:00:00Z,home,0.3,0.31,0.305,0.01,10069.26,1733.7,434.17,20.15,418.17,active,kalshi,2026-09-13T14:33:46.462503+00:00
soccer,EPL,KXEPLGAME-26SEP20FULMUN,KXEPLGAME-26SEP20FULMUN-MUN,,Fulham,Man United,2026-09-20T18:30:00Z,away,0.47,0.49,0.48,0.02,6655.4,15582.36,4039.87,436.42,4039.47,active,kalshi,2026-09-13T14:33:46.462503+00:00
soccer,EPL,KXEPLGAME-26SEP20FULMUN,KXEPLGAME-26SEP20FULMUN-TIE,,Fulham,Man United,2026-09-20T18:30:00Z,draw,0.24,0.25,0.245,0.01,6566.28,0.02,72.33,69.33,72.33,active,kalshi,2026-09-13T14:33:46.462503+00:00
soccer,EPL,KXEPLGAME-26SEP20FULMUN,KXEPLGAME-26SEP20FULMUN-FUL,,Fulham,Man United,2026-09-20T18:30:00Z,home,0.26,0.27,0.265,0.01,6874.96,1351.0,146.58,25.44,136.57,active,kalshi,2026-09-13T14:33:46.462503+00:00
soccer,EPL,KXEPLGAME-26SEP20LEECRY,KXEPLGAME-26SEP20LEECRY-CRY,,Leeds,Crystal Palace,2026-09-20T16:00:00Z,away,0.24,0.25,0.245,0.01,501.0,7442.97,250.52,25.62,250.52,active,kalshi,2026-09-13T14:33:46.462503+00:00
soccer,EPL,KXEPLGAME-26SEP20LEECRY,KXEPLGAME-26SEP20LEECRY-TIE,,Leeds,Crystal Palace,2026-09-20T16:00:00Z,draw,0.26,0.27,0.265,0.01,2189.48,122.61,65.17,43.15,44.16,active,kalshi,2026-09-13T14:33:46.462503+00:00
soccer,EPL,KXEPLGAME-26SEP20LEECRY,KXEPLGAME-26SEP20LEECRY-LEE,,Leeds,Crystal Palace,2026-09-20T16:00:00Z,home,0.48,0.49,0.485,0.01,134.68,1201.0,521.6,207.49,457.57,active,kalshi,2026-09-13T14:33:46.462503+00:00
soccer,EPL,KXEPLGAME-26SEP20MCISUN,KXEPLGAME-26SEP20MCISUN-SUN,,Man City,Sunderland,2026-09-20T16:00:00Z,away,0.07,0.08,0.07500000000000001,0.01,15411.74,1841.02,1579.22,214.94,1320.22,active,kalshi,2026-09-13T14:33:46.462503+00:00
soccer,EPL,KXEPLGAME-26SEP20MCISUN,KXEPLGAME-26SEP20MCISUN-TIE,,Man City,Sunderland,2026-09-20T16:00:00Z,draw,0.14,0.15,0.14500000000000002,0.01,456.48,18476.0,3209.5,2516.41,3209.5,active,kalshi,2026-09-13T14:33:46.462503+00:00
soccer,EPL,KXEPLGAME-26SEP20MCISUN,KXEPLGAME-26SEP20MCISUN-MCI,,Man City,Sunderland,2026-09-20T16:00:00Z,home,0.77,0.78,0.775,0.01,1.0,8678.91,3613.02,253.76,3354.34,active,kalshi,2026-09-13T14:33:46.462503+00:00
soccer,EPL,KXEPLGAME-26SEP13MUNMCI,KXEPLGAME-26SEP13MUNMCI-MCI,,Man United,Man City,2026-09-13T18:30:00Z,away,0.44,0.45,0.445,0.01,46540.26,485949.98,1079445.78,890505.0,860367.17,active,kalshi,2026-09-13T15:01:55.593075+00:00
soccer,EPL,KXEPLGAME-26SEP13MUNMCI,KXEPLGAME-26SEP13MUNMCI-TIE,,Man United,Man City,2026-09-13T18:30:00Z,draw,0.25,0.26,0.255,0.01,18040.48,347207.58,101906.11,88084.87,94138.62,active,kalshi,2026-09-13T15:01:55.593075+00:00
soccer,EPL,KXEPLGAME-26SEP13MUNMCI,KXEPLGAME-26SEP13MUNMCI-MUN,,Man United,Man City,2026-09-13T18:30:00Z,home,0.31,0.32,0.315,0.01,26693.19,353540.76,396273.6,323950.63,369725.01,active,kalshi,2026-09-13T15:01:55.593075+00:00
soccer,EPL,KXEPLGAME-26SEP14LEENEW,KXEPLGAME-26SEP14LEENEW-NEW,,Leeds,Newcastle,2026-09-14T22:00:00Z,away,0.31,0.32,0.315,0.01,28219.26,1304.4,38838.06,19345.18,36741.06,active,kalshi,2026-09-13T15:01:55.593075+00:00
soccer,EPL,KXEPLGAME-26SEP14LEENEW,KXEPLGAME-26SEP14LEENEW-TIE,,Leeds,Newcastle,2026-09-14T22:00:00Z,draw,0.26,0.27,0.265,0.01,40449.67,21361.77,5948.35,3364.24,5634.31,active,kalshi,2026-09-13T15:01:55.593075+00:00
soccer,EPL,KXEPLGAME-26SEP14LEENEW,KXEPLGAME-26SEP14LEENEW-LEE,,Leeds,Newcastle,2026-09-14T22:00:00Z,home,0.41,0.42,0.415,0.01,4840.65,42514.49,5505.97,2971.9,5372.42,active,kalshi,2026-09-13T15:01:55.593075+00:00
soccer,EPL,KXEPLGAME-26SEP18BRECFC,KXEPLGAME-26SEP18BRECFC-CFC,,Brentford,Chelsea,2026-09-18T22:00:00Z,away,0.42,0.44,0.43,0.02,17684.33,7283.2,34882.54,19559.03,32731.31,active,kalshi,2026-09-13T15:01:55.593075+00:00
soccer,EPL,KXEPLGAME-26SEP18BRECFC,KXEPLGAME-26SEP18BRECFC-TIE,,Brentford,Chelsea,2026-09-18T22:00:00Z,draw,0.23,0.25,0.24,0.02,2642.79,1653.03,918.69,401.73,884.63,active,kalshi,2026-09-13T15:01:55.593075+00:00
soccer,EPL,KXEPLGAME-26SEP18BRECFC,KXEPLGAME-26SEP18BRECFC-BRE,,Brentford,Chelsea,2026-09-18T22:00:00Z,home,0.31,0.32,0.315,0.01,1534.99,1416.09,549.92,139.66,467.95,active,kalshi,2026-09-13T15:01:55.593075+00:00
soccer,EPL,KXEPLGAME-26SEP19BRIARS,KXEPLGAME-26SEP19BRIARS-ARS,,Brighton,Arsenal,2026-09-19T17:00:00Z,away,0.57,0.58,0.575,0.01,39.68,9571.95,47265.1,12368.33,38986.45,active,kalshi,2026-09-13T15:01:55.593075+00:00
soccer,EPL,KXEPLGAME-26SEP19BRIARS,KXEPLGAME-26SEP19BRIARS-TIE,,Brighton,Arsenal,2026-09-19T17:00:00Z,draw,0.23,0.24,0.235,0.01,530.81,18055.79,547.75,214.53,412.15,active,kalshi,2026-09-13T15:01:55.593075+00:00
soccer,EPL,KXEPLGAME-26SEP19BRIARS,KXEPLGAME-26SEP19BRIARS-BRI,,Brighton,Arsenal,2026-09-19T17:00:00Z,home,0.19,0.2,0.195,0.01,2742.12,219.38,1945.66,793.72,1739.81,active,kalshi,2026-09-13T15:01:55.593075+00:00
soccer,EPL,KXEPLGAME-26SEP19EVEIPS,KXEPLGAME-26SEP19EVEIPS-IPS,,Everton,Ipswich,2026-09-19T17:00:00Z,away,0.21,0.22,0.215,0.01,2097.0,6449.18,146.15,58.57,139.38,active,kalshi,2026-09-13T15:01:55.593075+00:00
soccer,EPL,KXEPLGAME-26SEP19EVEIPS,KXEPLGAME-26SEP19EVEIPS-TIE,,Everton,Ipswich,2026-09-19T17:00:00Z,draw,0.23,0.25,0.24,0.02,2743.11,6177.17,197.37,45.0,197.01,active,kalshi,2026-09-13T15:01:55.593075+00:00
soccer,EPL,KXEPLGAME-26SEP19EVEIPS,KXEPLGAME-26SEP19EVEIPS-EVE,,Everton,Ipswich,2026-09-19T17:00:00Z,home,0.53,0.55,0.54,0.02,2426.08,4458.01,289.93,91.24,179.08,active,kalshi,2026-09-13T15:01:55.593075+00:00
soccer,EPL,KXEPLGAME-26SEP19NEWHUL,KXEPLGAME-26SEP19NEWHUL-HUL,,Newcastle,Hull,2026-09-19T17:00:00Z,away,0.15,0.16,0.155,0.01,2786.69,4890.31,3681.96,2095.44,3191.06,active,kalshi,2026-09-13T15:01:55.593075+00:00
soccer,EPL,KXEPLGAME-26SEP19NEWHUL,KXEPLGAME-26SEP19NEWHUL-TIE,,Newcastle,Hull,2026-09-19T17:00:00Z,draw,0.2,0.21,0.20500000000000002,0.01,600.32,5903.82,1167.9,749.93,1135.9,active,kalshi,2026-09-13T15:01:55.593075+00:00
soccer,EPL,KXEPLGAME-26SEP19NEWHUL,KXEPLGAME-26SEP19NEWHUL-NEW,,Newcastle,Hull,2026-09-19T17:00:00Z,home,0.62,0.65,0.635,0.03,2941.06,7622.5,559.21,110.0,558.94,active,kalshi,2026-09-13T15:01:55.593075+00:00
soccer,EPL,KXEPLGAME-26SEP19NFOCOV,KXEPLGAME-26SEP19NFOCOV-COV,,Nott'm Forest,Coventry,2026-09-19T19:30:00Z,away,0.19,0.2,0.195,0.01,2554.01,4416.86,46.79,6.79,46.77,active,kalshi,2026-09-13T15:01:55.593075+00:00
soccer,EPL,KXEPLGAME-26SEP19NFOCOV,KXEPLGAME-26SEP19NFOCOV-TIE,,Nott'm Forest,Coventry,2026-09-19T19:30:00Z,draw,0.23,0.25,0.24,0.02,6396.99,6400.64,199.29,63.29,199.26,active,kalshi,2026-09-13T15:01:55.593075+00:00
soccer,EPL,KXEPLGAME-26SEP19NFOCOV,KXEPLGAME-26SEP19NFOCOV-NFO,,Nott'm Forest,Coventry,2026-09-19T19:30:00Z,home,0.55,0.57,0.56,0.02,4153.87,1190.79,515.06,154.8,475.06,active,kalshi,2026-09-13T15:01:55.593075+00:00
soccer,EPL,KXEPLGAME-26SEP19TOTAVL,KXEPLGAME-26SEP19TOTAVL-AVL,,Tottenham,Aston Villa,2026-09-19T14:30:00Z,away,0.25,0.26,0.255,0.01,15751.71,7857.36,15067.75,1314.83,14596.05,active,kalshi,2026-09-13T15:01:55.593075+00:00
soccer,EPL,KXEPLGAME-26SEP19TOTAVL,KXEPLGAME-26SEP19TOTAVL-TIE,,Tottenham,Aston Villa,2026-09-19T14:30:00Z,draw,0.25,0.26,0.255,0.01,2389.68,13959.8,603.62,281.38,603.62,active,kalshi,2026-09-13T15:01:55.593075+00:00
soccer,EPL,KXEPLGAME-26SEP19TOTAVL,KXEPLGAME-26SEP19TOTAVL-TOT,,Tottenham,Aston Villa,2026-09-19T14:30:00Z,home,0.47,0.49,0.48,0.02,7505.63,17163.23,3338.76,484.51,3028.03,active,kalshi,2026-09-13T15:01:55.593075+00:00
soccer,EPL,KXEPLGAME-26SEP20BOULFC,KXEPLGAME-26SEP20BOULFC-LFC,,Bournemouth,Liverpool,2026-09-20T16:00:00Z,away,0.44,0.45,0.445,0.01,914.58,16634.52,6110.35,1945.76,5744.7,active,kalshi,2026-09-13T15:01:55.593075+00:00
soccer,EPL,KXEPLGAME-26SEP20BOULFC,KXEPLGAME-26SEP20BOULFC-TIE,,Bournemouth,Liverpool,2026-09-20T16:00:00Z,draw,0.24,0.25,0.245,0.01,10171.43,19432.0,170.21,66.78,149.43,active,kalshi,2026-09-13T15:01:55.593075+00:00
soccer,EPL,KXEPLGAME-26SEP20BOULFC,KXEPLGAME-26SEP20BOULFC-BOU,,Bournemouth,Liverpool,2026-09-20T16:00:00Z,home,0.3,0.31,0.305,0.01,10069.26,1733.7,434.17,20.15,418.17,active,kalshi,2026-09-13T15:01:55.593075+00:00
soccer,EPL,KXEPLGAME-26SEP20FULMUN,KXEPLGAME-26SEP20FULMUN-MUN,,Fulham,Man United,2026-09-20T18:30:00Z,away,0.47,0.49,0.48,0.02,6655.4,15582.36,4039.87,436.42,4039.47,active,kalshi,2026-09-13T15:01:55.593075+00:00
soccer,EPL,KXEPLGAME-26SEP20FULMUN,KXEPLGAME-26SEP20FULMUN-TIE,,Fulham,Man United,2026-09-20T18:30:00Z,draw,0.24,0.26,0.25,0.02,6406.28,16008.58,72.33,69.33,72.33,active,kalshi,2026-09-13T15:01:55.593075+00:00
soccer,EPL,KXEPLGAME-26SEP20FULMUN,KXEPLGAME-26SEP20FULMUN-FUL,,Fulham,Man United,2026-09-20T18:30:00Z,home,0.26,0.27,0.265,0.01,6874.96,1351.0,146.58,25.44,136.57,active,kalshi,2026-09-13T15:01:55.593075+00:00
soccer,EPL,KXEPLGAME-26SEP20LEECRY,KXEPLGAME-26SEP20LEECRY-CRY,,Leeds,Crystal Palace,2026-09-20T16:00:00Z,away,0.24,0.25,0.245,0.01,2387.52,7442.97,250.52,25.62,250.52,active,kalshi,2026-09-13T15:01:55.593075+00:00
soccer,EPL,KXEPLGAME-26SEP20LEECRY,KXEPLGAME-26SEP20LEECRY-TIE,,Leeds,Crystal Palace,2026-09-20T16:00:00Z,draw,0.26,0.27,0.265,0.01,2172.48,7879.2,65.17,43.15,44.16,active,kalshi,2026-09-13T15:01:55.593075+00:00
soccer,EPL,KXEPLGAME-26SEP20LEECRY,KXEPLGAME-26SEP20LEECRY-LEE,,Leeds,Crystal Palace,2026-09-20T16:00:00Z,home,0.48,0.49,0.485,0.01,2227.2,201.0,521.6,207.49,457.57,active,kalshi,2026-09-13T15:01:55.593075+00:00
soccer,EPL,KXEPLGAME-26SEP20MCISUN,KXEPLGAME-26SEP20MCISUN-SUN,,Man City,Sunderland,2026-09-20T16:00:00Z,away,0.07,0.08,0.07500000000000001,0.01,15129.58,1841.02,1579.22,214.94,1320.22,active,kalshi,2026-09-13T15:01:55.593075+00:00
soccer,EPL,KXEPLGAME-26SEP20MCISUN,KXEPLGAME-26SEP20MCISUN-TIE,,Man City,Sunderland,2026-09-20T16:00:00Z,draw,0.14,0.15,0.14500000000000002,0.01,527.31,18116.0,3209.5,2516.41,3209.5,active,kalshi,2026-09-13T15:01:55.593075+00:00
soccer,EPL,KXEPLGAME-26SEP20MCISUN,KXEPLGAME-26SEP20MCISUN-MCI,,Man City,Sunderland,2026-09-20T16:00:00Z,home,0.77,0.78,0.775,0.01,1.0,6543.88,3613.02,253.76,3354.34,active,kalshi,2026-09-13T15:01:55.593075+00:00
soccer,EPL,KXEPLGAME-26SEP13MUNMCI,KXEPLGAME-26SEP13MUNMCI-MCI,,Man United,Man City,2026-09-13T18:30:00Z,away,0.43,0.44,0.435,0.01,34401.31,350311.75,1391755.47,1183529.87,1119910.09,active,kalshi,2026-09-13T15:22:48.911723+00:00
soccer,EPL,KXEPLGAME-26SEP13MUNMCI,KXEPLGAME-26SEP13MUNMCI-TIE,,Man United,Man City,2026-09-13T18:30:00Z,draw,0.24,0.25,0.245,0.01,105113.47,13623.6,148438.96,132596.37,124401.49,active,kalshi,2026-09-13T15:22:48.911723+00:00
soccer,EPL,KXEPLGAME-26SEP13MUNMCI,KXEPLGAME-26SEP13MUNMCI-MUN,,Man United,Man City,2026-09-13T18:30:00Z,home,0.31,0.32,0.315,0.01,33214.26,25666.61,505034.13,428968.34,468750.97,active,kalshi,2026-09-13T15:22:48.911723+00:00
soccer,EPL,KXEPLGAME-26SEP14LEENEW,KXEPLGAME-26SEP14LEENEW-NEW,,Leeds,Newcastle,2026-09-14T22:00:00Z,away,0.31,0.32,0.315,0.01,17810.24,15172.09,39039.39,19518.51,36933.37,active,kalshi,2026-09-13T15:22:48.911723+00:00
soccer,EPL,KXEPLGAME-26SEP14LEENEW,KXEPLGAME-26SEP14LEENEW-TIE,,Leeds,Newcastle,2026-09-14T22:00:00Z,draw,0.26,0.27,0.265,0.01,36905.67,21334.2,5975.92,3374.81,5661.88,active,kalshi,2026-09-13T15:22:48.911723+00:00
soccer,EPL,KXEPLGAME-26SEP14LEENEW,KXEPLGAME-26SEP14LEENEW-LEE,,Leeds,Newcastle,2026-09-14T22:00:00Z,home,0.41,0.42,0.415,0.01,8340.65,44694.93,5510.53,2976.46,5376.98,active,kalshi,2026-09-13T15:22:48.911723+00:00
soccer,EPL,KXEPLGAME-26SEP18BRECFC,KXEPLGAME-26SEP18BRECFC-CFC,,Brentford,Chelsea,2026-09-18T22:00:00Z,away,0.43,0.44,0.435,0.01,145.23,2973.78,35763.83,20400.68,33612.6,active,kalshi,2026-09-13T15:22:48.911723+00:00
soccer,EPL,KXEPLGAME-26SEP18BRECFC,KXEPLGAME-26SEP18BRECFC-TIE,,Brentford,Chelsea,2026-09-18T22:00:00Z,draw,0.23,0.25,0.24,0.02,8126.79,1643.62,928.1,411.14,894.04,active,kalshi,2026-09-13T15:22:48.911723+00:00
soccer,EPL,KXEPLGAME-26SEP18BRECFC,KXEPLGAME-26SEP18BRECFC-BRE,,Brentford,Chelsea,2026-09-18T22:00:00Z,home,0.31,0.32,0.315,0.01,2618.6,1356.43,610.97,141.05,527.61,active,kalshi,2026-09-13T15:22:48.911723+00:00
soccer,EPL,KXEPLGAME-26SEP19BRIARS,KXEPLGAME-26SEP19BRIARS-ARS,,Brighton,Arsenal,2026-09-19T17:00:00Z,away,0.57,0.58,0.575,0.01,65.68,6522.11,47548.23,12646.44,39267.58,active,kalshi,2026-09-13T15:22:48.911723+00:00
soccer,EPL,KXEPLGAME-26SEP19BRIARS,KXEPLGAME-26SEP19BRIARS-TIE,,Brighton,Arsenal,2026-09-19T17:00:00Z,draw,0.23,0.24,0.235,0.01,530.81,18055.79,547.75,214.53,412.15,active,kalshi,2026-09-13T15:22:48.911723+00:00
soccer,EPL,KXEPLGAME-26SEP19BRIARS,KXEPLGAME-26SEP19BRIARS-BRI,,Brighton,Arsenal,2026-09-19T17:00:00Z,home,0.2,0.21,0.20500000000000002,0.01,28.0,20922.46,1945.66,793.72,1739.81,active,kalshi,2026-09-13T15:22:48.911723+00:00
soccer,EPL,KXEPLGAME-26SEP19EVEIPS,KXEPLGAME-26SEP19EVEIPS-IPS,,Everton,Ipswich,2026-09-19T17:00:00Z,away,0.21,0.22,0.215,0.01,2098.0,6449.18,146.15,58.57,139.38,active,kalshi,2026-09-13T15:22:48.911723+00:00
soccer,EPL,KXEPLGAME-26SEP19EVEIPS,KXEPLGAME-26SEP19EVEIPS-TIE,,Everton,Ipswich,2026-09-19T17:00:00Z,draw,0.23,0.25,0.24,0.02,2743.11,9677.17,197.37,45.0,197.01,active,kalshi,2026-09-13T15:22:48.911723+00:00
soccer,EPL,KXEPLGAME-26SEP19EVEIPS,KXEPLGAME-26SEP19EVEIPS-EVE,,Everton,Ipswich,2026-09-19T17:00:00Z,home,0.53,0.55,0.54,0.02,2426.08,7781.75,466.19,267.5,355.34,active,kalshi,2026-09-13T15:22:48.911723+00:00
soccer,EPL,KXEPLGAME-26SEP19NEWHUL,KXEPLGAME-26SEP19NEWHUL-HUL,,Newcastle,Hull,2026-09-19T17:00:00Z,away,0.15,0.16,0.155,0.01,2786.69,4850.0,3723.27,2136.75,3232.37,active,kalshi,2026-09-13T15:22:48.911723+00:00
soccer,EPL,KXEPLGAME-26SEP19NEWHUL,KXEPLGAME-26SEP19NEWHUL-TIE,,Newcastle,Hull,2026-09-19T17:00:00Z,draw,0.2,0.21,0.20500000000000002,0.01,600.32,9381.26,1190.46,772.49,1158.46,active,kalshi,2026-09-13T15:22:48.911723+00:00
soccer,EPL,KXEPLGAME-26SEP19NEWHUL,KXEPLGAME-26SEP19NEWHUL-NEW,,Newcastle,Hull,2026-09-19T17:00:00Z,home,0.62,0.65,0.635,0.03,6018.06,11522.5,559.21,110.0,558.94,active,kalshi,2026-09-13T15:22:48.911723+00:00
soccer,EPL,KXEPLGAME-26SEP19NFOCOV,KXEPLGAME-26SEP19NFOCOV-COV,,Nott'm Forest,Coventry,2026-09-19T19:30:00Z,away,0.19,0.2,0.195,0.01,2054.01,8716.86,46.79,6.79,46.77,active,kalshi,2026-09-13T15:22:48.911723+00:00
soccer,EPL,KXEPLGAME-26SEP19NFOCOV,KXEPLGAME-26SEP19NFOCOV-TIE,,Nott'm Forest,Coventry,2026-09-19T19:30:00Z,draw,0.23,0.25,0.24,0.02,10052.99,11737.64,199.29,63.29,199.26,active,kalshi,2026-09-13T15:22:48.911723+00:00
soccer,EPL,KXEPLGAME-26SEP19NFOCOV,KXEPLGAME-26SEP19NFOCOV-NFO,,Nott'm Forest,Coventry,2026-09-19T19:30:00Z,home,0.55,0.57,0.56,0.02,8354.87,201.0,515.74,155.48,475.74,active,kalshi,2026-09-13T15:22:48.911723+00:00
soccer,EPL,KXEPLGAME-26SEP19TOTAVL,KXEPLGAME-26SEP19TOTAVL-AVL,,Tottenham,Aston Villa,2026-09-19T14:30:00Z,away,0.25,0.26,0.255,0.01,15316.55,7815.05,15145.06,1385.1,14603.36,active,kalshi,2026-09-13T15:22:48.911723+00:00
soccer,EPL,KXEPLGAME-26SEP19TOTAVL,KXEPLGAME-26SEP19TOTAVL-TIE,,Tottenham,Aston Villa,2026-09-19T14:30:00Z,draw,0.25,0.26,0.255,0.01,2354.68,13924.8,673.62,351.38,638.62,active,kalshi,2026-09-13T15:22:48.911723+00:00
soccer,EPL,KXEPLGAME-26SEP19TOTAVL,KXEPLGAME-26SEP19TOTAVL-TOT,,Tottenham,Aston Villa,2026-09-19T14:30:00Z,home,0.47,0.48,0.475,0.01,7285.99,17.49,3388.77,543.52,3078.04,active,kalshi,2026-09-13T15:22:48.911723+00:00
soccer,EPL,KXEPLGAME-26SEP20BOULFC,KXEPLGAME-26SEP20BOULFC-LFC,,Bournemouth,Liverpool,2026-09-20T16:00:00Z,away,0.44,0.45,0.445,0.01,914.58,16418.41,6326.46,2161.87,5960.81,active,kalshi,2026-09-13T15:22:48.911723+00:00
soccer,EPL,KXEPLGAME-26SEP20BOULFC,KXEPLGAME-26SEP20BOULFC-TIE,,Bournemouth,Liverpool,2026-09-20T16:00:00Z,draw,0.24,0.25,0.245,0.01,10171.43,19432.0,170.21,66.78,149.43,active,kalshi,2026-09-13T15:22:48.911723+00:00
soccer,EPL,KXEPLGAME-26SEP20BOULFC,KXEPLGAME-26SEP20BOULFC-BOU,,Bournemouth,Liverpool,2026-09-20T16:00:00Z,home,0.3,0.31,0.305,0.01,10185.89,1735.07,435.54,21.52,419.54,active,kalshi,2026-09-13T15:22:48.911723+00:00
soccer,EPL,KXEPLGAME-26SEP20FULMUN,KXEPLGAME-26SEP20FULMUN-MUN,,Fulham,Man United,2026-09-20T18:30:00Z,away,0.47,0.49,0.48,0.02,6655.4,15385.32,4238.92,635.47,4238.52,active,kalshi,2026-09-13T15:22:48.911723+00:00
soccer,EPL,KXEPLGAME-26SEP20FULMUN,KXEPLGAME-26SEP20FULMUN-TIE,,Fulham,Man United,2026-09-20T18:30:00Z,draw,0.24,0.26,0.25,0.02,6406.28,16008.58,72.33,69.33,72.33,active,kalshi,2026-09-13T15:22:48.911723+00:00
soccer,EPL,KXEPLGAME-26SEP20FULMUN,KXEPLGAME-26SEP20FULMUN-FUL,,Fulham,Man United,2026-09-20T18:30:00Z,home,0.26,0.27,0.265,0.01,6996.96,1351.0,146.58,25.44,136.57,active,kalshi,2026-09-13T15:22:48.911723+00:00
soccer,EPL,KXEPLGAME-26SEP20LEECRY,KXEPLGAME-26SEP20LEECRY-CRY,,Leeds,Crystal Palace,2026-09-20T16:00:00Z,away,0.24,0.25,0.245,0.01,2317.52,7442.97,250.52,25.62,250.52,active,kalshi,2026-09-13T15:22:48.911723+00:00
soccer,EPL,KXEPLGAME-26SEP20LEECRY,KXEPLGAME-26SEP20LEECRY-TIE,,Leeds,Crystal Palace,2026-09-20T16:00:00Z,draw,0.26,0.27,0.265,0.01,2172.48,7879.2,65.17,43.15,44.16,active,kalshi,2026-09-13T15:22:48.911723+00:00
soccer,EPL,KXEPLGAME-26SEP20LEECRY,KXEPLGAME-26SEP20LEECRY-LEE,,Leeds,Crystal Palace,2026-09-20T16:00:00Z,home,0.48,0.49,0.485,0.01,2227.2,201.0,521.6,125.43,457.57,active,kalshi,2026-09-13T15:22:48.911723+00:00
soccer,EPL,KXEPLGAME-26SEP20MCISUN,KXEPLGAME-26SEP20MCISUN-SUN,,Man City,Sunderland,2026-09-20T16:00:00Z,away,0.07,0.08,0.07500000000000001,0.01,15129.58,1841.02,1579.22,214.94,1320.22,active,kalshi,2026-09-13T15:22:48.911723+00:00
soccer,EPL,KXEPLGAME-26SEP20MCISUN,KXEPLGAME-26SEP20MCISUN-TIE,,Man City,Sunderland,2026-09-20T16:00:00Z,draw,0.14,0.15,0.14500000000000002,0.01,527.31,17802.0,3209.5,2516.41,3209.5,active,kalshi,2026-09-13T15:22:48.911723+00:00
soccer,EPL,KXEPLGAME-26SEP20MCISUN,KXEPLGAME-26SEP20MCISUN-MCI,,Man City,Sunderland,2026-09-20T16:00:00Z,home,0.77,0.78,0.775,0.01,1.0,14304.33,3643.02,283.76,3384.34,active,kalshi,2026-09-13T15:22:48.911723+00:00
soccer,EPL,KXEPLGAME-26SEP13MUNMCI,KXEPLGAME-26SEP13MUNMCI-MCI,,Man United,Man City,2026-09-13T18:30:00Z,away,0.44,0.45,0.445,0.01,27774.1,1964.78,1644830.12,1357193.56,1334497.53,active,kalshi,2026-09-13T15:34:16.295272+00:00
soccer,EPL,KXEPLGAME-26SEP13MUNMCI,KXEPLGAME-26SEP13MUNMCI-TIE,,Man United,Man City,2026-09-13T18:30:00Z,draw,0.25,0.26,0.255,0.01,5218.12,65758.69,170150.75,147716.62,145253.14,active,kalshi,2026-09-13T15:34:16.295272+00:00
soccer,EPL,KXEPLGAME-26SEP13MUNMCI,KXEPLGAME-26SEP13MUNMCI-MUN,,Man United,Man City,2026-09-13T18:30:00Z,home,0.29,0.3,0.295,0.01,8136.64,20488.64,585688.49,492201.69,544354.92,active,kalshi,2026-09-13T15:34:16.295272+00:00
soccer,EPL,KXEPLGAME-26SEP14LEENEW,KXEPLGAME-26SEP14LEENEW-NEW,,Leeds,Newcastle,2026-09-14T22:00:00Z,away,0.31,0.32,0.315,0.01,17810.24,15163.15,39048.33,19496.47,36942.31,active,kalshi,2026-09-13T15:34:16.295272+00:00
soccer,EPL,KXEPLGAME-26SEP14LEENEW,KXEPLGAME-26SEP14LEENEW-TIE,,Leeds,Newcastle,2026-09-14T22:00:00Z,draw,0.26,0.27,0.265,0.01,40405.67,21256.69,6053.43,3469.32,5739.39,active,kalshi,2026-09-13T15:34:16.295272+00:00
soccer,EPL,KXEPLGAME-26SEP14LEENEW,KXEPLGAME-26SEP14LEENEW-LEE,,Leeds,Newcastle,2026-09-14T22:00:00Z,home,0.41,0.42,0.415,0.01,4840.65,50068.98,5565.48,3026.84,5431.93,active,kalshi,2026-09-13T15:34:16.295272+00:00
soccer,EPL,KXEPLGAME-26SEP18BRECFC,KXEPLGAME-26SEP18BRECFC-CFC,,Brentford,Chelsea,2026-09-18T22:00:00Z,away,0.43,0.44,0.435,0.01,720.2,46.99,37120.92,21699.01,34969.69,active,kalshi,2026-09-13T15:34:16.295272+00:00
soccer,EPL,KXEPLGAME-26SEP18BRECFC,KXEPLGAME-26SEP18BRECFC-TIE,,Brentford,Chelsea,2026-09-18T22:00:00Z,draw,0.23,0.25,0.24,0.02,1282.79,2900.62,1004.1,487.14,970.04,active,kalshi,2026-09-13T15:34:16.295272+00:00
soccer,EPL,KXEPLGAME-26SEP18BRECFC,KXEPLGAME-26SEP18BRECFC-BRE,,Brentford,Chelsea,2026-09-18T22:00:00Z,home,0.31,0.32,0.315,0.01,2298.6,1339.47,627.93,200.71,544.57,active,kalshi,2026-09-13T15:34:16.295272+00:00
soccer,EPL,KXEPLGAME-26SEP19BRIARS,KXEPLGAME-26SEP19BRIARS-ARS,,Brighton,Arsenal,2026-09-19T17:00:00Z,away,0.57,0.58,0.575,0.01,75.68,10371.29,47585.05,12688.28,39304.4,active,kalshi,2026-09-13T15:34:16.295272+00:00
soccer,EPL,KXEPLGAME-26SEP19BRIARS,KXEPLGAME-26SEP19BRIARS-TIE,,Brighton,Arsenal,2026-09-19T17:00:00Z,draw,0.23,0.24,0.235,0.01,530.81,17976.67,626.87,293.65,491.27,active,kalshi,2026-09-13T15:34:16.295272+00:00
soccer,EPL,KXEPLGAME-26SEP19BRIARS,KXEPLGAME-26SEP19BRIARS-BRI,,Brighton,Arsenal,2026-09-19T17:00:00Z,home,0.2,0.21,0.20500000000000002,0.01,28.0,20877.34,1990.78,793.72,1784.93,active,kalshi,2026-09-13T15:34:16.295272+00:00
soccer,EPL,KXEPLGAME-26SEP19EVEIPS,KXEPLGAME-26SEP19EVEIPS-IPS,,Everton,Ipswich,2026-09-19T17:00:00Z,away,0.21,0.22,0.215,0.01,2098.0,6449.18,146.15,58.57,139.38,active,kalshi,2026-09-13T15:34:16.295272+00:00
soccer,EPL,KXEPLGAME-26SEP19EVEIPS,KXEPLGAME-26SEP19EVEIPS-TIE,,Everton,Ipswich,2026-09-19T17:00:00Z,draw,0.23,0.25,0.24,0.02,2743.11,6177.17,197.37,45.0,197.01,active,kalshi,2026-09-13T15:34:16.295272+00:00
soccer,EPL,KXEPLGAME-26SEP19EVEIPS,KXEPLGAME-26SEP19EVEIPS-EVE,,Everton,Ipswich,2026-09-19T17:00:00Z,home,0.53,0.55,0.54,0.02,2415.08,8181.75,477.19,267.5,349.86,active,kalshi,2026-09-13T15:34:16.295272+00:00
soccer,EPL,KXEPLGAME-26SEP19NEWHUL,KXEPLGAME-26SEP19NEWHUL-HUL,,Newcastle,Hull,2026-09-19T17:00:00Z,away,0.15,0.16,0.155,0.01,2755.69,4843.1,3760.17,2136.75,3207.27,active,kalshi,2026-09-13T15:34:16.295272+00:00
soccer,EPL,KXEPLGAME-26SEP19NEWHUL,KXEPLGAME-26SEP19NEWHUL-TIE,,Newcastle,Hull,2026-09-19T17:00:00Z,draw,0.2,0.21,0.20500000000000002,0.01,600.32,9379.26,1192.46,772.49,1160.46,active,kalshi,2026-09-13T15:34:16.295272+00:00
soccer,EPL,KXEPLGAME-26SEP19NEWHUL,KXEPLGAME-26SEP19NEWHUL-NEW,,Newcastle,Hull,2026-09-19T17:00:00Z,home,0.62,0.65,0.635,0.03,2781.06,11122.5,559.21,110.0,558.94,active,kalshi,2026-09-13T15:34:16.295272+00:00
soccer,EPL,KXEPLGAME-26SEP19NFOCOV,KXEPLGAME-26SEP19NFOCOV-COV,,Nott'm Forest,Coventry,2026-09-19T19:30:00Z,away,0.19,0.2,0.195,0.01,2054.01,8716.86,46.79,6.79,46.77,active,kalshi,2026-09-13T15:34:16.295272+00:00
soccer,EPL,KXEPLGAME-26SEP19NFOCOV,KXEPLGAME-26SEP19NFOCOV-TIE,,Nott'm Forest,Coventry,2026-09-19T19:30:00Z,draw,0.23,0.25,0.24,0.02,9862.99,11662.68,199.29,63.29,199.26,active,kalshi,2026-09-13T15:34:16.295272+00:00
soccer,EPL,KXEPLGAME-26SEP19NFOCOV,KXEPLGAME-26SEP19NFOCOV-NFO,,Nott'm Forest,Coventry,2026-09-19T19:30:00Z,home,0.55,0.57,0.56,0.02,8354.87,180.0,536.74,163.48,496.74,active,kalshi,2026-09-13T15:34:16.295272+00:00
soccer,EPL,KXEPLGAME-26SEP19TOTAVL,KXEPLGAME-26SEP19TOTAVL-AVL,,Tottenham,Aston Villa,2026-09-19T14:30:00Z,away,0.25,0.26,0.255,0.01,15716.55,7783.05,15177.06,1417.1,14635.36,active,kalshi,2026-09-13T15:34:16.295272+00:00
soccer,EPL,KXEPLGAME-26SEP19TOTAVL,KXEPLGAME-26SEP19TOTAVL-TIE,,Tottenham,Aston Villa,2026-09-19T14:30:00Z,draw,0.25,0.26,0.255,0.01,2354.68,13923.8,674.62,351.38,639.62,active,kalshi,2026-09-13T15:34:16.295272+00:00
soccer,EPL,KXEPLGAME-26SEP19TOTAVL,KXEPLGAME-26SEP19TOTAVL-TOT,,Tottenham,Aston Villa,2026-09-19T14:30:00Z,home,0.47,0.48,0.475,0.01,3945.99,17.29,3388.97,543.72,3078.24,active,kalshi,2026-09-13T15:34:16.295272+00:00
soccer,EPL,KXEPLGAME-26SEP20BOULFC,KXEPLGAME-26SEP20BOULFC-LFC,,Bournemouth,Liverpool,2026-09-20T16:00:00Z,away,0.44,0.45,0.445,0.01,914.58,12918.41,6326.46,2094.87,5960.81,active,kalshi,2026-09-13T15:34:16.295272+00:00
soccer,EPL,KXEPLGAME-26SEP20BOULFC,KXEPLGAME-26SEP20BOULFC-TIE,,Bournemouth,Liverpool,2026-09-20T16:00:00Z,draw,0.24,0.25,0.245,0.01,10171.43,19432.0,170.21,66.78,149.43,active,kalshi,2026-09-13T15:34:16.295272+00:00
soccer,EPL,KXEPLGAME-26SEP20BOULFC,KXEPLGAME-26SEP20BOULFC-BOU,,Bournemouth,Liverpool,2026-09-20T16:00:00Z,home,0.3,0.31,0.305,0.01,10183.89,1737.07,437.54,2.52,419.54,active,kalshi,2026-09-13T15:34:16.295272+00:00
soccer,EPL,KXEPLGAME-26SEP20FULMUN,KXEPLGAME-26SEP20FULMUN-MUN,,Fulham,Man United,2026-09-20T18:30:00Z,away,0.47,0.49,0.48,0.02,12283.05,18876.32,4247.92,634.62,4247.52,active,kalshi,2026-09-13T15:34:16.295272+00:00
soccer,EPL,KXEPLGAME-26SEP20FULMUN,KXEPLGAME-26SEP20FULMUN-TIE,,Fulham,Man United,2026-09-20T18:30:00Z,draw,0.24,0.25,0.245,0.01,10066.28,0.02,72.33,69.33,72.33,active,kalshi,2026-09-13T15:34:16.295272+00:00
soccer,EPL,KXEPLGAME-26SEP20FULMUN,KXEPLGAME-26SEP20FULMUN-FUL,,Fulham,Man United,2026-09-20T18:30:00Z,home,0.26,0.27,0.265,0.01,10496.96,1351.0,146.58,25.44,136.57,active,kalshi,2026-09-13T15:34:16.295272+00:00
soccer,EPL,KXEPLGAME-26SEP20LEECRY,KXEPLGAME-26SEP20LEECRY-CRY,,Leeds,Crystal Palace,2026-09-20T16:00:00Z,away,0.24,0.25,0.245,0.01,2317.52,7442.97,250.52,25.62,250.52,active,kalshi,2026-09-13T15:34:16.295272+00:00
soccer,EPL,KXEPLGAME-26SEP20LEECRY,KXEPLGAME-26SEP20LEECRY-TIE,,Leeds,Crystal Palace,2026-09-20T16:00:00Z,draw,0.26,0.27,0.265,0.01,1972.48,7878.08,65.17,43.15,44.16,active,kalshi,2026-09-13T15:34:16.295272+00:00
soccer,EPL,KXEPLGAME-26SEP20LEECRY,KXEPLGAME-26SEP20LEECRY-LEE,,Leeds,Crystal Palace,2026-09-20T16:00:00Z,home,0.48,0.49,0.485,0.01,2227.2,197.0,525.6,125.43,461.57,active,kalshi,2026-09-13T15:34:16.295272+00:00
soccer,EPL,KXEPLGAME-26SEP20MCISUN,KXEPLGAME-26SEP20MCISUN-SUN,,Man City,Sunderland,2026-09-20T16:00:00Z,away,0.07,0.08,0.07500000000000001,0.01,15129.58,1030.02,1590.22,214.94,1331.22,active,kalshi,2026-09-13T15:34:16.295272+00:00
soccer,EPL,KXEPLGAME-26SEP20MCISUN,KXEPLGAME-26SEP20MCISUN-TIE,,Man City,Sunderland,2026-09-20T16:00:00Z,draw,0.14,0.15,0.14500000000000002,0.01,527.31,18116.0,3209.5,2516.41,3209.5,active,kalshi,2026-09-13T15:34:16.295272+00:00
soccer,EPL,KXEPLGAME-26SEP20MCISUN,KXEPLGAME-26SEP20MCISUN-MCI,,Man City,Sunderland,2026-09-20T16:00:00Z,home,0.77,0.78,0.775,0.01,1.0,13259.53,3649.02,289.76,3390.34,active,kalshi,2026-09-13T15:34:16.295272+00:00
soccer,EPL,KXEPLGAME-26SEP13MUNMCI,KXEPLGAME-26SEP13MUNMCI-MCI,,Man United,Man City,2026-09-13T18:30:00Z,away,0.16,0.17,0.165,0.01,293.36,13206.11,2490608.6,2278062.44,1976491.49,active,kalshi,2026-09-13T16:02:12.440557+00:00
soccer,EPL,KXEPLGAME-26SEP13MUNMCI,KXEPLGAME-26SEP13MUNMCI-TIE,,Man United,Man City,2026-09-13T18:30:00Z,draw,0.24,0.26,0.25,0.02,9203.62,586.0,337296.73,319854.33,293137.34,active,kalshi,2026-09-13T16:02:12.440557+00:00
soccer,EPL,KXEPLGAME-26SEP13MUNMCI,KXEPLGAME-26SEP13MUNMCI-MUN,,Man United,Man City,2026-09-13T18:30:00Z,home,0.63,0.64,0.635,0.01,2698.03,1.0,1019506.35,934818.08,879345.68,active,kalshi,2026-09-13T16:02:12.440557+00:00
soccer,EPL,KXEPLGAME-26SEP14LEENEW,KXEPLGAME-26SEP14LEENEW-NEW,,Leeds,Newcastle,2026-09-14T22:00:00Z,away,0.31,0.32,0.315,0.01,18012.56,515.23,39636.25,20069.81,37530.23,active,kalshi,2026-09-13T16:02:12.440557+00:00
soccer,EPL,KXEPLGAME-26SEP14LEENEW,KXEPLGAME-26SEP14LEENEW-TIE,,Leeds,Newcastle,2026-09-14T22:00:00Z,draw,0.26,0.27,0.265,0.01,36905.67,21221.46,6088.66,3487.55,5774.62,active,kalshi,2026-09-13T16:02:12.440557+00:00
soccer,EPL,KXEPLGAME-26SEP14LEENEW,KXEPLGAME-26SEP14LEENEW-LEE,,Leeds,Newcastle,2026-09-14T22:00:00Z,home,0.41,0.42,0.415,0.01,8313.38,55414.18,5693.3,3079.15,5559.75,active,kalshi,2026-09-13T16:02:12.440557+00:00
soccer,EPL,KXEPLGAME-26SEP18BRECFC,KXEPLGAME-26SEP18BRECFC-CFC,,Brentford,Chelsea,2026-09-18T22:00:00Z,away,0.43,0.44,0.435,0.01,123.84,10.89,37416.67,21911.18,35213.92,active,kalshi,2026-09-13T16:02:12.440557+00:00
soccer,EPL,KXEPLGAME-26SEP18BRECFC,KXEPLGAME-26SEP18BRECFC-TIE,,Brentford,Chelsea,2026-09-18T22:00:00Z,draw,0.23,0.25,0.24,0.02,740.79,2922.62,1023.1,506.14,989.04,active,kalshi,2026-09-13T16:02:12.440557+00:00
soccer,EPL,KXEPLGAME-26SEP18BRECFC,KXEPLGAME-26SEP18BRECFC-BRE,,Brentford,Chelsea,2026-09-18T22:00:00Z,home,0.31,0.32,0.315,0.01,822.6,1329.03,638.37,212.11,555.01,active,kalshi,2026-09-13T16:02:12.440557+00:00
soccer,EPL,KXEPLGAME-26SEP19BRIARS,KXEPLGAME-26SEP19BRIARS-ARS,,Brighton,Arsenal,2026-09-19T17:00:00Z,away,0.56,0.57,0.565,0.01,10662.95,121.26,48087.48,13190.71,39533.34,active,kalshi,2026-09-13T16:02:12.440557+00:00
soccer,EPL,KXEPLGAME-26SEP19BRIARS,KXEPLGAME-26SEP19BRIARS-TIE,,Brighton,Arsenal,2026-09-19T17:00:00Z,draw,0.23,0.24,0.235,0.01,511.03,18021.29,666.43,333.21,511.05,active,kalshi,2026-09-13T16:02:12.440557+00:00
soccer,EPL,KXEPLGAME-26SEP19BRIARS,KXEPLGAME-26SEP19BRIARS-BRI,,Brighton,Arsenal,2026-09-19T17:00:00Z,home,0.2,0.21,0.20500000000000002,0.01,25.9,20876.34,1990.78,752.64,1784.93,active,kalshi,2026-09-13T16:02:12.440557+00:00
soccer,EPL,KXEPLGAME-26SEP19EVEIPS,KXEPLGAME-26SEP19EVEIPS-IPS,,Everton,Ipswich,2026-09-19T17:00:00Z,away,0.21,0.22,0.215,0.01,2098.0,4449.18,146.15,58.57,139.38,active,kalshi,2026-09-13T16:02:12.440557+00:00
soccer,EPL,KXEPLGAME-26SEP19EVEIPS,KXEPLGAME-26SEP19EVEIPS-TIE,,Everton,Ipswich,2026-09-19T17:00:00Z,draw,0.23,0.25,0.24,0.02,2743.11,4187.17,197.37,45.0,197.01,active,kalshi,2026-09-13T16:02:12.440557+00:00
soccer,EPL,KXEPLGAME-26SEP19EVEIPS,KXEPLGAME-26SEP19EVEIPS-EVE,,Everton,Ipswich,2026-09-19T17:00:00Z,home,0.53,0.55,0.54,0.02,2388.65,7800.75,503.62,303.93,349.86,active,kalshi,2026-09-13T16:02:12.440557+00:00
soccer,EPL,KXEPLGAME-26SEP19NEWHUL,KXEPLGAME-26SEP19NEWHUL-HUL,,Newcastle,Hull,2026-09-19T17:00:00Z,away,0.15,0.16,0.155,0.01,2842.28,7937.09,3769.57,2179.55,3216.67,active,kalshi,2026-09-13T16:02:12.440557+00:00
soccer,EPL,KXEPLGAME-26SEP19NEWHUL,KXEPLGAME-26SEP19NEWHUL-TIE,,Newcastle,Hull,2026-09-19T17:00:00Z,draw,0.2,0.21,0.20500000000000002,0.01,600.32,6276.87,1192.46,763.49,1160.46,active,kalshi,2026-09-13T16:02:12.440557+00:00
soccer,EPL,KXEPLGAME-26SEP19NEWHUL,KXEPLGAME-26SEP19NEWHUL-NEW,,Newcastle,Hull,2026-09-19T17:00:00Z,home,0.62,0.64,0.63,0.02,2781.06,4300.0,559.21,110.0,558.94,active,kalshi,2026-09-13T16:02:12.440557+00:00
soccer,EPL,KXEPLGAME-26SEP19NFOCOV,KXEPLGAME-26SEP19NFOCOV-COV,,Nott'm Forest,Coventry,2026-09-19T19:30:00Z,away,0.19,0.2,0.195,0.01,2054.01,8716.86,46.79,6.79,46.77,active,kalshi,2026-09-13T16:02:12.440557+00:00
soccer,EPL,KXEPLGAME-26SEP19NFOCOV,KXEPLGAME-26SEP19NFOCOV-TIE,,Nott'm Forest,Coventry,2026-09-19T19:30:00Z,draw,0.23,0.24,0.235,0.01,9862.99,21.0,199.29,63.29,199.26,active,kalshi,2026-09-13T16:02:12.440557+00:00
soccer,EPL,KXEPLGAME-26SEP19NFOCOV,KXEPLGAME-26SEP19NFOCOV-NFO,,Nott'm Forest,Coventry,2026-09-19T19:30:00Z,home,0.55,0.57,0.56,0.02,8354.87,201.0,536.74,176.48,496.74,active,kalshi,2026-09-13T16:02:12.440557+00:00
soccer,EPL,KXEPLGAME-26SEP19TOTAVL,KXEPLGAME-26SEP19TOTAVL-AVL,,Tottenham,Aston Villa,2026-09-19T14:30:00Z,away,0.25,0.26,0.255,0.01,10816.55,4248.05,15212.06,1365.1,14670.36,active,kalshi,2026-09-13T16:02:12.440557+00:00
soccer,EPL,KXEPLGAME-26SEP19TOTAVL,KXEPLGAME-26SEP19TOTAVL-TIE,,Tottenham,Aston Villa,2026-09-19T14:30:00Z,draw,0.25,0.26,0.255,0.01,2354.68,13905.52,692.9,370.66,657.9,active,kalshi,2026-09-13T16:02:12.440557+00:00
soccer,EPL,KXEPLGAME-26SEP19TOTAVL,KXEPLGAME-26SEP19TOTAVL-TOT,,Tottenham,Aston Villa,2026-09-19T14:30:00Z,home,0.47,0.48,0.475,0.01,6665.99,14.79,3388.97,543.72,3078.24,active,kalshi,2026-09-13T16:02:12.440557+00:00
soccer,EPL,KXEPLGAME-26SEP20BOULFC,KXEPLGAME-26SEP20BOULFC-LFC,,Bournemouth,Liverpool,2026-09-20T16:00:00Z,away,0.44,0.45,0.445,0.01,24.9,16408.72,6365.15,2133.56,5999.5,active,kalshi,2026-09-13T16:02:12.440557+00:00
soccer,EPL,KXEPLGAME-26SEP20BOULFC,KXEPLGAME-26SEP20BOULFC-TIE,,Bournemouth,Liverpool,2026-09-20T16:00:00Z,draw,0.24,0.25,0.245,0.01,10171.43,17432.0,170.21,66.78,149.43,active,kalshi,2026-09-13T16:02:12.440557+00:00
soccer,EPL,KXEPLGAME-26SEP20BOULFC,KXEPLGAME-26SEP20BOULFC-BOU,,Bournemouth,Liverpool,2026-09-20T16:00:00Z,home,0.3,0.31,0.305,0.01,10065.89,1737.07,437.54,3.52,419.54,active,kalshi,2026-09-13T16:02:12.440557+00:00
soccer,EPL,KXEPLGAME-26SEP20FULMUN,KXEPLGAME-26SEP20FULMUN-MUN,,Fulham,Man United,2026-09-20T18:30:00Z,away,0.47,0.49,0.48,0.02,12283.05,16895.32,4247.92,536.1,4247.52,active,kalshi,2026-09-13T16:02:12.440557+00:00
soccer,EPL,KXEPLGAME-26SEP20FULMUN,KXEPLGAME-26SEP20FULMUN-TIE,,Fulham,Man United,2026-09-20T18:30:00Z,draw,0.24,0.26,0.25,0.02,9906.28,17508.6,72.33,69.33,72.33,active,kalshi,2026-09-13T16:02:12.440557+00:00
soccer,EPL,KXEPLGAME-26SEP20FULMUN,KXEPLGAME-26SEP20FULMUN-FUL,,Fulham,Man United,2026-09-20T18:30:00Z,home,0.26,0.27,0.265,0.01,10374.96,1351.0,146.58,25.44,136.57,active,kalshi,2026-09-13T16:02:12.440557+00:00
soccer,EPL,KXEPLGAME-26SEP20LEECRY,KXEPLGAME-26SEP20LEECRY-CRY,,Leeds,Crystal Palace,2026-09-20T16:00:00Z,away,0.24,0.25,0.245,0.01,2257.52,7442.97,250.52,25.62,250.52,active,kalshi,2026-09-13T16:02:12.440557+00:00
soccer,EPL,KXEPLGAME-26SEP20LEECRY,KXEPLGAME-26SEP20LEECRY-TIE,,Leeds,Crystal Palace,2026-09-20T16:00:00Z,draw,0.26,0.27,0.265,0.01,2172.48,4202.22,65.17,43.15,44.16,active,kalshi,2026-09-13T16:02:12.440557+00:00
soccer,EPL,KXEPLGAME-26SEP20LEECRY,KXEPLGAME-26SEP20LEECRY-LEE,,Leeds,Crystal Palace,2026-09-20T16:00:00Z,home,0.48,0.49,0.485,0.01,2177.2,201.0,525.6,121.43,461.57,active,kalshi,2026-09-13T16:02:12.440557+00:00
soccer,EPL,KXEPLGAME-26SEP20MCISUN,KXEPLGAME-26SEP20MCISUN-SUN,,Man City,Sunderland,2026-09-20T16:00:00Z,away,0.07,0.09,0.08,0.02,15658.19,13587.84,2620.24,1244.22,2361.24,active,kalshi,2026-09-13T16:02:12.440557+00:00
soccer,EPL,KXEPLGAME-26SEP20MCISUN,KXEPLGAME-26SEP20MCISUN-TIE,,Man City,Sunderland,2026-09-20T16:00:00Z,draw,0.14,0.15,0.14500000000000002,0.01,827.31,12657.0,3209.5,2516.41,3209.5,active,kalshi,2026-09-13T16:02:12.440557+00:00
soccer,EPL,KXEPLGAME-26SEP20MCISUN,KXEPLGAME-26SEP20MCISUN-MCI,,Man City,Sunderland,2026-09-20T16:00:00Z,home,0.77,0.78,0.775,0.01,1.0,19713.49,10011.36,6609.1,9620.88,active,kalshi,2026-09-13T16:02:12.440557+00:00
soccer,EPL,KXEPLGAME-26SEP13MUNMCI,KXEPLGAME-26SEP13MUNMCI-MCI,,Man United,Man City,2026-09-13T18:30:00Z,away,0.16,0.17,0.165,0.01,42607.83,33927.79,3291837.27,3012317.42,2450119.99,active,kalshi,2026-09-13T16:34:49.061095+00:00
soccer,EPL,KXEPLGAME-26SEP13MUNMCI,KXEPLGAME-26SEP13MUNMCI-TIE,,Man United,Man City,2026-09-13T18:30:00Z,draw,0.31,0.32,0.315,0.01,29695.16,88435.77,515805.28,488349.38,452083.43,active,kalshi,2026-09-13T16:34:49.061095+00:00
soccer,EPL,KXEPLGAME-26SEP13MUNMCI,KXEPLGAME-26SEP13MUNMCI-MUN,,Man United,Man City,2026-09-13T18:30:00Z,home,0.52,0.53,0.525,0.01,24009.42,36706.84,1389856.83,1266848.33,1150827.38,active,kalshi,2026-09-13T16:34:49.061095+00:00
soccer,EPL,KXEPLGAME-26SEP14LEENEW,KXEPLGAME-26SEP14LEENEW-NEW,,Leeds,Newcastle,2026-09-14T22:00:00Z,away,0.31,0.32,0.315,0.01,17511.1,14285.09,40255.78,20466.3,37553.16,active,kalshi,2026-09-13T16:34:49.061095+00:00
soccer,EPL,KXEPLGAME-26SEP14LEENEW,KXEPLGAME-26SEP14LEENEW-TIE,,Leeds,Newcastle,2026-09-14T22:00:00Z,draw,0.26,0.27,0.265,0.01,39336.59,20868.27,6527.96,3872.86,6199.83,active,kalshi,2026-09-13T16:34:49.061095+00:00
soccer,EPL,KXEPLGAME-26SEP14LEENEW,KXEPLGAME-26SEP14LEENEW-LEE,,Leeds,Newcastle,2026-09-14T22:00:00Z,home,0.41,0.42,0.415,0.01,10444.93,56433.69,5800.79,3204.6,5667.24,active,kalshi,2026-09-13T16:34:49.061095+00:00
soccer,EPL,KXEPLGAME-26SEP18BRECFC,KXEPLGAME-26SEP18BRECFC-CFC,,Brentford,Chelsea,2026-09-18T22:00:00Z,away,0.43,0.45,0.44,0.02,201.0,8235.63,39639.03,12329.22,36634.75,active,kalshi,2026-09-13T16:34:49.061095+00:00
soccer,EPL,KXEPLGAME-26SEP18BRECFC,KXEPLGAME-26SEP18BRECFC-TIE,,Brentford,Chelsea,2026-09-18T22:00:00Z,draw,0.23,0.24,0.235,0.01,2147.79,1031.2,1220.9,693.84,1186.84,active,kalshi,2026-09-13T16:34:49.061095+00:00
soccer,EPL,KXEPLGAME-26SEP18BRECFC,KXEPLGAME-26SEP18BRECFC-BRE,,Brentford,Chelsea,2026-09-18T22:00:00Z,home,0.31,0.32,0.315,0.01,512.0,1311.11,656.26,224.22,572.9,active,kalshi,2026-09-13T16:34:49.061095+00:00
soccer,EPL,KXEPLGAME-26SEP19BRIARS,KXEPLGAME-26SEP19BRIARS-ARS,,Brighton,Arsenal,2026-09-19T17:00:00Z,away,0.57,0.58,0.575,0.01,29.76,8235.75,48968.54,13274.55,40407.4,active,kalshi,2026-09-13T16:34:49.061095+00:00
soccer,EPL,KXEPLGAME-26SEP19BRIARS,KXEPLGAME-26SEP19BRIARS-TIE,,Brighton,Arsenal,2026-09-19T17:00:00Z,draw,0.23,0.24,0.235,0.01,510.03,17956.89,666.43,333.21,511.05,active,kalshi,2026-09-13T16:34:49.061095+00:00
soccer,EPL,KXEPLGAME-26SEP19BRIARS,KXEPLGAME-26SEP19BRIARS-BRI,,Brighton,Arsenal,2026-09-19T17:00:00Z,home,0.19,0.21,0.2,0.02,2742.12,18876.34,1990.78,752.64,1784.93,active,kalshi,2026-09-13T16:34:49.061095+00:00
soccer,EPL,KXEPLGAME-26SEP19EVEIPS,KXEPLGAME-26SEP19EVEIPS-IPS,,Everton,Ipswich,2026-09-19T17:00:00Z,away,0.21,0.22,0.215,0.01,2097.0,7949.18,146.15,58.57,139.38,active,kalshi,2026-09-13T16:34:49.061095+00:00
soccer,EPL,KXEPLGAME-26SEP19EVEIPS,KXEPLGAME-26SEP19EVEIPS-TIE,,Everton,Ipswich,2026-09-19T17:00:00Z,draw,0.23,0.25,0.24,0.02,2742.11,4183.17,200.37,45.0,200.01,active,kalshi,2026-09-13T16:34:49.061095+00:00
soccer,EPL,KXEPLGAME-26SEP19EVEIPS,KXEPLGAME-26SEP19EVEIPS-EVE,,Everton,Ipswich,2026-09-19T17:00:00Z,home,0.53,0.55,0.54,0.02,2387.65,7796.23,507.14,307.45,353.38,active,kalshi,2026-09-13T16:34:49.061095+00:00
soccer,EPL,KXEPLGAME-26SEP19NEWHUL,KXEPLGAME-26SEP19NEWHUL-HUL,,Newcastle,Hull,2026-09-19T17:00:00Z,away,0.15,0.16,0.155,0.01,2641.28,7939.09,3770.57,1929.13,3217.67,active,kalshi,2026-09-13T16:34:49.061095+00:00
soccer,EPL,KXEPLGAME-26SEP19NEWHUL,KXEPLGAME-26SEP19NEWHUL-TIE,,Newcastle,Hull,2026-09-19T17:00:00Z,draw,0.2,0.21,0.20500000000000002,0.01,599.32,5875.26,1196.46,541.98,1164.46,active,kalshi,2026-09-13T16:34:49.061095+00:00
soccer,EPL,KXEPLGAME-26SEP19NEWHUL,KXEPLGAME-26SEP19NEWHUL-NEW,,Newcastle,Hull,2026-09-19T17:00:00Z,home,0.62,0.64,0.63,0.02,6240.06,4300.0,559.21,110.0,558.94,active,kalshi,2026-09-13T16:34:49.061095+00:00
soccer,EPL,KXEPLGAME-26SEP19NFOCOV,KXEPLGAME-26SEP19NFOCOV-COV,,Nott'm Forest,Coventry,2026-09-19T19:30:00Z,away,0.19,0.2,0.195,0.01,2053.01,5237.45,46.79,6.79,46.77,active,kalshi,2026-09-13T16:34:49.061095+00:00
soccer,EPL,KXEPLGAME-26SEP19NFOCOV,KXEPLGAME-26SEP19NFOCOV-TIE,,Nott'm Forest,Coventry,2026-09-19T19:30:00Z,draw,0.23,0.25,0.24,0.02,9861.99,9729.68,199.29,63.29,199.26,active,kalshi,2026-09-13T16:34:49.061095+00:00
soccer,EPL,KXEPLGAME-26SEP19NFOCOV,KXEPLGAME-26SEP19NFOCOV-NFO,,Nott'm Forest,Coventry,2026-09-19T19:30:00Z,home,0.55,0.58,0.565,0.03,8159.87,8417.77,536.74,176.48,496.74,active,kalshi,2026-09-13T16:34:49.061095+00:00
soccer,EPL,KXEPLGAME-26SEP19TOTAVL,KXEPLGAME-26SEP19TOTAVL-AVL,,Tottenham,Aston Villa,2026-09-19T14:30:00Z,away,0.25,0.26,0.255,0.01,10815.55,4229.77,15230.34,1383.38,14688.64,active,kalshi,2026-09-13T16:34:49.061095+00:00
soccer,EPL,KXEPLGAME-26SEP19TOTAVL,KXEPLGAME-26SEP19TOTAVL-TIE,,Tottenham,Aston Villa,2026-09-19T14:30:00Z,draw,0.25,0.26,0.255,0.01,2353.68,13902.52,695.9,373.66,660.9,active,kalshi,2026-09-13T16:34:49.061095+00:00
soccer,EPL,KXEPLGAME-26SEP19TOTAVL,KXEPLGAME-26SEP19TOTAVL-TOT,,Tottenham,Aston Villa,2026-09-19T14:30:00Z,home,0.47,0.49,0.48,0.02,6504.99,16640.07,3478.92,593.08,3168.19,active,kalshi,2026-09-13T16:34:49.061095+00:00
soccer,EPL,KXEPLGAME-26SEP20BOULFC,KXEPLGAME-26SEP20BOULFC-LFC,,Bournemouth,Liverpool,2026-09-20T16:00:00Z,away,0.43,0.45,0.44,0.02,10924.75,16407.72,6365.15,2091.59,5999.5,active,kalshi,2026-09-13T16:34:49.061095+00:00
soccer,EPL,KXEPLGAME-26SEP20BOULFC,KXEPLGAME-26SEP20BOULFC-TIE,,Bournemouth,Liverpool,2026-09-20T16:00:00Z,draw,0.24,0.25,0.245,0.01,10171.43,17411.0,170.21,66.78,149.43,active,kalshi,2026-09-13T16:34:49.061095+00:00
soccer,EPL,KXEPLGAME-26SEP20BOULFC,KXEPLGAME-26SEP20BOULFC-BOU,,Bournemouth,Liverpool,2026-09-20T16:00:00Z,home,0.3,0.31,0.305,0.01,9868.26,1737.07,437.54,3.52,419.54,active,kalshi,2026-09-13T16:34:49.061095+00:00
soccer,EPL,KXEPLGAME-26SEP20FULMUN,KXEPLGAME-26SEP20FULMUN-MUN,,Fulham,Man United,2026-09-20T18:30:00Z,away,0.47,0.49,0.48,0.02,12283.05,16645.62,4296.62,584.8,4296.22,active,kalshi,2026-09-13T16:34:49.061095+00:00
soccer,EPL,KXEPLGAME-26SEP20FULMUN,KXEPLGAME-26SEP20FULMUN-TIE,,Fulham,Man United,2026-09-20T18:30:00Z,draw,0.24,0.26,0.25,0.02,9705.28,17307.58,72.33,69.33,72.33,active,kalshi,2026-09-13T16:34:49.061095+00:00
soccer,EPL,KXEPLGAME-26SEP20FULMUN,KXEPLGAME-26SEP20FULMUN-FUL,,Fulham,Man United,2026-09-20T18:30:00Z,home,0.26,0.27,0.265,0.01,10173.96,1351.0,146.58,25.44,136.57,active,kalshi,2026-09-13T16:34:49.061095+00:00
soccer,EPL,KXEPLGAME-26SEP20LEECRY,KXEPLGAME-26SEP20LEECRY-CRY,,Leeds,Crystal Palace,2026-09-20T16:00:00Z,away,0.24,0.25,0.245,0.01,2186.52,7442.97,250.52,25.62,250.52,active,kalshi,2026-09-13T16:34:49.061095+00:00
soccer,EPL,KXEPLGAME-26SEP20LEECRY,KXEPLGAME-26SEP20LEECRY-TIE,,Leeds,Crystal Palace,2026-09-20T16:00:00Z,draw,0.26,0.27,0.265,0.01,1971.48,4201.1,65.17,43.15,44.16,active,kalshi,2026-09-13T16:34:49.061095+00:00
soccer,EPL,KXEPLGAME-26SEP20LEECRY,KXEPLGAME-26SEP20LEECRY-LEE,,Leeds,Crystal Palace,2026-09-20T16:00:00Z,home,0.48,0.5,0.49,0.02,2224.2,8814.9,525.6,121.43,461.57,active,kalshi,2026-09-13T16:34:49.061095+00:00
soccer,EPL,KXEPLGAME-26SEP20MCISUN,KXEPLGAME-26SEP20MCISUN-SUN,,Man City,Sunderland,2026-09-20T16:00:00Z,away,0.08,0.09,0.08499999999999999,0.01,730.95,13189.35,2620.24,1221.92,2361.24,active,kalshi,2026-09-13T16:34:49.061095+00:00
soccer,EPL,KXEPLGAME-26SEP20MCISUN,KXEPLGAME-26SEP20MCISUN-TIE,,Man City,Sunderland,2026-09-20T16:00:00Z,draw,0.14,0.15,0.14500000000000002,0.01,10343.03,12651.0,3215.5,2522.41,3215.5,active,kalshi,2026-09-13T16:34:49.061095+00:00
soccer,EPL,KXEPLGAME-26SEP20MCISUN,KXEPLGAME-26SEP20MCISUN-MCI,,Man City,Sunderland,2026-09-20T16:00:00Z,home,0.76,0.77,0.765,0.01,6692.68,281.88,10048.14,6685.05,9657.66,active,kalshi,2026-09-13T16:34:49.061095+00:00
soccer,EPL,KXEPLGAME-26SEP13MUNMCI,KXEPLGAME-26SEP13MUNMCI-MCI,,Man United,Man City,2026-09-13T18:30:00Z,away,0.57,0.58,0.575,0.01,55659.04,27064.27,4615930.29,4399728.45,2738466.3,active,kalshi,2026-09-13T17:01:51.600620+00:00
soccer,EPL,KXEPLGAME-26SEP13MUNMCI,KXEPLGAME-26SEP13MUNMCI-TIE,,Man United,Man City,2026-09-13T18:30:00Z,draw,0.3,0.31,0.305,0.01,32813.22,21104.35,907688.63,876841.99,614130.97,active,kalshi,2026-09-13T17:01:51.600620+00:00
soccer,EPL,KXEPLGAME-26SEP13MUNMCI,KXEPLGAME-26SEP13MUNMCI-MUN,,Man United,Man City,2026-09-13T18:30:00Z,home,0.12,0.13,0.125,0.01,10664.82,48423.41,2198359.54,2110055.18,1583475.54,active,kalshi,2026-09-13T17:01:51.600620+00:00
soccer,EPL,KXEPLGAME-26SEP14LEENEW,KXEPLGAME-26SEP14LEENEW-NEW,,Leeds,Newcastle,2026-09-14T22:00:00Z,away,0.31,0.32,0.315,0.01,17492.88,15822.22,41601.75,21819.57,38449.07,active,kalshi,2026-09-13T17:01:51.600620+00:00
soccer,EPL,KXEPLGAME-26SEP14LEENEW,KXEPLGAME-26SEP14LEENEW-TIE,,Leeds,Newcastle,2026-09-14T22:00:00Z,draw,0.26,0.27,0.265,0.01,43789.2,15510.0,6693.43,4037.74,6337.12,active,kalshi,2026-09-13T17:01:51.600620+00:00
soccer,EPL,KXEPLGAME-26SEP14LEENEW,KXEPLGAME-26SEP14LEENEW-LEE,,Leeds,Newcastle,2026-09-14T22:00:00Z,home,0.41,0.42,0.415,0.01,7274.71,16865.64,5834.2,3228.88,5700.65,active,kalshi,2026-09-13T17:01:51.600620+00:00
soccer,EPL,KXEPLGAME-26SEP18BRECFC,KXEPLGAME-26SEP18BRECFC-CFC,,Brentford,Chelsea,2026-09-18T22:00:00Z,away,0.43,0.44,0.435,0.01,28.0,1200.96,40048.23,12649.73,36970.39,active,kalshi,2026-09-13T17:01:51.600620+00:00
soccer,EPL,KXEPLGAME-26SEP18BRECFC,KXEPLGAME-26SEP18BRECFC-TIE,,Brentford,Chelsea,2026-09-18T22:00:00Z,draw,0.24,0.25,0.245,0.01,157.47,16436.06,1225.28,698.22,1191.22,active,kalshi,2026-09-13T17:01:51.600620+00:00
soccer,EPL,KXEPLGAME-26SEP18BRECFC,KXEPLGAME-26SEP18BRECFC-BRE,,Brentford,Chelsea,2026-09-18T22:00:00Z,home,0.31,0.33,0.32,0.02,611.9,5500.0,729.33,297.29,644.48,active,kalshi,2026-09-13T17:01:51.600620+00:00
soccer,EPL,KXEPLGAME-26SEP19BRIARS,KXEPLGAME-26SEP19BRIARS-ARS,,Brighton,Arsenal,2026-09-19T17:00:00Z,away,0.57,0.58,0.575,0.01,68.19,2823.6,54675.0,19724.52,46113.86,active,kalshi,2026-09-13T17:01:51.600620+00:00
soccer,EPL,KXEPLGAME-26SEP19BRIARS,KXEPLGAME-26SEP19BRIARS-TIE,,Brighton,Arsenal,2026-09-19T17:00:00Z,draw,0.23,0.24,0.235,0.01,311.03,17956.89,666.43,296.21,511.05,active,kalshi,2026-09-13T17:01:51.600620+00:00
soccer,EPL,KXEPLGAME-26SEP19BRIARS,KXEPLGAME-26SEP19BRIARS-BRI,,Brighton,Arsenal,2026-09-19T17:00:00Z,home,0.18,0.21,0.195,0.03,1086.31,20141.59,2085.53,847.39,1879.68,active,kalshi,2026-09-13T17:01:51.600620+00:00
soccer,EPL,KXEPLGAME-26SEP19EVEIPS,KXEPLGAME-26SEP19EVEIPS-IPS,,Everton,Ipswich,2026-09-19T17:00:00Z,away,0.2,0.22,0.21000000000000002,0.02,2694.02,8752.18,146.15,58.57,139.38,active,kalshi,2026-09-13T17:01:51.600620+00:00
soccer,EPL,KXEPLGAME-26SEP19EVEIPS,KXEPLGAME-26SEP19EVEIPS-TIE,,Everton,Ipswich,2026-09-19T17:00:00Z,draw,0.23,0.25,0.24,0.02,2858.63,8492.0,200.37,13.0,200.01,active,kalshi,2026-09-13T17:01:51.600620+00:00
soccer,EPL,KXEPLGAME-26SEP19EVEIPS,KXEPLGAME-26SEP19EVEIPS-EVE,,Everton,Ipswich,2026-09-19T17:00:00Z,home,0.53,0.55,0.54,0.02,2695.05,8574.23,514.14,298.64,360.38,active,kalshi,2026-09-13T17:01:51.600620+00:00
soccer,EPL,KXEPLGAME-26SEP19NEWHUL,KXEPLGAME-26SEP19NEWHUL-HUL,,Newcastle,Hull,2026-09-19T17:00:00Z,away,0.15,0.16,0.155,0.01,6347.01,1420.7,3770.57,1916.94,3217.67,active,kalshi,2026-09-13T17:01:51.600620+00:00
soccer,EPL,KXEPLGAME-26SEP19NEWHUL,KXEPLGAME-26SEP19NEWHUL-TIE,,Newcastle,Hull,2026-09-19T17:00:00Z,draw,0.2,0.21,0.20500000000000002,0.01,600.32,5875.26,1196.46,498.98,1164.46,active,kalshi,2026-09-13T17:01:51.600620+00:00
soccer,EPL,KXEPLGAME-26SEP19NEWHUL,KXEPLGAME-26SEP19NEWHUL-NEW,,Newcastle,Hull,2026-09-19T17:00:00Z,home,0.62,0.64,0.63,0.02,2941.06,4300.0,563.02,107.81,562.75,active,kalshi,2026-09-13T17:01:51.600620+00:00
soccer,EPL,KXEPLGAME-26SEP19NFOCOV,KXEPLGAME-26SEP19NFOCOV-COV,,Nott'm Forest,Coventry,2026-09-19T19:30:00Z,away,0.18,0.2,0.19,0.02,6566.26,8737.45,46.79,6.79,46.77,active,kalshi,2026-09-13T17:01:51.600620+00:00
soccer,EPL,KXEPLGAME-26SEP19NFOCOV,KXEPLGAME-26SEP19NFOCOV-TIE,,Nott'm Forest,Coventry,2026-09-19T19:30:00Z,draw,0.23,0.25,0.24,0.02,2505.99,9730.68,199.29,28.29,199.26,active,kalshi,2026-09-13T17:01:51.600620+00:00
soccer,EPL,KXEPLGAME-26SEP19NFOCOV,KXEPLGAME-26SEP19NFOCOV-NFO,,Nott'm Forest,Coventry,2026-09-19T19:30:00Z,home,0.56,0.57,0.565,0.01,2491.39,200.0,536.74,147.48,496.74,active,kalshi,2026-09-13T17:01:51.600620+00:00
soccer,EPL,KXEPLGAME-26SEP19TOTAVL,KXEPLGAME-26SEP19TOTAVL-AVL,,Tottenham,Aston Villa,2026-09-19T14:30:00Z,away,0.25,0.26,0.255,0.01,14384.4,3503.85,15285.18,1402.91,14706.92,active,kalshi,2026-09-13T17:01:51.600620+00:00
soccer,EPL,KXEPLGAME-26SEP19TOTAVL,KXEPLGAME-26SEP19TOTAVL-TIE,,Tottenham,Aston Villa,2026-09-19T14:30:00Z,draw,0.25,0.26,0.255,0.01,2489.31,3500.0,698.75,330.54,663.75,active,kalshi,2026-09-13T17:01:51.600620+00:00
soccer,EPL,KXEPLGAME-26SEP19TOTAVL,KXEPLGAME-26SEP19TOTAVL-TOT,,Tottenham,Aston Villa,2026-09-19T14:30:00Z,home,0.47,0.48,0.475,0.01,6681.62,0.4,3489.68,599.82,3178.95,active,kalshi,2026-09-13T17:01:51.600620+00:00
soccer,EPL,KXEPLGAME-26SEP20BOULFC,KXEPLGAME-26SEP20BOULFC-LFC,,Bournemouth,Liverpool,2026-09-20T16:00:00Z,away,0.44,0.45,0.445,0.01,13.26,16427.56,6365.15,2077.16,5999.5,active,kalshi,2026-09-13T17:01:51.600620+00:00
soccer,EPL,KXEPLGAME-26SEP20BOULFC,KXEPLGAME-26SEP20BOULFC-TIE,,Bournemouth,Liverpool,2026-09-20T16:00:00Z,draw,0.24,0.25,0.245,0.01,10207.03,16078.0,170.21,29.78,149.43,active,kalshi,2026-09-13T17:01:51.600620+00:00
soccer,EPL,KXEPLGAME-26SEP20BOULFC,KXEPLGAME-26SEP20BOULFC-BOU,,Bournemouth,Liverpool,2026-09-20T16:00:00Z,home,0.3,0.31,0.305,0.01,9914.86,288.07,437.54,3.52,419.54,active,kalshi,2026-09-13T17:01:51.600620+00:00
soccer,EPL,KXEPLGAME-26SEP20FULMUN,KXEPLGAME-26SEP20FULMUN-MUN,,Fulham,Man United,2026-09-20T18:30:00Z,away,0.47,0.49,0.48,0.02,2675.64,1201.0,4428.62,716.8,4333.8,active,kalshi,2026-09-13T17:01:51.600620+00:00
soccer,EPL,KXEPLGAME-26SEP20FULMUN,KXEPLGAME-26SEP20FULMUN-TIE,,Fulham,Man United,2026-09-20T18:30:00Z,draw,0.24,0.26,0.25,0.02,3501.0,4718.78,72.33,34.33,72.33,active,kalshi,2026-09-13T17:01:51.600620+00:00
soccer,EPL,KXEPLGAME-26SEP20FULMUN,KXEPLGAME-26SEP20FULMUN-FUL,,Fulham,Man United,2026-09-20T18:30:00Z,home,0.26,0.27,0.265,0.01,3974.78,1351.0,146.58,25.44,136.57,active,kalshi,2026-09-13T17:01:51.600620+00:00
soccer,EPL,KXEPLGAME-26SEP20LEECRY,KXEPLGAME-26SEP20LEECRY-CRY,,Leeds,Crystal Palace,2026-09-20T16:00:00Z,away,0.24,0.25,0.245,0.01,201.0,7727.99,250.52,25.62,250.52,active,kalshi,2026-09-13T17:01:51.600620+00:00
soccer,EPL,KXEPLGAME-26SEP20LEECRY,KXEPLGAME-26SEP20LEECRY-TIE,,Leeds,Crystal Palace,2026-09-20T16:00:00Z,draw,0.25,0.27,0.26,0.02,6190.14,176.98,65.17,10.15,44.16,active,kalshi,2026-09-13T17:01:51.600620+00:00
soccer,EPL,KXEPLGAME-26SEP20LEECRY,KXEPLGAME-26SEP20LEECRY-LEE,,Leeds,Crystal Palace,2026-09-20T16:00:00Z,home,0.48,0.5,0.49,0.02,228.16,8815.9,525.6,121.43,461.57,active,kalshi,2026-09-13T17:01:51.600620+00:00
soccer,EPL,KXEPLGAME-26SEP20MCISUN,KXEPLGAME-26SEP20MCISUN-SUN,,Man City,Sunderland,2026-09-20T16:00:00Z,away,0.08,0.1,0.09,0.02,371.95,1175.16,2621.28,1222.96,2362.28,active,kalshi,2026-09-13T17:01:51.600620+00:00
soccer,EPL,KXEPLGAME-26SEP20MCISUN,KXEPLGAME-26SEP20MCISUN-TIE,,Man City,Sunderland,2026-09-20T16:00:00Z,draw,0.15,0.16,0.155,0.01,324.16,28.64,3215.5,2462.41,3215.5,active,kalshi,2026-09-13T17:01:51.600620+00:00
soccer,EPL,KXEPLGAME-26SEP20MCISUN,KXEPLGAME-26SEP20MCISUN-MCI,,Man City,Sunderland,2026-09-20T16:00:00Z,home,0.74,0.76,0.75,0.02,1599.48,12.05,10060.92,6695.43,9670.44,active,kalshi,2026-09-13T17:01:51.600620+00:00
soccer,EPL,KXEPLGAME-26SEP14LEENEW,KXEPLGAME-26SEP14LEENEW-NEW,,Leeds,Newcastle,2026-09-14T22:00:00Z,away,0.31,0.32,0.315,0.01,18248.88,12511.0,44265.9,22785.69,41113.22,active,kalshi,2026-09-13T17:32:58.178080+00:00
soccer,EPL,KXEPLGAME-26SEP14LEENEW,KXEPLGAME-26SEP14LEENEW-TIE,,Leeds,Newcastle,2026-09-14T22:00:00Z,draw,0.26,0.27,0.265,0.01,44182.16,19696.77,6770.81,4080.01,6407.46,active,kalshi,2026-09-13T17:32:58.178080+00:00
soccer,EPL,KXEPLGAME-26SEP14LEENEW,KXEPLGAME-26SEP14LEENEW-LEE,,Leeds,Newcastle,2026-09-14T22:00:00Z,home,0.41,0.42,0.415,0.01,6709.12,22630.04,7389.84,3322.46,7221.97,active,kalshi,2026-09-13T17:32:58.178080+00:00
soccer,EPL,KXEPLGAME-26SEP18BRECFC,KXEPLGAME-26SEP18BRECFC-CFC,,Brentford,Chelsea,2026-09-18T22:00:00Z,away,0.43,0.44,0.435,0.01,296.11,7088.14,40574.47,12969.69,37496.63,active,kalshi,2026-09-13T17:32:58.178080+00:00
soccer,EPL,KXEPLGAME-26SEP18BRECFC,KXEPLGAME-26SEP18BRECFC-TIE,,Brentford,Chelsea,2026-09-18T22:00:00Z,draw,0.24,0.25,0.245,0.01,130.47,16584.46,1235.88,697.57,1201.82,active,kalshi,2026-09-13T17:32:58.178080+00:00
soccer,EPL,KXEPLGAME-26SEP18BRECFC,KXEPLGAME-26SEP18BRECFC-BRE,,Brentford,Chelsea,2026-09-18T22:00:00Z,home,0.3,0.32,0.31,0.02,2027.36,1225.0,744.38,297.43,659.53,active,kalshi,2026-09-13T17:32:58.178080+00:00
soccer,EPL,KXEPLGAME-26SEP19BRIARS,KXEPLGAME-26SEP19BRIARS-ARS,,Brighton,Arsenal,2026-09-19T17:00:00Z,away,0.56,0.58,0.5700000000000001,0.02,14860.73,2053.86,55449.29,19989.57,46781.93,active,kalshi,2026-09-13T17:32:58.178080+00:00
soccer,EPL,KXEPLGAME-26SEP19BRIARS,KXEPLGAME-26SEP19BRIARS-TIE,,Brighton,Arsenal,2026-09-19T17:00:00Z,draw,0.23,0.24,0.235,0.01,311.03,17993.6,694.12,304.12,538.74,active,kalshi,2026-09-13T17:32:58.178080+00:00
soccer,EPL,KXEPLGAME-26SEP19BRIARS,KXEPLGAME-26SEP19BRIARS-BRI,,Brighton,Arsenal,2026-09-19T17:00:00Z,home,0.18,0.2,0.19,0.02,886.31,1245.0,2085.53,847.39,1879.68,active,kalshi,2026-09-13T17:32:58.178080+00:00
soccer,EPL,KXEPLGAME-26SEP19EVEIPS,KXEPLGAME-26SEP19EVEIPS-IPS,,Everton,Ipswich,2026-09-19T17:00:00Z,away,0.21,0.22,0.215,0.01,1993.02,10748.18,150.15,62.57,143.38,active,kalshi,2026-09-13T17:32:58.178080+00:00
soccer,EPL,KXEPLGAME-26SEP19EVEIPS,KXEPLGAME-26SEP19EVEIPS-TIE,,Everton,Ipswich,2026-09-19T17:00:00Z,draw,0.23,0.25,0.24,0.02,2558.63,6182.0,200.37,13.0,200.01,active,kalshi,2026-09-13T17:32:58.178080+00:00
soccer,EPL,KXEPLGAME-26SEP19EVEIPS,KXEPLGAME-26SEP19EVEIPS-EVE,,Everton,Ipswich,2026-09-19T17:00:00Z,home,0.53,0.54,0.535,0.01,2382.48,2148.0,514.14,303.88,360.38,active,kalshi,2026-09-13T17:32:58.178080+00:00
soccer,EPL,KXEPLGAME-26SEP19NEWHUL,KXEPLGAME-26SEP19NEWHUL-HUL,,Newcastle,Hull,2026-09-19T17:00:00Z,away,0.15,0.16,0.155,0.01,2872.75,5165.0,3800.08,1909.3,3247.18,active,kalshi,2026-09-13T17:32:58.178080+00:00
soccer,EPL,KXEPLGAME-26SEP19NEWHUL,KXEPLGAME-26SEP19NEWHUL-TIE,,Newcastle,Hull,2026-09-19T17:00:00Z,draw,0.2,0.21,0.20500000000000002,0.01,600.32,8409.88,1243.46,545.98,1211.46,active,kalshi,2026-09-13T17:32:58.178080+00:00
soccer,EPL,KXEPLGAME-26SEP19NEWHUL,KXEPLGAME-26SEP19NEWHUL-NEW,,Newcastle,Hull,2026-09-19T17:00:00Z,home,0.62,0.65,0.635,0.03,2881.06,11122.5,563.02,107.81,562.75,active,kalshi,2026-09-13T17:32:58.178080+00:00
soccer,EPL,KXEPLGAME-26SEP19NFOCOV,KXEPLGAME-26SEP19NFOCOV-COV,,Nott'm Forest,Coventry,2026-09-19T19:30:00Z,away,0.18,0.19,0.185,0.01,2716.26,1234.0,46.79,6.79,46.77,active,kalshi,2026-09-13T17:32:58.178080+00:00
soccer,EPL,KXEPLGAME-26SEP19NFOCOV,KXEPLGAME-26SEP19NFOCOV-TIE,,Nott'm Forest,Coventry,2026-09-19T19:30:00Z,draw,0.23,0.24,0.235,0.01,2505.99,5736.91,199.29,10.03,199.26,active,kalshi,2026-09-13T17:32:58.178080+00:00
soccer,EPL,KXEPLGAME-26SEP19NFOCOV,KXEPLGAME-26SEP19NFOCOV-NFO,,Nott'm Forest,Coventry,2026-09-19T19:30:00Z,home,0.56,0.57,0.565,0.01,2491.39,201.0,536.74,145.78,496.74,active,kalshi,2026-09-13T17:32:58.178080+00:00
soccer,EPL,KXEPLGAME-26SEP19TOTAVL,KXEPLGAME-26SEP19TOTAVL-AVL,,Tottenham,Aston Villa,2026-09-19T14:30:00Z,away,0.25,0.26,0.255,0.01,14377.33,974.0,15330.74,1402.35,14715.92,active,kalshi,2026-09-13T17:32:58.178080+00:00
soccer,EPL,KXEPLGAME-26SEP19TOTAVL,KXEPLGAME-26SEP19TOTAVL-TIE,,Tottenham,Aston Villa,2026-09-19T14:30:00Z,draw,0.24,0.26,0.25,0.02,6521.86,400.0,711.75,318.54,676.75,active,kalshi,2026-09-13T17:32:58.178080+00:00
soccer,EPL,KXEPLGAME-26SEP19TOTAVL,KXEPLGAME-26SEP19TOTAVL-TOT,,Tottenham,Aston Villa,2026-09-19T14:30:00Z,home,0.47,0.48,0.475,0.01,2888.93,0.4,3489.68,599.82,3178.95,active,kalshi,2026-09-13T17:32:58.178080+00:00
soccer,EPL,KXEPLGAME-26SEP20BOULFC,KXEPLGAME-26SEP20BOULFC-LFC,,Bournemouth,Liverpool,2026-09-20T16:00:00Z,away,0.44,0.45,0.445,0.01,12.08,16395.83,6396.84,2047.85,6031.19,active,kalshi,2026-09-13T17:32:58.178080+00:00
soccer,EPL,KXEPLGAME-26SEP20BOULFC,KXEPLGAME-26SEP20BOULFC-TIE,,Bournemouth,Liverpool,2026-09-20T16:00:00Z,draw,0.24,0.25,0.245,0.01,10241.19,20255.45,170.21,29.78,149.43,active,kalshi,2026-09-13T17:32:58.178080+00:00
soccer,EPL,KXEPLGAME-26SEP20BOULFC,KXEPLGAME-26SEP20BOULFC-BOU,,Bournemouth,Liverpool,2026-09-20T16:00:00Z,home,0.3,0.32,0.31,0.02,9739.02,19263.0,437.54,3.52,419.54,active,kalshi,2026-09-13T17:32:58.178080+00:00
soccer,EPL,KXEPLGAME-26SEP20FULMUN,KXEPLGAME-26SEP20FULMUN-MUN,,Fulham,Man United,2026-09-20T18:30:00Z,away,0.47,0.49,0.48,0.02,12377.42,15780.62,4480.17,736.8,4385.35,active,kalshi,2026-09-13T17:32:58.178080+00:00
soccer,EPL,KXEPLGAME-26SEP20FULMUN,KXEPLGAME-26SEP20FULMUN-TIE,,Fulham,Man United,2026-09-20T18:30:00Z,draw,0.24,0.26,0.25,0.02,9815.91,348.78,72.36,34.33,72.36,active,kalshi,2026-09-13T17:32:58.178080+00:00
soccer,EPL,KXEPLGAME-26SEP20FULMUN,KXEPLGAME-26SEP20FULMUN-FUL,,Fulham,Man United,2026-09-20T18:30:00Z,home,0.26,0.28,0.27,0.02,9914.59,16399.96,146.59,25.44,136.58,active,kalshi,2026-09-13T17:32:58.178080+00:00
soccer,EPL,KXEPLGAME-26SEP20LEECRY,KXEPLGAME-26SEP20LEECRY-CRY,,Leeds,Crystal Palace,2026-09-20T16:00:00Z,away,0.24,0.25,0.245,0.01,201.0,7727.99,250.52,25.62,250.52,active,kalshi,2026-09-13T17:32:58.178080+00:00
soccer,EPL,KXEPLGAME-26SEP20LEECRY,KXEPLGAME-26SEP20LEECRY-TIE,,Leeds,Crystal Palace,2026-09-20T16:00:00Z,draw,0.25,0.27,0.26,0.02,2238.42,176.98,65.17,10.15,44.16,active,kalshi,2026-09-13T17:32:58.178080+00:00
soccer,EPL,KXEPLGAME-26SEP20LEECRY,KXEPLGAME-26SEP20LEECRY-LEE,,Leeds,Crystal Palace,2026-09-20T16:00:00Z,home,0.48,0.5,0.49,0.02,226.16,8175.9,525.6,121.43,461.57,active,kalshi,2026-09-13T17:32:58.178080+00:00
soccer,EPL,KXEPLGAME-26SEP20MCISUN,KXEPLGAME-26SEP20MCISUN-SUN,,Man City,Sunderland,2026-09-20T16:00:00Z,away,0.08,0.1,0.09,0.02,10341.89,19699.64,2621.28,1222.96,2362.28,active,kalshi,2026-09-13T17:32:58.178080+00:00
soccer,EPL,KXEPLGAME-26SEP20MCISUN,KXEPLGAME-26SEP20MCISUN-TIE,,Man City,Sunderland,2026-09-20T16:00:00Z,draw,0.15,0.16,0.155,0.01,345.64,18937.42,3227.3,2474.21,3227.3,active,kalshi,2026-09-13T17:32:58.178080+00:00
soccer,EPL,KXEPLGAME-26SEP20MCISUN,KXEPLGAME-26SEP20MCISUN-MCI,,Man City,Sunderland,2026-09-20T16:00:00Z,home,0.75,0.77,0.76,0.02,211.05,27605.38,10524.81,6951.43,10134.33,active,kalshi,2026-09-13T17:32:58.178080+00:00
soccer,EPL,KXEPLGAME-26SEP14LEENEW,KXEPLGAME-26SEP14LEENEW-NEW,,Leeds,Newcastle,2026-09-14T22:00:00Z,away,0.31,0.32,0.315,0.01,20509.63,275.0,47183.62,25345.25,44030.94,active,kalshi,2026-09-13T18:02:20.287773+00:00
soccer,EPL,KXEPLGAME-26SEP14LEENEW,KXEPLGAME-26SEP14LEENEW-TIE,,Leeds,Newcastle,2026-09-14T22:00:00Z,draw,0.26,0.27,0.265,0.01,45059.07,20518.45,7214.22,4540.9,6762.78,active,kalshi,2026-09-13T18:02:20.287773+00:00
soccer,EPL,KXEPLGAME-26SEP14LEENEW,KXEPLGAME-26SEP14LEENEW-LEE,,Leeds,Newcastle,2026-09-14T22:00:00Z,home,0.41,0.42,0.415,0.01,2494.61,22685.67,8154.21,5288.45,7986.34,active,kalshi,2026-09-13T18:02:20.287773+00:00
soccer,EPL,KXEPLGAME-26SEP18BRECFC,KXEPLGAME-26SEP18BRECFC-CFC,,Brentford,Chelsea,2026-09-18T22:00:00Z,away,0.43,0.44,0.435,0.01,101.31,5997.47,41763.8,13809.92,38677.22,active,kalshi,2026-09-13T18:02:20.287773+00:00
soccer,EPL,KXEPLGAME-26SEP18BRECFC,KXEPLGAME-26SEP18BRECFC-TIE,,Brentford,Chelsea,2026-09-18T22:00:00Z,draw,0.24,0.25,0.245,0.01,82.0,18998.46,1254.88,724.17,1220.82,active,kalshi,2026-09-13T18:02:20.287773+00:00
soccer,EPL,KXEPLGAME-26SEP18BRECFC,KXEPLGAME-26SEP18BRECFC-BRE,,Brentford,Chelsea,2026-09-18T22:00:00Z,home,0.3,0.33,0.315,0.03,673.6,2000.0,759.29,327.25,644.62,active,kalshi,2026-09-13T18:02:20.287773+00:00
soccer,EPL,KXEPLGAME-26SEP19BRIARS,KXEPLGAME-26SEP19BRIARS-ARS,,Brighton,Arsenal,2026-09-19T17:00:00Z,away,0.57,0.58,0.575,0.01,80.14,7741.86,56747.39,21167.49,47785.79,active,kalshi,2026-09-13T18:02:20.287773+00:00
soccer,EPL,KXEPLGAME-26SEP19BRIARS,KXEPLGAME-26SEP19BRIARS-TIE,,Brighton,Arsenal,2026-09-19T17:00:00Z,draw,0.23,0.24,0.235,0.01,90.83,18711.2,694.12,323.9,538.74,active,kalshi,2026-09-13T18:02:20.287773+00:00
soccer,EPL,KXEPLGAME-26SEP19BRIARS,KXEPLGAME-26SEP19BRIARS-BRI,,Brighton,Arsenal,2026-09-19T17:00:00Z,home,0.19,0.21,0.2,0.02,41.92,14476.21,2104.46,866.32,1898.61,active,kalshi,2026-09-13T18:02:20.287773+00:00
soccer,EPL,KXEPLGAME-26SEP19EVEIPS,KXEPLGAME-26SEP19EVEIPS-IPS,,Everton,Ipswich,2026-09-19T17:00:00Z,away,0.2,0.22,0.21000000000000002,0.02,5937.48,7431.05,344.1,62.57,337.33,active,kalshi,2026-09-13T18:02:20.287773+00:00
soccer,EPL,KXEPLGAME-26SEP19EVEIPS,KXEPLGAME-26SEP19EVEIPS-TIE,,Everton,Ipswich,2026-09-19T17:00:00Z,draw,0.24,0.26,0.25,0.02,1965.52,5496.95,200.37,13.0,200.01,active,kalshi,2026-09-13T18:02:20.287773+00:00
soccer,EPL,KXEPLGAME-26SEP19EVEIPS,KXEPLGAME-26SEP19EVEIPS-EVE,,Everton,Ipswich,2026-09-19T17:00:00Z,home,0.53,0.55,0.54,0.02,2468.0,7454.05,697.56,487.3,488.95,active,kalshi,2026-09-13T18:02:20.287773+00:00
soccer,EPL,KXEPLGAME-26SEP19NEWHUL,KXEPLGAME-26SEP19NEWHUL-HUL,,Newcastle,Hull,2026-09-19T17:00:00Z,away,0.15,0.17,0.16,0.02,6705.65,7862.63,4176.7,2285.92,3623.8,active,kalshi,2026-09-13T18:02:20.287773+00:00
soccer,EPL,KXEPLGAME-26SEP19NEWHUL,KXEPLGAME-26SEP19NEWHUL-TIE,,Newcastle,Hull,2026-09-19T17:00:00Z,draw,0.2,0.21,0.20500000000000002,0.01,108.0,8542.97,1243.46,535.98,1211.46,active,kalshi,2026-09-13T18:02:20.287773+00:00
soccer,EPL,KXEPLGAME-26SEP19NEWHUL,KXEPLGAME-26SEP19NEWHUL-NEW,,Newcastle,Hull,2026-09-19T17:00:00Z,home,0.63,0.64,0.635,0.01,1823.3,4301.0,729.33,264.12,718.98,active,kalshi,2026-09-13T18:02:20.287773+00:00
soccer,EPL,KXEPLGAME-26SEP19NFOCOV,KXEPLGAME-26SEP19NFOCOV-COV,,Nott'm Forest,Coventry,2026-09-19T19:30:00Z,away,0.17,0.2,0.185,0.03,9171.01,7721.23,46.79,6.79,46.77,active,kalshi,2026-09-13T18:02:20.287773+00:00
soccer,EPL,KXEPLGAME-26SEP19NFOCOV,KXEPLGAME-26SEP19NFOCOV-TIE,,Nott'm Forest,Coventry,2026-09-19T19:30:00Z,draw,0.23,0.24,0.235,0.01,2104.99,7623.02,199.29,10.03,199.26,active,kalshi,2026-09-13T18:02:20.287773+00:00
soccer,EPL,KXEPLGAME-26SEP19NFOCOV,KXEPLGAME-26SEP19NFOCOV-NFO,,Nott'm Forest,Coventry,2026-09-19T19:30:00Z,home,0.56,0.58,0.5700000000000001,0.02,2517.62,7617.77,587.74,195.78,547.74,active,kalshi,2026-09-13T18:02:20.287773+00:00
soccer,EPL,KXEPLGAME-26SEP19TOTAVL,KXEPLGAME-26SEP19TOTAVL-AVL,,Tottenham,Aston Villa,2026-09-19T14:30:00Z,away,0.25,0.27,0.26,0.02,14617.87,9473.38,15391.68,1505.85,14776.86,active,kalshi,2026-09-13T18:02:20.287773+00:00
soccer,EPL,KXEPLGAME-26SEP19TOTAVL,KXEPLGAME-26SEP19TOTAVL-TIE,,Tottenham,Aston Villa,2026-09-19T14:30:00Z,draw,0.24,0.26,0.25,0.02,5898.19,13388.45,728.75,335.54,693.75,active,kalshi,2026-09-13T18:02:20.287773+00:00
soccer,EPL,KXEPLGAME-26SEP19TOTAVL,KXEPLGAME-26SEP19TOTAVL-TOT,,Tottenham,Aston Villa,2026-09-19T14:30:00Z,home,0.48,0.49,0.485,0.01,2347.42,13013.23,3688.74,592.88,3378.01,active,kalshi,2026-09-13T18:02:20.287773+00:00
soccer,EPL,KXEPLGAME-26SEP20BOULFC,KXEPLGAME-26SEP20BOULFC-LFC,,Bournemouth,Liverpool,2026-09-20T16:00:00Z,away,0.44,0.45,0.445,0.01,12.08,16180.43,6612.24,2117.95,6246.59,active,kalshi,2026-09-13T18:02:20.287773+00:00
soccer,EPL,KXEPLGAME-26SEP20BOULFC,KXEPLGAME-26SEP20BOULFC-TIE,,Bournemouth,Liverpool,2026-09-20T16:00:00Z,draw,0.24,0.25,0.245,0.01,9765.32,16078.0,170.21,29.78,149.43,active,kalshi,2026-09-13T18:02:20.287773+00:00
soccer,EPL,KXEPLGAME-26SEP20BOULFC,KXEPLGAME-26SEP20BOULFC-BOU,,Bournemouth,Liverpool,2026-09-20T16:00:00Z,home,0.3,0.32,0.31,0.02,9631.32,17017.0,437.54,3.52,419.54,active,kalshi,2026-09-13T18:02:20.287773+00:00
soccer,EPL,KXEPLGAME-26SEP20FULMUN,KXEPLGAME-26SEP20FULMUN-MUN,,Fulham,Man United,2026-09-20T18:30:00Z,away,0.47,0.49,0.48,0.02,10175.91,15455.89,4782.24,1070.42,4687.42,active,kalshi,2026-09-13T18:02:20.287773+00:00
soccer,EPL,KXEPLGAME-26SEP20FULMUN,KXEPLGAME-26SEP20FULMUN-TIE,,Fulham,Man United,2026-09-20T18:30:00Z,draw,0.24,0.26,0.25,0.02,9483.54,16134.8,72.36,34.36,72.36,active,kalshi,2026-09-13T18:02:20.287773+00:00
soccer,EPL,KXEPLGAME-26SEP20FULMUN,KXEPLGAME-26SEP20FULMUN-FUL,,Fulham,Man United,2026-09-20T18:30:00Z,home,0.25,0.28,0.265,0.03,12630.44,16111.2,146.59,25.45,136.58,active,kalshi,2026-09-13T18:02:20.287773+00:00
soccer,EPL,KXEPLGAME-26SEP20LEECRY,KXEPLGAME-26SEP20LEECRY-CRY,,Leeds,Crystal Palace,2026-09-20T16:00:00Z,away,0.24,0.25,0.245,0.01,2186.52,7442.97,250.52,25.62,250.52,active,kalshi,2026-09-13T18:02:20.287773+00:00
soccer,EPL,KXEPLGAME-26SEP20LEECRY,KXEPLGAME-26SEP20LEECRY-TIE,,Leeds,Crystal Palace,2026-09-20T16:00:00Z,draw,0.25,0.28,0.265,0.03,8060.44,7789.1,82.17,27.15,61.16,active,kalshi,2026-09-13T18:02:20.287773+00:00
soccer,EPL,KXEPLGAME-26SEP20LEECRY,KXEPLGAME-26SEP20LEECRY-LEE,,Leeds,Crystal Palace,2026-09-20T16:00:00Z,home,0.48,0.5,0.49,0.02,4.16,7975.9,525.6,21.43,461.57,active,kalshi,2026-09-13T18:02:20.287773+00:00
soccer,EPL,KXEPLGAME-26SEP20MCISUN,KXEPLGAME-26SEP20MCISUN-SUN,,Man City,Sunderland,2026-09-20T16:00:00Z,away,0.08,0.1,0.09,0.02,10167.82,16847.13,2649.5,1251.18,2390.5,active,kalshi,2026-09-13T18:02:20.287773+00:00
soccer,EPL,KXEPLGAME-26SEP20MCISUN,KXEPLGAME-26SEP20MCISUN-TIE,,Man City,Sunderland,2026-09-20T16:00:00Z,draw,0.14,0.16,0.15000000000000002,0.02,19066.16,17092.37,3227.3,2474.21,3227.3,active,kalshi,2026-09-13T18:02:20.287773+00:00
soccer,EPL,KXEPLGAME-26SEP20MCISUN,KXEPLGAME-26SEP20MCISUN-MCI,,Man City,Sunderland,2026-09-20T16:00:00Z,home,0.75,0.76,0.755,0.01,6478.03,1.4,10735.18,7268.22,10344.7,active,kalshi,2026-09-13T18:02:20.287773+00:00
soccer,EPL,KXEPLGAME-26SEP14LEENEW,KXEPLGAME-26SEP14LEENEW-NEW,,Leeds,Newcastle,2026-09-14T22:00:00Z,away,0.32,0.33,0.325,0.01,294.16,58149.75,48692.26,28044.17,45465.01,active,kalshi,2026-09-13T18:36:41.517280+00:00
soccer,EPL,KXEPLGAME-26SEP14LEENEW,KXEPLGAME-26SEP14LEENEW-TIE,,Leeds,Newcastle,2026-09-14T22:00:00Z,draw,0.26,0.27,0.265,0.01,47523.07,14098.45,7812.85,4813.14,7189.41,active,kalshi,2026-09-13T18:36:41.517280+00:00
soccer,EPL,KXEPLGAME-26SEP14LEENEW,KXEPLGAME-26SEP14LEENEW-LEE,,Leeds,Newcastle,2026-09-14T22:00:00Z,home,0.41,0.42,0.415,0.01,1490.54,60659.71,8468.13,5867.29,8268.23,active,kalshi,2026-09-13T18:36:41.517280+00:00
soccer,EPL,KXEPLGAME-26SEP18BRECFC,KXEPLGAME-26SEP18BRECFC-CFC,,Brentford,Chelsea,2026-09-18T22:00:00Z,away,0.42,0.44,0.43,0.02,17406.65,5350.26,42589.42,14635.31,38653.97,active,kalshi,2026-09-13T18:36:41.517280+00:00
soccer,EPL,KXEPLGAME-26SEP18BRECFC,KXEPLGAME-26SEP18BRECFC-TIE,,Brentford,Chelsea,2026-09-18T22:00:00Z,draw,0.23,0.25,0.24,0.02,289.49,18438.46,1254.88,724.16,1220.82,active,kalshi,2026-09-13T18:36:41.517280+00:00
soccer,EPL,KXEPLGAME-26SEP18BRECFC,KXEPLGAME-26SEP18BRECFC-BRE,,Brentford,Chelsea,2026-09-18T22:00:00Z,home,0.31,0.33,0.32,0.02,10.99,3500.0,1213.76,347.25,1099.09,active,kalshi,2026-09-13T18:36:41.517280+00:00
soccer,EPL,KXEPLGAME-26SEP19BRIARS,KXEPLGAME-26SEP19BRIARS-ARS,,Brighton,Arsenal,2026-09-19T17:00:00Z,away,0.57,0.58,0.575,0.01,21.97,7233.06,57209.77,22109.52,48142.97,active,kalshi,2026-09-13T18:36:41.517280+00:00
soccer,EPL,KXEPLGAME-26SEP19BRIARS,KXEPLGAME-26SEP19BRIARS-TIE,,Brighton,Arsenal,2026-09-19T17:00:00Z,draw,0.22,0.23,0.225,0.01,34.0,400.0,713.9,323.9,538.74,active,kalshi,2026-09-13T18:36:41.517280+00:00
soccer,EPL,KXEPLGAME-26SEP19BRIARS,KXEPLGAME-26SEP19BRIARS-BRI,,Brighton,Arsenal,2026-09-19T17:00:00Z,home,0.18,0.21,0.195,0.03,787.92,19075.78,2147.89,909.75,1942.04,active,kalshi,2026-09-13T18:36:41.517280+00:00
soccer,EPL,KXEPLGAME-26SEP19EVEIPS,KXEPLGAME-26SEP19EVEIPS-IPS,,Everton,Ipswich,2026-09-19T17:00:00Z,away,0.21,0.22,0.215,0.01,2192.48,5931.05,344.1,256.52,337.33,active,kalshi,2026-09-13T18:36:41.517280+00:00
soccer,EPL,KXEPLGAME-26SEP19EVEIPS,KXEPLGAME-26SEP19EVEIPS-TIE,,Everton,Ipswich,2026-09-19T17:00:00Z,draw,0.23,0.25,0.24,0.02,7676.52,9309.95,200.37,13.0,200.01,active,kalshi,2026-09-13T18:36:41.517280+00:00
soccer,EPL,KXEPLGAME-26SEP19EVEIPS,KXEPLGAME-26SEP19EVEIPS-EVE,,Everton,Ipswich,2026-09-19T17:00:00Z,home,0.54,0.56,0.55,0.02,2068.0,12048.05,701.08,490.82,492.47,active,kalshi,2026-09-13T18:36:41.517280+00:00
soccer,EPL,KXEPLGAME-26SEP19NEWHUL,KXEPLGAME-26SEP19NEWHUL-HUL,,Newcastle,Hull,2026-09-19T17:00:00Z,away,0.15,0.17,0.16,0.02,6089.42,8982.42,4260.19,2340.18,3707.26,active,kalshi,2026-09-13T18:36:41.517280+00:00
soccer,EPL,KXEPLGAME-26SEP19NEWHUL,KXEPLGAME-26SEP19NEWHUL-TIE,,Newcastle,Hull,2026-09-19T17:00:00Z,draw,0.19,0.21,0.2,0.02,10800.71,7713.95,1272.48,565.0,1240.48,active,kalshi,2026-09-13T18:36:41.517280+00:00
soccer,EPL,KXEPLGAME-26SEP19NEWHUL,KXEPLGAME-26SEP19NEWHUL-NEW,,Newcastle,Hull,2026-09-19T17:00:00Z,home,0.63,0.64,0.635,0.01,1782.68,3482.72,747.61,264.12,737.26,active,kalshi,2026-09-13T18:36:41.517280+00:00
soccer,EPL,KXEPLGAME-26SEP19NFOCOV,KXEPLGAME-26SEP19NFOCOV-COV,,Nott'm Forest,Coventry,2026-09-19T19:30:00Z,away,0.18,0.2,0.19,0.02,2297.01,6999.23,46.79,6.79,46.77,active,kalshi,2026-09-13T18:36:41.517280+00:00
soccer,EPL,KXEPLGAME-26SEP19NFOCOV,KXEPLGAME-26SEP19NFOCOV-TIE,,Nott'm Forest,Coventry,2026-09-19T19:30:00Z,draw,0.23,0.24,0.235,0.01,2104.99,8806.02,199.29,10.03,199.26,active,kalshi,2026-09-13T18:36:41.517280+00:00
soccer,EPL,KXEPLGAME-26SEP19NFOCOV,KXEPLGAME-26SEP19NFOCOV-NFO,,Nott'm Forest,Coventry,2026-09-19T19:30:00Z,home,0.56,0.58,0.5700000000000001,0.02,2273.62,10417.77,671.74,280.78,631.74,active,kalshi,2026-09-13T18:36:41.517280+00:00
soccer,EPL,KXEPLGAME-26SEP19TOTAVL,KXEPLGAME-26SEP19TOTAVL-AVL,,Tottenham,Aston Villa,2026-09-19T14:30:00Z,away,0.25,0.27,0.26,0.02,17754.27,8182.38,15391.68,1438.77,14776.86,active,kalshi,2026-09-13T18:36:41.517280+00:00
soccer,EPL,KXEPLGAME-26SEP19TOTAVL,KXEPLGAME-26SEP19TOTAVL-TIE,,Tottenham,Aston Villa,2026-09-19T14:30:00Z,draw,0.24,0.26,0.25,0.02,10026.69,18484.45,733.75,323.54,698.75,active,kalshi,2026-09-13T18:36:41.517280+00:00
soccer,EPL,KXEPLGAME-26SEP19TOTAVL,KXEPLGAME-26SEP19TOTAVL-TOT,,Tottenham,Aston Villa,2026-09-19T14:30:00Z,home,0.48,0.49,0.485,0.01,2347.42,4281.3,3708.44,791.93,3397.71,active,kalshi,2026-09-13T18:36:41.517280+00:00
soccer,EPL,KXEPLGAME-26SEP20BOULFC,KXEPLGAME-26SEP20BOULFC-LFC,,Bournemouth,Liverpool,2026-09-20T16:00:00Z,away,0.44,0.45,0.445,0.01,19.71,14786.51,7082.16,2276.39,6716.51,active,kalshi,2026-09-13T18:36:41.517280+00:00
soccer,EPL,KXEPLGAME-26SEP20BOULFC,KXEPLGAME-26SEP20BOULFC-TIE,,Bournemouth,Liverpool,2026-09-20T16:00:00Z,draw,0.24,0.25,0.245,0.01,9308.16,18074.2,174.01,29.78,153.23,active,kalshi,2026-09-13T18:36:41.517280+00:00
soccer,EPL,KXEPLGAME-26SEP20BOULFC,KXEPLGAME-26SEP20BOULFC-BOU,,Bournemouth,Liverpool,2026-09-20T16:00:00Z,home,0.3,0.32,0.31,0.02,9206.26,18170.8,457.54,23.52,439.54,active,kalshi,2026-09-13T18:36:41.517280+00:00
soccer,EPL,KXEPLGAME-26SEP20FULMUN,KXEPLGAME-26SEP20FULMUN-MUN,,Fulham,Man United,2026-09-20T18:30:00Z,away,0.47,0.49,0.48,0.02,10186.75,15434.19,4803.94,1072.42,4709.12,active,kalshi,2026-09-13T18:36:41.517280+00:00
soccer,EPL,KXEPLGAME-26SEP20FULMUN,KXEPLGAME-26SEP20FULMUN-TIE,,Fulham,Man United,2026-09-20T18:30:00Z,draw,0.24,0.26,0.25,0.02,9471.7,18134.8,72.36,34.36,72.36,active,kalshi,2026-09-13T18:36:41.517280+00:00
soccer,EPL,KXEPLGAME-26SEP20FULMUN,KXEPLGAME-26SEP20FULMUN-FUL,,Fulham,Man United,2026-09-20T18:30:00Z,home,0.26,0.28,0.27,0.02,9510.6,18111.2,146.59,25.45,136.58,active,kalshi,2026-09-13T18:36:41.517280+00:00
soccer,EPL,KXEPLGAME-26SEP20LEECRY,KXEPLGAME-26SEP20LEECRY-CRY,,Leeds,Crystal Palace,2026-09-20T16:00:00Z,away,0.24,0.25,0.245,0.01,2186.52,7442.97,250.52,25.62,250.52,active,kalshi,2026-09-13T18:36:41.517280+00:00
soccer,EPL,KXEPLGAME-26SEP20LEECRY,KXEPLGAME-26SEP20LEECRY-TIE,,Leeds,Crystal Palace,2026-09-20T16:00:00Z,draw,0.25,0.27,0.26,0.02,8016.44,7720.42,82.17,27.15,61.16,active,kalshi,2026-09-13T18:36:41.517280+00:00
soccer,EPL,KXEPLGAME-26SEP20LEECRY,KXEPLGAME-26SEP20LEECRY-LEE,,Leeds,Crystal Palace,2026-09-20T16:00:00Z,home,0.48,0.5,0.49,0.02,2051.86,9596.58,544.92,21.43,480.89,active,kalshi,2026-09-13T18:36:41.517280+00:00
soccer,EPL,KXEPLGAME-26SEP20MCISUN,KXEPLGAME-26SEP20MCISUN-SUN,,Man City,Sunderland,2026-09-20T16:00:00Z,away,0.08,0.1,0.09,0.02,12672.28,17866.35,2649.5,1251.18,2390.5,active,kalshi,2026-09-13T18:36:41.517280+00:00
soccer,EPL,KXEPLGAME-26SEP20MCISUN,KXEPLGAME-26SEP20MCISUN-TIE,,Man City,Sunderland,2026-09-20T16:00:00Z,draw,0.14,0.16,0.15000000000000002,0.02,18519.89,18305.09,3227.3,2474.21,3227.3,active,kalshi,2026-09-13T18:36:41.517280+00:00
soccer,EPL,KXEPLGAME-26SEP20MCISUN,KXEPLGAME-26SEP20MCISUN-MCI,,Man City,Sunderland,2026-09-20T16:00:00Z,home,0.75,0.77,0.76,0.02,12.31,23124.92,10970.57,7592.3,10580.09,active,kalshi,2026-09-13T18:36:41.517280+00:00
soccer,EPL,KXEPLGAME-26SEP14LEENEW,KXEPLGAME-26SEP14LEENEW-NEW,,Leeds,Newcastle,2026-09-14T22:00:00Z,away,0.31,0.32,0.315,0.01,20398.62,11535.93,51351.12,31116.04,47164.32,active,kalshi,2026-09-13T19:01:40.393675+00:00
soccer,EPL,KXEPLGAME-26SEP14LEENEW,KXEPLGAME-26SEP14LEENEW-TIE,,Leeds,Newcastle,2026-09-14T22:00:00Z,draw,0.26,0.27,0.265,0.01,48225.24,13297.7,7851.6,5195.89,7228.16,active,kalshi,2026-09-13T19:01:40.393675+00:00
soccer,EPL,KXEPLGAME-26SEP14LEENEW,KXEPLGAME-26SEP14LEENEW-LEE,,Leeds,Newcastle,2026-09-14T22:00:00Z,home,0.41,0.42,0.415,0.01,1528.28,60442.96,8508.14,5907.3,8305.98,active,kalshi,2026-09-13T19:01:40.393675+00:00
soccer,EPL,KXEPLGAME-26SEP18BRECFC,KXEPLGAME-26SEP18BRECFC-CFC,,Brentford,Chelsea,2026-09-18T22:00:00Z,away,0.43,0.44,0.435,0.01,5.86,7332.86,43021.88,15219.76,38755.95,active,kalshi,2026-09-13T19:01:40.393675+00:00
soccer,EPL,KXEPLGAME-26SEP18BRECFC,KXEPLGAME-26SEP18BRECFC-TIE,,Brentford,Chelsea,2026-09-18T22:00:00Z,draw,0.24,0.25,0.245,0.01,1369.0,18280.46,1254.88,724.14,1220.82,active,kalshi,2026-09-13T19:01:40.393675+00:00
soccer,EPL,KXEPLGAME-26SEP18BRECFC,KXEPLGAME-26SEP18BRECFC-BRE,,Brentford,Chelsea,2026-09-18T22:00:00Z,home,0.31,0.33,0.32,0.02,387.16,6073.0,1213.76,781.72,1099.09,active,kalshi,2026-09-13T19:01:40.393675+00:00
soccer,EPL,KXEPLGAME-26SEP19BRIARS,KXEPLGAME-26SEP19BRIARS-ARS,,Brighton,Arsenal,2026-09-19T17:00:00Z,away,0.57,0.58,0.575,0.01,13207.77,2305.85,59200.27,23865.59,50130.17,active,kalshi,2026-09-13T19:01:40.393675+00:00
soccer,EPL,KXEPLGAME-26SEP19BRIARS,KXEPLGAME-26SEP19BRIARS-TIE,,Brighton,Arsenal,2026-09-19T17:00:00Z,draw,0.22,0.24,0.22999999999999998,0.02,380.1,20233.2,721.36,351.14,546.2,active,kalshi,2026-09-13T19:01:40.393675+00:00
soccer,EPL,KXEPLGAME-26SEP19BRIARS,KXEPLGAME-26SEP19BRIARS-BRI,,Brighton,Arsenal,2026-09-19T17:00:00Z,home,0.18,0.19,0.185,0.01,542.0,1211.0,2147.89,909.75,1942.04,active,kalshi,2026-09-13T19:01:40.393675+00:00
soccer,EPL,KXEPLGAME-26SEP19EVEIPS,KXEPLGAME-26SEP19EVEIPS-IPS,,Everton,Ipswich,2026-09-19T17:00:00Z,away,0.21,0.22,0.215,0.01,2192.48,11513.05,344.1,252.52,337.33,active,kalshi,2026-09-13T19:01:40.393675+00:00
soccer,EPL,KXEPLGAME-26SEP19EVEIPS,KXEPLGAME-26SEP19EVEIPS-TIE,,Everton,Ipswich,2026-09-19T17:00:00Z,draw,0.24,0.25,0.245,0.01,2165.52,11185.95,200.37,13.0,200.01,active,kalshi,2026-09-13T19:01:40.393675+00:00
soccer,EPL,KXEPLGAME-26SEP19EVEIPS,KXEPLGAME-26SEP19EVEIPS-EVE,,Everton,Ipswich,2026-09-19T17:00:00Z,home,0.53,0.54,0.535,0.01,5769.0,2136.0,701.08,490.82,492.47,active,kalshi,2026-09-13T19:01:40.393675+00:00
soccer,EPL,KXEPLGAME-26SEP19NEWHUL,KXEPLGAME-26SEP19NEWHUL-HUL,,Newcastle,Hull,2026-09-19T17:00:00Z,away,0.15,0.16,0.155,0.01,6146.62,1257.0,4283.07,2349.06,3730.14,active,kalshi,2026-09-13T19:01:40.393675+00:00
soccer,EPL,KXEPLGAME-26SEP19NEWHUL,KXEPLGAME-26SEP19NEWHUL-TIE,,Newcastle,Hull,2026-09-19T17:00:00Z,draw,0.2,0.21,0.20500000000000002,0.01,1991.77,9432.95,1272.48,565.0,1240.48,active,kalshi,2026-09-13T19:01:40.393675+00:00
soccer,EPL,KXEPLGAME-26SEP19NEWHUL,KXEPLGAME-26SEP19NEWHUL-NEW,,Newcastle,Hull,2026-09-19T17:00:00Z,home,0.62,0.64,0.63,0.02,5679.74,6973.72,747.61,282.4,737.26,active,kalshi,2026-09-13T19:01:40.393675+00:00
soccer,EPL,KXEPLGAME-26SEP19NFOCOV,KXEPLGAME-26SEP19NFOCOV-COV,,Nott'm Forest,Coventry,2026-09-19T19:30:00Z,away,0.18,0.19,0.185,0.01,2298.01,1234.0,46.79,6.79,46.77,active,kalshi,2026-09-13T19:01:40.393675+00:00
soccer,EPL,KXEPLGAME-26SEP19NFOCOV,KXEPLGAME-26SEP19NFOCOV-TIE,,Nott'm Forest,Coventry,2026-09-19T19:30:00Z,draw,0.23,0.24,0.235,0.01,2304.99,4815.0,199.29,10.03,199.26,active,kalshi,2026-09-13T19:01:40.393675+00:00
soccer,EPL,KXEPLGAME-26SEP19NFOCOV,KXEPLGAME-26SEP19NFOCOV-NFO,,Nott'm Forest,Coventry,2026-09-19T19:30:00Z,home,0.56,0.57,0.565,0.01,2273.62,2233.0,671.74,280.78,631.74,active,kalshi,2026-09-13T19:01:40.393675+00:00
soccer,EPL,KXEPLGAME-26SEP19TOTAVL,KXEPLGAME-26SEP19TOTAVL-AVL,,Tottenham,Aston Villa,2026-09-19T14:30:00Z,away,0.25,0.26,0.255,0.01,17924.2,1076.0,15406.99,1446.04,14792.17,active,kalshi,2026-09-13T19:01:40.393675+00:00
soccer,EPL,KXEPLGAME-26SEP19TOTAVL,KXEPLGAME-26SEP19TOTAVL-TIE,,Tottenham,Aston Villa,2026-09-19T14:30:00Z,draw,0.24,0.25,0.245,0.01,10026.69,1216.0,770.31,359.1,735.31,active,kalshi,2026-09-13T19:01:40.393675+00:00
soccer,EPL,KXEPLGAME-26SEP19TOTAVL,KXEPLGAME-26SEP19TOTAVL-TOT,,Tottenham,Aston Villa,2026-09-19T14:30:00Z,home,0.47,0.48,0.475,0.01,5975.07,1826.58,4208.44,1301.63,3397.71,active,kalshi,2026-09-13T19:01:40.393675+00:00
soccer,EPL,KXEPLGAME-26SEP20BOULFC,KXEPLGAME-26SEP20BOULFC-LFC,,Bournemouth,Liverpool,2026-09-20T16:00:00Z,away,0.45,0.46,0.455,0.01,10410.14,6107.06,7103.11,2718.32,6737.44,active,kalshi,2026-09-13T19:01:40.393675+00:00
soccer,EPL,KXEPLGAME-26SEP20BOULFC,KXEPLGAME-26SEP20BOULFC-TIE,,Bournemouth,Liverpool,2026-09-20T16:00:00Z,draw,0.24,0.25,0.245,0.01,9507.16,19407.2,174.01,33.58,153.23,active,kalshi,2026-09-13T19:01:40.393675+00:00
soccer,EPL,KXEPLGAME-26SEP20BOULFC,KXEPLGAME-26SEP20BOULFC-BOU,,Bournemouth,Liverpool,2026-09-20T16:00:00Z,home,0.29,0.3,0.295,0.01,9506.26,1408.0,457.55,23.53,439.55,active,kalshi,2026-09-13T19:01:40.393675+00:00
soccer,EPL,KXEPLGAME-26SEP20FULMUN,KXEPLGAME-26SEP20FULMUN-MUN,,Fulham,Man United,2026-09-20T18:30:00Z,away,0.47,0.48,0.475,0.01,10391.91,17282.89,4824.44,1092.62,4729.62,active,kalshi,2026-09-13T19:01:40.393675+00:00
soccer,EPL,KXEPLGAME-26SEP20FULMUN,KXEPLGAME-26SEP20FULMUN-TIE,,Fulham,Man United,2026-09-20T18:30:00Z,draw,0.24,0.26,0.25,0.02,9662.44,19274.8,72.36,34.36,72.36,active,kalshi,2026-09-13T19:01:40.393675+00:00
soccer,EPL,KXEPLGAME-26SEP20FULMUN,KXEPLGAME-26SEP20FULMUN-FUL,,Fulham,Man United,2026-09-20T18:30:00Z,home,0.27,0.28,0.275,0.01,9626.34,17941.2,486.59,365.45,476.58,active,kalshi,2026-09-13T19:01:40.393675+00:00
soccer,EPL,KXEPLGAME-26SEP20LEECRY,KXEPLGAME-26SEP20LEECRY-CRY,,Leeds,Crystal Palace,2026-09-20T16:00:00Z,away,0.24,0.25,0.245,0.01,8073.04,9575.97,250.52,25.62,250.52,active,kalshi,2026-09-13T19:01:40.393675+00:00
soccer,EPL,KXEPLGAME-26SEP20LEECRY,KXEPLGAME-26SEP20LEECRY-TIE,,Leeds,Crystal Palace,2026-09-20T16:00:00Z,draw,0.25,0.27,0.26,0.02,10551.44,2169.0,82.17,27.15,61.16,active,kalshi,2026-09-13T19:01:40.393675+00:00
soccer,EPL,KXEPLGAME-26SEP20LEECRY,KXEPLGAME-26SEP20LEECRY-LEE,,Leeds,Crystal Palace,2026-09-20T16:00:00Z,home,0.48,0.5,0.49,0.02,2566.86,10396.58,544.92,40.75,480.89,active,kalshi,2026-09-13T19:01:40.393675+00:00
soccer,EPL,KXEPLGAME-26SEP20MCISUN,KXEPLGAME-26SEP20MCISUN-SUN,,Man City,Sunderland,2026-09-20T16:00:00Z,away,0.08,0.1,0.09,0.02,12795.66,18666.35,2649.5,1241.18,2390.5,active,kalshi,2026-09-13T19:01:40.393675+00:00
soccer,EPL,KXEPLGAME-26SEP20MCISUN,KXEPLGAME-26SEP20MCISUN-TIE,,Man City,Sunderland,2026-09-20T16:00:00Z,draw,0.15,0.16,0.155,0.01,12.46,19099.69,3227.3,2469.21,3227.3,active,kalshi,2026-09-13T19:01:40.393675+00:00
soccer,EPL,KXEPLGAME-26SEP20MCISUN,KXEPLGAME-26SEP20MCISUN-MCI,,Man City,Sunderland,2026-09-20T16:00:00Z,home,0.75,0.77,0.76,0.02,22.77,28686.68,11142.98,7777.49,10714.16,active,kalshi,2026-09-13T19:01:40.393675+00:00
soccer,EPL,KXEPLGAME-26SEP14LEENEW,KXEPLGAME-26SEP14LEENEW-NEW,,Leeds,Newcastle,2026-09-14T22:00:00Z,away,0.31,0.32,0.315,0.01,22702.22,11223.13,51488.17,31253.98,47271.87,active,kalshi,2026-09-13T19:32:54.988494+00:00
soccer,EPL,KXEPLGAME-26SEP14LEENEW,KXEPLGAME-26SEP14LEENEW-TIE,,Leeds,Newcastle,2026-09-14T22:00:00Z,draw,0.26,0.27,0.265,0.01,50373.56,11020.7,9579.6,6784.81,7691.78,active,kalshi,2026-09-13T19:32:54.988494+00:00
soccer,EPL,KXEPLGAME-26SEP14LEENEW,KXEPLGAME-26SEP14LEENEW-LEE,,Leeds,Newcastle,2026-09-14T22:00:00Z,home,0.41,0.42,0.415,0.01,2020.6,69988.7,8933.68,6332.84,8614.84,active,kalshi,2026-09-13T19:32:54.988494+00:00
soccer,EPL,KXEPLGAME-26SEP18BRECFC,KXEPLGAME-26SEP18BRECFC-CFC,,Brentford,Chelsea,2026-09-18T22:00:00Z,away,0.42,0.43,0.425,0.01,17317.41,16.84,44301.14,16453.24,37619.31,active,kalshi,2026-09-13T19:32:54.988494+00:00
soccer,EPL,KXEPLGAME-26SEP18BRECFC,KXEPLGAME-26SEP18BRECFC-TIE,,Brentford,Chelsea,2026-09-18T22:00:00Z,draw,0.24,0.25,0.245,0.01,5539.65,16435.46,1280.68,670.82,1223.82,active,kalshi,2026-09-13T19:32:54.988494+00:00
soccer,EPL,KXEPLGAME-26SEP18BRECFC,KXEPLGAME-26SEP18BRECFC-BRE,,Brentford,Chelsea,2026-09-18T22:00:00Z,home,0.31,0.33,0.32,0.02,701.24,5191.69,1213.76,781.72,1099.09,active,kalshi,2026-09-13T19:32:54.988494+00:00
soccer,EPL,KXEPLGAME-26SEP19BRIARS,KXEPLGAME-26SEP19BRIARS-ARS,,Brighton,Arsenal,2026-09-19T17:00:00Z,away,0.57,0.58,0.575,0.01,13206.12,2280.75,59459.3,24076.12,50385.9,active,kalshi,2026-09-13T19:32:54.988494+00:00
soccer,EPL,KXEPLGAME-26SEP19BRIARS,KXEPLGAME-26SEP19BRIARS-TIE,,Brighton,Arsenal,2026-09-19T17:00:00Z,draw,0.23,0.24,0.235,0.01,271.31,18522.2,724.36,354.14,549.2,active,kalshi,2026-09-13T19:32:54.988494+00:00
soccer,EPL,KXEPLGAME-26SEP19BRIARS,KXEPLGAME-26SEP19BRIARS-BRI,,Brighton,Arsenal,2026-09-19T17:00:00Z,home,0.18,0.2,0.19,0.02,769.26,13610.21,2147.89,909.75,1942.04,active,kalshi,2026-09-13T19:32:54.988494+00:00
soccer,EPL,KXEPLGAME-26SEP19EVEIPS,KXEPLGAME-26SEP19EVEIPS-IPS,,Everton,Ipswich,2026-09-19T17:00:00Z,away,0.21,0.22,0.215,0.01,2190.98,10572.69,344.1,252.52,337.33,active,kalshi,2026-09-13T19:32:54.988494+00:00
soccer,EPL,KXEPLGAME-26SEP19EVEIPS,KXEPLGAME-26SEP19EVEIPS-TIE,,Everton,Ipswich,2026-09-19T17:00:00Z,draw,0.24,0.25,0.245,0.01,539.63,10649.95,203.37,16.0,203.01,active,kalshi,2026-09-13T19:32:54.988494+00:00
soccer,EPL,KXEPLGAME-26SEP19EVEIPS,KXEPLGAME-26SEP19EVEIPS-EVE,,Everton,Ipswich,2026-09-19T17:00:00Z,home,0.53,0.55,0.54,0.02,6507.63,8445.7,701.08,490.82,492.47,active,kalshi,2026-09-13T19:32:54.988494+00:00
soccer,EPL,KXEPLGAME-26SEP19NEWHUL,KXEPLGAME-26SEP19NEWHUL-HUL,,Newcastle,Hull,2026-09-19T17:00:00Z,away,0.15,0.17,0.16,0.02,6867.52,6689.93,5731.35,3670.62,5178.42,active,kalshi,2026-09-13T19:32:54.988494+00:00
soccer,EPL,KXEPLGAME-26SEP19NEWHUL,KXEPLGAME-26SEP19NEWHUL-TIE,,Newcastle,Hull,2026-09-19T17:00:00Z,draw,0.2,0.21,0.20500000000000002,0.01,538.69,8509.95,1276.48,546.44,1244.48,active,kalshi,2026-09-13T19:32:54.988494+00:00
soccer,EPL,KXEPLGAME-26SEP19NEWHUL,KXEPLGAME-26SEP19NEWHUL-NEW,,Newcastle,Hull,2026-09-19T17:00:00Z,home,0.63,0.64,0.635,0.01,1051.6,4282.72,747.61,282.4,737.26,active,kalshi,2026-09-13T19:32:54.988494+00:00
soccer,EPL,KXEPLGAME-26SEP19NFOCOV,KXEPLGAME-26SEP19NFOCOV-COV,,Nott'm Forest,Coventry,2026-09-19T19:30:00Z,away,0.18,0.2,0.19,0.02,2523.91,10286.15,46.79,6.79,46.77,active,kalshi,2026-09-13T19:32:54.988494+00:00
soccer,EPL,KXEPLGAME-26SEP19NFOCOV,KXEPLGAME-26SEP19NFOCOV-TIE,,Nott'm Forest,Coventry,2026-09-19T19:30:00Z,draw,0.22,0.24,0.22999999999999998,0.02,13545.87,8806.02,199.29,10.03,199.26,active,kalshi,2026-09-13T19:32:54.988494+00:00
soccer,EPL,KXEPLGAME-26SEP19NFOCOV,KXEPLGAME-26SEP19NFOCOV-NFO,,Nott'm Forest,Coventry,2026-09-19T19:30:00Z,home,0.56,0.58,0.5700000000000001,0.02,2943.53,10417.77,671.74,280.78,631.74,active,kalshi,2026-09-13T19:32:54.988494+00:00
soccer,EPL,KXEPLGAME-26SEP19TOTAVL,KXEPLGAME-26SEP19TOTAVL-AVL,,Tottenham,Aston Villa,2026-09-19T14:30:00Z,away,0.25,0.27,0.26,0.02,18040.93,7686.51,15412.99,1460.04,14798.17,active,kalshi,2026-09-13T19:32:54.988494+00:00
soccer,EPL,KXEPLGAME-26SEP19TOTAVL,KXEPLGAME-26SEP19TOTAVL-TIE,,Tottenham,Aston Villa,2026-09-19T14:30:00Z,draw,0.24,0.26,0.25,0.02,10650.38,18790.13,773.31,362.1,738.31,active,kalshi,2026-09-13T19:32:54.988494+00:00
soccer,EPL,KXEPLGAME-26SEP19TOTAVL,KXEPLGAME-26SEP19TOTAVL-TOT,,Tottenham,Aston Villa,2026-09-19T14:30:00Z,home,0.47,0.48,0.475,0.01,6604.28,1.97,4208.47,1301.66,3397.73,active,kalshi,2026-09-13T19:32:54.988494+00:00
soccer,EPL,KXEPLGAME-26SEP20BOULFC,KXEPLGAME-26SEP20BOULFC-LFC,,Bournemouth,Liverpool,2026-09-20T16:00:00Z,away,0.45,0.46,0.455,0.01,10417.56,4270.06,7113.11,2724.14,6747.44,active,kalshi,2026-09-13T19:32:54.988494+00:00
soccer,EPL,KXEPLGAME-26SEP20BOULFC,KXEPLGAME-26SEP20BOULFC-TIE,,Bournemouth,Liverpool,2026-09-20T16:00:00Z,draw,0.24,0.25,0.245,0.01,9794.28,18067.2,181.01,40.58,160.23,active,kalshi,2026-09-13T19:32:54.988494+00:00
soccer,EPL,KXEPLGAME-26SEP20BOULFC,KXEPLGAME-26SEP20BOULFC-BOU,,Bournemouth,Liverpool,2026-09-20T16:00:00Z,home,0.29,0.31,0.3,0.02,9506.25,19261.39,457.56,23.54,439.55,active,kalshi,2026-09-13T19:32:54.988494+00:00
soccer,EPL,KXEPLGAME-26SEP20FULMUN,KXEPLGAME-26SEP20FULMUN-MUN,,Fulham,Man United,2026-09-20T18:30:00Z,away,0.47,0.48,0.475,0.01,10580.98,15409.89,4838.44,1126.62,4743.62,active,kalshi,2026-09-13T19:32:54.988494+00:00
soccer,EPL,KXEPLGAME-26SEP20FULMUN,KXEPLGAME-26SEP20FULMUN-TIE,,Fulham,Man United,2026-09-20T18:30:00Z,draw,0.24,0.26,0.25,0.02,9655.44,19456.86,72.36,34.36,72.36,active,kalshi,2026-09-13T19:32:54.988494+00:00
soccer,EPL,KXEPLGAME-26SEP20FULMUN,KXEPLGAME-26SEP20FULMUN-FUL,,Fulham,Man United,2026-09-20T18:30:00Z,home,0.27,0.28,0.275,0.01,9619.34,18570.2,486.59,365.45,476.58,active,kalshi,2026-09-13T19:32:54.988494+00:00
soccer,EPL,KXEPLGAME-26SEP20LEECRY,KXEPLGAME-26SEP20LEECRY-CRY,,Leeds,Crystal Palace,2026-09-20T16:00:00Z,away,0.24,0.25,0.245,0.01,8073.04,8242.97,250.52,25.62,250.52,active,kalshi,2026-09-13T19:32:54.988494+00:00
soccer,EPL,KXEPLGAME-26SEP20LEECRY,KXEPLGAME-26SEP20LEECRY-TIE,,Leeds,Crystal Palace,2026-09-20T16:00:00Z,draw,0.25,0.28,0.265,0.03,10734.63,10747.59,82.17,27.15,61.16,active,kalshi,2026-09-13T19:32:54.988494+00:00
soccer,EPL,KXEPLGAME-26SEP20LEECRY,KXEPLGAME-26SEP20LEECRY-LEE,,Leeds,Crystal Palace,2026-09-20T16:00:00Z,home,0.48,0.5,0.49,0.02,388.35,10756.58,544.92,40.75,480.89,active,kalshi,2026-09-13T19:32:54.988494+00:00
soccer,EPL,KXEPLGAME-26SEP20MCISUN,KXEPLGAME-26SEP20MCISUN-SUN,,Man City,Sunderland,2026-09-20T16:00:00Z,away,0.08,0.1,0.09,0.02,14369.12,18979.56,2663.5,1255.18,2404.5,active,kalshi,2026-09-13T19:32:54.988494+00:00
soccer,EPL,KXEPLGAME-26SEP20MCISUN,KXEPLGAME-26SEP20MCISUN-TIE,,Man City,Sunderland,2026-09-20T16:00:00Z,draw,0.15,0.16,0.155,0.01,540.43,19119.09,3227.3,2469.21,3227.3,active,kalshi,2026-09-13T19:32:54.988494+00:00
soccer,EPL,KXEPLGAME-26SEP20MCISUN,KXEPLGAME-26SEP20MCISUN-MCI,,Man City,Sunderland,2026-09-20T16:00:00Z,home,0.75,0.77,0.76,0.02,22.77,29884.61,11338.27,7972.78,10909.45,active,kalshi,2026-09-13T19:32:54.988494+00:00
soccer,EPL,KXEPLGAME-26SEP14LEENEW,KXEPLGAME-26SEP14LEENEW-NEW,,Leeds,Newcastle,2026-09-14T22:00:00Z,away,0.31,0.32,0.315,0.01,23054.69,13793.15,51995.28,31701.21,47778.98,active,kalshi,2026-09-13T20:02:22.787250+00:00
soccer,EPL,KXEPLGAME-26SEP14LEENEW,KXEPLGAME-26SEP14LEENEW-TIE,,Leeds,Newcastle,2026-09-14T22:00:00Z,draw,0.26,0.27,0.265,0.01,50971.47,1186.16,9707.1,6856.52,7794.62,active,kalshi,2026-09-13T20:02:22.787250+00:00
soccer,EPL,KXEPLGAME-26SEP14LEENEW,KXEPLGAME-26SEP14LEENEW-LEE,,Leeds,Newcastle,2026-09-14T22:00:00Z,home,0.41,0.42,0.415,0.01,1374.98,73374.26,9003.74,6391.46,8648.28,active,kalshi,2026-09-13T20:02:22.787250+00:00
soccer,EPL,KXEPLGAME-26SEP18BRECFC,KXEPLGAME-26SEP18BRECFC-CFC,,Brentford,Chelsea,2026-09-18T22:00:00Z,away,0.42,0.43,0.425,0.01,16937.89,2073.88,44450.24,16513.16,37768.41,active,kalshi,2026-09-13T20:02:22.787250+00:00
soccer,EPL,KXEPLGAME-26SEP18BRECFC,KXEPLGAME-26SEP18BRECFC-TIE,,Brentford,Chelsea,2026-09-18T22:00:00Z,draw,0.24,0.25,0.245,0.01,5560.98,1519.02,1280.68,656.87,1223.82,active,kalshi,2026-09-13T20:02:22.787250+00:00
soccer,EPL,KXEPLGAME-26SEP18BRECFC,KXEPLGAME-26SEP18BRECFC-BRE,,Brentford,Chelsea,2026-09-18T22:00:00Z,home,0.31,0.32,0.315,0.01,470.09,1975.17,1273.42,841.38,1128.92,active,kalshi,2026-09-13T20:02:22.787250+00:00
soccer,EPL,KXEPLGAME-26SEP19BRIARS,KXEPLGAME-26SEP19BRIARS-ARS,,Brighton,Arsenal,2026-09-19T17:00:00Z,away,0.57,0.58,0.575,0.01,12805.69,506.59,61620.23,23951.77,52546.4,active,kalshi,2026-09-13T20:02:22.787250+00:00
soccer,EPL,KXEPLGAME-26SEP19BRIARS,KXEPLGAME-26SEP19BRIARS-TIE,,Brighton,Arsenal,2026-09-19T17:00:00Z,draw,0.22,0.23,0.225,0.01,475.1,1291.0,724.36,326.14,549.2,active,kalshi,2026-09-13T20:02:22.787250+00:00
soccer,EPL,KXEPLGAME-26SEP19BRIARS,KXEPLGAME-26SEP19BRIARS-BRI,,Brighton,Arsenal,2026-09-19T17:00:00Z,home,0.18,0.19,0.185,0.01,1806.6,1150.24,2208.65,970.51,2002.8,active,kalshi,2026-09-13T20:02:22.787250+00:00
soccer,EPL,KXEPLGAME-26SEP19EVEIPS,KXEPLGAME-26SEP19EVEIPS-IPS,,Everton,Ipswich,2026-09-19T17:00:00Z,away,0.21,0.22,0.215,0.01,2191.98,11840.76,357.03,264.38,350.26,active,kalshi,2026-09-13T20:02:22.787250+00:00
soccer,EPL,KXEPLGAME-26SEP19EVEIPS,KXEPLGAME-26SEP19EVEIPS-TIE,,Everton,Ipswich,2026-09-19T17:00:00Z,draw,0.23,0.24,0.235,0.01,9628.02,1315.0,203.37,6.0,203.01,active,kalshi,2026-09-13T20:02:22.787250+00:00
soccer,EPL,KXEPLGAME-26SEP19EVEIPS,KXEPLGAME-26SEP19EVEIPS-EVE,,Everton,Ipswich,2026-09-19T17:00:00Z,home,0.54,0.55,0.545,0.01,2068.0,7119.71,701.08,490.82,492.47,active,kalshi,2026-09-13T20:02:22.787250+00:00
soccer,EPL,KXEPLGAME-26SEP19NEWHUL,KXEPLGAME-26SEP19NEWHUL-HUL,,Newcastle,Hull,2026-09-19T17:00:00Z,away,0.15,0.16,0.155,0.01,7059.52,1289.49,5817.86,3718.73,5264.93,active,kalshi,2026-09-13T20:02:22.787250+00:00
soccer,EPL,KXEPLGAME-26SEP19NEWHUL,KXEPLGAME-26SEP19NEWHUL-TIE,,Newcastle,Hull,2026-09-19T17:00:00Z,draw,0.19,0.2,0.195,0.01,10047.88,908.0,1276.48,509.88,1244.48,active,kalshi,2026-09-13T20:02:22.787250+00:00
soccer,EPL,KXEPLGAME-26SEP19NEWHUL,KXEPLGAME-26SEP19NEWHUL-NEW,,Newcastle,Hull,2026-09-19T17:00:00Z,home,0.63,0.64,0.635,0.01,1051.6,6973.72,747.61,282.4,737.26,active,kalshi,2026-09-13T20:02:22.787250+00:00
soccer,EPL,KXEPLGAME-26SEP19NFOCOV,KXEPLGAME-26SEP19NFOCOV-COV,,Nott'm Forest,Coventry,2026-09-19T19:30:00Z,away,0.18,0.19,0.185,0.01,2523.3,1234.0,46.79,6.79,46.77,active,kalshi,2026-09-13T20:02:22.787250+00:00
soccer,EPL,KXEPLGAME-26SEP19NFOCOV,KXEPLGAME-26SEP19NFOCOV-TIE,,Nott'm Forest,Coventry,2026-09-19T19:30:00Z,draw,0.22,0.23,0.225,0.01,13746.25,1298.0,199.29,0.03,199.26,active,kalshi,2026-09-13T20:02:22.787250+00:00
soccer,EPL,KXEPLGAME-26SEP19NFOCOV,KXEPLGAME-26SEP19NFOCOV-NFO,,Nott'm Forest,Coventry,2026-09-19T19:30:00Z,home,0.56,0.57,0.565,0.01,2504.92,2009.0,676.74,285.78,636.74,active,kalshi,2026-09-13T20:02:22.787250+00:00
soccer,EPL,KXEPLGAME-26SEP19TOTAVL,KXEPLGAME-26SEP19TOTAVL-AVL,,Tottenham,Aston Villa,2026-09-19T14:30:00Z,away,0.25,0.26,0.255,0.01,16591.51,1076.0,15412.99,1426.04,14798.17,active,kalshi,2026-09-13T20:02:22.787250+00:00
soccer,EPL,KXEPLGAME-26SEP19TOTAVL,KXEPLGAME-26SEP19TOTAVL-TIE,,Tottenham,Aston Villa,2026-09-19T14:30:00Z,draw,0.24,0.25,0.245,0.01,10409.41,1216.0,773.31,348.45,738.31,active,kalshi,2026-09-13T20:02:22.787250+00:00
soccer,EPL,KXEPLGAME-26SEP19TOTAVL,KXEPLGAME-26SEP19TOTAVL-TOT,,Tottenham,Aston Villa,2026-09-19T14:30:00Z,home,0.47,0.48,0.475,0.01,2732.66,1825.67,4208.47,1301.66,3397.73,active,kalshi,2026-09-13T20:02:22.787250+00:00
soccer,EPL,KXEPLGAME-26SEP20BOULFC,KXEPLGAME-26SEP20BOULFC-LFC,,Bournemouth,Liverpool,2026-09-20T16:00:00Z,away,0.45,0.46,0.455,0.01,10410.14,6097.06,7113.11,2724.14,6747.44,active,kalshi,2026-09-13T20:02:22.787250+00:00
soccer,EPL,KXEPLGAME-26SEP20BOULFC,KXEPLGAME-26SEP20BOULFC-TIE,,Bournemouth,Liverpool,2026-09-20T16:00:00Z,draw,0.24,0.25,0.245,0.01,6293.32,19400.2,181.01,10.8,160.23,active,kalshi,2026-09-13T20:02:22.787250+00:00
soccer,EPL,KXEPLGAME-26SEP20BOULFC,KXEPLGAME-26SEP20BOULFC-BOU,,Bournemouth,Liverpool,2026-09-20T16:00:00Z,home,0.29,0.3,0.295,0.01,9506.25,18371.8,457.56,23.54,439.55,active,kalshi,2026-09-13T20:02:22.787250+00:00
soccer,EPL,KXEPLGAME-26SEP20FULMUN,KXEPLGAME-26SEP20FULMUN-MUN,,Fulham,Man United,2026-09-20T18:30:00Z,away,0.47,0.48,0.475,0.01,434.73,17268.89,4838.44,1126.62,4743.62,active,kalshi,2026-09-13T20:02:22.787250+00:00
soccer,EPL,KXEPLGAME-26SEP20FULMUN,KXEPLGAME-26SEP20FULMUN-TIE,,Fulham,Man United,2026-09-20T18:30:00Z,draw,0.24,0.26,0.25,0.02,9655.44,19456.13,72.36,24.36,72.36,active,kalshi,2026-09-13T20:02:22.787250+00:00
soccer,EPL,KXEPLGAME-26SEP20FULMUN,KXEPLGAME-26SEP20FULMUN-FUL,,Fulham,Man United,2026-09-20T18:30:00Z,home,0.27,0.28,0.275,0.01,9620.34,19940.2,486.59,365.45,476.58,active,kalshi,2026-09-13T20:02:22.787250+00:00
soccer,EPL,KXEPLGAME-26SEP20LEECRY,KXEPLGAME-26SEP20LEECRY-CRY,,Leeds,Crystal Palace,2026-09-20T16:00:00Z,away,0.24,0.25,0.245,0.01,8074.04,9575.97,250.52,25.62,250.52,active,kalshi,2026-09-13T20:02:22.787250+00:00
soccer,EPL,KXEPLGAME-26SEP20LEECRY,KXEPLGAME-26SEP20LEECRY-TIE,,Leeds,Crystal Palace,2026-09-20T16:00:00Z,draw,0.25,0.27,0.26,0.02,10734.03,2169.0,82.17,17.15,61.16,active,kalshi,2026-09-13T20:02:22.787250+00:00
soccer,EPL,KXEPLGAME-26SEP20LEECRY,KXEPLGAME-26SEP20LEECRY-LEE,,Leeds,Crystal Palace,2026-09-20T16:00:00Z,home,0.48,0.5,0.49,0.02,2750.48,10396.58,544.92,40.75,480.89,active,kalshi,2026-09-13T20:02:22.787250+00:00
soccer,EPL,KXEPLGAME-26SEP20MCISUN,KXEPLGAME-26SEP20MCISUN-SUN,,Man City,Sunderland,2026-09-20T16:00:00Z,away,0.08,0.1,0.09,0.02,14246.68,18978.87,2663.5,1255.18,2404.5,active,kalshi,2026-09-13T20:02:22.787250+00:00
soccer,EPL,KXEPLGAME-26SEP20MCISUN,KXEPLGAME-26SEP20MCISUN-TIE,,Man City,Sunderland,2026-09-20T16:00:00Z,draw,0.15,0.16,0.155,0.01,544.7,19119.09,3227.3,2027.64,3227.3,active,kalshi,2026-09-13T20:02:22.787250+00:00
soccer,EPL,KXEPLGAME-26SEP20MCISUN,KXEPLGAME-26SEP20MCISUN-MCI,,Man City,Sunderland,2026-09-20T16:00:00Z,home,0.75,0.77,0.76,0.02,27.33,30479.37,11657.8,8291.31,11228.98,active,kalshi,2026-09-13T20:02:22.787250+00:00
soccer,EPL,KXEPLGAME-26SEP14LEENEW,KXEPLGAME-26SEP14LEENEW-NEW,,Leeds,Newcastle,2026-09-14T22:00:00Z,away,0.31,0.32,0.315,0.01,20309.22,13007.78,53156.65,32148.54,48940.35,active,kalshi,2026-09-13T20:35:03.114232+00:00
soccer,EPL,KXEPLGAME-26SEP14LEENEW,KXEPLGAME-26SEP14LEENEW-TIE,,Leeds,Newcastle,2026-09-14T22:00:00Z,draw,0.27,0.28,0.275,0.01,14713.0,116050.13,9778.24,6900.05,7865.76,active,kalshi,2026-09-13T20:35:03.114232+00:00
soccer,EPL,KXEPLGAME-26SEP14LEENEW,KXEPLGAME-26SEP14LEENEW-LEE,,Leeds,Newcastle,2026-09-14T22:00:00Z,home,0.41,0.42,0.415,0.01,2011.98,74397.82,9060.18,6436.46,8704.72,active,kalshi,2026-09-13T20:35:03.114232+00:00
soccer,EPL,KXEPLGAME-26SEP18BRECFC,KXEPLGAME-26SEP18BRECFC-CFC,,Brentford,Chelsea,2026-09-18T22:00:00Z,away,0.42,0.43,0.425,0.01,16956.83,107.0,44759.43,16784.55,38074.26,active,kalshi,2026-09-13T20:35:03.114232+00:00
soccer,EPL,KXEPLGAME-26SEP18BRECFC,KXEPLGAME-26SEP18BRECFC-TIE,,Brentford,Chelsea,2026-09-18T22:00:00Z,draw,0.24,0.25,0.245,0.01,5501.0,19235.46,1280.68,656.87,1223.82,active,kalshi,2026-09-13T20:35:03.114232+00:00
soccer,EPL,KXEPLGAME-26SEP18BRECFC,KXEPLGAME-26SEP18BRECFC-BRE,,Brentford,Chelsea,2026-09-18T22:00:00Z,home,0.32,0.33,0.325,0.01,29.99,4421.0,1273.43,841.38,1128.93,active,kalshi,2026-09-13T20:35:03.114232+00:00
soccer,EPL,KXEPLGAME-26SEP19BRIARS,KXEPLGAME-26SEP19BRIARS-ARS,,Brighton,Arsenal,2026-09-19T17:00:00Z,away,0.57,0.58,0.575,0.01,93.41,2462.84,61945.65,25815.68,52868.47,active,kalshi,2026-09-13T20:35:03.114232+00:00
soccer,EPL,KXEPLGAME-26SEP19BRIARS,KXEPLGAME-26SEP19BRIARS-TIE,,Brighton,Arsenal,2026-09-19T17:00:00Z,draw,0.23,0.24,0.235,0.01,775.09,18607.31,734.25,336.03,559.09,active,kalshi,2026-09-13T20:35:03.114232+00:00
soccer,EPL,KXEPLGAME-26SEP19BRIARS,KXEPLGAME-26SEP19BRIARS-BRI,,Brighton,Arsenal,2026-09-19T17:00:00Z,home,0.18,0.21,0.195,0.03,6377.6,22113.33,2218.65,980.51,2012.8,active,kalshi,2026-09-13T20:35:03.114232+00:00
soccer,EPL,KXEPLGAME-26SEP19EVEIPS,KXEPLGAME-26SEP19EVEIPS-IPS,,Everton,Ipswich,2026-09-19T17:00:00Z,away,0.2,0.22,0.21000000000000002,0.02,6540.56,10558.76,357.03,264.38,350.26,active,kalshi,2026-09-13T20:35:03.114232+00:00
soccer,EPL,KXEPLGAME-26SEP19EVEIPS,KXEPLGAME-26SEP19EVEIPS-TIE,,Everton,Ipswich,2026-09-19T17:00:00Z,draw,0.24,0.25,0.245,0.01,604.41,10650.95,214.26,16.89,213.9,active,kalshi,2026-09-13T20:35:03.114232+00:00
soccer,EPL,KXEPLGAME-26SEP19EVEIPS,KXEPLGAME-26SEP19EVEIPS-EVE,,Everton,Ipswich,2026-09-19T17:00:00Z,home,0.54,0.55,0.545,0.01,2068.0,338.66,701.08,490.82,492.47,active,kalshi,2026-09-13T20:35:03.114232+00:00
soccer,EPL,KXEPLGAME-26SEP19NEWHUL,KXEPLGAME-26SEP19NEWHUL-HUL,,Newcastle,Hull,2026-09-19T17:00:00Z,away,0.15,0.17,0.16,0.02,6899.52,8842.49,7122.28,5023.15,6569.35,active,kalshi,2026-09-13T20:35:03.114232+00:00
soccer,EPL,KXEPLGAME-26SEP19NEWHUL,KXEPLGAME-26SEP19NEWHUL-TIE,,Newcastle,Hull,2026-09-19T17:00:00Z,draw,0.19,0.22,0.20500000000000002,0.03,10247.88,11019.54,1289.31,522.71,1257.31,active,kalshi,2026-09-13T20:35:03.114232+00:00
soccer,EPL,KXEPLGAME-26SEP19NEWHUL,KXEPLGAME-26SEP19NEWHUL-NEW,,Newcastle,Hull,2026-09-19T17:00:00Z,home,0.62,0.64,0.63,0.02,5360.89,4306.72,747.61,282.4,737.26,active,kalshi,2026-09-13T20:35:03.114232+00:00
soccer,EPL,KXEPLGAME-26SEP19NFOCOV,KXEPLGAME-26SEP19NFOCOV-COV,,Nott'm Forest,Coventry,2026-09-19T19:30:00Z,away,0.18,0.2,0.19,0.02,2723.3,10725.47,46.79,6.79,46.77,active,kalshi,2026-09-13T20:35:03.114232+00:00
soccer,EPL,KXEPLGAME-26SEP19NFOCOV,KXEPLGAME-26SEP19NFOCOV-TIE,,Nott'm Forest,Coventry,2026-09-19T19:30:00Z,draw,0.23,0.25,0.24,0.02,2905.99,11769.27,210.6,11.34,210.57,active,kalshi,2026-09-13T20:35:03.114232+00:00
soccer,EPL,KXEPLGAME-26SEP19NFOCOV,KXEPLGAME-26SEP19NFOCOV-NFO,,Nott'm Forest,Coventry,2026-09-19T19:30:00Z,home,0.56,0.58,0.5700000000000001,0.02,481.3,10417.77,676.74,285.78,636.74,active,kalshi,2026-09-13T20:35:03.114232+00:00
soccer,EPL,KXEPLGAME-26SEP19TOTAVL,KXEPLGAME-26SEP19TOTAVL-AVL,,Tottenham,Aston Villa,2026-09-19T14:30:00Z,away,0.25,0.27,0.26,0.02,16515.05,8007.51,15498.99,1424.28,14884.17,active,kalshi,2026-09-13T20:35:03.114232+00:00
soccer,EPL,KXEPLGAME-26SEP19TOTAVL,KXEPLGAME-26SEP19TOTAVL-TIE,,Tottenham,Aston Villa,2026-09-19T14:30:00Z,draw,0.24,0.26,0.25,0.02,10649.41,18790.13,782.81,356.19,747.81,active,kalshi,2026-09-13T20:35:03.114232+00:00
soccer,EPL,KXEPLGAME-26SEP19TOTAVL,KXEPLGAME-26SEP19TOTAVL-TOT,,Tottenham,Aston Villa,2026-09-19T14:30:00Z,home,0.48,0.49,0.485,0.01,2119.74,3.91,4208.47,1299.65,3397.73,active,kalshi,2026-09-13T20:35:03.114232+00:00
soccer,EPL,KXEPLGAME-26SEP20BOULFC,KXEPLGAME-26SEP20BOULFC-LFC,,Bournemouth,Liverpool,2026-09-20T16:00:00Z,away,0.45,0.47,0.45999999999999996,0.02,11936.93,19327.95,7133.11,2722.75,6767.44,active,kalshi,2026-09-13T20:35:03.114232+00:00
soccer,EPL,KXEPLGAME-26SEP20BOULFC,KXEPLGAME-26SEP20BOULFC-TIE,,Bournemouth,Liverpool,2026-09-20T16:00:00Z,draw,0.24,0.25,0.245,0.01,617.66,18493.2,181.01,10.8,160.23,active,kalshi,2026-09-13T20:35:03.114232+00:00
soccer,EPL,KXEPLGAME-26SEP20BOULFC,KXEPLGAME-26SEP20BOULFC-BOU,,Bournemouth,Liverpool,2026-09-20T16:00:00Z,home,0.29,0.3,0.295,0.01,100.99,17201.87,457.56,23.54,439.55,active,kalshi,2026-09-13T20:35:03.114232+00:00
soccer,EPL,KXEPLGAME-26SEP20FULMUN,KXEPLGAME-26SEP20FULMUN-MUN,,Fulham,Man United,2026-09-20T18:30:00Z,away,0.47,0.48,0.475,0.01,434.73,15410.89,4838.44,1126.62,4743.62,active,kalshi,2026-09-13T20:35:03.114232+00:00
soccer,EPL,KXEPLGAME-26SEP20FULMUN,KXEPLGAME-26SEP20FULMUN-TIE,,Fulham,Man United,2026-09-20T18:30:00Z,draw,0.24,0.26,0.25,0.02,6155.44,19455.13,79.36,31.36,79.36,active,kalshi,2026-09-13T20:35:03.114232+00:00
soccer,EPL,KXEPLGAME-26SEP20FULMUN,KXEPLGAME-26SEP20FULMUN-FUL,,Fulham,Man United,2026-09-20T18:30:00Z,home,0.26,0.28,0.27,0.02,10608.67,18565.2,492.59,371.45,482.58,active,kalshi,2026-09-13T20:35:03.114232+00:00
soccer,EPL,KXEPLGAME-26SEP20LEECRY,KXEPLGAME-26SEP20LEECRY-CRY,,Leeds,Crystal Palace,2026-09-20T16:00:00Z,away,0.24,0.25,0.245,0.01,6087.52,8527.99,250.52,25.62,250.52,active,kalshi,2026-09-13T20:35:03.114232+00:00
soccer,EPL,KXEPLGAME-26SEP20LEECRY,KXEPLGAME-26SEP20LEECRY-TIE,,Leeds,Crystal Palace,2026-09-20T16:00:00Z,draw,0.25,0.28,0.265,0.03,10734.03,10747.0,82.17,17.15,61.16,active,kalshi,2026-09-13T20:35:03.114232+00:00
soccer,EPL,KXEPLGAME-26SEP20LEECRY,KXEPLGAME-26SEP20LEECRY-LEE,,Leeds,Crystal Palace,2026-09-20T16:00:00Z,home,0.48,0.5,0.49,0.02,387.78,10956.58,544.92,40.75,480.89,active,kalshi,2026-09-13T20:35:03.114232+00:00
soccer,EPL,KXEPLGAME-26SEP20MCISUN,KXEPLGAME-26SEP20MCISUN-SUN,,Man City,Sunderland,2026-09-20T16:00:00Z,away,0.08,0.1,0.09,0.02,14557.59,20145.87,3496.5,2088.18,3237.5,active,kalshi,2026-09-13T20:35:03.114232+00:00
soccer,EPL,KXEPLGAME-26SEP20MCISUN,KXEPLGAME-26SEP20MCISUN-TIE,,Man City,Sunderland,2026-09-20T16:00:00Z,draw,0.15,0.16,0.155,0.01,560.7,19968.09,3227.3,2027.64,3227.3,active,kalshi,2026-09-13T20:35:03.114232+00:00
soccer,EPL,KXEPLGAME-26SEP20MCISUN,KXEPLGAME-26SEP20MCISUN-MCI,,Man City,Sunderland,2026-09-20T16:00:00Z,home,0.75,0.76,0.755,0.01,7142.64,357.78,12047.47,8680.98,11588.61,active,kalshi,2026-09-13T20:35:03.114232+00:00
soccer,EPL,KXEPLGAME-26SEP14LEENEW,KXEPLGAME-26SEP14LEENEW-NEW,,Leeds,Newcastle,2026-09-14T22:00:00Z,away,0.31,0.32,0.315,0.01,23647.77,15919.15,53780.09,33124.92,49561.79,active,kalshi,2026-09-13T21:01:36.239086+00:00
soccer,EPL,KXEPLGAME-26SEP14LEENEW,KXEPLGAME-26SEP14LEENEW-TIE,,Leeds,Newcastle,2026-09-14T22:00:00Z,draw,0.27,0.28,0.275,0.01,14695.39,117468.73,9799.25,6846.14,7869.16,active,kalshi,2026-09-13T21:01:36.239086+00:00
soccer,EPL,KXEPLGAME-26SEP14LEENEW,KXEPLGAME-26SEP14LEENEW-LEE,,Leeds,Newcastle,2026-09-14T22:00:00Z,home,0.41,0.42,0.415,0.01,2192.1,87710.13,9806.61,6840.99,9428.27,active,kalshi,2026-09-13T21:01:36.239086+00:00
soccer,EPL,KXEPLGAME-26SEP18BRECFC,KXEPLGAME-26SEP18BRECFC-CFC,,Brentford,Chelsea,2026-09-18T22:00:00Z,away,0.42,0.43,0.425,0.01,16948.81,1521.91,45460.42,16893.61,38763.25,active,kalshi,2026-09-13T21:01:36.239086+00:00
soccer,EPL,KXEPLGAME-26SEP18BRECFC,KXEPLGAME-26SEP18BRECFC-TIE,,Brentford,Chelsea,2026-09-18T22:00:00Z,draw,0.24,0.25,0.245,0.01,2773.29,18273.66,1284.48,656.87,1227.62,active,kalshi,2026-09-13T21:01:36.239086+00:00
soccer,EPL,KXEPLGAME-26SEP18BRECFC,KXEPLGAME-26SEP18BRECFC-BRE,,Brentford,Chelsea,2026-09-18T22:00:00Z,home,0.32,0.33,0.325,0.01,134.85,5609.53,1288.04,856.0,1143.4,active,kalshi,2026-09-13T21:01:36.239086+00:00
soccer,EPL,KXEPLGAME-26SEP19BRIARS,KXEPLGAME-26SEP19BRIARS-ARS,,Brighton,Arsenal,2026-09-19T17:00:00Z,away,0.57,0.58,0.575,0.01,551.03,543.73,62456.51,26016.18,53322.37,active,kalshi,2026-09-13T21:01:36.239086+00:00
soccer,EPL,KXEPLGAME-26SEP19BRIARS,KXEPLGAME-26SEP19BRIARS-TIE,,Brighton,Arsenal,2026-09-19T17:00:00Z,draw,0.23,0.24,0.235,0.01,775.09,20754.31,734.25,225.28,559.09,active,kalshi,2026-09-13T21:01:36.239086+00:00
soccer,EPL,KXEPLGAME-26SEP19BRIARS,KXEPLGAME-26SEP19BRIARS-BRI,,Brighton,Arsenal,2026-09-19T17:00:00Z,home,0.18,0.2,0.19,0.02,6377.6,2004.0,2218.65,980.51,2012.8,active,kalshi,2026-09-13T21:01:36.239086+00:00
soccer,EPL,KXEPLGAME-26SEP19EVEIPS,KXEPLGAME-26SEP19EVEIPS-IPS,,Everton,Ipswich,2026-09-19T17:00:00Z,away,0.21,0.22,0.215,0.01,2190.98,11863.76,357.03,264.38,350.26,active,kalshi,2026-09-13T21:01:36.239086+00:00
soccer,EPL,KXEPLGAME-26SEP19EVEIPS,KXEPLGAME-26SEP19EVEIPS-TIE,,Everton,Ipswich,2026-09-19T17:00:00Z,draw,0.24,0.25,0.245,0.01,627.41,11971.95,214.26,16.89,213.9,active,kalshi,2026-09-13T21:01:36.239086+00:00
soccer,EPL,KXEPLGAME-26SEP19EVEIPS,KXEPLGAME-26SEP19EVEIPS-EVE,,Everton,Ipswich,2026-09-19T17:00:00Z,home,0.54,0.55,0.545,0.01,2068.0,10341.71,701.08,490.82,492.47,active,kalshi,2026-09-13T21:01:36.239086+00:00
soccer,EPL,KXEPLGAME-26SEP19NEWHUL,KXEPLGAME-26SEP19NEWHUL-HUL,,Newcastle,Hull,2026-09-19T17:00:00Z,away,0.15,0.17,0.16,0.02,7051.64,8702.49,7122.28,5023.15,6569.35,active,kalshi,2026-09-13T21:01:36.239086+00:00
soccer,EPL,KXEPLGAME-26SEP19NEWHUL,KXEPLGAME-26SEP19NEWHUL-TIE,,Newcastle,Hull,2026-09-19T17:00:00Z,draw,0.19,0.2,0.195,0.01,10097.88,895.0,1289.31,522.71,1257.31,active,kalshi,2026-09-13T21:01:36.239086+00:00
soccer,EPL,KXEPLGAME-26SEP19NEWHUL,KXEPLGAME-26SEP19NEWHUL-NEW,,Newcastle,Hull,2026-09-19T17:00:00Z,home,0.63,0.64,0.635,0.01,1049.07,1200.0,752.68,287.47,737.26,active,kalshi,2026-09-13T21:01:36.239086+00:00
soccer,EPL,KXEPLGAME-26SEP19NFOCOV,KXEPLGAME-26SEP19NFOCOV-COV,,Nott'm Forest,Coventry,2026-09-19T19:30:00Z,away,0.18,0.19,0.185,0.01,2523.3,1234.0,46.79,6.79,46.77,active,kalshi,2026-09-13T21:01:36.239086+00:00
soccer,EPL,KXEPLGAME-26SEP19NFOCOV,KXEPLGAME-26SEP19NFOCOV-TIE,,Nott'm Forest,Coventry,2026-09-19T19:30:00Z,draw,0.23,0.24,0.235,0.01,2304.99,1304.0,210.6,11.34,210.57,active,kalshi,2026-09-13T21:01:36.239086+00:00
soccer,EPL,KXEPLGAME-26SEP19NFOCOV,KXEPLGAME-26SEP19NFOCOV-NFO,,Nott'm Forest,Coventry,2026-09-19T19:30:00Z,home,0.56,0.57,0.565,0.01,2510.92,2228.0,676.74,268.78,636.74,active,kalshi,2026-09-13T21:01:36.239086+00:00
soccer,EPL,KXEPLGAME-26SEP19TOTAVL,KXEPLGAME-26SEP19TOTAVL-AVL,,Tottenham,Aston Villa,2026-09-19T14:30:00Z,away,0.25,0.26,0.255,0.01,16515.05,912.72,15527.27,1528.56,14912.45,active,kalshi,2026-09-13T21:01:36.239086+00:00
soccer,EPL,KXEPLGAME-26SEP19TOTAVL,KXEPLGAME-26SEP19TOTAVL-TIE,,Tottenham,Aston Villa,2026-09-19T14:30:00Z,draw,0.24,0.25,0.245,0.01,10299.41,1207.0,782.81,339.19,747.81,active,kalshi,2026-09-13T21:01:36.239086+00:00
soccer,EPL,KXEPLGAME-26SEP19TOTAVL,KXEPLGAME-26SEP19TOTAVL-TOT,,Tottenham,Aston Villa,2026-09-19T14:30:00Z,home,0.48,0.49,0.485,0.01,2274.06,2683.72,4208.47,1290.65,3397.73,active,kalshi,2026-09-13T21:01:36.239086+00:00
soccer,EPL,KXEPLGAME-26SEP20BOULFC,KXEPLGAME-26SEP20BOULFC-LFC,,Bournemouth,Liverpool,2026-09-20T16:00:00Z,away,0.45,0.46,0.455,0.01,10417.56,15710.53,7133.12,2722.76,6767.43,active,kalshi,2026-09-13T21:01:36.239086+00:00
soccer,EPL,KXEPLGAME-26SEP20BOULFC,KXEPLGAME-26SEP20BOULFC-TIE,,Bournemouth,Liverpool,2026-09-20T16:00:00Z,draw,0.24,0.25,0.245,0.01,6339.31,18067.2,181.02,10.81,160.24,active,kalshi,2026-09-13T21:01:36.239086+00:00
soccer,EPL,KXEPLGAME-26SEP20BOULFC,KXEPLGAME-26SEP20BOULFC-BOU,,Bournemouth,Liverpool,2026-09-20T16:00:00Z,home,0.29,0.3,0.295,0.01,6005.25,17201.87,457.56,23.54,439.55,active,kalshi,2026-09-13T21:01:36.239086+00:00
soccer,EPL,KXEPLGAME-26SEP20FULMUN,KXEPLGAME-26SEP20FULMUN-MUN,,Fulham,Man United,2026-09-20T18:30:00Z,away,0.47,0.48,0.475,0.01,10612.55,15385.31,4869.54,1152.2,4763.68,active,kalshi,2026-09-13T21:01:36.239086+00:00
soccer,EPL,KXEPLGAME-26SEP20FULMUN,KXEPLGAME-26SEP20FULMUN-TIE,,Fulham,Man United,2026-09-20T18:30:00Z,draw,0.24,0.26,0.25,0.02,6172.66,19500.13,79.36,31.36,79.36,active,kalshi,2026-09-13T21:01:36.239086+00:00
soccer,EPL,KXEPLGAME-26SEP20FULMUN,KXEPLGAME-26SEP20FULMUN-FUL,,Fulham,Man United,2026-09-20T18:30:00Z,home,0.26,0.28,0.27,0.02,10437.89,18593.2,492.59,371.45,482.58,active,kalshi,2026-09-13T21:01:36.239086+00:00
soccer,EPL,KXEPLGAME-26SEP20LEECRY,KXEPLGAME-26SEP20LEECRY-CRY,,Leeds,Crystal Palace,2026-09-20T16:00:00Z,away,0.24,0.25,0.245,0.01,5886.52,9575.97,250.52,25.62,250.52,active,kalshi,2026-09-13T21:01:36.239086+00:00
soccer,EPL,KXEPLGAME-26SEP20LEECRY,KXEPLGAME-26SEP20LEECRY-TIE,,Leeds,Crystal Palace,2026-09-20T16:00:00Z,draw,0.25,0.28,0.265,0.03,10777.03,10801.0,89.21,24.19,68.2,active,kalshi,2026-09-13T21:01:36.239086+00:00
soccer,EPL,KXEPLGAME-26SEP20LEECRY,KXEPLGAME-26SEP20LEECRY-LEE,,Leeds,Crystal Palace,2026-09-20T16:00:00Z,home,0.48,0.5,0.49,0.02,387.78,10747.58,553.92,49.75,489.89,active,kalshi,2026-09-13T21:01:36.239086+00:00
soccer,EPL,KXEPLGAME-26SEP20MCISUN,KXEPLGAME-26SEP20MCISUN-SUN,,Man City,Sunderland,2026-09-20T16:00:00Z,away,0.08,0.09,0.08499999999999999,0.01,14021.64,12832.35,3602.5,2194.18,3194.5,active,kalshi,2026-09-13T21:01:36.239086+00:00
soccer,EPL,KXEPLGAME-26SEP20MCISUN,KXEPLGAME-26SEP20MCISUN-TIE,,Man City,Sunderland,2026-09-20T16:00:00Z,draw,0.15,0.16,0.155,0.01,9732.52,19909.09,3227.3,1296.64,3227.3,active,kalshi,2026-09-13T21:01:36.239086+00:00
soccer,EPL,KXEPLGAME-26SEP20MCISUN,KXEPLGAME-26SEP20MCISUN-MCI,,Man City,Sunderland,2026-09-20T16:00:00Z,home,0.75,0.76,0.755,0.01,7127.18,5461.37,12142.47,8702.18,11634.4,active,kalshi,2026-09-13T21:01:36.239086+00:00
soccer,EPL,KXEPLGAME-26SEP14LEENEW,KXEPLGAME-26SEP14LEENEW-NEW,,Leeds,Newcastle,2026-09-14T22:00:00Z,away,0.31,0.32,0.315,0.01,23540.8,16319.09,55017.15,33651.62,50798.85,active,kalshi,2026-09-13T21:33:23.267805+00:00
soccer,EPL,KXEPLGAME-26SEP14LEENEW,KXEPLGAME-26SEP14LEENEW-TIE,,Leeds,Newcastle,2026-09-14T22:00:00Z,draw,0.27,0.28,0.275,0.01,14695.39,120355.36,9911.62,6732.89,7981.53,active,kalshi,2026-09-13T21:33:23.267805+00:00
soccer,EPL,KXEPLGAME-26SEP14LEENEW,KXEPLGAME-26SEP14LEENEW-LEE,,Leeds,Newcastle,2026-09-14T22:00:00Z,home,0.41,0.42,0.415,0.01,2180.66,90295.83,10016.91,7328.61,9627.13,active,kalshi,2026-09-13T21:33:23.267805+00:00
soccer,EPL,KXEPLGAME-26SEP18BRECFC,KXEPLGAME-26SEP18BRECFC-CFC,,Brentford,Chelsea,2026-09-18T22:00:00Z,away,0.42,0.43,0.425,0.01,16946.31,1042.0,46050.93,17282.62,39349.4,active,kalshi,2026-09-13T21:33:23.267805+00:00
soccer,EPL,KXEPLGAME-26SEP18BRECFC,KXEPLGAME-26SEP18BRECFC-TIE,,Brentford,Chelsea,2026-09-18T22:00:00Z,draw,0.24,0.25,0.245,0.01,2968.28,18269.86,1288.28,664.47,1231.42,active,kalshi,2026-09-13T21:33:23.267805+00:00
soccer,EPL,KXEPLGAME-26SEP18BRECFC,KXEPLGAME-26SEP18BRECFC-BRE,,Brentford,Chelsea,2026-09-18T22:00:00Z,home,0.31,0.33,0.32,0.02,840.35,6175.53,1302.51,813.47,1143.4,active,kalshi,2026-09-13T21:33:23.267805+00:00
soccer,EPL,KXEPLGAME-26SEP19BRIARS,KXEPLGAME-26SEP19BRIARS-ARS,,Brighton,Arsenal,2026-09-19T17:00:00Z,away,0.57,0.58,0.575,0.01,588.62,410.68,63878.41,26739.65,54740.05,active,kalshi,2026-09-13T21:33:23.267805+00:00
soccer,EPL,KXEPLGAME-26SEP19BRIARS,KXEPLGAME-26SEP19BRIARS-TIE,,Brighton,Arsenal,2026-09-19T17:00:00Z,draw,0.23,0.24,0.235,0.01,775.09,20754.31,734.25,225.28,559.09,active,kalshi,2026-09-13T21:33:23.267805+00:00
soccer,EPL,KXEPLGAME-26SEP19BRIARS,KXEPLGAME-26SEP19BRIARS-BRI,,Brighton,Arsenal,2026-09-19T17:00:00Z,home,0.18,0.21,0.195,0.03,7852.6,22463.64,2340.34,1042.2,2134.49,active,kalshi,2026-09-13T21:33:23.267805+00:00
soccer,EPL,KXEPLGAME-26SEP19EVEIPS,KXEPLGAME-26SEP19EVEIPS-IPS,,Everton,Ipswich,2026-09-19T17:00:00Z,away,0.21,0.22,0.215,0.01,2190.98,10581.76,357.03,264.38,350.26,active,kalshi,2026-09-13T21:33:23.267805+00:00
soccer,EPL,KXEPLGAME-26SEP19EVEIPS,KXEPLGAME-26SEP19EVEIPS-TIE,,Everton,Ipswich,2026-09-19T17:00:00Z,draw,0.24,0.25,0.245,0.01,627.41,11971.95,214.26,16.89,213.9,active,kalshi,2026-09-13T21:33:23.267805+00:00
soccer,EPL,KXEPLGAME-26SEP19EVEIPS,KXEPLGAME-26SEP19EVEIPS-EVE,,Everton,Ipswich,2026-09-19T17:00:00Z,home,0.54,0.55,0.545,0.01,2068.0,8328.71,701.08,480.06,492.47,active,kalshi,2026-09-13T21:33:23.267805+00:00
soccer,EPL,KXEPLGAME-26SEP19NEWHUL,KXEPLGAME-26SEP19NEWHUL-HUL,,Newcastle,Hull,2026-09-19T17:00:00Z,away,0.15,0.16,0.155,0.01,7094.03,119.0,7193.3,5062.71,6640.37,active,kalshi,2026-09-13T21:33:23.267805+00:00
soccer,EPL,KXEPLGAME-26SEP19NEWHUL,KXEPLGAME-26SEP19NEWHUL-TIE,,Newcastle,Hull,2026-09-19T17:00:00Z,draw,0.2,0.21,0.20500000000000002,0.01,1966.8,5910.88,1289.31,522.71,1257.31,active,kalshi,2026-09-13T21:33:23.267805+00:00
soccer,EPL,KXEPLGAME-26SEP19NEWHUL,KXEPLGAME-26SEP19NEWHUL-NEW,,Newcastle,Hull,2026-09-19T17:00:00Z,home,0.62,0.64,0.63,0.02,5121.85,3891.0,752.68,278.33,737.26,active,kalshi,2026-09-13T21:33:23.267805+00:00
soccer,EPL,KXEPLGAME-26SEP19NFOCOV,KXEPLGAME-26SEP19NFOCOV-COV,,Nott'm Forest,Coventry,2026-09-19T19:30:00Z,away,0.18,0.2,0.19,0.02,2753.2,11992.47,46.79,6.79,46.77,active,kalshi,2026-09-13T21:33:23.267805+00:00
soccer,EPL,KXEPLGAME-26SEP19NFOCOV,KXEPLGAME-26SEP19NFOCOV-TIE,,Nott'm Forest,Coventry,2026-09-19T19:30:00Z,draw,0.23,0.24,0.235,0.01,2304.99,6210.02,210.6,11.34,210.57,active,kalshi,2026-09-13T21:33:23.267805+00:00
soccer,EPL,KXEPLGAME-26SEP19NFOCOV,KXEPLGAME-26SEP19NFOCOV-NFO,,Nott'm Forest,Coventry,2026-09-19T19:30:00Z,home,0.56,0.57,0.565,0.01,2544.92,2228.0,676.74,182.17,636.74,active,kalshi,2026-09-13T21:33:23.267805+00:00
soccer,EPL,KXEPLGAME-26SEP19TOTAVL,KXEPLGAME-26SEP19TOTAVL-AVL,,Tottenham,Aston Villa,2026-09-19T14:30:00Z,away,0.25,0.26,0.255,0.01,19567.01,1048.0,15527.27,1481.27,14912.45,active,kalshi,2026-09-13T21:33:23.267805+00:00
soccer,EPL,KXEPLGAME-26SEP19TOTAVL,KXEPLGAME-26SEP19TOTAVL-TIE,,Tottenham,Aston Villa,2026-09-19T14:30:00Z,draw,0.24,0.25,0.245,0.01,10298.41,1207.0,782.81,339.19,747.81,active,kalshi,2026-09-13T21:33:23.267805+00:00
soccer,EPL,KXEPLGAME-26SEP19TOTAVL,KXEPLGAME-26SEP19TOTAVL-TOT,,Tottenham,Aston Villa,2026-09-19T14:30:00Z,home,0.48,0.49,0.485,0.01,2281.74,2677.56,4211.45,1281.57,3400.71,active,kalshi,2026-09-13T21:33:23.267805+00:00
soccer,EPL,KXEPLGAME-26SEP20BOULFC,KXEPLGAME-26SEP20BOULFC-LFC,,Bournemouth,Liverpool,2026-09-20T16:00:00Z,away,0.45,0.46,0.455,0.01,10610.1,17097.53,7133.12,2677.66,6767.43,active,kalshi,2026-09-13T21:33:23.267805+00:00
soccer,EPL,KXEPLGAME-26SEP20BOULFC,KXEPLGAME-26SEP20BOULFC-TIE,,Bournemouth,Liverpool,2026-09-20T16:00:00Z,draw,0.24,0.25,0.245,0.01,6339.31,19400.2,181.02,10.81,160.24,active,kalshi,2026-09-13T21:33:23.267805+00:00
soccer,EPL,KXEPLGAME-26SEP20BOULFC,KXEPLGAME-26SEP20BOULFC-BOU,,Bournemouth,Liverpool,2026-09-20T16:00:00Z,home,0.29,0.3,0.295,0.01,6005.25,18609.87,457.56,23.54,439.55,active,kalshi,2026-09-13T21:33:23.267805+00:00
soccer,EPL,KXEPLGAME-26SEP20FULMUN,KXEPLGAME-26SEP20FULMUN-MUN,,Fulham,Man United,2026-09-20T18:30:00Z,away,0.47,0.48,0.475,0.01,10832.65,16958.11,5309.74,1585.1,5203.88,active,kalshi,2026-09-13T21:33:23.267805+00:00
soccer,EPL,KXEPLGAME-26SEP20FULMUN,KXEPLGAME-26SEP20FULMUN-TIE,,Fulham,Man United,2026-09-20T18:30:00Z,draw,0.24,0.26,0.25,0.02,6111.56,19499.13,79.36,31.36,79.36,active,kalshi,2026-09-13T21:33:23.267805+00:00
soccer,EPL,KXEPLGAME-26SEP20FULMUN,KXEPLGAME-26SEP20FULMUN-FUL,,Fulham,Man United,2026-09-20T18:30:00Z,home,0.26,0.27,0.265,0.01,10173.79,1351.0,492.59,371.45,482.58,active,kalshi,2026-09-13T21:33:23.267805+00:00
soccer,EPL,KXEPLGAME-26SEP20LEECRY,KXEPLGAME-26SEP20LEECRY-CRY,,Leeds,Crystal Palace,2026-09-20T16:00:00Z,away,0.24,0.25,0.245,0.01,5886.52,9575.97,250.52,25.62,250.52,active,kalshi,2026-09-13T21:33:23.267805+00:00
soccer,EPL,KXEPLGAME-26SEP20LEECRY,KXEPLGAME-26SEP20LEECRY-TIE,,Leeds,Crystal Palace,2026-09-20T16:00:00Z,draw,0.25,0.27,0.26,0.02,2442.03,8565.93,89.21,24.19,68.2,active,kalshi,2026-09-13T21:33:23.267805+00:00
soccer,EPL,KXEPLGAME-26SEP20LEECRY,KXEPLGAME-26SEP20LEECRY-LEE,,Leeds,Crystal Palace,2026-09-20T16:00:00Z,home,0.48,0.5,0.49,0.02,2869.03,10350.07,590.43,76.6,526.4,active,kalshi,2026-09-13T21:33:23.267805+00:00
soccer,EPL,KXEPLGAME-26SEP20MCISUN,KXEPLGAME-26SEP20MCISUN-SUN,,Man City,Sunderland,2026-09-20T16:00:00Z,away,0.09,0.1,0.095,0.01,360.0,18460.87,3829.68,2421.36,3421.68,active,kalshi,2026-09-13T21:33:23.267805+00:00
soccer,EPL,KXEPLGAME-26SEP20MCISUN,KXEPLGAME-26SEP20MCISUN-TIE,,Man City,Sunderland,2026-09-20T16:00:00Z,draw,0.15,0.16,0.155,0.01,9745.14,19928.09,3227.3,1296.64,3227.3,active,kalshi,2026-09-13T21:33:23.267805+00:00
soccer,EPL,KXEPLGAME-26SEP20MCISUN,KXEPLGAME-26SEP20MCISUN-MCI,,Man City,Sunderland,2026-09-20T16:00:00Z,home,0.75,0.76,0.755,0.01,6914.56,6232.96,12601.13,9216.72,12042.81,active,kalshi,2026-09-13T21:33:23.267805+00:00
