sport,league,event_ticker,market_ticker,game_id,home_team,away_team,expiration_time,selection,yes_bid,yes_ask,implied_prob_mid,spread,yes_bid_size,yes_ask_size,volume,volume_24h,open_interest,status,source,fetched_at
soccer,EPL,KXEPLGAME-26OCT10ARSLEE,KXEPLGAME-26OCT10ARSLEE-LEE,,Arsenal,Leeds,2026-10-10T14:30:00Z,away,0.11,0.12,0.11499999999999999,0.01,4485.52,6078.92,4502.7,1438.96,3057.55,active,kalshi,2026-09-29T00:02:57.585463+00:00
soccer,EPL,KXEPLGAME-26OCT10ARSLEE,KXEPLGAME-26OCT10ARSLEE-TIE,,Arsenal,Leeds,2026-10-10T14:30:00Z,draw,0.17,0.19,0.18,0.02,950.0,4985.67,302.32,75.71,285.32,active,kalshi,2026-09-29T00:02:57.585463+00:00
soccer,EPL,KXEPLGAME-26OCT10ARSLEE,KXEPLGAME-26OCT10ARSLEE-ARS,,Arsenal,Leeds,2026-10-10T14:30:00Z,home,0.72,0.73,0.725,0.01,45.52,5364.72,17225.61,3429.25,15871.35,active,kalshi,2026-09-29T00:02:57.585463+00:00
soccer,EPL,KXEPLGAME-26OCT10AVLBRE,KXEPLGAME-26OCT10AVLBRE-BRE,,Aston Villa,Brentford,2026-10-10T17:00:00Z,away,0.35,0.37,0.36,0.02,182.32,0.18,1322.38,228.52,1206.94,active,kalshi,2026-09-29T00:02:57.585463+00:00
soccer,EPL,KXEPLGAME-26OCT10AVLBRE,KXEPLGAME-26OCT10AVLBRE-TIE,,Aston Villa,Brentford,2026-10-10T17:00:00Z,draw,0.26,0.28,0.27,0.02,388.03,989.07,855.94,77.3,852.94,active,kalshi,2026-09-29T00:02:57.585463+00:00
soccer,EPL,KXEPLGAME-26OCT10AVLBRE,KXEPLGAME-26OCT10AVLBRE-AVL,,Aston Villa,Brentford,2026-10-10T17:00:00Z,home,0.35,0.37,0.36,0.02,187.39,140.47,916.56,131.68,851.56,active,kalshi,2026-09-29T00:02:57.585463+00:00
soccer,EPL,KXEPLGAME-26OCT10CFCBOU,KXEPLGAME-26OCT10CFCBOU-BOU,,Chelsea,Bournemouth,2026-10-10T17:00:00Z,away,0.19,0.21,0.2,0.02,249.66,1071.8,368.42,96.13,368.42,active,kalshi,2026-09-29T00:02:57.585463+00:00
soccer,EPL,KXEPLGAME-26OCT10CFCBOU,KXEPLGAME-26OCT10CFCBOU-TIE,,Chelsea,Bournemouth,2026-10-10T17:00:00Z,draw,0.22,0.23,0.225,0.01,872.45,860.87,565.26,71.13,563.26,active,kalshi,2026-09-29T00:02:57.585463+00:00
soccer,EPL,KXEPLGAME-26OCT10CFCBOU,KXEPLGAME-26OCT10CFCBOU-CFC,,Chelsea,Bournemouth,2026-10-10T17:00:00Z,home,0.56,0.58,0.5700000000000001,0.02,68.47,25.84,15105.02,355.72,14017.16,active,kalshi,2026-09-29T00:02:57.585463+00:00
soccer,EPL,KXEPLGAME-26OCT10IPSFUL,KXEPLGAME-26OCT10IPSFUL-FUL,,Ipswich,Fulham,2026-10-10T17:00:00Z,away,0.36,0.39,0.375,0.03,258.34,152.86,556.67,291.47,433.73,active,kalshi,2026-09-29T00:02:57.585463+00:00
soccer,EPL,KXEPLGAME-26OCT10IPSFUL,KXEPLGAME-26OCT10IPSFUL-TIE,,Ipswich,Fulham,2026-10-10T17:00:00Z,draw,0.26,0.28,0.27,0.02,414.33,1525.36,107.06,59.37,107.06,active,kalshi,2026-09-29T00:02:57.585463+00:00
soccer,EPL,KXEPLGAME-26OCT10IPSFUL,KXEPLGAME-26OCT10IPSFUL-IPS,,Ipswich,Fulham,2026-10-10T17:00:00Z,home,0.34,0.37,0.355,0.03,214.39,214.35,214.03,36.0,214.03,active,kalshi,2026-09-29T00:02:57.585463+00:00
soccer,EPL,KXEPLGAME-26OCT10MUNTOT,KXEPLGAME-26OCT10MUNTOT-TOT,,Man United,Tottenham,2026-10-10T19:30:00Z,away,0.2,0.22,0.21000000000000002,0.02,753.82,2000.0,2301.11,1149.51,2289.65,active,kalshi,2026-09-29T00:02:57.585463+00:00
soccer,EPL,KXEPLGAME-26OCT10MUNTOT,KXEPLGAME-26OCT10MUNTOT-TIE,,Man United,Tottenham,2026-10-10T19:30:00Z,draw,0.21,0.22,0.215,0.01,1076.79,526.0,428.65,68.35,428.65,active,kalshi,2026-09-29T00:02:57.585463+00:00
soccer,EPL,KXEPLGAME-26OCT10MUNTOT,KXEPLGAME-26OCT10MUNTOT-MUN,,Man United,Tottenham,2026-10-10T19:30:00Z,home,0.56,0.57,0.565,0.01,31.05,182.95,7175.73,2231.38,6622.93,active,kalshi,2026-09-29T00:02:57.585463+00:00
soccer,EPL,KXEPLGAME-26OCT10SUNBRI,KXEPLGAME-26OCT10SUNBRI-BRI,,Sunderland,Brighton,2026-10-10T17:00:00Z,away,0.4,0.41,0.405,0.01,374.4,500.0,5746.42,214.09,4368.56,active,kalshi,2026-09-29T00:02:57.585463+00:00
soccer,EPL,KXEPLGAME-26OCT10SUNBRI,KXEPLGAME-26OCT10SUNBRI-TIE,,Sunderland,Brighton,2026-10-10T17:00:00Z,draw,0.26,0.27,0.265,0.01,214.65,612.0,905.25,189.56,560.71,active,kalshi,2026-09-29T00:02:57.585463+00:00
soccer,EPL,KXEPLGAME-26OCT10SUNBRI,KXEPLGAME-26OCT10SUNBRI-SUN,,Sunderland,Brighton,2026-10-10T17:00:00Z,home,0.3,0.33,0.315,0.03,2835.28,153.27,363.08,6.06,363.08,active,kalshi,2026-09-29T00:02:57.585463+00:00
soccer,EPL,KXEPLGAME-26OCT11CRYNFO,KXEPLGAME-26OCT11CRYNFO-NFO,,Crystal Palace,Nott'm Forest,2026-10-11T16:00:00Z,away,0.33,0.37,0.35,0.04,275.88,1490.88,15.85,13.27,15.85,active,kalshi,2026-09-29T00:02:57.585463+00:00
soccer,EPL,KXEPLGAME-26OCT11CRYNFO,KXEPLGAME-26OCT11CRYNFO-TIE,,Crystal Palace,Nott'm Forest,2026-10-11T16:00:00Z,draw,0.28,0.29,0.28500000000000003,0.01,337.84,4985.0,0.0,0.0,0.0,active,kalshi,2026-09-29T00:02:57.585463+00:00
soccer,EPL,KXEPLGAME-26OCT11CRYNFO,KXEPLGAME-26OCT11CRYNFO-CRY,,Crystal Palace,Nott'm Forest,2026-10-11T16:00:00Z,home,0.35,0.38,0.365,0.03,157.86,5012.89,25.22,0.0,25.22,active,kalshi,2026-09-29T00:02:57.585463+00:00
soccer,EPL,KXEPLGAME-26OCT11HULEVE,KXEPLGAME-26OCT11HULEVE-EVE,,Hull,Everton,2026-10-11T16:00:00Z,away,0.44,0.45,0.445,0.01,254.38,1.0,50.2,40.15,50.2,active,kalshi,2026-09-29T00:02:57.585463+00:00
soccer,EPL,KXEPLGAME-26OCT11HULEVE,KXEPLGAME-26OCT11HULEVE-TIE,,Hull,Everton,2026-10-11T16:00:00Z,draw,0.28,0.29,0.28500000000000003,0.01,338.36,1556.72,85.28,70.0,85.28,active,kalshi,2026-09-29T00:02:57.585463+00:00
soccer,EPL,KXEPLGAME-26OCT11HULEVE,KXEPLGAME-26OCT11HULEVE-HUL,,Hull,Everton,2026-10-11T16:00:00Z,home,0.22,0.26,0.24,0.04,277.35,1456.32,215.41,113.0,215.41,active,kalshi,2026-09-29T00:02:57.585463+00:00
soccer,EPL,KXEPLGAME-26OCT11LFCMCI,KXEPLGAME-26OCT11LFCMCI-MCI,,Liverpool,Man City,2026-10-11T18:30:00Z,away,0.4,0.41,0.405,0.01,133.66,186.91,11816.43,8386.54,11342.17,active,kalshi,2026-09-29T00:02:57.585463+00:00
soccer,EPL,KXEPLGAME-26OCT11LFCMCI,KXEPLGAME-26OCT11LFCMCI-TIE,,Liverpool,Man City,2026-10-11T18:30:00Z,draw,0.25,0.26,0.255,0.01,240.0,1698.3,263.91,117.53,263.91,active,kalshi,2026-09-29T00:02:57.585463+00:00
soccer,EPL,KXEPLGAME-26OCT11LFCMCI,KXEPLGAME-26OCT11LFCMCI-LFC,,Liverpool,Man City,2026-10-11T18:30:00Z,home,0.35,0.36,0.355,0.01,377.2,4688.19,2491.63,2243.99,2332.63,active,kalshi,2026-09-29T00:02:57.585463+00:00
soccer,EPL,KXEPLGAME-26OCT12COVNEW,KXEPLGAME-26OCT12COVNEW-NEW,,Coventry,Newcastle,2026-10-12T22:00:00Z,away,0.44,0.46,0.45,0.02,1168.21,1510.23,1042.69,1042.69,1042.69,active,kalshi,2026-09-29T00:02:57.585463+00:00
soccer,EPL,KXEPLGAME-26OCT12COVNEW,KXEPLGAME-26OCT12COVNEW-TIE,,Coventry,Newcastle,2026-10-12T22:00:00Z,draw,0.25,0.27,0.26,0.02,183.16,2000.0,0.0,0.0,0.0,active,kalshi,2026-09-29T00:02:57.585463+00:00
soccer,EPL,KXEPLGAME-26OCT12COVNEW,KXEPLGAME-26OCT12COVNEW-COV,,Coventry,Newcastle,2026-10-12T22:00:00Z,home,0.27,0.3,0.28500000000000003,0.03,183.13,5276.26,0.0,0.0,0.0,active,kalshi,2026-09-29T00:02:57.585463+00:00
soccer,EPL,KXEPLGAME-26OCT10ARSLEE,KXEPLGAME-26OCT10ARSLEE-LEE,,Arsenal,Leeds,2026-10-10T14:30:00Z,away,0.11,0.12,0.11499999999999999,0.01,4485.52,5623.67,4502.7,1438.96,3057.55,active,kalshi,2026-09-29T00:43:16.736785+00:00
soccer,EPL,KXEPLGAME-26OCT10ARSLEE,KXEPLGAME-26OCT10ARSLEE-TIE,,Arsenal,Leeds,2026-10-10T14:30:00Z,draw,0.17,0.19,0.18,0.02,950.0,4985.67,302.32,75.71,285.32,active,kalshi,2026-09-29T00:43:16.736785+00:00
soccer,EPL,KXEPLGAME-26OCT10ARSLEE,KXEPLGAME-26OCT10ARSLEE-ARS,,Arsenal,Leeds,2026-10-10T14:30:00Z,home,0.72,0.73,0.725,0.01,46.4,4638.17,17225.61,3370.12,15871.35,active,kalshi,2026-09-29T00:43:16.736785+00:00
soccer,EPL,KXEPLGAME-26OCT10AVLBRE,KXEPLGAME-26OCT10AVLBRE-BRE,,Aston Villa,Brentford,2026-10-10T17:00:00Z,away,0.35,0.37,0.36,0.02,182.32,0.18,1322.38,226.0,1206.94,active,kalshi,2026-09-29T00:43:16.736785+00:00
soccer,EPL,KXEPLGAME-26OCT10AVLBRE,KXEPLGAME-26OCT10AVLBRE-TIE,,Aston Villa,Brentford,2026-10-10T17:00:00Z,draw,0.26,0.28,0.27,0.02,388.03,989.07,855.94,60.3,852.94,active,kalshi,2026-09-29T00:43:16.736785+00:00
soccer,EPL,KXEPLGAME-26OCT10AVLBRE,KXEPLGAME-26OCT10AVLBRE-AVL,,Aston Villa,Brentford,2026-10-10T17:00:00Z,home,0.35,0.37,0.36,0.02,187.39,140.38,916.56,131.68,851.56,active,kalshi,2026-09-29T00:43:16.736785+00:00
soccer,EPL,KXEPLGAME-26OCT10CFCBOU,KXEPLGAME-26OCT10CFCBOU-BOU,,Chelsea,Bournemouth,2026-10-10T17:00:00Z,away,0.19,0.21,0.2,0.02,249.66,1071.8,368.42,96.13,368.42,active,kalshi,2026-09-29T00:43:16.736785+00:00
soccer,EPL,KXEPLGAME-26OCT10CFCBOU,KXEPLGAME-26OCT10CFCBOU-TIE,,Chelsea,Bournemouth,2026-10-10T17:00:00Z,draw,0.22,0.23,0.225,0.01,872.45,860.87,565.26,71.13,563.26,active,kalshi,2026-09-29T00:43:16.736785+00:00
soccer,EPL,KXEPLGAME-26OCT10CFCBOU,KXEPLGAME-26OCT10CFCBOU-CFC,,Chelsea,Bournemouth,2026-10-10T17:00:00Z,home,0.56,0.58,0.5700000000000001,0.02,69.68,10.12,15105.02,355.72,14017.16,active,kalshi,2026-09-29T00:43:16.736785+00:00
soccer,EPL,KXEPLGAME-26OCT10IPSFUL,KXEPLGAME-26OCT10IPSFUL-FUL,,Ipswich,Fulham,2026-10-10T17:00:00Z,away,0.36,0.39,0.375,0.03,258.34,152.86,556.67,291.47,433.73,active,kalshi,2026-09-29T00:43:16.736785+00:00
soccer,EPL,KXEPLGAME-26OCT10IPSFUL,KXEPLGAME-26OCT10IPSFUL-TIE,,Ipswich,Fulham,2026-10-10T17:00:00Z,draw,0.26,0.28,0.27,0.02,414.33,1545.36,107.06,59.37,107.06,active,kalshi,2026-09-29T00:43:16.736785+00:00
soccer,EPL,KXEPLGAME-26OCT10IPSFUL,KXEPLGAME-26OCT10IPSFUL-IPS,,Ipswich,Fulham,2026-10-10T17:00:00Z,home,0.34,0.37,0.355,0.03,214.39,214.35,214.03,36.0,214.03,active,kalshi,2026-09-29T00:43:16.736785+00:00
soccer,EPL,KXEPLGAME-26OCT10MUNTOT,KXEPLGAME-26OCT10MUNTOT-TOT,,Man United,Tottenham,2026-10-10T19:30:00Z,away,0.2,0.22,0.21000000000000002,0.02,774.82,2000.0,2301.11,1149.51,2289.65,active,kalshi,2026-09-29T00:43:16.736785+00:00
soccer,EPL,KXEPLGAME-26OCT10MUNTOT,KXEPLGAME-26OCT10MUNTOT-TIE,,Man United,Tottenham,2026-10-10T19:30:00Z,draw,0.21,0.22,0.215,0.01,1076.79,526.0,428.65,68.35,428.65,active,kalshi,2026-09-29T00:43:16.736785+00:00
soccer,EPL,KXEPLGAME-26OCT10MUNTOT,KXEPLGAME-26OCT10MUNTOT-MUN,,Man United,Tottenham,2026-10-10T19:30:00Z,home,0.56,0.57,0.565,0.01,49.09,184.83,7175.73,2231.38,6622.93,active,kalshi,2026-09-29T00:43:16.736785+00:00
soccer,EPL,KXEPLGAME-26OCT10SUNBRI,KXEPLGAME-26OCT10SUNBRI-BRI,,Sunderland,Brighton,2026-10-10T17:00:00Z,away,0.4,0.41,0.405,0.01,383.04,519.0,5746.42,134.09,4368.56,active,kalshi,2026-09-29T00:43:16.736785+00:00
soccer,EPL,KXEPLGAME-26OCT10SUNBRI,KXEPLGAME-26OCT10SUNBRI-TIE,,Sunderland,Brighton,2026-10-10T17:00:00Z,draw,0.26,0.27,0.265,0.01,214.65,612.0,905.25,189.56,560.71,active,kalshi,2026-09-29T00:43:16.736785+00:00
soccer,EPL,KXEPLGAME-26OCT10SUNBRI,KXEPLGAME-26OCT10SUNBRI-SUN,,Sunderland,Brighton,2026-10-10T17:00:00Z,home,0.3,0.33,0.315,0.03,2638.28,153.27,363.08,6.06,363.08,active,kalshi,2026-09-29T00:43:16.736785+00:00
soccer,EPL,KXEPLGAME-26OCT11CRYNFO,KXEPLGAME-26OCT11CRYNFO-NFO,,Crystal Palace,Nott'm Forest,2026-10-11T16:00:00Z,away,0.33,0.37,0.35,0.04,275.88,1490.88,15.85,13.27,15.85,active,kalshi,2026-09-29T00:43:16.736785+00:00
soccer,EPL,KXEPLGAME-26OCT11CRYNFO,KXEPLGAME-26OCT11CRYNFO-TIE,,Crystal Palace,Nott'm Forest,2026-10-11T16:00:00Z,draw,0.28,0.29,0.28500000000000003,0.01,337.84,4985.0,0.0,0.0,0.0,active,kalshi,2026-09-29T00:43:16.736785+00:00
soccer,EPL,KXEPLGAME-26OCT11CRYNFO,KXEPLGAME-26OCT11CRYNFO-CRY,,Crystal Palace,Nott'm Forest,2026-10-11T16:00:00Z,home,0.35,0.38,0.365,0.03,157.86,5012.89,25.22,0.0,25.22,active,kalshi,2026-09-29T00:43:16.736785+00:00
soccer,EPL,KXEPLGAME-26OCT11HULEVE,KXEPLGAME-26OCT11HULEVE-EVE,,Hull,Everton,2026-10-11T16:00:00Z,away,0.44,0.46,0.45,0.02,254.38,1.0,50.2,40.15,50.2,active,kalshi,2026-09-29T00:43:16.736785+00:00
soccer,EPL,KXEPLGAME-26OCT11HULEVE,KXEPLGAME-26OCT11HULEVE-TIE,,Hull,Everton,2026-10-11T16:00:00Z,draw,0.28,0.29,0.28500000000000003,0.01,338.36,1556.72,85.28,70.0,85.28,active,kalshi,2026-09-29T00:43:16.736785+00:00
soccer,EPL,KXEPLGAME-26OCT11HULEVE,KXEPLGAME-26OCT11HULEVE-HUL,,Hull,Everton,2026-10-11T16:00:00Z,home,0.22,0.26,0.24,0.04,277.35,1456.32,215.41,113.0,215.41,active,kalshi,2026-09-29T00:43:16.736785+00:00
soccer,EPL,KXEPLGAME-26OCT11LFCMCI,KXEPLGAME-26OCT11LFCMCI-MCI,,Liverpool,Man City,2026-10-11T18:30:00Z,away,0.4,0.41,0.405,0.01,15.0,216.07,12043.44,8570.55,11519.18,active,kalshi,2026-09-29T00:43:16.736785+00:00
soccer,EPL,KXEPLGAME-26OCT11LFCMCI,KXEPLGAME-26OCT11LFCMCI-TIE,,Liverpool,Man City,2026-10-11T18:30:00Z,draw,0.25,0.26,0.255,0.01,240.0,1349.63,629.58,483.2,629.58,active,kalshi,2026-09-29T00:43:16.736785+00:00
soccer,EPL,KXEPLGAME-26OCT11LFCMCI,KXEPLGAME-26OCT11LFCMCI-LFC,,Liverpool,Man City,2026-10-11T18:30:00Z,home,0.35,0.36,0.355,0.01,377.2,4303.61,2518.21,2270.57,2359.21,active,kalshi,2026-09-29T00:43:16.736785+00:00
soccer,EPL,KXEPLGAME-26OCT12COVNEW,KXEPLGAME-26OCT12COVNEW-NEW,,Coventry,Newcastle,2026-10-12T22:00:00Z,away,0.44,0.46,0.45,0.02,183.21,183.23,1147.42,1147.42,1147.42,active,kalshi,2026-09-29T00:43:16.736785+00:00
soccer,EPL,KXEPLGAME-26OCT12COVNEW,KXEPLGAME-26OCT12COVNEW-TIE,,Coventry,Newcastle,2026-10-12T22:00:00Z,draw,0.25,0.27,0.26,0.02,183.16,1516.15,0.0,0.0,0.0,active,kalshi,2026-09-29T00:43:16.736785+00:00
soccer,EPL,KXEPLGAME-26OCT12COVNEW,KXEPLGAME-26OCT12COVNEW-COV,,Coventry,Newcastle,2026-10-12T22:00:00Z,home,0.27,0.3,0.28500000000000003,0.03,183.13,5276.26,0.0,0.0,0.0,active,kalshi,2026-09-29T00:43:16.736785+00:00
soccer,EPL,KXEPLGAME-26OCT10ARSLEE,KXEPLGAME-26OCT10ARSLEE-LEE,,Arsenal,Leeds,2026-10-10T14:30:00Z,away,0.11,0.12,0.11499999999999999,0.01,4485.52,5623.67,4502.7,1438.96,3057.55,active,kalshi,2026-09-29T01:04:36.590291+00:00
soccer,EPL,KXEPLGAME-26OCT10ARSLEE,KXEPLGAME-26OCT10ARSLEE-TIE,,Arsenal,Leeds,2026-10-10T14:30:00Z,draw,0.17,0.19,0.18,0.02,950.0,4985.67,302.32,75.71,285.32,active,kalshi,2026-09-29T01:04:36.590291+00:00
soccer,EPL,KXEPLGAME-26OCT10ARSLEE,KXEPLGAME-26OCT10ARSLEE-ARS,,Arsenal,Leeds,2026-10-10T14:30:00Z,home,0.72,0.73,0.725,0.01,98.02,4633.74,17225.61,3363.31,15871.35,active,kalshi,2026-09-29T01:04:36.590291+00:00
soccer,EPL,KXEPLGAME-26OCT10AVLBRE,KXEPLGAME-26OCT10AVLBRE-BRE,,Aston Villa,Brentford,2026-10-10T17:00:00Z,away,0.35,0.37,0.36,0.02,182.32,0.18,1322.38,226.0,1206.94,active,kalshi,2026-09-29T01:04:36.590291+00:00
soccer,EPL,KXEPLGAME-26OCT10AVLBRE,KXEPLGAME-26OCT10AVLBRE-TIE,,Aston Villa,Brentford,2026-10-10T17:00:00Z,draw,0.26,0.28,0.27,0.02,388.03,989.07,855.94,60.3,852.94,active,kalshi,2026-09-29T01:04:36.590291+00:00
soccer,EPL,KXEPLGAME-26OCT10AVLBRE,KXEPLGAME-26OCT10AVLBRE-AVL,,Aston Villa,Brentford,2026-10-10T17:00:00Z,home,0.35,0.37,0.36,0.02,187.36,140.38,916.56,131.68,851.56,active,kalshi,2026-09-29T01:04:36.590291+00:00
soccer,EPL,KXEPLGAME-26OCT10CFCBOU,KXEPLGAME-26OCT10CFCBOU-BOU,,Chelsea,Bournemouth,2026-10-10T17:00:00Z,away,0.19,0.21,0.2,0.02,249.66,1071.8,368.42,96.13,368.42,active,kalshi,2026-09-29T01:04:36.590291+00:00
soccer,EPL,KXEPLGAME-26OCT10CFCBOU,KXEPLGAME-26OCT10CFCBOU-TIE,,Chelsea,Bournemouth,2026-10-10T17:00:00Z,draw,0.22,0.23,0.225,0.01,872.45,860.87,565.26,71.13,563.26,active,kalshi,2026-09-29T01:04:36.590291+00:00
soccer,EPL,KXEPLGAME-26OCT10CFCBOU,KXEPLGAME-26OCT10CFCBOU-CFC,,Chelsea,Bournemouth,2026-10-10T17:00:00Z,home,0.56,0.58,0.5700000000000001,0.02,69.68,10.12,15105.02,355.72,14017.16,active,kalshi,2026-09-29T01:04:36.590291+00:00
soccer,EPL,KXEPLGAME-26OCT10IPSFUL,KXEPLGAME-26OCT10IPSFUL-FUL,,Ipswich,Fulham,2026-10-10T17:00:00Z,away,0.36,0.39,0.375,0.03,258.34,152.86,556.67,291.47,433.73,active,kalshi,2026-09-29T01:04:36.590291+00:00
soccer,EPL,KXEPLGAME-26OCT10IPSFUL,KXEPLGAME-26OCT10IPSFUL-TIE,,Ipswich,Fulham,2026-10-10T17:00:00Z,draw,0.26,0.28,0.27,0.02,414.33,1545.36,107.06,59.37,107.06,active,kalshi,2026-09-29T01:04:36.590291+00:00
soccer,EPL,KXEPLGAME-26OCT10IPSFUL,KXEPLGAME-26OCT10IPSFUL-IPS,,Ipswich,Fulham,2026-10-10T17:00:00Z,home,0.34,0.37,0.355,0.03,214.39,214.35,214.03,36.0,214.03,active,kalshi,2026-09-29T01:04:36.590291+00:00
soccer,EPL,KXEPLGAME-26OCT10MUNTOT,KXEPLGAME-26OCT10MUNTOT-TOT,,Man United,Tottenham,2026-10-10T19:30:00Z,away,0.2,0.22,0.21000000000000002,0.02,774.82,2000.0,2301.11,1149.51,2289.65,active,kalshi,2026-09-29T01:04:36.590291+00:00
soccer,EPL,KXEPLGAME-26OCT10MUNTOT,KXEPLGAME-26OCT10MUNTOT-TIE,,Man United,Tottenham,2026-10-10T19:30:00Z,draw,0.21,0.22,0.215,0.01,1076.79,526.0,428.65,68.35,428.65,active,kalshi,2026-09-29T01:04:36.590291+00:00
soccer,EPL,KXEPLGAME-26OCT10MUNTOT,KXEPLGAME-26OCT10MUNTOT-MUN,,Man United,Tottenham,2026-10-10T19:30:00Z,home,0.56,0.57,0.565,0.01,31.49,187.97,7175.73,2231.38,6622.93,active,kalshi,2026-09-29T01:04:36.590291+00:00
soccer,EPL,KXEPLGAME-26OCT10SUNBRI,KXEPLGAME-26OCT10SUNBRI-BRI,,Sunderland,Brighton,2026-10-10T17:00:00Z,away,0.4,0.41,0.405,0.01,375.56,519.0,5746.42,70.03,4368.56,active,kalshi,2026-09-29T01:04:36.590291+00:00
soccer,EPL,KXEPLGAME-26OCT10SUNBRI,KXEPLGAME-26OCT10SUNBRI-TIE,,Sunderland,Brighton,2026-10-10T17:00:00Z,draw,0.26,0.27,0.265,0.01,214.65,612.0,905.25,189.56,560.71,active,kalshi,2026-09-29T01:04:36.590291+00:00
soccer,EPL,KXEPLGAME-26OCT10SUNBRI,KXEPLGAME-26OCT10SUNBRI-SUN,,Sunderland,Brighton,2026-10-10T17:00:00Z,home,0.3,0.33,0.315,0.03,2638.28,153.27,363.08,6.06,363.08,active,kalshi,2026-09-29T01:04:36.590291+00:00
soccer,EPL,KXEPLGAME-26OCT11CRYNFO,KXEPLGAME-26OCT11CRYNFO-NFO,,Crystal Palace,Nott'm Forest,2026-10-11T16:00:00Z,away,0.33,0.37,0.35,0.04,275.88,1490.88,15.85,13.27,15.85,active,kalshi,2026-09-29T01:04:36.590291+00:00
soccer,EPL,KXEPLGAME-26OCT11CRYNFO,KXEPLGAME-26OCT11CRYNFO-TIE,,Crystal Palace,Nott'm Forest,2026-10-11T16:00:00Z,draw,0.28,0.29,0.28500000000000003,0.01,337.84,4985.0,0.0,0.0,0.0,active,kalshi,2026-09-29T01:04:36.590291+00:00
soccer,EPL,KXEPLGAME-26OCT11CRYNFO,KXEPLGAME-26OCT11CRYNFO-CRY,,Crystal Palace,Nott'm Forest,2026-10-11T16:00:00Z,home,0.35,0.38,0.365,0.03,157.86,5012.89,25.22,0.0,25.22,active,kalshi,2026-09-29T01:04:36.590291+00:00
soccer,EPL,KXEPLGAME-26OCT11HULEVE,KXEPLGAME-26OCT11HULEVE-EVE,,Hull,Everton,2026-10-11T16:00:00Z,away,0.44,0.46,0.45,0.02,254.38,1.0,50.2,40.15,50.2,active,kalshi,2026-09-29T01:04:36.590291+00:00
soccer,EPL,KXEPLGAME-26OCT11HULEVE,KXEPLGAME-26OCT11HULEVE-TIE,,Hull,Everton,2026-10-11T16:00:00Z,draw,0.28,0.29,0.28500000000000003,0.01,338.36,1556.72,85.28,70.0,85.28,active,kalshi,2026-09-29T01:04:36.590291+00:00
soccer,EPL,KXEPLGAME-26OCT11HULEVE,KXEPLGAME-26OCT11HULEVE-HUL,,Hull,Everton,2026-10-11T16:00:00Z,home,0.22,0.26,0.24,0.04,277.35,1456.32,215.41,79.0,215.41,active,kalshi,2026-09-29T01:04:36.590291+00:00
soccer,EPL,KXEPLGAME-26OCT11LFCMCI,KXEPLGAME-26OCT11LFCMCI-MCI,,Liverpool,Man City,2026-10-11T18:30:00Z,away,0.4,0.41,0.405,0.01,15.0,222.12,12055.15,8577.47,11530.89,active,kalshi,2026-09-29T01:04:36.590291+00:00
soccer,EPL,KXEPLGAME-26OCT11LFCMCI,KXEPLGAME-26OCT11LFCMCI-TIE,,Liverpool,Man City,2026-10-11T18:30:00Z,draw,0.25,0.26,0.255,0.01,240.0,1349.63,629.58,483.2,629.58,active,kalshi,2026-09-29T01:04:36.590291+00:00
soccer,EPL,KXEPLGAME-26OCT11LFCMCI,KXEPLGAME-26OCT11LFCMCI-LFC,,Liverpool,Man City,2026-10-11T18:30:00Z,home,0.35,0.36,0.355,0.01,377.2,4303.61,2518.21,2257.63,2359.21,active,kalshi,2026-09-29T01:04:36.590291+00:00
soccer,EPL,KXEPLGAME-26OCT12COVNEW,KXEPLGAME-26OCT12COVNEW-NEW,,Coventry,Newcastle,2026-10-12T22:00:00Z,away,0.44,0.46,0.45,0.02,183.21,181.15,1149.5,1147.42,1149.5,active,kalshi,2026-09-29T01:04:36.590291+00:00
soccer,EPL,KXEPLGAME-26OCT12COVNEW,KXEPLGAME-26OCT12COVNEW-TIE,,Coventry,Newcastle,2026-10-12T22:00:00Z,draw,0.25,0.27,0.26,0.02,183.16,1516.15,0.0,0.0,0.0,active,kalshi,2026-09-29T01:04:36.590291+00:00
soccer,EPL,KXEPLGAME-26OCT12COVNEW,KXEPLGAME-26OCT12COVNEW-COV,,Coventry,Newcastle,2026-10-12T22:00:00Z,home,0.27,0.3,0.28500000000000003,0.03,183.13,5276.26,0.0,0.0,0.0,active,kalshi,2026-09-29T01:04:36.590291+00:00
soccer,EPL,KXEPLGAME-26OCT10ARSLEE,KXEPLGAME-26OCT10ARSLEE-LEE,,Arsenal,Leeds,2026-10-10T14:30:00Z,away,0.11,0.12,0.11499999999999999,0.01,4484.8,5321.23,4659.69,1595.95,3214.54,active,kalshi,2026-09-29T01:35:30.719377+00:00
soccer,EPL,KXEPLGAME-26OCT10ARSLEE,KXEPLGAME-26OCT10ARSLEE-TIE,,Arsenal,Leeds,2026-10-10T14:30:00Z,draw,0.17,0.19,0.18,0.02,950.0,4848.67,302.32,75.71,285.32,active,kalshi,2026-09-29T01:35:30.719377+00:00
soccer,EPL,KXEPLGAME-26OCT10ARSLEE,KXEPLGAME-26OCT10ARSLEE-ARS,,Arsenal,Leeds,2026-10-10T14:30:00Z,home,0.71,0.72,0.715,0.01,842.06,232.6,17431.99,3569.69,15664.97,active,kalshi,2026-09-29T01:35:30.719377+00:00
soccer,EPL,KXEPLGAME-26OCT10AVLBRE,KXEPLGAME-26OCT10AVLBRE-BRE,,Aston Villa,Brentford,2026-10-10T17:00:00Z,away,0.35,0.37,0.36,0.02,182.32,0.18,1322.38,226.0,1206.94,active,kalshi,2026-09-29T01:35:30.719377+00:00
soccer,EPL,KXEPLGAME-26OCT10AVLBRE,KXEPLGAME-26OCT10AVLBRE-TIE,,Aston Villa,Brentford,2026-10-10T17:00:00Z,draw,0.26,0.28,0.27,0.02,388.03,4971.07,855.94,60.3,852.94,active,kalshi,2026-09-29T01:35:30.719377+00:00
soccer,EPL,KXEPLGAME-26OCT10AVLBRE,KXEPLGAME-26OCT10AVLBRE-AVL,,Aston Villa,Brentford,2026-10-10T17:00:00Z,home,0.35,0.37,0.36,0.02,187.36,140.38,916.56,131.68,851.56,active,kalshi,2026-09-29T01:35:30.719377+00:00
soccer,EPL,KXEPLGAME-26OCT10CFCBOU,KXEPLGAME-26OCT10CFCBOU-BOU,,Chelsea,Bournemouth,2026-10-10T17:00:00Z,away,0.19,0.21,0.2,0.02,249.66,1071.8,368.42,96.13,368.42,active,kalshi,2026-09-29T01:35:30.719377+00:00
soccer,EPL,KXEPLGAME-26OCT10CFCBOU,KXEPLGAME-26OCT10CFCBOU-TIE,,Chelsea,Bournemouth,2026-10-10T17:00:00Z,draw,0.22,0.23,0.225,0.01,872.45,860.87,565.26,71.13,563.26,active,kalshi,2026-09-29T01:35:30.719377+00:00
soccer,EPL,KXEPLGAME-26OCT10CFCBOU,KXEPLGAME-26OCT10CFCBOU-CFC,,Chelsea,Bournemouth,2026-10-10T17:00:00Z,home,0.56,0.57,0.565,0.01,79.88,172.83,15105.02,355.72,14017.16,active,kalshi,2026-09-29T01:35:30.719377+00:00
soccer,EPL,KXEPLGAME-26OCT10IPSFUL,KXEPLGAME-26OCT10IPSFUL-FUL,,Ipswich,Fulham,2026-10-10T17:00:00Z,away,0.36,0.39,0.375,0.03,258.34,214.2,556.67,291.47,433.73,active,kalshi,2026-09-29T01:35:30.719377+00:00
soccer,EPL,KXEPLGAME-26OCT10IPSFUL,KXEPLGAME-26OCT10IPSFUL-TIE,,Ipswich,Fulham,2026-10-10T17:00:00Z,draw,0.26,0.28,0.27,0.02,414.33,1545.36,107.06,59.37,107.06,active,kalshi,2026-09-29T01:35:30.719377+00:00
soccer,EPL,KXEPLGAME-26OCT10IPSFUL,KXEPLGAME-26OCT10IPSFUL-IPS,,Ipswich,Fulham,2026-10-10T17:00:00Z,home,0.34,0.37,0.355,0.03,214.25,214.35,214.03,36.0,214.03,active,kalshi,2026-09-29T01:35:30.719377+00:00
soccer,EPL,KXEPLGAME-26OCT10MUNTOT,KXEPLGAME-26OCT10MUNTOT-TOT,,Man United,Tottenham,2026-10-10T19:30:00Z,away,0.2,0.22,0.21000000000000002,0.02,774.82,2000.0,2301.11,1149.51,2289.65,active,kalshi,2026-09-29T01:35:30.719377+00:00
soccer,EPL,KXEPLGAME-26OCT10MUNTOT,KXEPLGAME-26OCT10MUNTOT-TIE,,Man United,Tottenham,2026-10-10T19:30:00Z,draw,0.21,0.22,0.215,0.01,1076.79,526.0,428.65,68.35,428.65,active,kalshi,2026-09-29T01:35:30.719377+00:00
soccer,EPL,KXEPLGAME-26OCT10MUNTOT,KXEPLGAME-26OCT10MUNTOT-MUN,,Man United,Tottenham,2026-10-10T19:30:00Z,home,0.56,0.57,0.565,0.01,49.17,185.75,7175.73,2231.38,6622.93,active,kalshi,2026-09-29T01:35:30.719377+00:00
soccer,EPL,KXEPLGAME-26OCT10SUNBRI,KXEPLGAME-26OCT10SUNBRI-BRI,,Sunderland,Brighton,2026-10-10T17:00:00Z,away,0.4,0.41,0.405,0.01,375.56,519.0,5746.42,70.03,4368.56,active,kalshi,2026-09-29T01:35:30.719377+00:00
soccer,EPL,KXEPLGAME-26OCT10SUNBRI,KXEPLGAME-26OCT10SUNBRI-TIE,,Sunderland,Brighton,2026-10-10T17:00:00Z,draw,0.26,0.27,0.265,0.01,214.65,612.0,905.25,189.56,560.71,active,kalshi,2026-09-29T01:35:30.719377+00:00
soccer,EPL,KXEPLGAME-26OCT10SUNBRI,KXEPLGAME-26OCT10SUNBRI-SUN,,Sunderland,Brighton,2026-10-10T17:00:00Z,home,0.3,0.33,0.315,0.03,2638.28,153.27,363.08,6.06,363.08,active,kalshi,2026-09-29T01:35:30.719377+00:00
soccer,EPL,KXEPLGAME-26OCT11CRYNFO,KXEPLGAME-26OCT11CRYNFO-NFO,,Crystal Palace,Nott'm Forest,2026-10-11T16:00:00Z,away,0.33,0.37,0.35,0.04,275.88,1490.88,15.85,13.27,15.85,active,kalshi,2026-09-29T01:35:30.719377+00:00
soccer,EPL,KXEPLGAME-26OCT11CRYNFO,KXEPLGAME-26OCT11CRYNFO-TIE,,Crystal Palace,Nott'm Forest,2026-10-11T16:00:00Z,draw,0.28,0.29,0.28500000000000003,0.01,337.84,4985.0,0.0,0.0,0.0,active,kalshi,2026-09-29T01:35:30.719377+00:00
soccer,EPL,KXEPLGAME-26OCT11CRYNFO,KXEPLGAME-26OCT11CRYNFO-CRY,,Crystal Palace,Nott'm Forest,2026-10-11T16:00:00Z,home,0.35,0.38,0.365,0.03,157.86,5012.89,25.22,0.0,25.22,active,kalshi,2026-09-29T01:35:30.719377+00:00
soccer,EPL,KXEPLGAME-26OCT11HULEVE,KXEPLGAME-26OCT11HULEVE-EVE,,Hull,Everton,2026-10-11T16:00:00Z,away,0.44,0.46,0.45,0.02,254.38,1.0,50.2,40.15,50.2,active,kalshi,2026-09-29T01:35:30.719377+00:00
soccer,EPL,KXEPLGAME-26OCT11HULEVE,KXEPLGAME-26OCT11HULEVE-TIE,,Hull,Everton,2026-10-11T16:00:00Z,draw,0.28,0.29,0.28500000000000003,0.01,338.28,1556.72,85.28,70.0,85.28,active,kalshi,2026-09-29T01:35:30.719377+00:00
soccer,EPL,KXEPLGAME-26OCT11HULEVE,KXEPLGAME-26OCT11HULEVE-HUL,,Hull,Everton,2026-10-11T16:00:00Z,home,0.22,0.26,0.24,0.04,277.35,1456.25,215.41,79.0,215.41,active,kalshi,2026-09-29T01:35:30.719377+00:00
soccer,EPL,KXEPLGAME-26OCT11LFCMCI,KXEPLGAME-26OCT11LFCMCI-MCI,,Liverpool,Man City,2026-10-11T18:30:00Z,away,0.4,0.41,0.405,0.01,47.23,384.71,12066.86,8327.2,11542.6,active,kalshi,2026-09-29T01:35:30.719377+00:00
soccer,EPL,KXEPLGAME-26OCT11LFCMCI,KXEPLGAME-26OCT11LFCMCI-TIE,,Liverpool,Man City,2026-10-11T18:30:00Z,draw,0.25,0.26,0.255,0.01,240.0,2682.63,629.58,483.2,629.58,active,kalshi,2026-09-29T01:35:30.719377+00:00
soccer,EPL,KXEPLGAME-26OCT11LFCMCI,KXEPLGAME-26OCT11LFCMCI-LFC,,Liverpool,Man City,2026-10-11T18:30:00Z,home,0.35,0.36,0.355,0.01,377.1,6334.23,2518.21,2257.63,2359.21,active,kalshi,2026-09-29T01:35:30.719377+00:00
soccer,EPL,KXEPLGAME-26OCT12COVNEW,KXEPLGAME-26OCT12COVNEW-NEW,,Coventry,Newcastle,2026-10-12T22:00:00Z,away,0.44,0.46,0.45,0.02,183.21,181.15,1149.5,1149.5,1149.5,active,kalshi,2026-09-29T01:35:30.719377+00:00
soccer,EPL,KXEPLGAME-26OCT12COVNEW,KXEPLGAME-26OCT12COVNEW-TIE,,Coventry,Newcastle,2026-10-12T22:00:00Z,draw,0.25,0.27,0.26,0.02,183.16,1516.15,0.0,0.0,0.0,active,kalshi,2026-09-29T01:35:30.719377+00:00
soccer,EPL,KXEPLGAME-26OCT12COVNEW,KXEPLGAME-26OCT12COVNEW-COV,,Coventry,Newcastle,2026-10-12T22:00:00Z,home,0.27,0.3,0.28500000000000003,0.03,183.13,5276.26,0.0,0.0,0.0,active,kalshi,2026-09-29T01:35:30.719377+00:00
soccer,EPL,KXEPLGAME-26OCT10ARSLEE,KXEPLGAME-26OCT10ARSLEE-LEE,,Arsenal,Leeds,2026-10-10T14:30:00Z,away,0.11,0.12,0.11499999999999999,0.01,4484.8,5320.23,4660.69,1596.95,3215.54,active,kalshi,2026-09-29T02:02:27.166691+00:00
soccer,EPL,KXEPLGAME-26OCT10ARSLEE,KXEPLGAME-26OCT10ARSLEE-TIE,,Arsenal,Leeds,2026-10-10T14:30:00Z,draw,0.17,0.19,0.18,0.02,950.0,4848.67,302.32,75.71,285.32,active,kalshi,2026-09-29T02:02:27.166691+00:00
soccer,EPL,KXEPLGAME-26OCT10ARSLEE,KXEPLGAME-26OCT10ARSLEE-ARS,,Arsenal,Leeds,2026-10-10T14:30:00Z,home,0.71,0.72,0.715,0.01,840.82,232.6,17431.99,3501.59,15664.97,active,kalshi,2026-09-29T02:02:27.166691+00:00
soccer,EPL,KXEPLGAME-26OCT10AVLBRE,KXEPLGAME-26OCT10AVLBRE-BRE,,Aston Villa,Brentford,2026-10-10T17:00:00Z,away,0.35,0.37,0.36,0.02,182.32,0.18,1322.38,226.0,1206.94,active,kalshi,2026-09-29T02:02:27.166691+00:00
soccer,EPL,KXEPLGAME-26OCT10AVLBRE,KXEPLGAME-26OCT10AVLBRE-TIE,,Aston Villa,Brentford,2026-10-10T17:00:00Z,draw,0.26,0.28,0.27,0.02,388.03,4971.07,855.94,60.3,852.94,active,kalshi,2026-09-29T02:02:27.166691+00:00
soccer,EPL,KXEPLGAME-26OCT10AVLBRE,KXEPLGAME-26OCT10AVLBRE-AVL,,Aston Villa,Brentford,2026-10-10T17:00:00Z,home,0.35,0.37,0.36,0.02,187.36,140.38,916.56,131.68,851.56,active,kalshi,2026-09-29T02:02:27.166691+00:00
soccer,EPL,KXEPLGAME-26OCT10CFCBOU,KXEPLGAME-26OCT10CFCBOU-BOU,,Chelsea,Bournemouth,2026-10-10T17:00:00Z,away,0.19,0.21,0.2,0.02,249.66,1071.8,368.42,87.11,368.42,active,kalshi,2026-09-29T02:02:27.166691+00:00
soccer,EPL,KXEPLGAME-26OCT10CFCBOU,KXEPLGAME-26OCT10CFCBOU-TIE,,Chelsea,Bournemouth,2026-10-10T17:00:00Z,draw,0.22,0.23,0.225,0.01,872.45,860.87,565.26,71.13,563.26,active,kalshi,2026-09-29T02:02:27.166691+00:00
soccer,EPL,KXEPLGAME-26OCT10CFCBOU,KXEPLGAME-26OCT10CFCBOU-CFC,,Chelsea,Bournemouth,2026-10-10T17:00:00Z,home,0.56,0.57,0.565,0.01,96.18,175.21,15139.08,389.78,14051.22,active,kalshi,2026-09-29T02:02:27.166691+00:00
soccer,EPL,KXEPLGAME-26OCT10IPSFUL,KXEPLGAME-26OCT10IPSFUL-FUL,,Ipswich,Fulham,2026-10-10T17:00:00Z,away,0.36,0.39,0.375,0.03,258.34,1541.2,556.67,291.47,433.73,active,kalshi,2026-09-29T02:02:27.166691+00:00
soccer,EPL,KXEPLGAME-26OCT10IPSFUL,KXEPLGAME-26OCT10IPSFUL-TIE,,Ipswich,Fulham,2026-10-10T17:00:00Z,draw,0.26,0.27,0.265,0.01,414.33,2000.0,107.06,59.37,107.06,active,kalshi,2026-09-29T02:02:27.166691+00:00
soccer,EPL,KXEPLGAME-26OCT10IPSFUL,KXEPLGAME-26OCT10IPSFUL-IPS,,Ipswich,Fulham,2026-10-10T17:00:00Z,home,0.34,0.37,0.355,0.03,214.25,1547.35,214.03,36.0,214.03,active,kalshi,2026-09-29T02:02:27.166691+00:00
soccer,EPL,KXEPLGAME-26OCT10MUNTOT,KXEPLGAME-26OCT10MUNTOT-TOT,,Man United,Tottenham,2026-10-10T19:30:00Z,away,0.2,0.22,0.21000000000000002,0.02,774.82,2000.0,2301.11,1149.51,2289.65,active,kalshi,2026-09-29T02:02:27.166691+00:00
soccer,EPL,KXEPLGAME-26OCT10MUNTOT,KXEPLGAME-26OCT10MUNTOT-TIE,,Man United,Tottenham,2026-10-10T19:30:00Z,draw,0.21,0.22,0.215,0.01,1076.79,526.0,428.65,68.35,428.65,active,kalshi,2026-09-29T02:02:27.166691+00:00
soccer,EPL,KXEPLGAME-26OCT10MUNTOT,KXEPLGAME-26OCT10MUNTOT-MUN,,Man United,Tottenham,2026-10-10T19:30:00Z,home,0.56,0.57,0.565,0.01,49.17,185.75,7175.73,2231.38,6622.93,active,kalshi,2026-09-29T02:02:27.166691+00:00
soccer,EPL,KXEPLGAME-26OCT10SUNBRI,KXEPLGAME-26OCT10SUNBRI-BRI,,Sunderland,Brighton,2026-10-10T17:00:00Z,away,0.4,0.41,0.405,0.01,382.88,413.6,5851.82,175.43,4473.96,active,kalshi,2026-09-29T02:02:27.166691+00:00
soccer,EPL,KXEPLGAME-26OCT10SUNBRI,KXEPLGAME-26OCT10SUNBRI-TIE,,Sunderland,Brighton,2026-10-10T17:00:00Z,draw,0.26,0.27,0.265,0.01,214.65,612.0,905.25,189.56,560.71,active,kalshi,2026-09-29T02:02:27.166691+00:00
soccer,EPL,KXEPLGAME-26OCT10SUNBRI,KXEPLGAME-26OCT10SUNBRI-SUN,,Sunderland,Brighton,2026-10-10T17:00:00Z,home,0.3,0.33,0.315,0.03,2638.28,153.27,363.08,0.28,363.08,active,kalshi,2026-09-29T02:02:27.166691+00:00
soccer,EPL,KXEPLGAME-26OCT11CRYNFO,KXEPLGAME-26OCT11CRYNFO-NFO,,Crystal Palace,Nott'm Forest,2026-10-11T16:00:00Z,away,0.33,0.37,0.35,0.04,275.88,1490.88,15.85,13.27,15.85,active,kalshi,2026-09-29T02:02:27.166691+00:00
soccer,EPL,KXEPLGAME-26OCT11CRYNFO,KXEPLGAME-26OCT11CRYNFO-TIE,,Crystal Palace,Nott'm Forest,2026-10-11T16:00:00Z,draw,0.28,0.29,0.28500000000000003,0.01,337.84,4985.0,0.0,0.0,0.0,active,kalshi,2026-09-29T02:02:27.166691+00:00
soccer,EPL,KXEPLGAME-26OCT11CRYNFO,KXEPLGAME-26OCT11CRYNFO-CRY,,Crystal Palace,Nott'm Forest,2026-10-11T16:00:00Z,home,0.35,0.38,0.365,0.03,157.86,5012.89,25.22,0.0,25.22,active,kalshi,2026-09-29T02:02:27.166691+00:00
soccer,EPL,KXEPLGAME-26OCT11HULEVE,KXEPLGAME-26OCT11HULEVE-EVE,,Hull,Everton,2026-10-11T16:00:00Z,away,0.44,0.46,0.45,0.02,254.38,1.0,50.2,40.15,50.2,active,kalshi,2026-09-29T02:02:27.166691+00:00
soccer,EPL,KXEPLGAME-26OCT11HULEVE,KXEPLGAME-26OCT11HULEVE-TIE,,Hull,Everton,2026-10-11T16:00:00Z,draw,0.28,0.29,0.28500000000000003,0.01,338.33,1556.72,85.28,70.0,85.28,active,kalshi,2026-09-29T02:02:27.166691+00:00
soccer,EPL,KXEPLGAME-26OCT11HULEVE,KXEPLGAME-26OCT11HULEVE-HUL,,Hull,Everton,2026-10-11T16:00:00Z,home,0.22,0.26,0.24,0.04,277.35,1456.35,215.41,79.0,215.41,active,kalshi,2026-09-29T02:02:27.166691+00:00
soccer,EPL,KXEPLGAME-26OCT11LFCMCI,KXEPLGAME-26OCT11LFCMCI-MCI,,Liverpool,Man City,2026-10-11T18:30:00Z,away,0.4,0.41,0.405,0.01,81.0,314.49,12090.28,8291.62,11566.02,active,kalshi,2026-09-29T02:02:27.166691+00:00
soccer,EPL,KXEPLGAME-26OCT11LFCMCI,KXEPLGAME-26OCT11LFCMCI-TIE,,Liverpool,Man City,2026-10-11T18:30:00Z,draw,0.25,0.26,0.255,0.01,240.0,2682.63,629.58,483.2,629.58,active,kalshi,2026-09-29T02:02:27.166691+00:00
soccer,EPL,KXEPLGAME-26OCT11LFCMCI,KXEPLGAME-26OCT11LFCMCI-LFC,,Liverpool,Man City,2026-10-11T18:30:00Z,home,0.35,0.36,0.355,0.01,377.22,6340.17,2523.52,2257.77,2364.52,active,kalshi,2026-09-29T02:02:27.166691+00:00
soccer,EPL,KXEPLGAME-26OCT12COVNEW,KXEPLGAME-26OCT12COVNEW-NEW,,Coventry,Newcastle,2026-10-12T22:00:00Z,away,0.44,0.46,0.45,0.02,183.21,181.15,1149.5,1149.5,1149.5,active,kalshi,2026-09-29T02:02:27.166691+00:00
soccer,EPL,KXEPLGAME-26OCT12COVNEW,KXEPLGAME-26OCT12COVNEW-TIE,,Coventry,Newcastle,2026-10-12T22:00:00Z,draw,0.25,0.27,0.26,0.02,183.16,1516.15,0.0,0.0,0.0,active,kalshi,2026-09-29T02:02:27.166691+00:00
soccer,EPL,KXEPLGAME-26OCT12COVNEW,KXEPLGAME-26OCT12COVNEW-COV,,Coventry,Newcastle,2026-10-12T22:00:00Z,home,0.27,0.3,0.28500000000000003,0.03,183.13,5276.26,0.0,0.0,0.0,active,kalshi,2026-09-29T02:02:27.166691+00:00
soccer,EPL,KXEPLGAME-26OCT10ARSLEE,KXEPLGAME-26OCT10ARSLEE-LEE,,Arsenal,Leeds,2026-10-10T14:30:00Z,away,0.11,0.12,0.11499999999999999,0.01,4484.8,5320.23,4660.69,1596.95,3215.54,active,kalshi,2026-09-29T02:35:53.934653+00:00
soccer,EPL,KXEPLGAME-26OCT10ARSLEE,KXEPLGAME-26OCT10ARSLEE-TIE,,Arsenal,Leeds,2026-10-10T14:30:00Z,draw,0.17,0.19,0.18,0.02,950.0,4848.67,302.32,75.71,285.32,active,kalshi,2026-09-29T02:35:53.934653+00:00
soccer,EPL,KXEPLGAME-26OCT10ARSLEE,KXEPLGAME-26OCT10ARSLEE-ARS,,Arsenal,Leeds,2026-10-10T14:30:00Z,home,0.71,0.72,0.715,0.01,840.82,237.66,17431.99,3499.59,15664.97,active,kalshi,2026-09-29T02:35:53.934653+00:00
soccer,EPL,KXEPLGAME-26OCT10AVLBRE,KXEPLGAME-26OCT10AVLBRE-BRE,,Aston Villa,Brentford,2026-10-10T17:00:00Z,away,0.35,0.37,0.36,0.02,182.32,0.18,1322.38,226.0,1206.94,active,kalshi,2026-09-29T02:35:53.934653+00:00
soccer,EPL,KXEPLGAME-26OCT10AVLBRE,KXEPLGAME-26OCT10AVLBRE-TIE,,Aston Villa,Brentford,2026-10-10T17:00:00Z,draw,0.26,0.28,0.27,0.02,388.03,4971.07,855.94,60.3,852.94,active,kalshi,2026-09-29T02:35:53.934653+00:00
soccer,EPL,KXEPLGAME-26OCT10AVLBRE,KXEPLGAME-26OCT10AVLBRE-AVL,,Aston Villa,Brentford,2026-10-10T17:00:00Z,home,0.35,0.37,0.36,0.02,187.36,127.57,929.5,107.32,864.5,active,kalshi,2026-09-29T02:35:53.934653+00:00
soccer,EPL,KXEPLGAME-26OCT10CFCBOU,KXEPLGAME-26OCT10CFCBOU-BOU,,Chelsea,Bournemouth,2026-10-10T17:00:00Z,away,0.19,0.21,0.2,0.02,249.66,1071.8,368.42,82.6,368.42,active,kalshi,2026-09-29T02:35:53.934653+00:00
soccer,EPL,KXEPLGAME-26OCT10CFCBOU,KXEPLGAME-26OCT10CFCBOU-TIE,,Chelsea,Bournemouth,2026-10-10T17:00:00Z,draw,0.22,0.23,0.225,0.01,872.45,860.87,565.26,71.13,563.26,active,kalshi,2026-09-29T02:35:53.934653+00:00
soccer,EPL,KXEPLGAME-26OCT10CFCBOU,KXEPLGAME-26OCT10CFCBOU-CFC,,Chelsea,Bournemouth,2026-10-10T17:00:00Z,home,0.56,0.58,0.5700000000000001,0.02,92.23,289.51,15172.08,422.78,14084.22,active,kalshi,2026-09-29T02:35:53.934653+00:00
soccer,EPL,KXEPLGAME-26OCT10IPSFUL,KXEPLGAME-26OCT10IPSFUL-FUL,,Ipswich,Fulham,2026-10-10T17:00:00Z,away,0.36,0.39,0.375,0.03,258.34,1541.2,556.67,291.47,433.73,active,kalshi,2026-09-29T02:35:53.934653+00:00
soccer,EPL,KXEPLGAME-26OCT10IPSFUL,KXEPLGAME-26OCT10IPSFUL-TIE,,Ipswich,Fulham,2026-10-10T17:00:00Z,draw,0.26,0.27,0.265,0.01,414.33,2000.0,107.06,59.37,107.06,active,kalshi,2026-09-29T02:35:53.934653+00:00
soccer,EPL,KXEPLGAME-26OCT10IPSFUL,KXEPLGAME-26OCT10IPSFUL-IPS,,Ipswich,Fulham,2026-10-10T17:00:00Z,home,0.34,0.37,0.355,0.03,214.25,1547.35,214.03,36.0,214.03,active,kalshi,2026-09-29T02:35:53.934653+00:00
soccer,EPL,KXEPLGAME-26OCT10MUNTOT,KXEPLGAME-26OCT10MUNTOT-TOT,,Man United,Tottenham,2026-10-10T19:30:00Z,away,0.2,0.22,0.21000000000000002,0.02,774.82,2000.0,2301.11,1149.51,2289.65,active,kalshi,2026-09-29T02:35:53.934653+00:00
soccer,EPL,KXEPLGAME-26OCT10MUNTOT,KXEPLGAME-26OCT10MUNTOT-TIE,,Man United,Tottenham,2026-10-10T19:30:00Z,draw,0.21,0.22,0.215,0.01,1076.79,526.0,428.65,68.35,428.65,active,kalshi,2026-09-29T02:35:53.934653+00:00
soccer,EPL,KXEPLGAME-26OCT10MUNTOT,KXEPLGAME-26OCT10MUNTOT-MUN,,Man United,Tottenham,2026-10-10T19:30:00Z,home,0.56,0.57,0.565,0.01,60.56,229.59,7353.73,2409.38,6800.93,active,kalshi,2026-09-29T02:35:53.934653+00:00
soccer,EPL,KXEPLGAME-26OCT10SUNBRI,KXEPLGAME-26OCT10SUNBRI-BRI,,Sunderland,Brighton,2026-10-10T17:00:00Z,away,0.4,0.41,0.405,0.01,427.22,514.76,5898.66,219.99,4520.8,active,kalshi,2026-09-29T02:35:53.934653+00:00
soccer,EPL,KXEPLGAME-26OCT10SUNBRI,KXEPLGAME-26OCT10SUNBRI-TIE,,Sunderland,Brighton,2026-10-10T17:00:00Z,draw,0.26,0.27,0.265,0.01,214.65,612.0,905.25,189.56,560.71,active,kalshi,2026-09-29T02:35:53.934653+00:00
soccer,EPL,KXEPLGAME-26OCT10SUNBRI,KXEPLGAME-26OCT10SUNBRI-SUN,,Sunderland,Brighton,2026-10-10T17:00:00Z,home,0.3,0.33,0.315,0.03,2638.28,153.27,363.08,0.28,363.08,active,kalshi,2026-09-29T02:35:53.934653+00:00
soccer,EPL,KXEPLGAME-26OCT11CRYNFO,KXEPLGAME-26OCT11CRYNFO-NFO,,Crystal Palace,Nott'm Forest,2026-10-11T16:00:00Z,away,0.33,0.37,0.35,0.04,275.88,1490.88,15.85,13.27,15.85,active,kalshi,2026-09-29T02:35:53.934653+00:00
soccer,EPL,KXEPLGAME-26OCT11CRYNFO,KXEPLGAME-26OCT11CRYNFO-TIE,,Crystal Palace,Nott'm Forest,2026-10-11T16:00:00Z,draw,0.28,0.29,0.28500000000000003,0.01,337.84,4985.0,0.0,0.0,0.0,active,kalshi,2026-09-29T02:35:53.934653+00:00
soccer,EPL,KXEPLGAME-26OCT11CRYNFO,KXEPLGAME-26OCT11CRYNFO-CRY,,Crystal Palace,Nott'm Forest,2026-10-11T16:00:00Z,home,0.35,0.37,0.36,0.02,157.86,48.01,73.22,48.0,73.22,active,kalshi,2026-09-29T02:35:53.934653+00:00
soccer,EPL,KXEPLGAME-26OCT11HULEVE,KXEPLGAME-26OCT11HULEVE-EVE,,Hull,Everton,2026-10-11T16:00:00Z,away,0.44,0.46,0.45,0.02,254.38,1.0,50.2,40.15,50.2,active,kalshi,2026-09-29T02:35:53.934653+00:00
soccer,EPL,KXEPLGAME-26OCT11HULEVE,KXEPLGAME-26OCT11HULEVE-TIE,,Hull,Everton,2026-10-11T16:00:00Z,draw,0.28,0.29,0.28500000000000003,0.01,338.37,1556.72,85.28,70.0,85.28,active,kalshi,2026-09-29T02:35:53.934653+00:00
soccer,EPL,KXEPLGAME-26OCT11HULEVE,KXEPLGAME-26OCT11HULEVE-HUL,,Hull,Everton,2026-10-11T16:00:00Z,home,0.22,0.26,0.24,0.04,277.35,1456.38,215.41,79.0,215.41,active,kalshi,2026-09-29T02:35:53.934653+00:00
soccer,EPL,KXEPLGAME-26OCT11LFCMCI,KXEPLGAME-26OCT11LFCMCI-MCI,,Liverpool,Man City,2026-10-11T18:30:00Z,away,0.4,0.41,0.405,0.01,28.0,429.53,12723.7,8853.64,12199.44,active,kalshi,2026-09-29T02:35:53.934653+00:00
soccer,EPL,KXEPLGAME-26OCT11LFCMCI,KXEPLGAME-26OCT11LFCMCI-TIE,,Liverpool,Man City,2026-10-11T18:30:00Z,draw,0.25,0.26,0.255,0.01,240.0,2682.63,629.58,483.2,629.58,active,kalshi,2026-09-29T02:35:53.934653+00:00
soccer,EPL,KXEPLGAME-26OCT11LFCMCI,KXEPLGAME-26OCT11LFCMCI-LFC,,Liverpool,Man City,2026-10-11T18:30:00Z,home,0.35,0.36,0.355,0.01,377.22,6630.3,2523.52,2257.77,2364.52,active,kalshi,2026-09-29T02:35:53.934653+00:00
soccer,EPL,KXEPLGAME-26OCT12COVNEW,KXEPLGAME-26OCT12COVNEW-NEW,,Coventry,Newcastle,2026-10-12T22:00:00Z,away,0.44,0.46,0.45,0.02,183.21,181.15,1149.5,1149.5,1149.5,active,kalshi,2026-09-29T02:35:53.934653+00:00
soccer,EPL,KXEPLGAME-26OCT12COVNEW,KXEPLGAME-26OCT12COVNEW-TIE,,Coventry,Newcastle,2026-10-12T22:00:00Z,draw,0.25,0.27,0.26,0.02,183.16,1516.15,0.0,0.0,0.0,active,kalshi,2026-09-29T02:35:53.934653+00:00
soccer,EPL,KXEPLGAME-26OCT12COVNEW,KXEPLGAME-26OCT12COVNEW-COV,,Coventry,Newcastle,2026-10-12T22:00:00Z,home,0.27,0.3,0.28500000000000003,0.03,183.13,5276.26,0.0,0.0,0.0,active,kalshi,2026-09-29T02:35:53.934653+00:00
soccer,EPL,KXEPLGAME-26OCT10ARSLEE,KXEPLGAME-26OCT10ARSLEE-LEE,,Arsenal,Leeds,2026-10-10T14:30:00Z,away,0.11,0.12,0.11499999999999999,0.01,4514.8,1115.0,6138.69,3074.95,4693.54,active,kalshi,2026-09-29T03:03:03.202069+00:00
soccer,EPL,KXEPLGAME-26OCT10ARSLEE,KXEPLGAME-26OCT10ARSLEE-TIE,,Arsenal,Leeds,2026-10-10T14:30:00Z,draw,0.17,0.19,0.18,0.02,950.0,4871.67,302.32,75.71,285.32,active,kalshi,2026-09-29T03:03:03.202069+00:00
soccer,EPL,KXEPLGAME-26OCT10ARSLEE,KXEPLGAME-26OCT10ARSLEE-ARS,,Arsenal,Leeds,2026-10-10T14:30:00Z,home,0.71,0.72,0.715,0.01,840.82,236.3,17433.35,3484.65,15666.33,active,kalshi,2026-09-29T03:03:03.202069+00:00
soccer,EPL,KXEPLGAME-26OCT10AVLBRE,KXEPLGAME-26OCT10AVLBRE-BRE,,Aston Villa,Brentford,2026-10-10T17:00:00Z,away,0.35,0.37,0.36,0.02,182.32,0.18,1322.38,139.0,1206.94,active,kalshi,2026-09-29T03:03:03.202069+00:00
soccer,EPL,KXEPLGAME-26OCT10AVLBRE,KXEPLGAME-26OCT10AVLBRE-TIE,,Aston Villa,Brentford,2026-10-10T17:00:00Z,draw,0.26,0.28,0.27,0.02,388.03,4971.07,855.94,60.3,852.94,active,kalshi,2026-09-29T03:03:03.202069+00:00
soccer,EPL,KXEPLGAME-26OCT10AVLBRE,KXEPLGAME-26OCT10AVLBRE-AVL,,Aston Villa,Brentford,2026-10-10T17:00:00Z,home,0.35,0.37,0.36,0.02,187.36,127.57,929.5,107.32,864.5,active,kalshi,2026-09-29T03:03:03.202069+00:00
soccer,EPL,KXEPLGAME-26OCT10CFCBOU,KXEPLGAME-26OCT10CFCBOU-BOU,,Chelsea,Bournemouth,2026-10-10T17:00:00Z,away,0.19,0.21,0.2,0.02,249.66,1071.8,368.42,82.6,368.42,active,kalshi,2026-09-29T03:03:03.202069+00:00
soccer,EPL,KXEPLGAME-26OCT10CFCBOU,KXEPLGAME-26OCT10CFCBOU-TIE,,Chelsea,Bournemouth,2026-10-10T17:00:00Z,draw,0.22,0.23,0.225,0.01,872.45,860.87,565.26,71.13,563.26,active,kalshi,2026-09-29T03:03:03.202069+00:00
soccer,EPL,KXEPLGAME-26OCT10CFCBOU,KXEPLGAME-26OCT10CFCBOU-CFC,,Chelsea,Bournemouth,2026-10-10T17:00:00Z,home,0.56,0.58,0.5700000000000001,0.02,85.11,301.51,15172.08,422.78,14084.22,active,kalshi,2026-09-29T03:03:03.202069+00:00
soccer,EPL,KXEPLGAME-26OCT10IPSFUL,KXEPLGAME-26OCT10IPSFUL-FUL,,Ipswich,Fulham,2026-10-10T17:00:00Z,away,0.36,0.39,0.375,0.03,258.34,1541.2,556.67,182.47,433.73,active,kalshi,2026-09-29T03:03:03.202069+00:00
soccer,EPL,KXEPLGAME-26OCT10IPSFUL,KXEPLGAME-26OCT10IPSFUL-TIE,,Ipswich,Fulham,2026-10-10T17:00:00Z,draw,0.26,0.27,0.265,0.01,414.33,1415.0,107.06,59.37,107.06,active,kalshi,2026-09-29T03:03:03.202069+00:00
soccer,EPL,KXEPLGAME-26OCT10IPSFUL,KXEPLGAME-26OCT10IPSFUL-IPS,,Ipswich,Fulham,2026-10-10T17:00:00Z,home,0.34,0.37,0.355,0.03,214.25,1547.35,214.03,36.0,214.03,active,kalshi,2026-09-29T03:03:03.202069+00:00
soccer,EPL,KXEPLGAME-26OCT10MUNTOT,KXEPLGAME-26OCT10MUNTOT-TOT,,Man United,Tottenham,2026-10-10T19:30:00Z,away,0.2,0.22,0.21000000000000002,0.02,774.82,2000.0,2301.11,1108.51,2289.65,active,kalshi,2026-09-29T03:03:03.202069+00:00
soccer,EPL,KXEPLGAME-26OCT10MUNTOT,KXEPLGAME-26OCT10MUNTOT-TIE,,Man United,Tottenham,2026-10-10T19:30:00Z,draw,0.21,0.22,0.215,0.01,1081.79,526.0,428.65,68.35,428.65,active,kalshi,2026-09-29T03:03:03.202069+00:00
soccer,EPL,KXEPLGAME-26OCT10MUNTOT,KXEPLGAME-26OCT10MUNTOT-MUN,,Man United,Tottenham,2026-10-10T19:30:00Z,home,0.56,0.57,0.565,0.01,73.36,148.02,7353.73,2406.55,6800.93,active,kalshi,2026-09-29T03:03:03.202069+00:00
soccer,EPL,KXEPLGAME-26OCT10SUNBRI,KXEPLGAME-26OCT10SUNBRI-BRI,,Sunderland,Brighton,2026-10-10T17:00:00Z,away,0.4,0.41,0.405,0.01,440.27,100.0,5898.66,219.99,4520.8,active,kalshi,2026-09-29T03:03:03.202069+00:00
soccer,EPL,KXEPLGAME-26OCT10SUNBRI,KXEPLGAME-26OCT10SUNBRI-TIE,,Sunderland,Brighton,2026-10-10T17:00:00Z,draw,0.26,0.27,0.265,0.01,214.65,612.0,905.25,189.56,560.71,active,kalshi,2026-09-29T03:03:03.202069+00:00
soccer,EPL,KXEPLGAME-26OCT10SUNBRI,KXEPLGAME-26OCT10SUNBRI-SUN,,Sunderland,Brighton,2026-10-10T17:00:00Z,home,0.3,0.33,0.315,0.03,2638.28,153.27,363.08,0.28,363.08,active,kalshi,2026-09-29T03:03:03.202069+00:00
soccer,EPL,KXEPLGAME-26OCT11CRYNFO,KXEPLGAME-26OCT11CRYNFO-NFO,,Crystal Palace,Nott'm Forest,2026-10-11T16:00:00Z,away,0.33,0.37,0.35,0.04,275.88,1490.88,15.85,13.27,15.85,active,kalshi,2026-09-29T03:03:03.202069+00:00
soccer,EPL,KXEPLGAME-26OCT11CRYNFO,KXEPLGAME-26OCT11CRYNFO-TIE,,Crystal Palace,Nott'm Forest,2026-10-11T16:00:00Z,draw,0.28,0.29,0.28500000000000003,0.01,337.84,4985.0,0.0,0.0,0.0,active,kalshi,2026-09-29T03:03:03.202069+00:00
soccer,EPL,KXEPLGAME-26OCT11CRYNFO,KXEPLGAME-26OCT11CRYNFO-CRY,,Crystal Palace,Nott'm Forest,2026-10-11T16:00:00Z,home,0.35,0.37,0.36,0.02,157.86,48.01,73.22,48.0,73.22,active,kalshi,2026-09-29T03:03:03.202069+00:00
soccer,EPL,KXEPLGAME-26OCT11HULEVE,KXEPLGAME-26OCT11HULEVE-EVE,,Hull,Everton,2026-10-11T16:00:00Z,away,0.44,0.46,0.45,0.02,254.38,1.0,50.2,40.15,50.2,active,kalshi,2026-09-29T03:03:03.202069+00:00
soccer,EPL,KXEPLGAME-26OCT11HULEVE,KXEPLGAME-26OCT11HULEVE-TIE,,Hull,Everton,2026-10-11T16:00:00Z,draw,0.28,0.29,0.28500000000000003,0.01,338.37,1556.72,85.28,70.0,85.28,active,kalshi,2026-09-29T03:03:03.202069+00:00
soccer,EPL,KXEPLGAME-26OCT11HULEVE,KXEPLGAME-26OCT11HULEVE-HUL,,Hull,Everton,2026-10-11T16:00:00Z,home,0.22,0.26,0.24,0.04,277.35,1456.38,215.41,79.0,215.41,active,kalshi,2026-09-29T03:03:03.202069+00:00
soccer,EPL,KXEPLGAME-26OCT11LFCMCI,KXEPLGAME-26OCT11LFCMCI-MCI,,Liverpool,Man City,2026-10-11T18:30:00Z,away,0.4,0.41,0.405,0.01,28.0,351.63,12723.7,8850.72,12199.44,active,kalshi,2026-09-29T03:03:03.202069+00:00
soccer,EPL,KXEPLGAME-26OCT11LFCMCI,KXEPLGAME-26OCT11LFCMCI-TIE,,Liverpool,Man City,2026-10-11T18:30:00Z,draw,0.25,0.26,0.255,0.01,240.0,2682.63,629.58,483.2,629.58,active,kalshi,2026-09-29T03:03:03.202069+00:00
soccer,EPL,KXEPLGAME-26OCT11LFCMCI,KXEPLGAME-26OCT11LFCMCI-LFC,,Liverpool,Man City,2026-10-11T18:30:00Z,home,0.35,0.36,0.355,0.01,377.22,6630.3,2523.52,2193.77,2364.52,active,kalshi,2026-09-29T03:03:03.202069+00:00
soccer,EPL,KXEPLGAME-26OCT12COVNEW,KXEPLGAME-26OCT12COVNEW-NEW,,Coventry,Newcastle,2026-10-12T22:00:00Z,away,0.44,0.46,0.45,0.02,183.21,76.42,1254.23,1254.23,1254.23,active,kalshi,2026-09-29T03:03:03.202069+00:00
soccer,EPL,KXEPLGAME-26OCT12COVNEW,KXEPLGAME-26OCT12COVNEW-TIE,,Coventry,Newcastle,2026-10-12T22:00:00Z,draw,0.25,0.27,0.26,0.02,183.16,1516.15,0.0,0.0,0.0,active,kalshi,2026-09-29T03:03:03.202069+00:00
soccer,EPL,KXEPLGAME-26OCT12COVNEW,KXEPLGAME-26OCT12COVNEW-COV,,Coventry,Newcastle,2026-10-12T22:00:00Z,home,0.27,0.3,0.28500000000000003,0.03,183.13,5276.26,0.0,0.0,0.0,active,kalshi,2026-09-29T03:03:03.202069+00:00
soccer,EPL,KXEPLGAME-26OCT10ARSLEE,KXEPLGAME-26OCT10ARSLEE-LEE,,Arsenal,Leeds,2026-10-10T14:30:00Z,away,0.11,0.13,0.12,0.02,4515.52,8822.09,6271.69,3207.95,4693.54,active,kalshi,2026-09-29T03:38:27.524594+00:00
soccer,EPL,KXEPLGAME-26OCT10ARSLEE,KXEPLGAME-26OCT10ARSLEE-TIE,,Arsenal,Leeds,2026-10-10T14:30:00Z,draw,0.17,0.19,0.18,0.02,950.0,5014.79,302.32,75.71,285.32,active,kalshi,2026-09-29T03:38:27.524594+00:00
soccer,EPL,KXEPLGAME-26OCT10ARSLEE,KXEPLGAME-26OCT10ARSLEE-ARS,,Arsenal,Leeds,2026-10-10T14:30:00Z,home,0.71,0.72,0.715,0.01,840.82,212.66,17480.35,3482.6,15713.33,active,kalshi,2026-09-29T03:38:27.524594+00:00
soccer,EPL,KXEPLGAME-26OCT10AVLBRE,KXEPLGAME-26OCT10AVLBRE-BRE,,Aston Villa,Brentford,2026-10-10T17:00:00Z,away,0.35,0.37,0.36,0.02,182.32,0.18,1322.38,127.0,1206.94,active,kalshi,2026-09-29T03:38:27.524594+00:00
soccer,EPL,KXEPLGAME-26OCT10AVLBRE,KXEPLGAME-26OCT10AVLBRE-TIE,,Aston Villa,Brentford,2026-10-10T17:00:00Z,draw,0.26,0.28,0.27,0.02,388.03,4971.07,855.94,60.3,852.94,active,kalshi,2026-09-29T03:38:27.524594+00:00
soccer,EPL,KXEPLGAME-26OCT10AVLBRE,KXEPLGAME-26OCT10AVLBRE-AVL,,Aston Villa,Brentford,2026-10-10T17:00:00Z,home,0.35,0.37,0.36,0.02,187.36,127.57,929.5,107.32,864.5,active,kalshi,2026-09-29T03:38:27.524594+00:00
soccer,EPL,KXEPLGAME-26OCT10CFCBOU,KXEPLGAME-26OCT10CFCBOU-BOU,,Chelsea,Bournemouth,2026-10-10T17:00:00Z,away,0.19,0.21,0.2,0.02,249.66,1071.8,368.42,82.6,368.42,active,kalshi,2026-09-29T03:38:27.524594+00:00
soccer,EPL,KXEPLGAME-26OCT10CFCBOU,KXEPLGAME-26OCT10CFCBOU-TIE,,Chelsea,Bournemouth,2026-10-10T17:00:00Z,draw,0.22,0.23,0.225,0.01,872.45,860.87,565.26,71.13,563.26,active,kalshi,2026-09-29T03:38:27.524594+00:00
soccer,EPL,KXEPLGAME-26OCT10CFCBOU,KXEPLGAME-26OCT10CFCBOU-CFC,,Chelsea,Bournemouth,2026-10-10T17:00:00Z,home,0.56,0.57,0.565,0.01,27.11,53.07,15225.2,450.9,14137.34,active,kalshi,2026-09-29T03:38:27.524594+00:00
soccer,EPL,KXEPLGAME-26OCT10IPSFUL,KXEPLGAME-26OCT10IPSFUL-FUL,,Ipswich,Fulham,2026-10-10T17:00:00Z,away,0.36,0.39,0.375,0.03,258.34,1541.2,556.67,182.47,433.73,active,kalshi,2026-09-29T03:38:27.524594+00:00
soccer,EPL,KXEPLGAME-26OCT10IPSFUL,KXEPLGAME-26OCT10IPSFUL-TIE,,Ipswich,Fulham,2026-10-10T17:00:00Z,draw,0.26,0.27,0.265,0.01,414.33,2000.0,107.06,59.37,107.06,active,kalshi,2026-09-29T03:38:27.524594+00:00
soccer,EPL,KXEPLGAME-26OCT10IPSFUL,KXEPLGAME-26OCT10IPSFUL-IPS,,Ipswich,Fulham,2026-10-10T17:00:00Z,home,0.34,0.37,0.355,0.03,214.25,1547.35,214.03,36.0,214.03,active,kalshi,2026-09-29T03:38:27.524594+00:00
soccer,EPL,KXEPLGAME-26OCT10MUNTOT,KXEPLGAME-26OCT10MUNTOT-TOT,,Man United,Tottenham,2026-10-10T19:30:00Z,away,0.2,0.22,0.21000000000000002,0.02,774.82,2000.0,2301.11,1000.76,2289.65,active,kalshi,2026-09-29T03:38:27.524594+00:00
soccer,EPL,KXEPLGAME-26OCT10MUNTOT,KXEPLGAME-26OCT10MUNTOT-TIE,,Man United,Tottenham,2026-10-10T19:30:00Z,draw,0.21,0.22,0.215,0.01,1081.79,526.0,428.65,68.35,428.65,active,kalshi,2026-09-29T03:38:27.524594+00:00
soccer,EPL,KXEPLGAME-26OCT10MUNTOT,KXEPLGAME-26OCT10MUNTOT-MUN,,Man United,Tottenham,2026-10-10T19:30:00Z,home,0.56,0.57,0.565,0.01,51.71,147.08,7353.73,2398.55,6800.93,active,kalshi,2026-09-29T03:38:27.524594+00:00
soccer,EPL,KXEPLGAME-26OCT10SUNBRI,KXEPLGAME-26OCT10SUNBRI-BRI,,Sunderland,Brighton,2026-10-10T17:00:00Z,away,0.4,0.41,0.405,0.01,430.56,99.32,5949.34,219.99,4571.48,active,kalshi,2026-09-29T03:38:27.524594+00:00
soccer,EPL,KXEPLGAME-26OCT10SUNBRI,KXEPLGAME-26OCT10SUNBRI-TIE,,Sunderland,Brighton,2026-10-10T17:00:00Z,draw,0.26,0.27,0.265,0.01,214.65,612.0,905.25,189.56,560.71,active,kalshi,2026-09-29T03:38:27.524594+00:00
soccer,EPL,KXEPLGAME-26OCT10SUNBRI,KXEPLGAME-26OCT10SUNBRI-SUN,,Sunderland,Brighton,2026-10-10T17:00:00Z,home,0.3,0.33,0.315,0.03,2638.28,153.27,363.08,0.28,363.08,active,kalshi,2026-09-29T03:38:27.524594+00:00
soccer,EPL,KXEPLGAME-26OCT11CRYNFO,KXEPLGAME-26OCT11CRYNFO-NFO,,Crystal Palace,Nott'm Forest,2026-10-11T16:00:00Z,away,0.33,0.37,0.35,0.04,1325.88,1490.88,15.85,13.27,15.85,active,kalshi,2026-09-29T03:38:27.524594+00:00
soccer,EPL,KXEPLGAME-26OCT11CRYNFO,KXEPLGAME-26OCT11CRYNFO-TIE,,Crystal Palace,Nott'm Forest,2026-10-11T16:00:00Z,draw,0.28,0.29,0.28500000000000003,0.01,337.84,4985.0,0.0,0.0,0.0,active,kalshi,2026-09-29T03:38:27.524594+00:00
soccer,EPL,KXEPLGAME-26OCT11CRYNFO,KXEPLGAME-26OCT11CRYNFO-CRY,,Crystal Palace,Nott'm Forest,2026-10-11T16:00:00Z,home,0.35,0.37,0.36,0.02,157.86,48.0,73.22,48.0,73.22,active,kalshi,2026-09-29T03:38:27.524594+00:00
soccer,EPL,KXEPLGAME-26OCT11HULEVE,KXEPLGAME-26OCT11HULEVE-EVE,,Hull,Everton,2026-10-11T16:00:00Z,away,0.44,0.46,0.45,0.02,254.38,1.0,50.2,40.15,50.2,active,kalshi,2026-09-29T03:38:27.524594+00:00
soccer,EPL,KXEPLGAME-26OCT11HULEVE,KXEPLGAME-26OCT11HULEVE-TIE,,Hull,Everton,2026-10-11T16:00:00Z,draw,0.28,0.29,0.28500000000000003,0.01,338.35,1556.72,85.28,70.0,85.28,active,kalshi,2026-09-29T03:38:27.524594+00:00
soccer,EPL,KXEPLGAME-26OCT11HULEVE,KXEPLGAME-26OCT11HULEVE-HUL,,Hull,Everton,2026-10-11T16:00:00Z,home,0.22,0.26,0.24,0.04,277.35,1456.37,215.41,79.0,215.41,active,kalshi,2026-09-29T03:38:27.524594+00:00
soccer,EPL,KXEPLGAME-26OCT11LFCMCI,KXEPLGAME-26OCT11LFCMCI-MCI,,Liverpool,Man City,2026-10-11T18:30:00Z,away,0.4,0.41,0.405,0.01,28.0,213.87,12861.46,8972.77,12337.2,active,kalshi,2026-09-29T03:38:27.524594+00:00
soccer,EPL,KXEPLGAME-26OCT11LFCMCI,KXEPLGAME-26OCT11LFCMCI-TIE,,Liverpool,Man City,2026-10-11T18:30:00Z,draw,0.25,0.26,0.255,0.01,240.0,2682.63,629.58,483.2,629.58,active,kalshi,2026-09-29T03:38:27.524594+00:00
soccer,EPL,KXEPLGAME-26OCT11LFCMCI,KXEPLGAME-26OCT11LFCMCI-LFC,,Liverpool,Man City,2026-10-11T18:30:00Z,home,0.35,0.36,0.355,0.01,377.22,6630.3,2523.52,2193.77,2364.52,active,kalshi,2026-09-29T03:38:27.524594+00:00
soccer,EPL,KXEPLGAME-26OCT12COVNEW,KXEPLGAME-26OCT12COVNEW-NEW,,Coventry,Newcastle,2026-10-12T22:00:00Z,away,0.44,0.46,0.45,0.02,183.21,135.05,1302.4,1302.4,1302.4,active,kalshi,2026-09-29T03:38:27.524594+00:00
soccer,EPL,KXEPLGAME-26OCT12COVNEW,KXEPLGAME-26OCT12COVNEW-TIE,,Coventry,Newcastle,2026-10-12T22:00:00Z,draw,0.25,0.27,0.26,0.02,183.16,1516.15,0.0,0.0,0.0,active,kalshi,2026-09-29T03:38:27.524594+00:00
soccer,EPL,KXEPLGAME-26OCT12COVNEW,KXEPLGAME-26OCT12COVNEW-COV,,Coventry,Newcastle,2026-10-12T22:00:00Z,home,0.27,0.3,0.28500000000000003,0.03,183.18,5276.26,0.0,0.0,0.0,active,kalshi,2026-09-29T03:38:27.524594+00:00
soccer,EPL,KXEPLGAME-26OCT10ARSLEE,KXEPLGAME-26OCT10ARSLEE-LEE,,Arsenal,Leeds,2026-10-10T14:30:00Z,away,0.11,0.13,0.12,0.02,4515.52,6723.97,6352.69,3253.95,4774.54,active,kalshi,2026-09-29T04:02:26.892664+00:00
soccer,EPL,KXEPLGAME-26OCT10ARSLEE,KXEPLGAME-26OCT10ARSLEE-TIE,,Arsenal,Leeds,2026-10-10T14:30:00Z,draw,0.17,0.19,0.18,0.02,950.0,5067.67,302.32,75.71,285.32,active,kalshi,2026-09-29T04:02:26.892664+00:00
soccer,EPL,KXEPLGAME-26OCT10ARSLEE,KXEPLGAME-26OCT10ARSLEE-ARS,,Arsenal,Leeds,2026-10-10T14:30:00Z,home,0.71,0.72,0.715,0.01,502.86,211.3,17818.71,3835.96,15377.69,active,kalshi,2026-09-29T04:02:26.892664+00:00
soccer,EPL,KXEPLGAME-26OCT10AVLBRE,KXEPLGAME-26OCT10AVLBRE-BRE,,Aston Villa,Brentford,2026-10-10T17:00:00Z,away,0.35,0.37,0.36,0.02,182.32,0.18,1322.38,127.0,1206.94,active,kalshi,2026-09-29T04:02:26.892664+00:00
soccer,EPL,KXEPLGAME-26OCT10AVLBRE,KXEPLGAME-26OCT10AVLBRE-TIE,,Aston Villa,Brentford,2026-10-10T17:00:00Z,draw,0.26,0.28,0.27,0.02,388.03,1724.07,855.94,60.3,852.94,active,kalshi,2026-09-29T04:02:26.892664+00:00
soccer,EPL,KXEPLGAME-26OCT10AVLBRE,KXEPLGAME-26OCT10AVLBRE-AVL,,Aston Villa,Brentford,2026-10-10T17:00:00Z,home,0.35,0.37,0.36,0.02,187.36,127.55,929.5,107.32,864.5,active,kalshi,2026-09-29T04:02:26.892664+00:00
soccer,EPL,KXEPLGAME-26OCT10CFCBOU,KXEPLGAME-26OCT10CFCBOU-BOU,,Chelsea,Bournemouth,2026-10-10T17:00:00Z,away,0.19,0.21,0.2,0.02,249.66,963.8,376.42,90.6,376.42,active,kalshi,2026-09-29T04:02:26.892664+00:00
soccer,EPL,KXEPLGAME-26OCT10CFCBOU,KXEPLGAME-26OCT10CFCBOU-TIE,,Chelsea,Bournemouth,2026-10-10T17:00:00Z,draw,0.22,0.23,0.225,0.01,872.45,860.87,565.26,71.13,563.26,active,kalshi,2026-09-29T04:02:26.892664+00:00
soccer,EPL,KXEPLGAME-26OCT10CFCBOU,KXEPLGAME-26OCT10CFCBOU-CFC,,Chelsea,Bournemouth,2026-10-10T17:00:00Z,home,0.56,0.57,0.565,0.01,27.11,53.07,15225.2,474.23,14137.34,active,kalshi,2026-09-29T04:02:26.892664+00:00
soccer,EPL,KXEPLGAME-26OCT10IPSFUL,KXEPLGAME-26OCT10IPSFUL-FUL,,Ipswich,Fulham,2026-10-10T17:00:00Z,away,0.36,0.39,0.375,0.03,258.34,374.2,556.67,182.47,433.73,active,kalshi,2026-09-29T04:02:26.892664+00:00
soccer,EPL,KXEPLGAME-26OCT10IPSFUL,KXEPLGAME-26OCT10IPSFUL-TIE,,Ipswich,Fulham,2026-10-10T17:00:00Z,draw,0.26,0.27,0.265,0.01,414.33,1333.0,107.06,59.37,107.06,active,kalshi,2026-09-29T04:02:26.892664+00:00
soccer,EPL,KXEPLGAME-26OCT10IPSFUL,KXEPLGAME-26OCT10IPSFUL-IPS,,Ipswich,Fulham,2026-10-10T17:00:00Z,home,0.34,0.37,0.355,0.03,214.25,375.35,214.03,36.0,214.03,active,kalshi,2026-09-29T04:02:26.892664+00:00
soccer,EPL,KXEPLGAME-26OCT10MUNTOT,KXEPLGAME-26OCT10MUNTOT-TOT,,Man United,Tottenham,2026-10-10T19:30:00Z,away,0.2,0.22,0.21000000000000002,0.02,542.82,982.0,2301.11,1000.76,2289.65,active,kalshi,2026-09-29T04:02:26.892664+00:00
soccer,EPL,KXEPLGAME-26OCT10MUNTOT,KXEPLGAME-26OCT10MUNTOT-TIE,,Man United,Tottenham,2026-10-10T19:30:00Z,draw,0.21,0.22,0.215,0.01,481.79,526.0,428.65,68.35,428.65,active,kalshi,2026-09-29T04:02:26.892664+00:00
soccer,EPL,KXEPLGAME-26OCT10MUNTOT,KXEPLGAME-26OCT10MUNTOT-MUN,,Man United,Tottenham,2026-10-10T19:30:00Z,home,0.56,0.57,0.565,0.01,53.41,145.38,7355.43,2400.25,6802.63,active,kalshi,2026-09-29T04:02:26.892664+00:00
soccer,EPL,KXEPLGAME-26OCT10SUNBRI,KXEPLGAME-26OCT10SUNBRI-BRI,,Sunderland,Brighton,2026-10-10T17:00:00Z,away,0.4,0.41,0.405,0.01,430.56,99.32,5949.34,270.67,4571.48,active,kalshi,2026-09-29T04:02:26.892664+00:00
soccer,EPL,KXEPLGAME-26OCT10SUNBRI,KXEPLGAME-26OCT10SUNBRI-TIE,,Sunderland,Brighton,2026-10-10T17:00:00Z,draw,0.26,0.27,0.265,0.01,214.65,612.0,905.25,189.56,560.71,active,kalshi,2026-09-29T04:02:26.892664+00:00
soccer,EPL,KXEPLGAME-26OCT10SUNBRI,KXEPLGAME-26OCT10SUNBRI-SUN,,Sunderland,Brighton,2026-10-10T17:00:00Z,home,0.3,0.33,0.315,0.03,1600.28,153.27,363.08,0.28,363.08,active,kalshi,2026-09-29T04:02:26.892664+00:00
soccer,EPL,KXEPLGAME-26OCT11CRYNFO,KXEPLGAME-26OCT11CRYNFO-NFO,,Crystal Palace,Nott'm Forest,2026-10-11T16:00:00Z,away,0.33,0.37,0.35,0.04,275.88,1490.88,15.85,13.27,15.85,active,kalshi,2026-09-29T04:02:26.892664+00:00
soccer,EPL,KXEPLGAME-26OCT11CRYNFO,KXEPLGAME-26OCT11CRYNFO-TIE,,Crystal Palace,Nott'm Forest,2026-10-11T16:00:00Z,draw,0.28,0.29,0.28500000000000003,0.01,337.84,1724.0,0.0,0.0,0.0,active,kalshi,2026-09-29T04:02:26.892664+00:00
soccer,EPL,KXEPLGAME-26OCT11CRYNFO,KXEPLGAME-26OCT11CRYNFO-CRY,,Crystal Palace,Nott'm Forest,2026-10-11T16:00:00Z,home,0.32,0.37,0.345,0.05,157.86,48.0,73.22,48.0,73.22,active,kalshi,2026-09-29T04:02:26.892664+00:00
soccer,EPL,KXEPLGAME-26OCT11HULEVE,KXEPLGAME-26OCT11HULEVE-EVE,,Hull,Everton,2026-10-11T16:00:00Z,away,0.44,0.46,0.45,0.02,254.38,1.0,50.2,40.15,50.2,active,kalshi,2026-09-29T04:02:26.892664+00:00
soccer,EPL,KXEPLGAME-26OCT11HULEVE,KXEPLGAME-26OCT11HULEVE-TIE,,Hull,Everton,2026-10-11T16:00:00Z,draw,0.28,0.29,0.28500000000000003,0.01,338.35,1556.72,85.28,70.0,85.28,active,kalshi,2026-09-29T04:02:26.892664+00:00
soccer,EPL,KXEPLGAME-26OCT11HULEVE,KXEPLGAME-26OCT11HULEVE-HUL,,Hull,Everton,2026-10-11T16:00:00Z,home,0.22,0.26,0.24,0.04,277.35,1456.37,215.41,79.0,215.41,active,kalshi,2026-09-29T04:02:26.892664+00:00
soccer,EPL,KXEPLGAME-26OCT11LFCMCI,KXEPLGAME-26OCT11LFCMCI-MCI,,Liverpool,Man City,2026-10-11T18:30:00Z,away,0.4,0.41,0.405,0.01,28.0,232.05,12861.46,8965.48,12337.2,active,kalshi,2026-09-29T04:02:26.892664+00:00
soccer,EPL,KXEPLGAME-26OCT11LFCMCI,KXEPLGAME-26OCT11LFCMCI-TIE,,Liverpool,Man City,2026-10-11T18:30:00Z,draw,0.25,0.26,0.255,0.01,240.0,2682.63,629.58,483.2,629.58,active,kalshi,2026-09-29T04:02:26.892664+00:00
soccer,EPL,KXEPLGAME-26OCT11LFCMCI,KXEPLGAME-26OCT11LFCMCI-LFC,,Liverpool,Man City,2026-10-11T18:30:00Z,home,0.35,0.36,0.355,0.01,377.22,3963.3,2523.52,2193.77,2364.52,active,kalshi,2026-09-29T04:02:26.892664+00:00
soccer,EPL,KXEPLGAME-26OCT12COVNEW,KXEPLGAME-26OCT12COVNEW-NEW,,Coventry,Newcastle,2026-10-12T22:00:00Z,away,0.44,0.46,0.45,0.02,183.21,135.05,1302.4,1302.4,1302.4,active,kalshi,2026-09-29T04:02:26.892664+00:00
soccer,EPL,KXEPLGAME-26OCT12COVNEW,KXEPLGAME-26OCT12COVNEW-TIE,,Coventry,Newcastle,2026-10-12T22:00:00Z,draw,0.25,0.27,0.26,0.02,183.16,320.15,0.0,0.0,0.0,active,kalshi,2026-09-29T04:02:26.892664+00:00
soccer,EPL,KXEPLGAME-26OCT12COVNEW,KXEPLGAME-26OCT12COVNEW-COV,,Coventry,Newcastle,2026-10-12T22:00:00Z,home,0.27,0.3,0.28500000000000003,0.03,183.18,2233.26,0.0,0.0,0.0,active,kalshi,2026-09-29T04:02:26.892664+00:00
soccer,EPL,KXEPLGAME-26OCT10ARSLEE,KXEPLGAME-26OCT10ARSLEE-LEE,,Arsenal,Leeds,2026-10-10T14:30:00Z,away,0.11,0.13,0.12,0.02,4514.96,8723.97,6352.69,3246.95,4774.54,active,kalshi,2026-09-29T04:37:44.778554+00:00
soccer,EPL,KXEPLGAME-26OCT10ARSLEE,KXEPLGAME-26OCT10ARSLEE-TIE,,Arsenal,Leeds,2026-10-10T14:30:00Z,draw,0.17,0.19,0.18,0.02,950.0,4992.67,302.32,1.0,285.32,active,kalshi,2026-09-29T04:37:44.778554+00:00
soccer,EPL,KXEPLGAME-26OCT10ARSLEE,KXEPLGAME-26OCT10ARSLEE-ARS,,Arsenal,Leeds,2026-10-10T14:30:00Z,home,0.71,0.72,0.715,0.01,501.62,452.51,17824.71,3822.88,15383.69,active,kalshi,2026-09-29T04:37:44.778554+00:00
soccer,EPL,KXEPLGAME-26OCT10AVLBRE,KXEPLGAME-26OCT10AVLBRE-BRE,,Aston Villa,Brentford,2026-10-10T17:00:00Z,away,0.35,0.37,0.36,0.02,182.32,0.18,1322.38,115.0,1206.94,active,kalshi,2026-09-29T04:37:44.778554+00:00
soccer,EPL,KXEPLGAME-26OCT10AVLBRE,KXEPLGAME-26OCT10AVLBRE-TIE,,Aston Villa,Brentford,2026-10-10T17:00:00Z,draw,0.26,0.28,0.27,0.02,388.03,4971.07,855.94,9.3,852.94,active,kalshi,2026-09-29T04:37:44.778554+00:00
soccer,EPL,KXEPLGAME-26OCT10AVLBRE,KXEPLGAME-26OCT10AVLBRE-AVL,,Aston Villa,Brentford,2026-10-10T17:00:00Z,home,0.35,0.37,0.36,0.02,187.38,127.55,929.5,107.32,864.5,active,kalshi,2026-09-29T04:37:44.778554+00:00
soccer,EPL,KXEPLGAME-26OCT10CFCBOU,KXEPLGAME-26OCT10CFCBOU-BOU,,Chelsea,Bournemouth,2026-10-10T17:00:00Z,away,0.19,0.21,0.2,0.02,249.66,963.8,376.42,90.6,376.42,active,kalshi,2026-09-29T04:37:44.778554+00:00
soccer,EPL,KXEPLGAME-26OCT10CFCBOU,KXEPLGAME-26OCT10CFCBOU-TIE,,Chelsea,Bournemouth,2026-10-10T17:00:00Z,draw,0.22,0.23,0.225,0.01,872.45,860.87,565.26,9.25,563.26,active,kalshi,2026-09-29T04:37:44.778554+00:00
soccer,EPL,KXEPLGAME-26OCT10CFCBOU,KXEPLGAME-26OCT10CFCBOU-CFC,,Chelsea,Bournemouth,2026-10-10T17:00:00Z,home,0.56,0.57,0.565,0.01,36.95,172.2,15230.22,479.25,14142.36,active,kalshi,2026-09-29T04:37:44.778554+00:00
soccer,EPL,KXEPLGAME-26OCT10IPSFUL,KXEPLGAME-26OCT10IPSFUL-FUL,,Ipswich,Fulham,2026-10-10T17:00:00Z,away,0.36,0.39,0.375,0.03,258.34,1541.2,556.67,182.47,433.73,active,kalshi,2026-09-29T04:37:44.778554+00:00
soccer,EPL,KXEPLGAME-26OCT10IPSFUL,KXEPLGAME-26OCT10IPSFUL-TIE,,Ipswich,Fulham,2026-10-10T17:00:00Z,draw,0.26,0.27,0.265,0.01,414.33,2000.0,107.06,6.52,107.06,active,kalshi,2026-09-29T04:37:44.778554+00:00
soccer,EPL,KXEPLGAME-26OCT10IPSFUL,KXEPLGAME-26OCT10IPSFUL-IPS,,Ipswich,Fulham,2026-10-10T17:00:00Z,home,0.34,0.37,0.355,0.03,214.36,1547.35,214.03,24.0,214.03,active,kalshi,2026-09-29T04:37:44.778554+00:00
soccer,EPL,KXEPLGAME-26OCT10MUNTOT,KXEPLGAME-26OCT10MUNTOT-TOT,,Man United,Tottenham,2026-10-10T19:30:00Z,away,0.2,0.22,0.21000000000000002,0.02,788.82,2000.0,2301.11,979.21,2289.65,active,kalshi,2026-09-29T04:37:44.778554+00:00
soccer,EPL,KXEPLGAME-26OCT10MUNTOT,KXEPLGAME-26OCT10MUNTOT-TIE,,Man United,Tottenham,2026-10-10T19:30:00Z,draw,0.21,0.22,0.215,0.01,1111.79,526.0,428.65,68.35,428.65,active,kalshi,2026-09-29T04:37:44.778554+00:00
soccer,EPL,KXEPLGAME-26OCT10MUNTOT,KXEPLGAME-26OCT10MUNTOT-MUN,,Man United,Tottenham,2026-10-10T19:30:00Z,home,0.56,0.57,0.565,0.01,47.66,151.49,7355.43,2314.1,6802.63,active,kalshi,2026-09-29T04:37:44.778554+00:00
soccer,EPL,KXEPLGAME-26OCT10SUNBRI,KXEPLGAME-26OCT10SUNBRI-BRI,,Sunderland,Brighton,2026-10-10T17:00:00Z,away,0.4,0.41,0.405,0.01,430.48,94.64,5954.02,264.35,4576.16,active,kalshi,2026-09-29T04:37:44.778554+00:00
soccer,EPL,KXEPLGAME-26OCT10SUNBRI,KXEPLGAME-26OCT10SUNBRI-TIE,,Sunderland,Brighton,2026-10-10T17:00:00Z,draw,0.26,0.27,0.265,0.01,214.65,612.0,905.25,136.71,560.71,active,kalshi,2026-09-29T04:37:44.778554+00:00
soccer,EPL,KXEPLGAME-26OCT10SUNBRI,KXEPLGAME-26OCT10SUNBRI-SUN,,Sunderland,Brighton,2026-10-10T17:00:00Z,home,0.3,0.33,0.315,0.03,3318.28,153.27,363.08,0.28,363.08,active,kalshi,2026-09-29T04:37:44.778554+00:00
soccer,EPL,KXEPLGAME-26OCT11CRYNFO,KXEPLGAME-26OCT11CRYNFO-NFO,,Crystal Palace,Nott'm Forest,2026-10-11T16:00:00Z,away,0.33,0.37,0.35,0.04,275.88,1490.88,15.85,13.27,15.85,active,kalshi,2026-09-29T04:37:44.778554+00:00
soccer,EPL,KXEPLGAME-26OCT11CRYNFO,KXEPLGAME-26OCT11CRYNFO-TIE,,Crystal Palace,Nott'm Forest,2026-10-11T16:00:00Z,draw,0.28,0.29,0.28500000000000003,0.01,337.84,4985.0,0.0,0.0,0.0,active,kalshi,2026-09-29T04:37:44.778554+00:00
soccer,EPL,KXEPLGAME-26OCT11CRYNFO,KXEPLGAME-26OCT11CRYNFO-CRY,,Crystal Palace,Nott'm Forest,2026-10-11T16:00:00Z,home,0.34,0.37,0.355,0.03,252.88,127.86,73.22,48.0,73.22,active,kalshi,2026-09-29T04:37:44.778554+00:00
soccer,EPL,KXEPLGAME-26OCT11HULEVE,KXEPLGAME-26OCT11HULEVE-EVE,,Hull,Everton,2026-10-11T16:00:00Z,away,0.44,0.46,0.45,0.02,254.38,1.0,54.31,44.26,50.2,active,kalshi,2026-09-29T04:37:44.778554+00:00
soccer,EPL,KXEPLGAME-26OCT11HULEVE,KXEPLGAME-26OCT11HULEVE-TIE,,Hull,Everton,2026-10-11T16:00:00Z,draw,0.28,0.29,0.28500000000000003,0.01,338.35,1556.72,85.28,70.0,85.28,active,kalshi,2026-09-29T04:37:44.778554+00:00
soccer,EPL,KXEPLGAME-26OCT11HULEVE,KXEPLGAME-26OCT11HULEVE-HUL,,Hull,Everton,2026-10-11T16:00:00Z,home,0.22,0.26,0.24,0.04,277.35,1752.37,216.41,63.0,216.41,active,kalshi,2026-09-29T04:37:44.778554+00:00
soccer,EPL,KXEPLGAME-26OCT11LFCMCI,KXEPLGAME-26OCT11LFCMCI-MCI,,Liverpool,Man City,2026-10-11T18:30:00Z,away,0.4,0.41,0.405,0.01,28.0,314.12,12884.46,8976.49,12360.2,active,kalshi,2026-09-29T04:37:44.778554+00:00
soccer,EPL,KXEPLGAME-26OCT11LFCMCI,KXEPLGAME-26OCT11LFCMCI-TIE,,Liverpool,Man City,2026-10-11T18:30:00Z,draw,0.25,0.26,0.255,0.01,240.0,2682.63,629.58,483.2,629.58,active,kalshi,2026-09-29T04:37:44.778554+00:00
soccer,EPL,KXEPLGAME-26OCT11LFCMCI,KXEPLGAME-26OCT11LFCMCI-LFC,,Liverpool,Man City,2026-10-11T18:30:00Z,home,0.35,0.36,0.355,0.01,377.2,6630.3,2523.52,1930.83,2364.52,active,kalshi,2026-09-29T04:37:44.778554+00:00
soccer,EPL,KXEPLGAME-26OCT12COVNEW,KXEPLGAME-26OCT12COVNEW-NEW,,Coventry,Newcastle,2026-10-12T22:00:00Z,away,0.44,0.46,0.45,0.02,183.19,204.18,1322.4,1274.4,1322.4,active,kalshi,2026-09-29T04:37:44.778554+00:00
soccer,EPL,KXEPLGAME-26OCT12COVNEW,KXEPLGAME-26OCT12COVNEW-TIE,,Coventry,Newcastle,2026-10-12T22:00:00Z,draw,0.25,0.27,0.26,0.02,1211.16,1482.15,34.0,34.0,34.0,active,kalshi,2026-09-29T04:37:44.778554+00:00
soccer,EPL,KXEPLGAME-26OCT12COVNEW,KXEPLGAME-26OCT12COVNEW-COV,,Coventry,Newcastle,2026-10-12T22:00:00Z,home,0.27,0.3,0.28500000000000003,0.03,183.18,5276.26,0.0,0.0,0.0,active,kalshi,2026-09-29T04:37:44.778554+00:00
soccer,EPL,KXEPLGAME-26OCT10ARSLEE,KXEPLGAME-26OCT10ARSLEE-LEE,,Arsenal,Leeds,2026-10-10T14:30:00Z,away,0.11,0.13,0.12,0.02,4517.41,8650.03,6428.04,2705.19,4849.89,active,kalshi,2026-09-29T10:03:32.492684+00:00
soccer,EPL,KXEPLGAME-26OCT10ARSLEE,KXEPLGAME-26OCT10ARSLEE-TIE,,Arsenal,Leeds,2026-10-10T14:30:00Z,draw,0.17,0.19,0.18,0.02,950.0,4975.69,307.3,4.98,290.3,active,kalshi,2026-09-29T10:03:32.492684+00:00
soccer,EPL,KXEPLGAME-26OCT10ARSLEE,KXEPLGAME-26OCT10ARSLEE-ARS,,Arsenal,Leeds,2026-10-10T14:30:00Z,home,0.71,0.72,0.715,0.01,520.89,321.41,18000.07,2607.02,15559.05,active,kalshi,2026-09-29T10:03:32.492684+00:00
soccer,EPL,KXEPLGAME-26OCT10AVLBRE,KXEPLGAME-26OCT10AVLBRE-BRE,,Aston Villa,Brentford,2026-10-10T17:00:00Z,away,0.35,0.37,0.36,0.02,182.32,0.18,1322.38,5.0,1206.94,active,kalshi,2026-09-29T10:03:32.492684+00:00
soccer,EPL,KXEPLGAME-26OCT10AVLBRE,KXEPLGAME-26OCT10AVLBRE-TIE,,Aston Villa,Brentford,2026-10-10T17:00:00Z,draw,0.26,0.28,0.27,0.02,359.03,4971.07,855.94,9.3,852.94,active,kalshi,2026-09-29T10:03:32.492684+00:00
soccer,EPL,KXEPLGAME-26OCT10AVLBRE,KXEPLGAME-26OCT10AVLBRE-AVL,,Aston Villa,Brentford,2026-10-10T17:00:00Z,home,0.35,0.37,0.36,0.02,187.38,292.79,1058.92,179.97,993.92,active,kalshi,2026-09-29T10:03:32.492684+00:00
soccer,EPL,KXEPLGAME-26OCT10CFCBOU,KXEPLGAME-26OCT10CFCBOU-BOU,,Chelsea,Bournemouth,2026-10-10T17:00:00Z,away,0.2,0.21,0.20500000000000002,0.01,172.06,959.29,380.93,95.11,380.93,active,kalshi,2026-09-29T10:03:32.492684+00:00
soccer,EPL,KXEPLGAME-26OCT10CFCBOU,KXEPLGAME-26OCT10CFCBOU-TIE,,Chelsea,Bournemouth,2026-10-10T17:00:00Z,draw,0.22,0.23,0.225,0.01,872.45,867.75,569.38,12.37,567.38,active,kalshi,2026-09-29T10:03:32.492684+00:00
soccer,EPL,KXEPLGAME-26OCT10CFCBOU,KXEPLGAME-26OCT10CFCBOU-CFC,,Chelsea,Bournemouth,2026-10-10T17:00:00Z,home,0.56,0.58,0.5700000000000001,0.02,72.32,331.92,15230.22,447.01,14142.36,active,kalshi,2026-09-29T10:03:32.492684+00:00
soccer,EPL,KXEPLGAME-26OCT10IPSFUL,KXEPLGAME-26OCT10IPSFUL-FUL,,Ipswich,Fulham,2026-10-10T17:00:00Z,away,0.36,0.39,0.375,0.03,258.34,1541.2,556.67,182.47,433.73,active,kalshi,2026-09-29T10:03:32.492684+00:00
soccer,EPL,KXEPLGAME-26OCT10IPSFUL,KXEPLGAME-26OCT10IPSFUL-TIE,,Ipswich,Fulham,2026-10-10T17:00:00Z,draw,0.26,0.27,0.265,0.01,414.33,2000.0,107.06,6.52,107.06,active,kalshi,2026-09-29T10:03:32.492684+00:00
soccer,EPL,KXEPLGAME-26OCT10IPSFUL,KXEPLGAME-26OCT10IPSFUL-IPS,,Ipswich,Fulham,2026-10-10T17:00:00Z,home,0.34,0.37,0.355,0.03,214.36,1547.35,214.03,0.0,214.03,active,kalshi,2026-09-29T10:03:32.492684+00:00
soccer,EPL,KXEPLGAME-26OCT10MUNTOT,KXEPLGAME-26OCT10MUNTOT-TOT,,Man United,Tottenham,2026-10-10T19:30:00Z,away,0.2,0.22,0.21000000000000002,0.02,812.83,1419.5,2356.8,810.21,2333.2,active,kalshi,2026-09-29T10:03:32.492684+00:00
soccer,EPL,KXEPLGAME-26OCT10MUNTOT,KXEPLGAME-26OCT10MUNTOT-TIE,,Man United,Tottenham,2026-10-10T19:30:00Z,draw,0.21,0.22,0.215,0.01,1865.79,521.69,432.96,55.66,432.96,active,kalshi,2026-09-29T10:03:32.492684+00:00
soccer,EPL,KXEPLGAME-26OCT10MUNTOT,KXEPLGAME-26OCT10MUNTOT-MUN,,Man United,Tottenham,2026-10-10T19:30:00Z,home,0.56,0.57,0.565,0.01,45.12,82.24,7439.43,1493.85,6886.63,active,kalshi,2026-09-29T10:03:32.492684+00:00
soccer,EPL,KXEPLGAME-26OCT10SUNBRI,KXEPLGAME-26OCT10SUNBRI-BRI,,Sunderland,Brighton,2026-10-10T17:00:00Z,away,0.4,0.41,0.405,0.01,428.84,100.0,5954.02,241.47,4576.16,active,kalshi,2026-09-29T10:03:32.492684+00:00
soccer,EPL,KXEPLGAME-26OCT10SUNBRI,KXEPLGAME-26OCT10SUNBRI-TIE,,Sunderland,Brighton,2026-10-10T17:00:00Z,draw,0.26,0.27,0.265,0.01,214.65,612.0,905.25,135.71,560.71,active,kalshi,2026-09-29T10:03:32.492684+00:00
soccer,EPL,KXEPLGAME-26OCT10SUNBRI,KXEPLGAME-26OCT10SUNBRI-SUN,,Sunderland,Brighton,2026-10-10T17:00:00Z,home,0.3,0.33,0.315,0.03,3042.28,153.27,391.08,28.28,363.08,active,kalshi,2026-09-29T10:03:32.492684+00:00
soccer,EPL,KXEPLGAME-26OCT11CRYNFO,KXEPLGAME-26OCT11CRYNFO-NFO,,Crystal Palace,Nott'm Forest,2026-10-11T16:00:00Z,away,0.33,0.37,0.35,0.04,275.88,1490.88,15.85,13.27,15.85,active,kalshi,2026-09-29T10:03:32.492684+00:00
soccer,EPL,KXEPLGAME-26OCT11CRYNFO,KXEPLGAME-26OCT11CRYNFO-TIE,,Crystal Palace,Nott'm Forest,2026-10-11T16:00:00Z,draw,0.28,0.29,0.28500000000000003,0.01,337.84,4985.0,0.0,0.0,0.0,active,kalshi,2026-09-29T10:03:32.492684+00:00
soccer,EPL,KXEPLGAME-26OCT11CRYNFO,KXEPLGAME-26OCT11CRYNFO-CRY,,Crystal Palace,Nott'm Forest,2026-10-11T16:00:00Z,home,0.34,0.37,0.355,0.03,252.88,127.87,73.22,48.0,73.22,active,kalshi,2026-09-29T10:03:32.492684+00:00
soccer,EPL,KXEPLGAME-26OCT11HULEVE,KXEPLGAME-26OCT11HULEVE-EVE,,Hull,Everton,2026-10-11T16:00:00Z,away,0.44,0.47,0.45499999999999996,0.03,281.41,158.36,54.31,24.16,50.2,active,kalshi,2026-09-29T10:03:32.492684+00:00
soccer,EPL,KXEPLGAME-26OCT11HULEVE,KXEPLGAME-26OCT11HULEVE-TIE,,Hull,Everton,2026-10-11T16:00:00Z,draw,0.28,0.29,0.28500000000000003,0.01,338.35,1556.72,85.28,0.0,85.28,active,kalshi,2026-09-29T10:03:32.492684+00:00
soccer,EPL,KXEPLGAME-26OCT11HULEVE,KXEPLGAME-26OCT11HULEVE-HUL,,Hull,Everton,2026-10-11T16:00:00Z,home,0.22,0.26,0.24,0.04,254.29,1456.34,216.41,35.0,216.41,active,kalshi,2026-09-29T10:03:32.492684+00:00
soccer,EPL,KXEPLGAME-26OCT11LFCMCI,KXEPLGAME-26OCT11LFCMCI-MCI,,Liverpool,Man City,2026-10-11T18:30:00Z,away,0.39,0.41,0.4,0.02,1407.39,1462.03,13430.23,4279.17,12898.33,active,kalshi,2026-09-29T10:03:32.492684+00:00
soccer,EPL,KXEPLGAME-26OCT11LFCMCI,KXEPLGAME-26OCT11LFCMCI-TIE,,Liverpool,Man City,2026-10-11T18:30:00Z,draw,0.25,0.26,0.255,0.01,240.0,3439.98,633.23,466.85,633.23,active,kalshi,2026-09-29T10:03:32.492684+00:00
soccer,EPL,KXEPLGAME-26OCT11LFCMCI,KXEPLGAME-26OCT11LFCMCI-LFC,,Liverpool,Man City,2026-10-11T18:30:00Z,home,0.34,0.35,0.345,0.01,1572.18,28.0,10798.74,10196.05,9503.32,active,kalshi,2026-09-29T10:03:32.492684+00:00
soccer,EPL,KXEPLGAME-26OCT12COVNEW,KXEPLGAME-26OCT12COVNEW-NEW,,Coventry,Newcastle,2026-10-12T22:00:00Z,away,0.43,0.46,0.445,0.03,2812.2,183.21,1322.4,1274.4,1322.4,active,kalshi,2026-09-29T10:03:32.492684+00:00
soccer,EPL,KXEPLGAME-26OCT12COVNEW,KXEPLGAME-26OCT12COVNEW-TIE,,Coventry,Newcastle,2026-10-12T22:00:00Z,draw,0.25,0.27,0.26,0.02,1300.16,2000.0,37.52,37.52,37.52,active,kalshi,2026-09-29T10:03:32.492684+00:00
soccer,EPL,KXEPLGAME-26OCT12COVNEW,KXEPLGAME-26OCT12COVNEW-COV,,Coventry,Newcastle,2026-10-12T22:00:00Z,home,0.27,0.3,0.28500000000000003,0.03,183.18,5276.26,0.0,0.0,0.0,active,kalshi,2026-09-29T10:03:32.492684+00:00
soccer,EPL,KXEPLGAME-26OCT10ARSLEE,KXEPLGAME-26OCT10ARSLEE-LEE,,Arsenal,Leeds,2026-10-10T14:30:00Z,away,0.11,0.13,0.12,0.02,4517.41,6086.03,6428.04,2705.19,4849.89,active,kalshi,2026-09-29T10:38:41.854487+00:00
soccer,EPL,KXEPLGAME-26OCT10ARSLEE,KXEPLGAME-26OCT10ARSLEE-TIE,,Arsenal,Leeds,2026-10-10T14:30:00Z,draw,0.17,0.19,0.18,0.02,950.0,4960.69,307.3,4.98,290.3,active,kalshi,2026-09-29T10:38:41.854487+00:00
soccer,EPL,KXEPLGAME-26OCT10ARSLEE,KXEPLGAME-26OCT10ARSLEE-ARS,,Arsenal,Leeds,2026-10-10T14:30:00Z,home,0.71,0.72,0.715,0.01,495.48,215.09,18000.07,2607.02,15559.05,active,kalshi,2026-09-29T10:38:41.854487+00:00
soccer,EPL,KXEPLGAME-26OCT10AVLBRE,KXEPLGAME-26OCT10AVLBRE-BRE,,Aston Villa,Brentford,2026-10-10T17:00:00Z,away,0.35,0.37,0.36,0.02,182.32,0.18,1322.38,5.0,1206.94,active,kalshi,2026-09-29T10:38:41.854487+00:00
soccer,EPL,KXEPLGAME-26OCT10AVLBRE,KXEPLGAME-26OCT10AVLBRE-TIE,,Aston Villa,Brentford,2026-10-10T17:00:00Z,draw,0.26,0.28,0.27,0.02,359.03,4971.07,855.94,9.3,852.94,active,kalshi,2026-09-29T10:38:41.854487+00:00
soccer,EPL,KXEPLGAME-26OCT10AVLBRE,KXEPLGAME-26OCT10AVLBRE-AVL,,Aston Villa,Brentford,2026-10-10T17:00:00Z,home,0.35,0.37,0.36,0.02,187.38,242.79,1058.92,179.97,993.92,active,kalshi,2026-09-29T10:38:41.854487+00:00
soccer,EPL,KXEPLGAME-26OCT10CFCBOU,KXEPLGAME-26OCT10CFCBOU-BOU,,Chelsea,Bournemouth,2026-10-10T17:00:00Z,away,0.2,0.21,0.20500000000000002,0.01,171.84,959.29,380.93,95.11,380.93,active,kalshi,2026-09-29T10:38:41.854487+00:00
soccer,EPL,KXEPLGAME-26OCT10CFCBOU,KXEPLGAME-26OCT10CFCBOU-TIE,,Chelsea,Bournemouth,2026-10-10T17:00:00Z,draw,0.22,0.23,0.225,0.01,872.45,867.75,569.38,12.37,567.38,active,kalshi,2026-09-29T10:38:41.854487+00:00
soccer,EPL,KXEPLGAME-26OCT10CFCBOU,KXEPLGAME-26OCT10CFCBOU-CFC,,Chelsea,Bournemouth,2026-10-10T17:00:00Z,home,0.56,0.58,0.5700000000000001,0.02,72.14,343.92,15230.22,413.01,14142.36,active,kalshi,2026-09-29T10:38:41.854487+00:00
soccer,EPL,KXEPLGAME-26OCT10IPSFUL,KXEPLGAME-26OCT10IPSFUL-FUL,,Ipswich,Fulham,2026-10-10T17:00:00Z,away,0.36,0.39,0.375,0.03,258.34,1541.2,556.67,182.47,433.73,active,kalshi,2026-09-29T10:38:41.854487+00:00
soccer,EPL,KXEPLGAME-26OCT10IPSFUL,KXEPLGAME-26OCT10IPSFUL-TIE,,Ipswich,Fulham,2026-10-10T17:00:00Z,draw,0.26,0.27,0.265,0.01,414.33,2000.0,107.06,6.52,107.06,active,kalshi,2026-09-29T10:38:41.854487+00:00
soccer,EPL,KXEPLGAME-26OCT10IPSFUL,KXEPLGAME-26OCT10IPSFUL-IPS,,Ipswich,Fulham,2026-10-10T17:00:00Z,home,0.34,0.37,0.355,0.03,214.36,1547.35,214.03,0.0,214.03,active,kalshi,2026-09-29T10:38:41.854487+00:00
soccer,EPL,KXEPLGAME-26OCT10MUNTOT,KXEPLGAME-26OCT10MUNTOT-TOT,,Man United,Tottenham,2026-10-10T19:30:00Z,away,0.2,0.22,0.21000000000000002,0.02,245.83,1419.5,2356.8,810.21,2333.2,active,kalshi,2026-09-29T10:38:41.854487+00:00
soccer,EPL,KXEPLGAME-26OCT10MUNTOT,KXEPLGAME-26OCT10MUNTOT-TIE,,Man United,Tottenham,2026-10-10T19:30:00Z,draw,0.21,0.22,0.215,0.01,1041.79,521.69,432.96,55.66,432.96,active,kalshi,2026-09-29T10:38:41.854487+00:00
soccer,EPL,KXEPLGAME-26OCT10MUNTOT,KXEPLGAME-26OCT10MUNTOT-MUN,,Man United,Tottenham,2026-10-10T19:30:00Z,home,0.56,0.57,0.565,0.01,16.71,2.89,7439.43,1493.85,6886.63,active,kalshi,2026-09-29T10:38:41.854487+00:00
soccer,EPL,KXEPLGAME-26OCT10SUNBRI,KXEPLGAME-26OCT10SUNBRI-BRI,,Sunderland,Brighton,2026-10-10T17:00:00Z,away,0.4,0.41,0.405,0.01,86.05,100.0,5954.02,241.47,4576.16,active,kalshi,2026-09-29T10:38:41.854487+00:00
soccer,EPL,KXEPLGAME-26OCT10SUNBRI,KXEPLGAME-26OCT10SUNBRI-TIE,,Sunderland,Brighton,2026-10-10T17:00:00Z,draw,0.26,0.27,0.265,0.01,214.65,612.0,905.25,135.71,560.71,active,kalshi,2026-09-29T10:38:41.854487+00:00
soccer,EPL,KXEPLGAME-26OCT10SUNBRI,KXEPLGAME-26OCT10SUNBRI-SUN,,Sunderland,Brighton,2026-10-10T17:00:00Z,home,0.3,0.33,0.315,0.03,1271.28,153.27,391.08,28.28,363.08,active,kalshi,2026-09-29T10:38:41.854487+00:00
soccer,EPL,KXEPLGAME-26OCT11CRYNFO,KXEPLGAME-26OCT11CRYNFO-NFO,,Crystal Palace,Nott'm Forest,2026-10-11T16:00:00Z,away,0.33,0.37,0.35,0.04,275.88,1490.88,15.85,13.27,15.85,active,kalshi,2026-09-29T10:38:41.854487+00:00
soccer,EPL,KXEPLGAME-26OCT11CRYNFO,KXEPLGAME-26OCT11CRYNFO-TIE,,Crystal Palace,Nott'm Forest,2026-10-11T16:00:00Z,draw,0.28,0.29,0.28500000000000003,0.01,337.84,4985.0,0.0,0.0,0.0,active,kalshi,2026-09-29T10:38:41.854487+00:00
soccer,EPL,KXEPLGAME-26OCT11CRYNFO,KXEPLGAME-26OCT11CRYNFO-CRY,,Crystal Palace,Nott'm Forest,2026-10-11T16:00:00Z,home,0.34,0.37,0.355,0.03,252.88,127.73,73.22,48.0,73.22,active,kalshi,2026-09-29T10:38:41.854487+00:00
soccer,EPL,KXEPLGAME-26OCT11HULEVE,KXEPLGAME-26OCT11HULEVE-EVE,,Hull,Everton,2026-10-11T16:00:00Z,away,0.44,0.47,0.45499999999999996,0.03,281.41,158.21,54.31,24.16,50.2,active,kalshi,2026-09-29T10:38:41.854487+00:00
soccer,EPL,KXEPLGAME-26OCT11HULEVE,KXEPLGAME-26OCT11HULEVE-TIE,,Hull,Everton,2026-10-11T16:00:00Z,draw,0.28,0.29,0.28500000000000003,0.01,338.2,1556.72,85.28,0.0,85.28,active,kalshi,2026-09-29T10:38:41.854487+00:00
soccer,EPL,KXEPLGAME-26OCT11HULEVE,KXEPLGAME-26OCT11HULEVE-HUL,,Hull,Everton,2026-10-11T16:00:00Z,home,0.22,0.26,0.24,0.04,254.29,1992.0,216.41,35.0,216.41,active,kalshi,2026-09-29T10:38:41.854487+00:00
soccer,EPL,KXEPLGAME-26OCT11LFCMCI,KXEPLGAME-26OCT11LFCMCI-MCI,,Liverpool,Man City,2026-10-11T18:30:00Z,away,0.39,0.41,0.4,0.02,927.39,401.73,13432.23,3403.07,12900.33,active,kalshi,2026-09-29T10:38:41.854487+00:00
soccer,EPL,KXEPLGAME-26OCT11LFCMCI,KXEPLGAME-26OCT11LFCMCI-TIE,,Liverpool,Man City,2026-10-11T18:30:00Z,draw,0.25,0.26,0.255,0.01,240.0,3439.98,633.23,466.85,633.23,active,kalshi,2026-09-29T10:38:41.854487+00:00
soccer,EPL,KXEPLGAME-26OCT11LFCMCI,KXEPLGAME-26OCT11LFCMCI-LFC,,Liverpool,Man City,2026-10-11T18:30:00Z,home,0.34,0.35,0.345,0.01,404.14,28.0,10798.74,10186.05,9503.32,active,kalshi,2026-09-29T10:38:41.854487+00:00
soccer,EPL,KXEPLGAME-26OCT12COVNEW,KXEPLGAME-26OCT12COVNEW-NEW,,Coventry,Newcastle,2026-10-12T22:00:00Z,away,0.43,0.46,0.445,0.03,1370.2,183.21,1322.4,1274.4,1322.4,active,kalshi,2026-09-29T10:38:41.854487+00:00
soccer,EPL,KXEPLGAME-26OCT12COVNEW,KXEPLGAME-26OCT12COVNEW-TIE,,Coventry,Newcastle,2026-10-12T22:00:00Z,draw,0.25,0.27,0.26,0.02,183.16,2000.0,37.52,37.52,37.52,active,kalshi,2026-09-29T10:38:41.854487+00:00
soccer,EPL,KXEPLGAME-26OCT12COVNEW,KXEPLGAME-26OCT12COVNEW-COV,,Coventry,Newcastle,2026-10-12T22:00:00Z,home,0.27,0.3,0.28500000000000003,0.03,183.18,5276.26,0.0,0.0,0.0,active,kalshi,2026-09-29T10:38:41.854487+00:00
soccer,EPL,KXEPLGAME-26OCT10ARSLEE,KXEPLGAME-26OCT10ARSLEE-LEE,,Arsenal,Leeds,2026-10-10T14:30:00Z,away,0.11,0.13,0.12,0.02,4517.41,6084.03,6430.04,2707.19,4851.89,active,kalshi,2026-09-29T11:02:49.954599+00:00
soccer,EPL,KXEPLGAME-26OCT10ARSLEE,KXEPLGAME-26OCT10ARSLEE-TIE,,Arsenal,Leeds,2026-10-10T14:30:00Z,draw,0.17,0.19,0.18,0.02,950.0,4960.69,307.3,4.98,290.3,active,kalshi,2026-09-29T11:02:49.954599+00:00
soccer,EPL,KXEPLGAME-26OCT10ARSLEE,KXEPLGAME-26OCT10ARSLEE-ARS,,Arsenal,Leeds,2026-10-10T14:30:00Z,home,0.71,0.72,0.715,0.01,501.7,212.26,18000.07,2597.02,15559.05,active,kalshi,2026-09-29T11:02:49.954599+00:00
soccer,EPL,KXEPLGAME-26OCT10AVLBRE,KXEPLGAME-26OCT10AVLBRE-BRE,,Aston Villa,Brentford,2026-10-10T17:00:00Z,away,0.35,0.37,0.36,0.02,182.32,0.18,1322.38,5.0,1206.94,active,kalshi,2026-09-29T11:02:49.954599+00:00
soccer,EPL,KXEPLGAME-26OCT10AVLBRE,KXEPLGAME-26OCT10AVLBRE-TIE,,Aston Villa,Brentford,2026-10-10T17:00:00Z,draw,0.26,0.28,0.27,0.02,359.03,4971.07,855.94,9.3,852.94,active,kalshi,2026-09-29T11:02:49.954599+00:00
soccer,EPL,KXEPLGAME-26OCT10AVLBRE,KXEPLGAME-26OCT10AVLBRE-AVL,,Aston Villa,Brentford,2026-10-10T17:00:00Z,home,0.35,0.37,0.36,0.02,187.38,191.79,1058.92,172.97,993.92,active,kalshi,2026-09-29T11:02:49.954599+00:00
soccer,EPL,KXEPLGAME-26OCT10CFCBOU,KXEPLGAME-26OCT10CFCBOU-BOU,,Chelsea,Bournemouth,2026-10-10T17:00:00Z,away,0.2,0.21,0.20500000000000002,0.01,171.84,959.29,380.93,95.11,380.93,active,kalshi,2026-09-29T11:02:49.954599+00:00
soccer,EPL,KXEPLGAME-26OCT10CFCBOU,KXEPLGAME-26OCT10CFCBOU-TIE,,Chelsea,Bournemouth,2026-10-10T17:00:00Z,draw,0.22,0.23,0.225,0.01,872.45,867.75,569.38,12.37,567.38,active,kalshi,2026-09-29T11:02:49.954599+00:00
soccer,EPL,KXEPLGAME-26OCT10CFCBOU,KXEPLGAME-26OCT10CFCBOU-CFC,,Chelsea,Bournemouth,2026-10-10T17:00:00Z,home,0.56,0.58,0.5700000000000001,0.02,90.72,343.92,15230.22,413.01,14142.36,active,kalshi,2026-09-29T11:02:49.954599+00:00
soccer,EPL,KXEPLGAME-26OCT10IPSFUL,KXEPLGAME-26OCT10IPSFUL-FUL,,Ipswich,Fulham,2026-10-10T17:00:00Z,away,0.36,0.39,0.375,0.03,258.34,1541.2,556.67,182.47,433.73,active,kalshi,2026-09-29T11:02:49.954599+00:00
soccer,EPL,KXEPLGAME-26OCT10IPSFUL,KXEPLGAME-26OCT10IPSFUL-TIE,,Ipswich,Fulham,2026-10-10T17:00:00Z,draw,0.26,0.27,0.265,0.01,414.33,2000.0,107.06,6.52,107.06,active,kalshi,2026-09-29T11:02:49.954599+00:00
soccer,EPL,KXEPLGAME-26OCT10IPSFUL,KXEPLGAME-26OCT10IPSFUL-IPS,,Ipswich,Fulham,2026-10-10T17:00:00Z,home,0.34,0.37,0.355,0.03,214.36,1547.35,214.03,0.0,214.03,active,kalshi,2026-09-29T11:02:49.954599+00:00
soccer,EPL,KXEPLGAME-26OCT10MUNTOT,KXEPLGAME-26OCT10MUNTOT-TOT,,Man United,Tottenham,2026-10-10T19:30:00Z,away,0.2,0.22,0.21000000000000002,0.02,245.83,1419.5,2356.8,801.21,2333.2,active,kalshi,2026-09-29T11:02:49.954599+00:00
soccer,EPL,KXEPLGAME-26OCT10MUNTOT,KXEPLGAME-26OCT10MUNTOT-TIE,,Man United,Tottenham,2026-10-10T19:30:00Z,draw,0.21,0.22,0.215,0.01,1041.79,521.69,432.96,55.66,432.96,active,kalshi,2026-09-29T11:02:49.954599+00:00
soccer,EPL,KXEPLGAME-26OCT10MUNTOT,KXEPLGAME-26OCT10MUNTOT-MUN,,Man United,Tottenham,2026-10-10T19:30:00Z,home,0.56,0.57,0.565,0.01,87.52,172.96,7439.43,1483.85,6886.63,active,kalshi,2026-09-29T11:02:49.954599+00:00
soccer,EPL,KXEPLGAME-26OCT10SUNBRI,KXEPLGAME-26OCT10SUNBRI-BRI,,Sunderland,Brighton,2026-10-10T17:00:00Z,away,0.4,0.41,0.405,0.01,45.79,100.0,5954.02,241.47,4576.16,active,kalshi,2026-09-29T11:02:49.954599+00:00
soccer,EPL,KXEPLGAME-26OCT10SUNBRI,KXEPLGAME-26OCT10SUNBRI-TIE,,Sunderland,Brighton,2026-10-10T17:00:00Z,draw,0.26,0.27,0.265,0.01,214.65,612.0,905.25,135.71,560.71,active,kalshi,2026-09-29T11:02:49.954599+00:00
soccer,EPL,KXEPLGAME-26OCT10SUNBRI,KXEPLGAME-26OCT10SUNBRI-SUN,,Sunderland,Brighton,2026-10-10T17:00:00Z,home,0.3,0.33,0.315,0.03,1271.28,153.27,391.08,28.28,363.08,active,kalshi,2026-09-29T11:02:49.954599+00:00
soccer,EPL,KXEPLGAME-26OCT11CRYNFO,KXEPLGAME-26OCT11CRYNFO-NFO,,Crystal Palace,Nott'm Forest,2026-10-11T16:00:00Z,away,0.33,0.37,0.35,0.04,275.88,1490.88,15.85,13.27,15.85,active,kalshi,2026-09-29T11:02:49.954599+00:00
soccer,EPL,KXEPLGAME-26OCT11CRYNFO,KXEPLGAME-26OCT11CRYNFO-TIE,,Crystal Palace,Nott'm Forest,2026-10-11T16:00:00Z,draw,0.28,0.29,0.28500000000000003,0.01,337.84,4985.0,0.0,0.0,0.0,active,kalshi,2026-09-29T11:02:49.954599+00:00
soccer,EPL,KXEPLGAME-26OCT11CRYNFO,KXEPLGAME-26OCT11CRYNFO-CRY,,Crystal Palace,Nott'm Forest,2026-10-11T16:00:00Z,home,0.34,0.37,0.355,0.03,252.88,127.73,73.22,48.0,73.22,active,kalshi,2026-09-29T11:02:49.954599+00:00
soccer,EPL,KXEPLGAME-26OCT11HULEVE,KXEPLGAME-26OCT11HULEVE-EVE,,Hull,Everton,2026-10-11T16:00:00Z,away,0.44,0.47,0.45499999999999996,0.03,281.41,158.21,54.31,24.16,50.2,active,kalshi,2026-09-29T11:02:49.954599+00:00
soccer,EPL,KXEPLGAME-26OCT11HULEVE,KXEPLGAME-26OCT11HULEVE-TIE,,Hull,Everton,2026-10-11T16:00:00Z,draw,0.28,0.29,0.28500000000000003,0.01,338.2,1556.72,85.28,0.0,85.28,active,kalshi,2026-09-29T11:02:49.954599+00:00
soccer,EPL,KXEPLGAME-26OCT11HULEVE,KXEPLGAME-26OCT11HULEVE-HUL,,Hull,Everton,2026-10-11T16:00:00Z,home,0.22,0.26,0.24,0.04,254.29,1456.19,216.41,35.0,216.41,active,kalshi,2026-09-29T11:02:49.954599+00:00
soccer,EPL,KXEPLGAME-26OCT11LFCMCI,KXEPLGAME-26OCT11LFCMCI-MCI,,Liverpool,Man City,2026-10-11T18:30:00Z,away,0.4,0.41,0.405,0.01,28.0,596.93,13453.55,3245.9,12921.65,active,kalshi,2026-09-29T11:02:49.954599+00:00
soccer,EPL,KXEPLGAME-26OCT11LFCMCI,KXEPLGAME-26OCT11LFCMCI-TIE,,Liverpool,Man City,2026-10-11T18:30:00Z,draw,0.25,0.26,0.255,0.01,240.0,3439.98,633.23,413.85,633.23,active,kalshi,2026-09-29T11:02:49.954599+00:00
soccer,EPL,KXEPLGAME-26OCT11LFCMCI,KXEPLGAME-26OCT11LFCMCI-LFC,,Liverpool,Man City,2026-10-11T18:30:00Z,home,0.34,0.35,0.345,0.01,404.14,29.23,10798.74,10148.05,9503.32,active,kalshi,2026-09-29T11:02:49.954599+00:00
soccer,EPL,KXEPLGAME-26OCT12COVNEW,KXEPLGAME-26OCT12COVNEW-NEW,,Coventry,Newcastle,2026-10-12T22:00:00Z,away,0.43,0.46,0.445,0.03,1370.2,183.21,1322.4,1274.4,1322.4,active,kalshi,2026-09-29T11:02:49.954599+00:00
soccer,EPL,KXEPLGAME-26OCT12COVNEW,KXEPLGAME-26OCT12COVNEW-TIE,,Coventry,Newcastle,2026-10-12T22:00:00Z,draw,0.25,0.27,0.26,0.02,183.16,2000.0,37.52,37.52,37.52,active,kalshi,2026-09-29T11:02:49.954599+00:00
soccer,EPL,KXEPLGAME-26OCT12COVNEW,KXEPLGAME-26OCT12COVNEW-COV,,Coventry,Newcastle,2026-10-12T22:00:00Z,home,0.27,0.3,0.28500000000000003,0.03,183.18,5276.26,0.0,0.0,0.0,active,kalshi,2026-09-29T11:02:49.954599+00:00
soccer,EPL,KXEPLGAME-26OCT10ARSLEE,KXEPLGAME-26OCT10ARSLEE-LEE,,Arsenal,Leeds,2026-10-10T14:30:00Z,away,0.11,0.13,0.12,0.02,4516.17,6111.03,6430.04,2707.19,4851.89,active,kalshi,2026-09-29T11:36:33.028056+00:00
soccer,EPL,KXEPLGAME-26OCT10ARSLEE,KXEPLGAME-26OCT10ARSLEE-TIE,,Arsenal,Leeds,2026-10-10T14:30:00Z,draw,0.17,0.19,0.18,0.02,950.0,4966.69,307.3,4.98,290.3,active,kalshi,2026-09-29T11:36:33.028056+00:00
soccer,EPL,KXEPLGAME-26OCT10ARSLEE,KXEPLGAME-26OCT10ARSLEE-ARS,,Arsenal,Leeds,2026-10-10T14:30:00Z,home,0.71,0.72,0.715,0.01,501.7,212.26,18000.07,2597.02,15559.05,active,kalshi,2026-09-29T11:36:33.028056+00:00
soccer,EPL,KXEPLGAME-26OCT10AVLBRE,KXEPLGAME-26OCT10AVLBRE-BRE,,Aston Villa,Brentford,2026-10-10T17:00:00Z,away,0.35,0.37,0.36,0.02,182.32,0.18,1322.38,5.0,1206.94,active,kalshi,2026-09-29T11:36:33.028056+00:00
soccer,EPL,KXEPLGAME-26OCT10AVLBRE,KXEPLGAME-26OCT10AVLBRE-TIE,,Aston Villa,Brentford,2026-10-10T17:00:00Z,draw,0.26,0.28,0.27,0.02,359.03,4971.07,855.94,9.3,852.94,active,kalshi,2026-09-29T11:36:33.028056+00:00
soccer,EPL,KXEPLGAME-26OCT10AVLBRE,KXEPLGAME-26OCT10AVLBRE-AVL,,Aston Villa,Brentford,2026-10-10T17:00:00Z,home,0.35,0.37,0.36,0.02,187.38,191.79,1058.92,172.97,993.92,active,kalshi,2026-09-29T11:36:33.028056+00:00
soccer,EPL,KXEPLGAME-26OCT10CFCBOU,KXEPLGAME-26OCT10CFCBOU-BOU,,Chelsea,Bournemouth,2026-10-10T17:00:00Z,away,0.2,0.21,0.20500000000000002,0.01,171.84,959.29,380.93,95.11,380.93,active,kalshi,2026-09-29T11:36:33.028056+00:00
soccer,EPL,KXEPLGAME-26OCT10CFCBOU,KXEPLGAME-26OCT10CFCBOU-TIE,,Chelsea,Bournemouth,2026-10-10T17:00:00Z,draw,0.22,0.23,0.225,0.01,872.45,867.75,569.38,12.37,567.38,active,kalshi,2026-09-29T11:36:33.028056+00:00
soccer,EPL,KXEPLGAME-26OCT10CFCBOU,KXEPLGAME-26OCT10CFCBOU-CFC,,Chelsea,Bournemouth,2026-10-10T17:00:00Z,home,0.56,0.58,0.5700000000000001,0.02,75.19,343.92,15230.22,413.01,14142.36,active,kalshi,2026-09-29T11:36:33.028056+00:00
soccer,EPL,KXEPLGAME-26OCT10IPSFUL,KXEPLGAME-26OCT10IPSFUL-FUL,,Ipswich,Fulham,2026-10-10T17:00:00Z,away,0.36,0.39,0.375,0.03,258.34,1541.2,556.67,182.47,433.73,active,kalshi,2026-09-29T11:36:33.028056+00:00
soccer,EPL,KXEPLGAME-26OCT10IPSFUL,KXEPLGAME-26OCT10IPSFUL-TIE,,Ipswich,Fulham,2026-10-10T17:00:00Z,draw,0.26,0.27,0.265,0.01,414.33,2000.0,107.06,6.52,107.06,active,kalshi,2026-09-29T11:36:33.028056+00:00
soccer,EPL,KXEPLGAME-26OCT10IPSFUL,KXEPLGAME-26OCT10IPSFUL-IPS,,Ipswich,Fulham,2026-10-10T17:00:00Z,home,0.34,0.37,0.355,0.03,214.36,1547.35,214.03,0.0,214.03,active,kalshi,2026-09-29T11:36:33.028056+00:00
soccer,EPL,KXEPLGAME-26OCT10MUNTOT,KXEPLGAME-26OCT10MUNTOT-TOT,,Man United,Tottenham,2026-10-10T19:30:00Z,away,0.2,0.22,0.21000000000000002,0.02,245.83,1419.5,2356.8,801.21,2333.2,active,kalshi,2026-09-29T11:36:33.028056+00:00
soccer,EPL,KXEPLGAME-26OCT10MUNTOT,KXEPLGAME-26OCT10MUNTOT-TIE,,Man United,Tottenham,2026-10-10T19:30:00Z,draw,0.21,0.22,0.215,0.01,1041.79,521.69,432.96,55.66,432.96,active,kalshi,2026-09-29T11:36:33.028056+00:00
soccer,EPL,KXEPLGAME-26OCT10MUNTOT,KXEPLGAME-26OCT10MUNTOT-MUN,,Man United,Tottenham,2026-10-10T19:30:00Z,home,0.56,0.57,0.565,0.01,87.52,172.99,7439.43,1483.85,6886.63,active,kalshi,2026-09-29T11:36:33.028056+00:00
soccer,EPL,KXEPLGAME-26OCT10SUNBRI,KXEPLGAME-26OCT10SUNBRI-BRI,,Sunderland,Brighton,2026-10-10T17:00:00Z,away,0.4,0.41,0.405,0.01,45.79,100.0,5954.02,241.47,4576.16,active,kalshi,2026-09-29T11:36:33.028056+00:00
soccer,EPL,KXEPLGAME-26OCT10SUNBRI,KXEPLGAME-26OCT10SUNBRI-TIE,,Sunderland,Brighton,2026-10-10T17:00:00Z,draw,0.26,0.27,0.265,0.01,214.65,612.0,905.25,135.71,560.71,active,kalshi,2026-09-29T11:36:33.028056+00:00
soccer,EPL,KXEPLGAME-26OCT10SUNBRI,KXEPLGAME-26OCT10SUNBRI-SUN,,Sunderland,Brighton,2026-10-10T17:00:00Z,home,0.3,0.33,0.315,0.03,1271.28,153.27,391.08,28.28,363.08,active,kalshi,2026-09-29T11:36:33.028056+00:00
soccer,EPL,KXEPLGAME-26OCT11CRYNFO,KXEPLGAME-26OCT11CRYNFO-NFO,,Crystal Palace,Nott'm Forest,2026-10-11T16:00:00Z,away,0.33,0.37,0.35,0.04,1325.88,1490.88,15.85,13.27,15.85,active,kalshi,2026-09-29T11:36:33.028056+00:00
soccer,EPL,KXEPLGAME-26OCT11CRYNFO,KXEPLGAME-26OCT11CRYNFO-TIE,,Crystal Palace,Nott'm Forest,2026-10-11T16:00:00Z,draw,0.28,0.29,0.28500000000000003,0.01,337.84,4985.0,0.0,0.0,0.0,active,kalshi,2026-09-29T11:36:33.028056+00:00
soccer,EPL,KXEPLGAME-26OCT11CRYNFO,KXEPLGAME-26OCT11CRYNFO-CRY,,Crystal Palace,Nott'm Forest,2026-10-11T16:00:00Z,home,0.34,0.37,0.355,0.03,252.88,127.73,73.22,48.0,73.22,active,kalshi,2026-09-29T11:36:33.028056+00:00
soccer,EPL,KXEPLGAME-26OCT11HULEVE,KXEPLGAME-26OCT11HULEVE-EVE,,Hull,Everton,2026-10-11T16:00:00Z,away,0.44,0.47,0.45499999999999996,0.03,281.41,158.21,54.31,24.16,50.2,active,kalshi,2026-09-29T11:36:33.028056+00:00
soccer,EPL,KXEPLGAME-26OCT11HULEVE,KXEPLGAME-26OCT11HULEVE-TIE,,Hull,Everton,2026-10-11T16:00:00Z,draw,0.28,0.29,0.28500000000000003,0.01,338.32,1556.72,85.28,0.0,85.28,active,kalshi,2026-09-29T11:36:33.028056+00:00
soccer,EPL,KXEPLGAME-26OCT11HULEVE,KXEPLGAME-26OCT11HULEVE-HUL,,Hull,Everton,2026-10-11T16:00:00Z,home,0.22,0.26,0.24,0.04,254.29,1992.0,216.41,35.0,216.41,active,kalshi,2026-09-29T11:36:33.028056+00:00
soccer,EPL,KXEPLGAME-26OCT11LFCMCI,KXEPLGAME-26OCT11LFCMCI-MCI,,Liverpool,Man City,2026-10-11T18:30:00Z,away,0.39,0.4,0.395,0.01,28.0,28.04,13453.55,3082.22,12921.65,active,kalshi,2026-09-29T11:36:33.028056+00:00
soccer,EPL,KXEPLGAME-26OCT11LFCMCI,KXEPLGAME-26OCT11LFCMCI-TIE,,Liverpool,Man City,2026-10-11T18:30:00Z,draw,0.25,0.26,0.255,0.01,240.0,3439.98,633.23,413.85,633.23,active,kalshi,2026-09-29T11:36:33.028056+00:00
soccer,EPL,KXEPLGAME-26OCT11LFCMCI,KXEPLGAME-26OCT11LFCMCI-LFC,,Liverpool,Man City,2026-10-11T18:30:00Z,home,0.35,0.36,0.355,0.01,28.0,182.87,11116.97,10440.28,9821.55,active,kalshi,2026-09-29T11:36:33.028056+00:00
soccer,EPL,KXEPLGAME-26OCT12COVNEW,KXEPLGAME-26OCT12COVNEW-NEW,,Coventry,Newcastle,2026-10-12T22:00:00Z,away,0.43,0.46,0.445,0.03,1400.2,213.21,1322.4,1274.4,1322.4,active,kalshi,2026-09-29T11:36:33.028056+00:00
soccer,EPL,KXEPLGAME-26OCT12COVNEW,KXEPLGAME-26OCT12COVNEW-TIE,,Coventry,Newcastle,2026-10-12T22:00:00Z,draw,0.25,0.27,0.26,0.02,213.16,2000.0,37.52,37.52,37.52,active,kalshi,2026-09-29T11:36:33.028056+00:00
soccer,EPL,KXEPLGAME-26OCT12COVNEW,KXEPLGAME-26OCT12COVNEW-COV,,Coventry,Newcastle,2026-10-12T22:00:00Z,home,0.27,0.3,0.28500000000000003,0.03,213.18,5306.26,0.0,0.0,0.0,active,kalshi,2026-09-29T11:36:33.028056+00:00
soccer,EPL,KXEPLGAME-26OCT10ARSLEE,KXEPLGAME-26OCT10ARSLEE-LEE,,Arsenal,Leeds,2026-10-10T14:30:00Z,away,0.11,0.13,0.12,0.02,4516.17,6111.03,6430.04,2707.19,4851.89,active,kalshi,2026-09-29T12:03:37.619521+00:00
soccer,EPL,KXEPLGAME-26OCT10ARSLEE,KXEPLGAME-26OCT10ARSLEE-TIE,,Arsenal,Leeds,2026-10-10T14:30:00Z,draw,0.17,0.19,0.18,0.02,950.0,4916.89,357.1,4.98,340.1,active,kalshi,2026-09-29T12:03:37.619521+00:00
soccer,EPL,KXEPLGAME-26OCT10ARSLEE,KXEPLGAME-26OCT10ARSLEE-ARS,,Arsenal,Leeds,2026-10-10T14:30:00Z,home,0.71,0.72,0.715,0.01,501.7,212.26,18000.07,2588.34,15559.05,active,kalshi,2026-09-29T12:03:37.619521+00:00
soccer,EPL,KXEPLGAME-26OCT10AVLBRE,KXEPLGAME-26OCT10AVLBRE-BRE,,Aston Villa,Brentford,2026-10-10T17:00:00Z,away,0.35,0.37,0.36,0.02,182.32,0.18,1322.38,5.0,1206.94,active,kalshi,2026-09-29T12:03:37.619521+00:00
soccer,EPL,KXEPLGAME-26OCT10AVLBRE,KXEPLGAME-26OCT10AVLBRE-TIE,,Aston Villa,Brentford,2026-10-10T17:00:00Z,draw,0.26,0.28,0.27,0.02,359.03,4971.07,855.94,9.3,852.94,active,kalshi,2026-09-29T12:03:37.619521+00:00
soccer,EPL,KXEPLGAME-26OCT10AVLBRE,KXEPLGAME-26OCT10AVLBRE-AVL,,Aston Villa,Brentford,2026-10-10T17:00:00Z,home,0.35,0.37,0.36,0.02,187.38,201.95,1058.92,172.97,993.92,active,kalshi,2026-09-29T12:03:37.619521+00:00
soccer,EPL,KXEPLGAME-26OCT10CFCBOU,KXEPLGAME-26OCT10CFCBOU-BOU,,Chelsea,Bournemouth,2026-10-10T17:00:00Z,away,0.2,0.21,0.20500000000000002,0.01,171.84,959.29,380.93,95.11,380.93,active,kalshi,2026-09-29T12:03:37.619521+00:00
soccer,EPL,KXEPLGAME-26OCT10CFCBOU,KXEPLGAME-26OCT10CFCBOU-TIE,,Chelsea,Bournemouth,2026-10-10T17:00:00Z,draw,0.22,0.23,0.225,0.01,872.45,867.75,569.38,12.37,567.38,active,kalshi,2026-09-29T12:03:37.619521+00:00
soccer,EPL,KXEPLGAME-26OCT10CFCBOU,KXEPLGAME-26OCT10CFCBOU-CFC,,Chelsea,Bournemouth,2026-10-10T17:00:00Z,home,0.56,0.57,0.565,0.01,56.84,171.58,15230.22,413.01,14142.36,active,kalshi,2026-09-29T12:03:37.619521+00:00
soccer,EPL,KXEPLGAME-26OCT10IPSFUL,KXEPLGAME-26OCT10IPSFUL-FUL,,Ipswich,Fulham,2026-10-10T17:00:00Z,away,0.36,0.39,0.375,0.03,258.34,1541.2,556.67,182.47,433.73,active,kalshi,2026-09-29T12:03:37.619521+00:00
soccer,EPL,KXEPLGAME-26OCT10IPSFUL,KXEPLGAME-26OCT10IPSFUL-TIE,,Ipswich,Fulham,2026-10-10T17:00:00Z,draw,0.26,0.27,0.265,0.01,414.33,2000.0,107.06,6.52,107.06,active,kalshi,2026-09-29T12:03:37.619521+00:00
soccer,EPL,KXEPLGAME-26OCT10IPSFUL,KXEPLGAME-26OCT10IPSFUL-IPS,,Ipswich,Fulham,2026-10-10T17:00:00Z,home,0.34,0.37,0.355,0.03,214.36,1547.35,214.03,0.0,214.03,active,kalshi,2026-09-29T12:03:37.619521+00:00
soccer,EPL,KXEPLGAME-26OCT10MUNTOT,KXEPLGAME-26OCT10MUNTOT-TOT,,Man United,Tottenham,2026-10-10T19:30:00Z,away,0.2,0.22,0.21000000000000002,0.02,245.83,1419.5,2356.8,801.21,2333.2,active,kalshi,2026-09-29T12:03:37.619521+00:00
soccer,EPL,KXEPLGAME-26OCT10MUNTOT,KXEPLGAME-26OCT10MUNTOT-TIE,,Man United,Tottenham,2026-10-10T19:30:00Z,draw,0.21,0.22,0.215,0.01,1041.79,521.69,432.96,12.56,432.96,active,kalshi,2026-09-29T12:03:37.619521+00:00
soccer,EPL,KXEPLGAME-26OCT10MUNTOT,KXEPLGAME-26OCT10MUNTOT-MUN,,Man United,Tottenham,2026-10-10T19:30:00Z,home,0.56,0.57,0.565,0.01,59.52,172.99,7439.43,1483.85,6886.63,active,kalshi,2026-09-29T12:03:37.619521+00:00
soccer,EPL,KXEPLGAME-26OCT10SUNBRI,KXEPLGAME-26OCT10SUNBRI-BRI,,Sunderland,Brighton,2026-10-10T17:00:00Z,away,0.4,0.41,0.405,0.01,45.79,100.0,5954.02,241.47,4576.16,active,kalshi,2026-09-29T12:03:37.619521+00:00
soccer,EPL,KXEPLGAME-26OCT10SUNBRI,KXEPLGAME-26OCT10SUNBRI-TIE,,Sunderland,Brighton,2026-10-10T17:00:00Z,draw,0.26,0.27,0.265,0.01,214.65,612.0,905.25,135.71,560.71,active,kalshi,2026-09-29T12:03:37.619521+00:00
soccer,EPL,KXEPLGAME-26OCT10SUNBRI,KXEPLGAME-26OCT10SUNBRI-SUN,,Sunderland,Brighton,2026-10-10T17:00:00Z,home,0.3,0.33,0.315,0.03,1271.28,153.27,391.08,28.28,363.08,active,kalshi,2026-09-29T12:03:37.619521+00:00
soccer,EPL,KXEPLGAME-26OCT11CRYNFO,KXEPLGAME-26OCT11CRYNFO-NFO,,Crystal Palace,Nott'm Forest,2026-10-11T16:00:00Z,away,0.33,0.37,0.35,0.04,1325.88,1490.88,15.85,13.27,15.85,active,kalshi,2026-09-29T12:03:37.619521+00:00
soccer,EPL,KXEPLGAME-26OCT11CRYNFO,KXEPLGAME-26OCT11CRYNFO-TIE,,Crystal Palace,Nott'm Forest,2026-10-11T16:00:00Z,draw,0.28,0.29,0.28500000000000003,0.01,337.84,4985.0,0.0,0.0,0.0,active,kalshi,2026-09-29T12:03:37.619521+00:00
soccer,EPL,KXEPLGAME-26OCT11CRYNFO,KXEPLGAME-26OCT11CRYNFO-CRY,,Crystal Palace,Nott'm Forest,2026-10-11T16:00:00Z,home,0.34,0.37,0.355,0.03,252.88,127.95,73.22,48.0,73.22,active,kalshi,2026-09-29T12:03:37.619521+00:00
soccer,EPL,KXEPLGAME-26OCT11HULEVE,KXEPLGAME-26OCT11HULEVE-EVE,,Hull,Everton,2026-10-11T16:00:00Z,away,0.44,0.47,0.45499999999999996,0.03,281.41,158.21,54.31,24.16,50.2,active,kalshi,2026-09-29T12:03:37.619521+00:00
soccer,EPL,KXEPLGAME-26OCT11HULEVE,KXEPLGAME-26OCT11HULEVE-TIE,,Hull,Everton,2026-10-11T16:00:00Z,draw,0.28,0.29,0.28500000000000003,0.01,338.32,1556.72,85.28,0.0,85.28,active,kalshi,2026-09-29T12:03:37.619521+00:00
soccer,EPL,KXEPLGAME-26OCT11HULEVE,KXEPLGAME-26OCT11HULEVE-HUL,,Hull,Everton,2026-10-11T16:00:00Z,home,0.22,0.26,0.24,0.04,254.29,1992.0,216.41,35.0,216.41,active,kalshi,2026-09-29T12:03:37.619521+00:00
soccer,EPL,KXEPLGAME-26OCT11LFCMCI,KXEPLGAME-26OCT11LFCMCI-MCI,,Liverpool,Man City,2026-10-11T18:30:00Z,away,0.39,0.4,0.395,0.01,184.4,13.99,13536.53,3023.24,12980.65,active,kalshi,2026-09-29T12:03:37.619521+00:00
soccer,EPL,KXEPLGAME-26OCT11LFCMCI,KXEPLGAME-26OCT11LFCMCI-TIE,,Liverpool,Man City,2026-10-11T18:30:00Z,draw,0.25,0.26,0.255,0.01,240.0,3439.98,633.23,413.85,633.23,active,kalshi,2026-09-29T12:03:37.619521+00:00
soccer,EPL,KXEPLGAME-26OCT11LFCMCI,KXEPLGAME-26OCT11LFCMCI-LFC,,Liverpool,Man City,2026-10-11T18:30:00Z,home,0.35,0.36,0.355,0.01,28.0,347.68,11116.97,10453.34,9821.55,active,kalshi,2026-09-29T12:03:37.619521+00:00
soccer,EPL,KXEPLGAME-26OCT12COVNEW,KXEPLGAME-26OCT12COVNEW-NEW,,Coventry,Newcastle,2026-10-12T22:00:00Z,away,0.43,0.46,0.445,0.03,1400.2,213.21,1322.4,1274.4,1322.4,active,kalshi,2026-09-29T12:03:37.619521+00:00
soccer,EPL,KXEPLGAME-26OCT12COVNEW,KXEPLGAME-26OCT12COVNEW-TIE,,Coventry,Newcastle,2026-10-12T22:00:00Z,draw,0.25,0.27,0.26,0.02,213.16,2000.0,37.52,37.52,37.52,active,kalshi,2026-09-29T12:03:37.619521+00:00
soccer,EPL,KXEPLGAME-26OCT12COVNEW,KXEPLGAME-26OCT12COVNEW-COV,,Coventry,Newcastle,2026-10-12T22:00:00Z,home,0.27,0.3,0.28500000000000003,0.03,213.18,5306.26,0.0,0.0,0.0,active,kalshi,2026-09-29T12:03:37.619521+00:00
soccer,EPL,KXEPLGAME-26OCT10ARSLEE,KXEPLGAME-26OCT10ARSLEE-LEE,,Arsenal,Leeds,2026-10-10T14:30:00Z,away,0.11,0.13,0.12,0.02,4517.29,6111.03,6430.04,2667.19,4851.89,active,kalshi,2026-09-29T12:44:10.585337+00:00
soccer,EPL,KXEPLGAME-26OCT10ARSLEE,KXEPLGAME-26OCT10ARSLEE-TIE,,Arsenal,Leeds,2026-10-10T14:30:00Z,draw,0.17,0.19,0.18,0.02,950.0,4928.89,357.1,54.78,340.1,active,kalshi,2026-09-29T12:44:10.585337+00:00
soccer,EPL,KXEPLGAME-26OCT10ARSLEE,KXEPLGAME-26OCT10ARSLEE-ARS,,Arsenal,Leeds,2026-10-10T14:30:00Z,home,0.71,0.72,0.715,0.01,501.7,212.45,18000.07,2588.34,15559.05,active,kalshi,2026-09-29T12:44:10.585337+00:00
soccer,EPL,KXEPLGAME-26OCT10AVLBRE,KXEPLGAME-26OCT10AVLBRE-BRE,,Aston Villa,Brentford,2026-10-10T17:00:00Z,away,0.36,0.37,0.365,0.01,123.47,0.18,1322.38,5.0,1206.94,active,kalshi,2026-09-29T12:44:10.585337+00:00
soccer,EPL,KXEPLGAME-26OCT10AVLBRE,KXEPLGAME-26OCT10AVLBRE-TIE,,Aston Villa,Brentford,2026-10-10T17:00:00Z,draw,0.26,0.28,0.27,0.02,342.95,4986.19,855.94,9.3,852.94,active,kalshi,2026-09-29T12:44:10.585337+00:00
soccer,EPL,KXEPLGAME-26OCT10AVLBRE,KXEPLGAME-26OCT10AVLBRE-AVL,,Aston Villa,Brentford,2026-10-10T17:00:00Z,home,0.35,0.37,0.36,0.02,187.49,199.42,1071.86,185.91,1006.86,active,kalshi,2026-09-29T12:44:10.585337+00:00
soccer,EPL,KXEPLGAME-26OCT10CFCBOU,KXEPLGAME-26OCT10CFCBOU-BOU,,Chelsea,Bournemouth,2026-10-10T17:00:00Z,away,0.2,0.21,0.20500000000000002,0.01,172.23,959.29,380.93,95.11,380.93,active,kalshi,2026-09-29T12:44:10.585337+00:00
soccer,EPL,KXEPLGAME-26OCT10CFCBOU,KXEPLGAME-26OCT10CFCBOU-TIE,,Chelsea,Bournemouth,2026-10-10T17:00:00Z,draw,0.22,0.23,0.225,0.01,872.59,867.75,569.38,12.37,567.38,active,kalshi,2026-09-29T12:44:10.585337+00:00
soccer,EPL,KXEPLGAME-26OCT10CFCBOU,KXEPLGAME-26OCT10CFCBOU-CFC,,Chelsea,Bournemouth,2026-10-10T17:00:00Z,home,0.56,0.57,0.565,0.01,62.73,4.0,15230.22,405.01,14142.36,active,kalshi,2026-09-29T12:44:10.585337+00:00
soccer,EPL,KXEPLGAME-26OCT10IPSFUL,KXEPLGAME-26OCT10IPSFUL-FUL,,Ipswich,Fulham,2026-10-10T17:00:00Z,away,0.37,0.39,0.38,0.02,184.57,1529.28,568.96,182.76,446.02,active,kalshi,2026-09-29T12:44:10.585337+00:00
soccer,EPL,KXEPLGAME-26OCT10IPSFUL,KXEPLGAME-26OCT10IPSFUL-TIE,,Ipswich,Fulham,2026-10-10T17:00:00Z,draw,0.26,0.27,0.265,0.01,414.53,2000.0,107.06,6.52,107.06,active,kalshi,2026-09-29T12:44:10.585337+00:00
soccer,EPL,KXEPLGAME-26OCT10IPSFUL,KXEPLGAME-26OCT10IPSFUL-IPS,,Ipswich,Fulham,2026-10-10T17:00:00Z,home,0.34,0.36,0.35,0.02,214.56,184.56,214.03,0.0,214.03,active,kalshi,2026-09-29T12:44:10.585337+00:00
soccer,EPL,KXEPLGAME-26OCT10MUNTOT,KXEPLGAME-26OCT10MUNTOT-TOT,,Man United,Tottenham,2026-10-10T19:30:00Z,away,0.2,0.22,0.21000000000000002,0.02,245.89,2000.5,2356.8,801.21,2333.2,active,kalshi,2026-09-29T12:44:10.585337+00:00
soccer,EPL,KXEPLGAME-26OCT10MUNTOT,KXEPLGAME-26OCT10MUNTOT-TIE,,Man United,Tottenham,2026-10-10T19:30:00Z,draw,0.21,0.22,0.215,0.01,1029.5,500.14,454.51,34.11,454.51,active,kalshi,2026-09-29T12:44:10.585337+00:00
soccer,EPL,KXEPLGAME-26OCT10MUNTOT,KXEPLGAME-26OCT10MUNTOT-MUN,,Man United,Tottenham,2026-10-10T19:30:00Z,home,0.56,0.57,0.565,0.01,50.37,4.13,7439.43,1483.84,6886.63,active,kalshi,2026-09-29T12:44:10.585337+00:00
soccer,EPL,KXEPLGAME-26OCT10SUNBRI,KXEPLGAME-26OCT10SUNBRI-BRI,,Sunderland,Brighton,2026-10-10T17:00:00Z,away,0.4,0.41,0.405,0.01,79.72,100.18,5954.02,241.47,4576.16,active,kalshi,2026-09-29T12:44:10.585337+00:00
soccer,EPL,KXEPLGAME-26OCT10SUNBRI,KXEPLGAME-26OCT10SUNBRI-TIE,,Sunderland,Brighton,2026-10-10T17:00:00Z,draw,0.26,0.27,0.265,0.01,220.65,612.0,905.25,135.71,560.71,active,kalshi,2026-09-29T12:44:10.585337+00:00
soccer,EPL,KXEPLGAME-26OCT10SUNBRI,KXEPLGAME-26OCT10SUNBRI-SUN,,Sunderland,Brighton,2026-10-10T17:00:00Z,home,0.31,0.33,0.32,0.02,123.4,153.39,391.08,28.28,363.08,active,kalshi,2026-09-29T12:44:10.585337+00:00
soccer,EPL,KXEPLGAME-26OCT11CRYNFO,KXEPLGAME-26OCT11CRYNFO-NFO,,Crystal Palace,Nott'm Forest,2026-10-11T16:00:00Z,away,0.33,0.36,0.345,0.03,1198.0,127.98,15.85,13.27,15.85,active,kalshi,2026-09-29T12:44:10.585337+00:00
soccer,EPL,KXEPLGAME-26OCT11CRYNFO,KXEPLGAME-26OCT11CRYNFO-TIE,,Crystal Palace,Nott'm Forest,2026-10-11T16:00:00Z,draw,0.28,0.29,0.28500000000000003,0.01,338.01,4985.0,0.0,0.0,0.0,active,kalshi,2026-09-29T12:44:10.585337+00:00
soccer,EPL,KXEPLGAME-26OCT11CRYNFO,KXEPLGAME-26OCT11CRYNFO-CRY,,Crystal Palace,Nott'm Forest,2026-10-11T16:00:00Z,home,0.35,0.37,0.36,0.02,157.99,251.98,137.93,112.71,137.93,active,kalshi,2026-09-29T12:44:10.585337+00:00
soccer,EPL,KXEPLGAME-26OCT11HULEVE,KXEPLGAME-26OCT11HULEVE-EVE,,Hull,Everton,2026-10-11T16:00:00Z,away,0.45,0.47,0.45999999999999996,0.02,128.49,158.47,54.31,24.16,50.2,active,kalshi,2026-09-29T12:44:10.585337+00:00
soccer,EPL,KXEPLGAME-26OCT11HULEVE,KXEPLGAME-26OCT11HULEVE-TIE,,Hull,Everton,2026-10-11T16:00:00Z,draw,0.28,0.29,0.28500000000000003,0.01,338.49,1556.72,85.28,0.0,85.28,active,kalshi,2026-09-29T12:44:10.585337+00:00
soccer,EPL,KXEPLGAME-26OCT11HULEVE,KXEPLGAME-26OCT11HULEVE-HUL,,Hull,Everton,2026-10-11T16:00:00Z,home,0.23,0.26,0.245,0.03,158.45,1992.0,216.41,18.0,216.41,active,kalshi,2026-09-29T12:44:10.585337+00:00
soccer,EPL,KXEPLGAME-26OCT11LFCMCI,KXEPLGAME-26OCT11LFCMCI-MCI,,Liverpool,Man City,2026-10-11T18:30:00Z,away,0.39,0.41,0.4,0.02,57.58,601.89,13785.61,3167.28,13229.73,active,kalshi,2026-09-29T12:44:10.585337+00:00
soccer,EPL,KXEPLGAME-26OCT11LFCMCI,KXEPLGAME-26OCT11LFCMCI-TIE,,Liverpool,Man City,2026-10-11T18:30:00Z,draw,0.25,0.26,0.255,0.01,240.0,3440.08,633.23,413.85,633.23,active,kalshi,2026-09-29T12:44:10.585337+00:00
soccer,EPL,KXEPLGAME-26OCT11LFCMCI,KXEPLGAME-26OCT11LFCMCI-LFC,,Liverpool,Man City,2026-10-11T18:30:00Z,home,0.34,0.35,0.345,0.01,259.36,18.15,11116.97,10452.34,9821.55,active,kalshi,2026-09-29T12:44:10.585337+00:00
soccer,EPL,KXEPLGAME-26OCT12COVNEW,KXEPLGAME-26OCT12COVNEW-NEW,,Coventry,Newcastle,2026-10-12T22:00:00Z,away,0.43,0.46,0.445,0.03,1400.35,213.35,1322.4,1264.4,1322.4,active,kalshi,2026-09-29T12:44:10.585337+00:00
soccer,EPL,KXEPLGAME-26OCT12COVNEW,KXEPLGAME-26OCT12COVNEW-TIE,,Coventry,Newcastle,2026-10-12T22:00:00Z,draw,0.25,0.27,0.26,0.02,213.34,2000.0,37.52,37.52,37.52,active,kalshi,2026-09-29T12:44:10.585337+00:00
soccer,EPL,KXEPLGAME-26OCT12COVNEW,KXEPLGAME-26OCT12COVNEW-COV,,Coventry,Newcastle,2026-10-12T22:00:00Z,home,0.27,0.3,0.28500000000000003,0.03,213.37,5306.37,0.0,0.0,0.0,active,kalshi,2026-09-29T12:44:10.585337+00:00
soccer,EPL,KXEPLGAME-26OCT10ARSLEE,KXEPLGAME-26OCT10ARSLEE-LEE,,Arsenal,Leeds,2026-10-10T14:30:00Z,away,0.11,0.13,0.12,0.02,4516.09,6074.51,6466.29,2703.44,4888.14,active,kalshi,2026-09-29T13:06:06.054011+00:00
soccer,EPL,KXEPLGAME-26OCT10ARSLEE,KXEPLGAME-26OCT10ARSLEE-TIE,,Arsenal,Leeds,2026-10-10T14:30:00Z,draw,0.17,0.19,0.18,0.02,950.0,4928.89,357.1,54.78,340.1,active,kalshi,2026-09-29T13:06:06.054011+00:00
soccer,EPL,KXEPLGAME-26OCT10ARSLEE,KXEPLGAME-26OCT10ARSLEE-ARS,,Arsenal,Leeds,2026-10-10T14:30:00Z,home,0.71,0.72,0.715,0.01,502.73,144.98,18027.07,2540.12,15586.05,active,kalshi,2026-09-29T13:06:06.054011+00:00
soccer,EPL,KXEPLGAME-26OCT10AVLBRE,KXEPLGAME-26OCT10AVLBRE-BRE,,Aston Villa,Brentford,2026-10-10T17:00:00Z,away,0.35,0.37,0.36,0.02,182.46,0.18,1322.38,5.0,1206.94,active,kalshi,2026-09-29T13:06:06.054011+00:00
soccer,EPL,KXEPLGAME-26OCT10AVLBRE,KXEPLGAME-26OCT10AVLBRE-TIE,,Aston Villa,Brentford,2026-10-10T17:00:00Z,draw,0.26,0.28,0.27,0.02,342.95,4986.19,855.94,9.3,852.94,active,kalshi,2026-09-29T13:06:06.054011+00:00
soccer,EPL,KXEPLGAME-26OCT10AVLBRE,KXEPLGAME-26OCT10AVLBRE-AVL,,Aston Villa,Brentford,2026-10-10T17:00:00Z,home,0.35,0.37,0.36,0.02,187.49,199.42,1071.86,160.3,1006.86,active,kalshi,2026-09-29T13:06:06.054011+00:00
soccer,EPL,KXEPLGAME-26OCT10CFCBOU,KXEPLGAME-26OCT10CFCBOU-BOU,,Chelsea,Bournemouth,2026-10-10T17:00:00Z,away,0.2,0.21,0.20500000000000002,0.01,172.23,936.73,403.49,95.11,403.49,active,kalshi,2026-09-29T13:06:06.054011+00:00
soccer,EPL,KXEPLGAME-26OCT10CFCBOU,KXEPLGAME-26OCT10CFCBOU-TIE,,Chelsea,Bournemouth,2026-10-10T17:00:00Z,draw,0.22,0.23,0.225,0.01,872.59,867.75,569.38,12.37,567.38,active,kalshi,2026-09-29T13:06:06.054011+00:00
soccer,EPL,KXEPLGAME-26OCT10CFCBOU,KXEPLGAME-26OCT10CFCBOU-CFC,,Chelsea,Bournemouth,2026-10-10T17:00:00Z,home,0.56,0.57,0.565,0.01,69.51,171.55,15230.22,405.01,14142.36,active,kalshi,2026-09-29T13:06:06.054011+00:00
soccer,EPL,KXEPLGAME-26OCT10IPSFUL,KXEPLGAME-26OCT10IPSFUL-FUL,,Ipswich,Fulham,2026-10-10T17:00:00Z,away,0.37,0.39,0.38,0.02,205.57,1529.28,568.96,182.76,446.02,active,kalshi,2026-09-29T13:06:06.054011+00:00
soccer,EPL,KXEPLGAME-26OCT10IPSFUL,KXEPLGAME-26OCT10IPSFUL-TIE,,Ipswich,Fulham,2026-10-10T17:00:00Z,draw,0.26,0.27,0.265,0.01,414.53,2000.0,107.06,3.0,107.06,active,kalshi,2026-09-29T13:06:06.054011+00:00
soccer,EPL,KXEPLGAME-26OCT10IPSFUL,KXEPLGAME-26OCT10IPSFUL-IPS,,Ipswich,Fulham,2026-10-10T17:00:00Z,home,0.34,0.36,0.35,0.02,214.56,184.56,214.03,0.0,214.03,active,kalshi,2026-09-29T13:06:06.054011+00:00
soccer,EPL,KXEPLGAME-26OCT10MUNTOT,KXEPLGAME-26OCT10MUNTOT-TOT,,Man United,Tottenham,2026-10-10T19:30:00Z,away,0.2,0.22,0.21000000000000002,0.02,245.89,1978.95,2378.35,801.21,2354.75,active,kalshi,2026-09-29T13:06:06.054011+00:00
soccer,EPL,KXEPLGAME-26OCT10MUNTOT,KXEPLGAME-26OCT10MUNTOT-TIE,,Man United,Tottenham,2026-10-10T19:30:00Z,draw,0.21,0.22,0.215,0.01,1029.5,500.14,454.51,34.11,454.51,active,kalshi,2026-09-29T13:06:06.054011+00:00
soccer,EPL,KXEPLGAME-26OCT10MUNTOT,KXEPLGAME-26OCT10MUNTOT-MUN,,Man United,Tottenham,2026-10-10T19:30:00Z,home,0.56,0.57,0.565,0.01,50.21,2.9,7439.43,1465.47,6886.63,active,kalshi,2026-09-29T13:06:06.054011+00:00
soccer,EPL,KXEPLGAME-26OCT10SUNBRI,KXEPLGAME-26OCT10SUNBRI-BRI,,Sunderland,Brighton,2026-10-10T17:00:00Z,away,0.4,0.41,0.405,0.01,45.8,100.18,5954.02,241.47,4576.16,active,kalshi,2026-09-29T13:06:06.054011+00:00
soccer,EPL,KXEPLGAME-26OCT10SUNBRI,KXEPLGAME-26OCT10SUNBRI-TIE,,Sunderland,Brighton,2026-10-10T17:00:00Z,draw,0.26,0.27,0.265,0.01,220.65,612.0,905.25,135.71,560.71,active,kalshi,2026-09-29T13:06:06.054011+00:00
soccer,EPL,KXEPLGAME-26OCT10SUNBRI,KXEPLGAME-26OCT10SUNBRI-SUN,,Sunderland,Brighton,2026-10-10T17:00:00Z,home,0.31,0.33,0.32,0.02,123.4,153.39,391.08,28.28,363.08,active,kalshi,2026-09-29T13:06:06.054011+00:00
soccer,EPL,KXEPLGAME-26OCT11CRYNFO,KXEPLGAME-26OCT11CRYNFO-NFO,,Crystal Palace,Nott'm Forest,2026-10-11T16:00:00Z,away,0.33,0.36,0.345,0.03,1325.99,127.98,15.85,13.27,15.85,active,kalshi,2026-09-29T13:06:06.054011+00:00
soccer,EPL,KXEPLGAME-26OCT11CRYNFO,KXEPLGAME-26OCT11CRYNFO-TIE,,Crystal Palace,Nott'm Forest,2026-10-11T16:00:00Z,draw,0.28,0.29,0.28500000000000003,0.01,338.01,4985.0,0.0,0.0,0.0,active,kalshi,2026-09-29T13:06:06.054011+00:00
soccer,EPL,KXEPLGAME-26OCT11CRYNFO,KXEPLGAME-26OCT11CRYNFO-CRY,,Crystal Palace,Nott'm Forest,2026-10-11T16:00:00Z,home,0.35,0.37,0.36,0.02,157.99,251.98,137.93,112.71,137.93,active,kalshi,2026-09-29T13:06:06.054011+00:00
soccer,EPL,KXEPLGAME-26OCT11HULEVE,KXEPLGAME-26OCT11HULEVE-EVE,,Hull,Everton,2026-10-11T16:00:00Z,away,0.44,0.47,0.45499999999999996,0.03,1420.48,158.47,54.31,14.11,50.2,active,kalshi,2026-09-29T13:06:06.054011+00:00
soccer,EPL,KXEPLGAME-26OCT11HULEVE,KXEPLGAME-26OCT11HULEVE-TIE,,Hull,Everton,2026-10-11T16:00:00Z,draw,0.28,0.29,0.28500000000000003,0.01,338.49,1556.72,85.28,0.0,85.28,active,kalshi,2026-09-29T13:06:06.054011+00:00
soccer,EPL,KXEPLGAME-26OCT11HULEVE,KXEPLGAME-26OCT11HULEVE-HUL,,Hull,Everton,2026-10-11T16:00:00Z,home,0.23,0.26,0.245,0.03,158.45,1992.0,216.41,18.0,216.41,active,kalshi,2026-09-29T13:06:06.054011+00:00
soccer,EPL,KXEPLGAME-26OCT11LFCMCI,KXEPLGAME-26OCT11LFCMCI-MCI,,Liverpool,Man City,2026-10-11T18:30:00Z,away,0.39,0.41,0.4,0.02,57.32,523.89,13785.61,3155.29,13229.73,active,kalshi,2026-09-29T13:06:06.054011+00:00
soccer,EPL,KXEPLGAME-26OCT11LFCMCI,KXEPLGAME-26OCT11LFCMCI-TIE,,Liverpool,Man City,2026-10-11T18:30:00Z,draw,0.25,0.26,0.255,0.01,229.8,3429.88,653.63,434.25,643.43,active,kalshi,2026-09-29T13:06:06.054011+00:00
soccer,EPL,KXEPLGAME-26OCT11LFCMCI,KXEPLGAME-26OCT11LFCMCI-LFC,,Liverpool,Man City,2026-10-11T18:30:00Z,home,0.34,0.36,0.35,0.02,259.34,3333.0,11130.63,10452.34,9835.21,active,kalshi,2026-09-29T13:06:06.054011+00:00
soccer,EPL,KXEPLGAME-26OCT12COVNEW,KXEPLGAME-26OCT12COVNEW-NEW,,Coventry,Newcastle,2026-10-12T22:00:00Z,away,0.43,0.46,0.445,0.03,1400.35,213.35,1322.4,1264.4,1322.4,active,kalshi,2026-09-29T13:06:06.054011+00:00
soccer,EPL,KXEPLGAME-26OCT12COVNEW,KXEPLGAME-26OCT12COVNEW-TIE,,Coventry,Newcastle,2026-10-12T22:00:00Z,draw,0.25,0.27,0.26,0.02,213.34,2000.0,37.52,37.52,37.52,active,kalshi,2026-09-29T13:06:06.054011+00:00
soccer,EPL,KXEPLGAME-26OCT12COVNEW,KXEPLGAME-26OCT12COVNEW-COV,,Coventry,Newcastle,2026-10-12T22:00:00Z,home,0.27,0.3,0.28500000000000003,0.03,213.37,5306.37,0.0,0.0,0.0,active,kalshi,2026-09-29T13:06:06.054011+00:00
soccer,EPL,KXEPLGAME-26OCT10ARSLEE,KXEPLGAME-26OCT10ARSLEE-LEE,,Arsenal,Leeds,2026-10-10T14:30:00Z,away,0.11,0.13,0.12,0.02,4516.09,6125.51,6466.29,2703.44,4888.14,active,kalshi,2026-09-29T13:40:02.632719+00:00
soccer,EPL,KXEPLGAME-26OCT10ARSLEE,KXEPLGAME-26OCT10ARSLEE-TIE,,Arsenal,Leeds,2026-10-10T14:30:00Z,draw,0.17,0.19,0.18,0.02,650.0,4916.89,357.1,54.78,340.1,active,kalshi,2026-09-29T13:40:02.632719+00:00
soccer,EPL,KXEPLGAME-26OCT10ARSLEE,KXEPLGAME-26OCT10ARSLEE-ARS,,Arsenal,Leeds,2026-10-10T14:30:00Z,home,0.71,0.72,0.715,0.01,527.34,197.24,18027.07,2540.12,15586.05,active,kalshi,2026-09-29T13:40:02.632719+00:00
soccer,EPL,KXEPLGAME-26OCT10AVLBRE,KXEPLGAME-26OCT10AVLBRE-BRE,,Aston Villa,Brentford,2026-10-10T17:00:00Z,away,0.35,0.38,0.365,0.03,182.46,1692.49,1322.56,5.18,1207.12,active,kalshi,2026-09-29T13:40:02.632719+00:00
soccer,EPL,KXEPLGAME-26OCT10AVLBRE,KXEPLGAME-26OCT10AVLBRE-TIE,,Aston Villa,Brentford,2026-10-10T17:00:00Z,draw,0.26,0.28,0.27,0.02,342.95,4986.19,855.94,9.3,852.94,active,kalshi,2026-09-29T13:40:02.632719+00:00
soccer,EPL,KXEPLGAME-26OCT10AVLBRE,KXEPLGAME-26OCT10AVLBRE-AVL,,Aston Villa,Brentford,2026-10-10T17:00:00Z,home,0.35,0.37,0.36,0.02,203.49,199.42,1071.86,160.3,1006.86,active,kalshi,2026-09-29T13:40:02.632719+00:00
soccer,EPL,KXEPLGAME-26OCT10CFCBOU,KXEPLGAME-26OCT10CFCBOU-BOU,,Chelsea,Bournemouth,2026-10-10T17:00:00Z,away,0.2,0.21,0.20500000000000002,0.01,172.23,936.73,403.49,117.67,403.49,active,kalshi,2026-09-29T13:40:02.632719+00:00
soccer,EPL,KXEPLGAME-26OCT10CFCBOU,KXEPLGAME-26OCT10CFCBOU-TIE,,Chelsea,Bournemouth,2026-10-10T17:00:00Z,draw,0.22,0.23,0.225,0.01,872.59,867.75,569.38,12.37,567.38,active,kalshi,2026-09-29T13:40:02.632719+00:00
soccer,EPL,KXEPLGAME-26OCT10CFCBOU,KXEPLGAME-26OCT10CFCBOU-CFC,,Chelsea,Bournemouth,2026-10-10T17:00:00Z,home,0.56,0.57,0.565,0.01,69.51,175.5,15230.22,401.67,14142.36,active,kalshi,2026-09-29T13:40:02.632719+00:00
soccer,EPL,KXEPLGAME-26OCT10IPSFUL,KXEPLGAME-26OCT10IPSFUL-FUL,,Ipswich,Fulham,2026-10-10T17:00:00Z,away,0.37,0.39,0.38,0.02,205.57,3662.57,568.96,182.76,446.02,active,kalshi,2026-09-29T13:40:02.632719+00:00
soccer,EPL,KXEPLGAME-26OCT10IPSFUL,KXEPLGAME-26OCT10IPSFUL-TIE,,Ipswich,Fulham,2026-10-10T17:00:00Z,draw,0.26,0.27,0.265,0.01,414.53,2000.0,107.06,3.0,107.06,active,kalshi,2026-09-29T13:40:02.632719+00:00
soccer,EPL,KXEPLGAME-26OCT10IPSFUL,KXEPLGAME-26OCT10IPSFUL-IPS,,Ipswich,Fulham,2026-10-10T17:00:00Z,home,0.34,0.36,0.35,0.02,214.56,184.56,214.03,0.0,214.03,active,kalshi,2026-09-29T13:40:02.632719+00:00
soccer,EPL,KXEPLGAME-26OCT10MUNTOT,KXEPLGAME-26OCT10MUNTOT-TOT,,Man United,Tottenham,2026-10-10T19:30:00Z,away,0.2,0.22,0.21000000000000002,0.02,245.89,2000.5,2378.35,822.76,2354.75,active,kalshi,2026-09-29T13:40:02.632719+00:00
soccer,EPL,KXEPLGAME-26OCT10MUNTOT,KXEPLGAME-26OCT10MUNTOT-TIE,,Man United,Tottenham,2026-10-10T19:30:00Z,draw,0.21,0.22,0.215,0.01,729.5,500.14,454.51,34.11,454.51,active,kalshi,2026-09-29T13:40:02.632719+00:00
soccer,EPL,KXEPLGAME-26OCT10MUNTOT,KXEPLGAME-26OCT10MUNTOT-MUN,,Man United,Tottenham,2026-10-10T19:30:00Z,home,0.56,0.57,0.565,0.01,50.21,2.9,7439.43,965.47,6886.63,active,kalshi,2026-09-29T13:40:02.632719+00:00
soccer,EPL,KXEPLGAME-26OCT10SUNBRI,KXEPLGAME-26OCT10SUNBRI-BRI,,Sunderland,Brighton,2026-10-10T17:00:00Z,away,0.4,0.41,0.405,0.01,45.8,100.18,5954.02,241.47,4576.16,active,kalshi,2026-09-29T13:40:02.632719+00:00
soccer,EPL,KXEPLGAME-26OCT10SUNBRI,KXEPLGAME-26OCT10SUNBRI-TIE,,Sunderland,Brighton,2026-10-10T17:00:00Z,draw,0.26,0.27,0.265,0.01,220.65,612.0,905.25,135.71,560.71,active,kalshi,2026-09-29T13:40:02.632719+00:00
soccer,EPL,KXEPLGAME-26OCT10SUNBRI,KXEPLGAME-26OCT10SUNBRI-SUN,,Sunderland,Brighton,2026-10-10T17:00:00Z,home,0.31,0.33,0.32,0.02,123.4,153.39,391.08,28.28,363.08,active,kalshi,2026-09-29T13:40:02.632719+00:00
soccer,EPL,KXEPLGAME-26OCT11CRYNFO,KXEPLGAME-26OCT11CRYNFO-NFO,,Crystal Palace,Nott'm Forest,2026-10-11T16:00:00Z,away,0.33,0.36,0.345,0.03,275.99,127.98,15.85,13.27,15.85,active,kalshi,2026-09-29T13:40:02.632719+00:00
soccer,EPL,KXEPLGAME-26OCT11CRYNFO,KXEPLGAME-26OCT11CRYNFO-TIE,,Crystal Palace,Nott'm Forest,2026-10-11T16:00:00Z,draw,0.28,0.29,0.28500000000000003,0.01,338.01,4979.0,6.0,6.0,6.0,active,kalshi,2026-09-29T13:40:02.632719+00:00
soccer,EPL,KXEPLGAME-26OCT11CRYNFO,KXEPLGAME-26OCT11CRYNFO-CRY,,Crystal Palace,Nott'm Forest,2026-10-11T16:00:00Z,home,0.35,0.37,0.36,0.02,157.91,251.91,137.93,112.71,137.93,active,kalshi,2026-09-29T13:40:02.632719+00:00
soccer,EPL,KXEPLGAME-26OCT11HULEVE,KXEPLGAME-26OCT11HULEVE-EVE,,Hull,Everton,2026-10-11T16:00:00Z,away,0.44,0.47,0.45499999999999996,0.03,277.48,158.47,54.31,14.11,50.2,active,kalshi,2026-09-29T13:40:02.632719+00:00
soccer,EPL,KXEPLGAME-26OCT11HULEVE,KXEPLGAME-26OCT11HULEVE-TIE,,Hull,Everton,2026-10-11T16:00:00Z,draw,0.28,0.29,0.28500000000000003,0.01,338.49,1556.72,85.28,0.0,85.28,active,kalshi,2026-09-29T13:40:02.632719+00:00
soccer,EPL,KXEPLGAME-26OCT11HULEVE,KXEPLGAME-26OCT11HULEVE-HUL,,Hull,Everton,2026-10-11T16:00:00Z,home,0.22,0.26,0.24,0.04,254.42,1992.0,216.41,18.0,216.41,active,kalshi,2026-09-29T13:40:02.632719+00:00
soccer,EPL,KXEPLGAME-26OCT11LFCMCI,KXEPLGAME-26OCT11LFCMCI-MCI,,Liverpool,Man City,2026-10-11T18:30:00Z,away,0.39,0.41,0.4,0.02,1206.93,365.86,14531.12,3551.18,13975.24,active,kalshi,2026-09-29T13:40:02.632719+00:00
soccer,EPL,KXEPLGAME-26OCT11LFCMCI,KXEPLGAME-26OCT11LFCMCI-TIE,,Liverpool,Man City,2026-10-11T18:30:00Z,draw,0.25,0.26,0.255,0.01,229.8,3429.88,653.63,424.25,643.43,active,kalshi,2026-09-29T13:40:02.632719+00:00
soccer,EPL,KXEPLGAME-26OCT11LFCMCI,KXEPLGAME-26OCT11LFCMCI-LFC,,Liverpool,Man City,2026-10-11T18:30:00Z,home,0.35,0.36,0.355,0.01,28.0,725.7,11130.63,8978.58,9835.21,active,kalshi,2026-09-29T13:40:02.632719+00:00
soccer,EPL,KXEPLGAME-26OCT12COVNEW,KXEPLGAME-26OCT12COVNEW-NEW,,Coventry,Newcastle,2026-10-12T22:00:00Z,away,0.43,0.46,0.445,0.03,875.35,213.35,1322.4,1264.4,1322.4,active,kalshi,2026-09-29T13:40:02.632719+00:00
soccer,EPL,KXEPLGAME-26OCT12COVNEW,KXEPLGAME-26OCT12COVNEW-TIE,,Coventry,Newcastle,2026-10-12T22:00:00Z,draw,0.25,0.27,0.26,0.02,213.34,2000.0,37.52,37.52,37.52,active,kalshi,2026-09-29T13:40:02.632719+00:00
soccer,EPL,KXEPLGAME-26OCT12COVNEW,KXEPLGAME-26OCT12COVNEW-COV,,Coventry,Newcastle,2026-10-12T22:00:00Z,home,0.26,0.3,0.28,0.04,895.2,5306.37,0.0,0.0,0.0,active,kalshi,2026-09-29T13:40:02.632719+00:00
